# line ID	exact English source	translation (English A-Z then ID)
line:39fd52f1	'Ey big dog.	Hei, anjing besar.
line:918d7820	'Ey big kobold.	Hei, kobold besar.
line:155c00eb	'think', 'On the way here'? Then you weren't covered in ink before...	«Rasa», «dalam perjalanan ke sini»? Jadi sebelumnya Anda tidak berlumuran tinta...
line:15bcd86c	'Yes way', There is nothing I am more certain of.	Sangat mungkin. Tidak ada hal yang lebih saya yakini.
line:4d49ae72	'Yes way', There is nothing I am more certain of.	Sangat mungkin. Tidak ada hal yang lebih saya yakini.
line:25f35611	---	---
line:4b9b3a43	---	---
line:97ab84a8	---	---
line:db5b3129	---	---
line:e2f28daa	---	---
line:3d2df033	..	...
line:8c0e2d04	..	...
line:b36eb839	..	...
line:03d2f0bb	...	...
line:045f5836	...	...
line:1113335e	...	...
line:227eda5e	...	...
line:30a74521	...	...
line:4810891f	...	...
line:4da86a7a	...	...
line:610824ef	...	...
line:6757e4a0	...	...
line:695ef750	...	...
line:7426a997	...	...
line:759a495e	...	...
line:7e189c92	...	...
line:812700a5	...	...
line:848f5cd8	...	...
line:85f39b27	...	...
line:9504ba33	...	...
line:a6531779	...	...
line:b59e9091	...	...
line:b7f0551c	...	...
line:c272e55f	...	...
line:cdb8d8db	...	...
line:cfe4b91d	...	...
line:d6483230	...	...
line:d90d368f	...	...
line:d9516fdd	...	...
line:dd197e7c	...	...
line:decf872a	...	...
line:e9d40a5c	...	...
line:20f87f8d	... A class which I'm teaching rather soon.	... Dan sebentar lagi ada kelas yang harus saya ajar.
line:4815d919	... Being a bit of a jerk honestly.	... Bersikap agak brengsek, sejujurnya.
line:11bfce3b	... I thought we were good friends, we have sex all the time!	... Kukira kami teman baik. Kami sering berhubungan seks!
line:1bebf328	... Thank you..	... Terima kasih...
line:a8eb78ed	... you're done? I'm still dirty..	... Sudah selesai? Aku masih kotor...
line:ef611d11	... you're done? I'm still soapy..	... Sudah selesai? Aku masih bersabun...
line:496134bc	...!	...!
line:7cc45755	...!	...!
line:6585925d	...<i><size=70%>I have one on him at least.	...<i><size=70%>Setidaknya aku menaruh hati padanya.
line:e2ea4ead	...A wash for our date tonight.	... Mandi untuk kencan kita malam ini.
line:048d7f84	...About what I said earlier.	... Soal yang kukatakan tadi.
line:55d1f6ef	...and nice.	... Dan baik.
line:79a1a205	...But not in like a bad weird way.	... Tapi bukan dengan cara yang buruk atau aneh.
line:3592632e	...It's intimidating knowing how much they look up to me.	... Mengetahui betapa mereka memandang tinggi saya cukup menggentarkan.
line:7e08544c	...It's odd being able to speak so freely with someone.	... Aneh rasanya bisa berbicara sebebas ini dengan seseorang.
line:f0cb8389	...No	... Tidak.
line:92601622	...Okay, come in	... Oke, masuklah.
line:e381559c	...Thank you for this.	... Terima kasih atas bantuannya.
line:b7b5f7fb	...Thanks.	... Makasih.
line:dbab7a39	<b><i><size=130%>Did you suggest Ryan to Conrad?	<b><i><size=130%>Kamu menyarankan Ryan kepada Conrad?
line:36ff6bd9	<gradient="gold"><b> I know a dragon, Ryan. I could get you two in contact? </b></gradient><size=70%>(Unlocks Conrad/Ryan hookup OR Ryan romance)	<gradient="gold"><b> Aku kenal naga bernama Ryan. Bagaimana kalau kukenalkan kalian? </b></gradient><size=70%>(Membuka pasangan Conrad/Ryan ATAU romansa Ryan)
line:7e9d40e6	<gradient="gold"><b> I wouldn't mind hanging out... </b></gradient><size=70%> (Unlocks Conrad romance)	<gradient="gold"><b> Aku mau saja menghabiskan waktu bersamamu... </b></gradient><size=70%> (Membuka romansa Conrad)
line:a0e49f02	<gradient="gold"><b> I wouldn't mind! </b></gradient><size=70%> (Will lead to Alexander romance!)	<gradient="gold"><b> Saya tidak keberatan! </b></gradient><size=70%> (Mengarah ke romansa Alexander!)
line:0371fb9c	<gradient="gold"><b> I'm going to be busy tonight. Sorry. </b></gradient><size=70%> (Will lead to no romance!)	<gradient="gold"><b> Saya akan sibuk malam ini. Maaf. </b></gradient><size=70%> (Mengarah ke akhir tanpa romansa!)
line:f5a81524	<gradient="gold"><b>I don't have anyone off the top of my head.</b></gradient><size=70%> (Locks in Conrad romance!)	<gradient="gold"><b>Saat ini tidak ada yang terpikir.</b></gradient><size=70%> (Mengunci pilihan romansa Conrad!)
line:bedc761d	<gradient="gold"><b>I know this one red dragon. I think you'd like him! </b></gradient><size=70%> (Hooks up Ryan with Conrad!)	<gradient="gold"><b>Aku kenal seekor naga merah. Kurasa kamu akan menyukainya! </b></gradient><size=70%> (Menjodohkan Ryan dengan Conrad!)
line:e104b8e4	<gradient="gold"><b>Oh. Uhm. <size=70%> I wouldn't mind... If I was that someone. </b></gradient><size=70%> (Locks in Ryan romance!)	<gradient="gold"><b>Oh. Ehm. <size=70%> Aku mau saja... kalau aku orang itu. </b></gradient><size=70%> (Mengunci pilihan romansa Ryan!)
line:36073321	<gradient="yellow - orange"><size=140%>HEY! </gradient><size=100%>This is the cleaning place, ya?	<gradient="yellow - orange"><size=140%>HEI! </gradient><size=100%>Ini tempat mandi itu, kan?
line:c777ce0c	<i> that feels nice...</i>	<i> Rasanya enak...</i>
line:e56dd423	<i><size=70%>uh oh.. and the books	<i><size=70%>Waduh... Dan buku-bukunya.
line:d67b1098	<i>I like spraying you with water.	<i>Aku suka menyemprotmu dengan air.
line:ad5d633a	<i>Oh...	<i>Oh...
line:22b5941e	<i>Oh.</i> I don't think I'm ready for that just yet.	<i>Oh.</i> Saya rasa belum siap untuk itu.
line:cacbff51	<i>Ooooh. </i>The mount? Hell yeah, man.	<i>Ooooh. </i>Alatnya? Anjir, mantap, kawan.
line:04b7ce44	<i>This</i> isn't your fault, Conrad.	<i>Ini</i> bukan salahmu, Conrad.
line:72b244b7	<size=100%> That felt damn good!	<size=100%> Enak banget tadi!
line:78cc49e8	<size=100%>I mean- Cool.	<size=100%>Maksudku... Keren.
line:e48243c0	<size=140%> FUCK YEAH!	<size=140%> ANJIR, MANTAP!
line:f474ffa9	<size=140%>HEY, <size=100%>lookin' for a wash.	<size=140%>HEI, <size=100%>aku mau mandi.
line:9d458e88	<size=160%>HELL YEAH!	<size=160%>ANJIR, MANTAP!
line:f5462edf	<size=60%> that's hot.	<size=60%>Seksi sekali.
line:7c745c31	<size=70%> A big dragon giving me control. Woah.	<size=70%>Naga besar menyerahkan kendali kepada saya. Wah.
line:53d71f27	<size=70%> And for me.	<size=70%> Dan untukku.
line:4fe271cc	<size=70%> woah.	<size=70%>Wah.
line:e53b1bd3	<size=70%><i> holy shit, I just bagged a date with a dragon.	<size=70%><i>Astaga, aku baru saja dapat kencan dengan naga.
line:c4384e8e	<size=70%><i>but it was nice... Thank you.	<size=70%><i>Tapi menyenangkan... Terima kasih.
line:ec0e5330	<size=70%><i>feel free to continue-</i>	<size=70%><i>Silakan teruskan...</i>
line:e77c1f79	<size=70%><i>oah-</i> no that's really cool actually.	<size=70%><i>Oh...</i> Tidak, justru aku senang sekali.
line:a618f9c2	<size=70%><i>Woah...	<size=70%><i>Wah...
line:ad460e4b	<size=70%><i>Yeah?	<size=70%><i>Oh ya?
line:c25d1c85	<size=70%>They're still on my payroll.	<size=70%>Mereka masih saya gaji.
line:22deeef6	==	==
line:67fa34ad	==	==
line:a8e2f13e	==	==
line:ce938344	==	==
line:e41244bf	==	==
line:497d3f67	A few days ago...	Beberapa hari lalu...
line:c570a462	A rather good excuse to see my favorite kobold.	Alasan yang bagus untuk menemui kobold favorit saya.
line:5d2d16e0	A really good friend?	Teman yang sangat baik?
line:df4d3810	About earlier.	Soal tadi.
line:1a5e1ba4	Act what way?	Bersikap bagaimana?
line:cc532c02	After his spontaneous conflagration, I made sure to give him privacy.	Setelah dia tiba-tiba terbakar, saya memastikan dia mendapat privasi.
line:a983ffa3	Again...?	Lagi...?
line:8e34b87d	Agreed, though I'd still like to be let in as soon as convenient.	Setuju, tapi saya tetap ingin masuk sesegera mungkin.
line:934a1d5a	Ah yeah, that's the stuff.. keep at it.	Ah ya, begitu... Teruskan.
line:e216aee0	Ah, good.	Ah, bagus.
line:9b26ac5f	Ah, I see the button there, gotcha!	Ah, aku lihat tombolnya di sana. Mengerti!
line:7f3fe9f9	Ah, sorry, I'm passionate about such things.	Ah, maaf. Saya sangat antusias soal hal-hal seperti ini.
line:bf2a8309	Ah, the grime did sting a little, thank you.	Ah, kotorannya memang agak perih. Terima kasih.
line:ebdb9888	Ah, yeah, those types are pretty cute.	Ah ya, tipe seperti itu cukup imut.
line:b920f205	Ah. Do not worry.	Ah, tidak perlu khawatir.
line:a98d068c	Ah. Okay nevermind I'm not sorry then.	Ah, oke. Kalau begitu kutarik permintaan maafku.
line:6de2c490	Ah...	Ah...
line:4d6b365e	Ahh, all cleaned and with a lighter load.	Ahh, sudah bersih dan muatan berkurang.
line:20f96302	Alexander!	Alexander!
line:f167e3d7	Alexander!	Alexander!
line:fe3996b8	Alexander!	Alexander!
line:af7db134	Alexander...?	Alexander...?
line:eb7cf9e5	All clean...	Sudah bersih...
line:f57fc630	All done!	Selesai!
line:0b734d82	All self respecting washers know how to please a dragon.	Petugas pemandian naga yang menghargai pekerjaannya pasti tahu cara memuaskan naga.
line:599ffb25	Already got seats at that bar I mentioned earlier.	Sudah memesan kursi di bar yang kusebut tadi.
line:642ddea3	Alright alright... Then I think I'd like to use it?	Baik, baik... Kalau begitu sepertinya saya ingin memakainya?
line:c7b3a185	Alright! I'll go get the gate.	Oke! Aku buka gerbangnya dulu.
line:7279121a	Alright! I'll go get you the gate.	Oke! Saya buka gerbangnya untuk Anda.
line:4fc4259c	Alright! I'm ready to go.	Oke! Aku siap berangkat.
line:a722d0fa	Alright, go get the gate and I'll head out to the spot!	Oke, buka gerbangnya dan aku akan berangkat ke sana!
line:d04df8f8	Alright, I'll cya!	Oke, sampai jumpa!
line:4766af08	Alrighty! That should be it.	Oke! Seharusnya sudah selesai.
line:797ca540	Alrighty. All clean.	Oke. Sudah bersih semua.
line:c4cb161a	Although grapes have always hit a specific craving.	Tapi anggur selalu pas untuk rasa yang sedang kuinginkan.
line:dc237557	Although, the portions might be a bit... dragon sized.	Tapi porsinya mungkin agak... ukuran naga.
line:655b8c01	Always happy to have you, Conrad.	Selalu senang menerima kamu, Conrad.
line:afedd1f5	An anomaly.	Sebuah anomali.
line:0de4fe62	And I'm glad you have a medkit... You're very prepared.	Aku juga senang kamu punya kotak P3K... Persiapanmu lengkap.
line:0699aef9	And I'm really happy for you and Conrad.	Aku juga sangat bahagia untukmu dan Conrad.
line:a3a26459	And not just physically.	Bukan hanya secara fisik.
line:507bd2b9	And that's why I'm here! Going to be heading out after this wash to go see him.	Itulah sebabnya aku di sini! Setelah mandi, aku pergi menemuinya.
line:33440e8c	And why you are perfect for this job!	Dan alasan Anda sangat cocok untuk pekerjaan ini!
line:cacb93ce	And you've tried everything.	Dan kamu sudah mencoba segala cara...
line:8cae6240	Another dragon? Usually I don't really get along...	Naga lain? Biasanya aku tidak terlalu akur...
line:5a7e4fd4	Any chance you can clean me up again?	Mungkin kamu bisa membersihkanku lagi?
line:92d2a30a	Anything. I'm just curious.	Apa saja. Saya hanya penasaran.
line:52695aa2	Anything?	Apa saja?
line:8ead9ee9	Anytime, Ryan.	Kapan saja, Ryan.
line:6d77feef	Anyway glad you're not finished, lets keep at it!	Pokoknya, senang kamu belum selesai. Ayo lanjutkan!
line:bdb4f59c	Anyway, time to get writing!	Pokoknya, saatnya mulai menulis!
line:75dd56ae	Anyways,	Pokoknya,
line:8980260e	Anyways-	Pokoknya...
line:a8e6291c	Anyways- Let me out.	Pokoknya... Biarkan aku keluar.
line:493a82ef	Anyways. Could you go get the gate?	Pokoknya, bisa buka gerbangnya?
line:926f5f41	Anyways. Gonna use this thing now!	Pokoknya, sekarang aku mau memakai ini!
line:ad8ab02e	Anyways...	Pokoknya...
line:e767dc51	Anywho, I'll get out of your scales now.	Pokoknya, saya tidak akan mengganggu Anda lagi.
line:e81426c1	Anywho, I'm in need of a clean.	Pokoknya, saya perlu dibersihkan.
line:23e7d518	Approach the dragon entrance, and I will let you in.	Datanglah ke pintu masuk naga, saya akan membukakannya.
line:72a9b5bb	Are you happy?	Anda bahagia?
line:be0118cc	Are you okay?	Kamu baik-baik saja?
line:de735c65	Are you open right now?	Anda sedang buka?
line:9369755d	Are you sure it will fit?	Kamu yakin muat?
line:c35b717a	Are you sure...? In front of the food?	Kamu yakin...? Di depan makanan?
line:cb06d2bf	As am I.	Saya juga.
line:9a48b21c	As in you're unique.	Maksud saya, Anda unik.
line:1c021ee0	At getting hand jobs.	Dalam urusan dikocok.
line:e861b464	At least that's what I've heard anyway.	Setidaknya begitu yang kudengar.
line:2f54ceec	At least you can still use your hands. Heh.	Setidaknya kamu masih bisa pakai tangan. Heh.
line:cb04e062	At least you can still use your hands. Heh.	Setidaknya kamu masih bisa pakai tangan. Heh.
line:97792929	Aw, I'll go get you the gate.	Ah, aku buka gerbangnya untukmu.
line:c6895517	Aw, Ryan.	Ah, Ryan.
line:db997182	Aw, thank you Alexander.	Ah, terima kasih, Alexander.
line:7157db26	Aw, thanks Alexander.	Ah, terima kasih, Alexander.
line:011f1458	Aw, thanks.	Ah, makasih.
line:aea0be6b	Aw, thanks.	Ah, makasih.
line:c00d76cd	Aw, thanks. I only look so good 'cause of your washes!	Ah, makasih. Aku kelihatan sebagus ini hanya karena kamu memandikanku!
line:453ff9be	Aw- Ryan...	Ah, Ryan...
line:5340a315	Aw... Thanks!	Ah... Terima kasih!
line:c6202cf2	Aw... Thanks.	Ah... Terima kasih.
line:cb1d1197	Aw... Thanks. Is it weird I consider you...	Ah... Makasih. Aneh tidak kalau aku menganggapmu...
line:2bfa396c	Aw... That's really sweet	Ah... Manis sekali.
line:22053f7f	Awesome!	Bagus sekali!
line:6fdb2c3d	Awesome!	Bagus sekali!
line:70306ba1	Awesome!	Bagus sekali!
line:6126a614	Awesome! Come on in..	Bagus sekali! Masuklah...
line:e85007ac	Awesome! See you later then!	Bagus sekali! Sampai nanti!
line:4c7f15d6	Awesome, I'll go get the gate.	Bagus, aku buka gerbangnya dulu.
line:9d126e4e	Awesome, I'm glad.	Bagus, aku senang.
line:b60cc4a5	Awesome.	Bagus sekali.
line:59fb47b0	Awww. You don't need to be coverd in ink to say hi!	Ahh. Tidak perlu berlumuran tinta untuk menyapa!
line:8e20e028	Be yourself!	Jadi diri sendiri!
line:cd18f73f	Been looking forward to this.	Aku sudah lama menantikan ini.
line:8f1fccf9	Being muddy is really fun up until it starts drying.	Berlumpur itu sangat seru, sampai lumpurnya mulai mengering.
line:40783547	Berries.	Buah beri.
line:59d4be6a	Berries.	Buah beri.
line:61e781c1	Berries.	Buah beri.
line:18ae08ef	Bet you had fun.	Pasti kamu senang sekali.
line:982fd3c7	big C...?	C besar...?
line:4b3f7c6a	Biology...? <size=70%> <i>I think?	Biologi...? <size=70%> <i>Kurasa?
line:9be63f47	Bleh. Thank you for grabbing that.	Bleh. Terima kasih sudah mengambilnya.
line:66957ed2	Blue...?	Biru...?
line:a77c3afd	Both.	Keduanya.
line:78975048	Brrr! Cold water!	Brrr! Air dingin!
line:8487a2c4	Burnswick Community College of Thaumaturgy	Akademi Komunitas Taumaturgi Burnswick
line:f75126de	But honestly you've helped me a lot.	Tapi jujur, kamu sudah banyak membantuku.
line:cab69268	But I already know I'm liking this a lot.	Tapi aku sudah tahu aku sangat menikmatinya.
line:d9534386	But I know the type... They tend to be big softies on the inside.	Tapi aku tahu tipenya... Biasanya hati mereka lembut.
line:f73ddfbc	But I think its time to get cleaned up.	Tapi kurasa sudah waktunya dibersihkan.
line:088ea4a7	But I'm hot shit, so I'll be fine.	Tapi aku keren banget, jadi pasti baik-baik saja.
line:c8f8bc22	But I'm only your washer?	Tapi saya hanya memandikan Anda?
line:dda0419b	But I'm sure I'd enjoy it with you!	Tapi aku pasti menikmatinya kalau bersamamu!
line:aa74448a	But not in this sized package, right??	Tapi bukan di tubuh seukuran ini, kan??
line:7d9ffc48	But nothing beats a large gulp!	Tapi tidak ada yang mengalahkan menelan satu suapan besar!
line:d1ec7684	But that is why I am here!	Tapi itulah sebabnya saya di sini!
line:b0d9d1e5	But you're the teacher dragon.	Tapi Andalah naga guru itu.
line:2d7e1ab6	But, at least I got to meet you!	Tapi setidaknya aku bisa mengenalmu!
line:b7f46902	But, I think you've taught me something.	Tapi sepertinya Anda sudah mengajari saya sesuatu.
line:b1040415	By the stars! No no. You're excellent.	Demi bintang-bintang! Tidak, tidak. Anda sangat baik.
line:3a88a2dd	By the way would you be mad if your partner made a mess at home?	Omong-omong, kamu akan marah kalau pasanganmu membuat rumah berantakan?
line:4199070f	Came in for another wash.	Aku datang untuk mandi lagi.
line:105cd3e2	Can I ask you a question?	Boleh aku bertanya?
line:535ee717	Can you repeat that?	Bisa diulangi?
line:835e0c27	Can't sthpeak well.	Fusah bicara.
line:afa450c0	Come back whenever, Ryan.	Datang lagi kapan saja, Ryan.
line:0cedfc3d	Conrad can go as long as he needs	Conrad bisa terus melakukannya selama yang diperlukan.
line:5462913f	conrad hooked up with ryan	Conrad berpasangan dengan Ryan.
line:61cd33c5	conrad hooked up with ryan	Conrad berpasangan dengan Ryan.
line:6a7610f3	conrad hooked up with ryan	Conrad berpasangan dengan Ryan.
line:bac1ce29	conrad hooked up with ryan	Conrad berpasangan dengan Ryan.
line:61c9b7ac	Conrad needs a cleaning, got a slot for 'im?	Conrad butuh dibersihkan. Ada tempat buat dia?
line:405b7ef1	Conrad needs a wash!	Conrad butuh mandi!
line:803c8f0c	Conrad was talking about you during our date.	Conrad membicarakanmu saat kencan kami.
line:f1787092	Conrad!	Conrad!
line:fd6c6213	Conrad!	Conrad!
line:484cd04d	Conrad...?	Conrad...?
line:5b0360ad	Conrad: Actually.. I mean..	Conrad: Sebenarnya... Maksudku...
line:3ce891ff	Conrad: Conrad just enjoys himself	Conrad: Conrad cuma menikmati momennya.
line:fbe86c06	Conrad: Damn right!	Conrad: Jelas dong!
line:5660dc8b	Conrad: Don't worry about it!	Conrad: Jangan khawatir!
line:c050dbfc	Conrad: I do it all the time	Conrad: Aku sering melakukannya.
line:cd3367da	Conrad: I want this to go well	Conrad: Aku ingin ini berjalan baik.
line:194c1381	Conrad: I'm ready to blow	Conrad: Aku sudah mau klimaks.
line:ce4d0fef	Conrad: Yea	Conrad: Ya.
line:42c70daa	Conrad: You feel good	Conrad: Rasanya enak bersamamu.
line:3bc52918	Conrad: You having a good time?	Conrad: Kamu menikmatinya?
line:be0e51af	Cool.	Keren.
line:88c36bc7	Could do that, then get a hotel room... Hmm.	Bisa ke sana, lalu pesan kamar hotel... Hmm.
line:b99e1503	Could you ask <i>me</i> a question?	Bisakah Anda bertanya kepada <i>saya</i>?
line:12bf5baf	Could you get the gate...?	Bisakah Anda membuka gerbang...?
line:3a6afae1	Could you go get the gate?	Bisa buka gerbangnya?
line:9f49d9d4	Could you wash it away?	Bisa dibilas?
line:7661a0e9	D'aw... thanks.	Ah... Makasih.
line:59bc5840	Damn right I do!	Jelas aku kelihatan bagus!
line:64889395	Damn right!	Jelas dong!
line:95aa0bf4	Damn right!	Jelas dong!
line:db592d76	Damn right!	Jelas dong!
line:0fcf9908	Damn right.	Jelas.
line:b964c99b	Damn shame then. Better change that.	Sayang sekali. Sebaiknya diubah.
line:c6955ecc	Damn, you know how to use your hands.	Sial, kamu memang tahu cara memakai tangan.
line:eaf45022	Damn, you know how to use your hands.	Sial, kamu memang tahu cara memakai tangan.
line:684fb29a	Damn... Always feels good.	Sial... Selalu enak.
line:7023cc94	DATE NIGHT!	MALAM KENCAN!
line:c71df70b	Date night!	Malam kencan!
line:b57cc8ad	Depends	Tergantung.
line:07bd7f57	Did you do your uh...	Hari ini kamu mengubah...
line:4f38655d	Do I look like I'm okay?	Kelihatannya aku baik-baik saja?
line:8147156a	Do it!	Lakukan!
line:9ab6ddfb	Do you also do "special endings" here?	Di sini ada «akhir bahagia» juga?
line:4c90479c	Do you ask because I'm lavender?	Anda bertanya karena warna saya ungu muda?
line:3020c97c	Do you believe I am attractive?	Apakah Anda menganggap saya menarik?
line:c5e71850	Do you even need a wash?	Kamu memang perlu mandi?
line:1810e75f	Do you have any advice?	Ada saran?
line:6be807b5	Do you have any plans with ryan?	Kamu punya rencana dengan Ryan?
line:a0cf6cae	Do you know any cool places, people, I could hang around?	Kamu tahu tempat seru atau orang asyik yang bisa kuajak nongkrong?
line:412ba249	Do you know any good bars?	Kamu tahu bar yang bagus?
line:28ec716a	Do you know anyone I could talk to? Y'know... about relationship stuffs?	Kamu kenal seseorang yang bisa kuajak bicara? Soal... urusan asmara?
line:21c0526b	Do you like being big?	Anda suka bertubuh besar?
line:daa040eb	Do you like purple?	Anda suka ungu?
line:ef052302	Do you like purple?	Anda suka ungu?
line:d5ed3582	Do you make big dragons, <size=60%>like me, <size=100%>cum here?	Di sini kalian bisa bikin naga besar, <size=60%>sepertiku, <size=100%>keluar?
line:ec64a696	Do you mind double checking if I'm clean?	Bisa periksa lagi apakah aku sudah bersih?
line:647187f1	Do you want to say what happened...?	Mau cerita apa yang terjadi...?
line:807df02d	Do you want to use it?	Anda ingin memakainya?
line:5c42b85a	Doesn't mean I need to yell at you.	Bukan berarti aku perlu membentakmu.
line:eefa8ae2	Don't be sorry! Get a mount!	Jangan minta maaf! Beli alatnya!
line:dd0f7b1d	Don't worry, dragons are made to eat anything.	Jangan khawatir, naga memang bisa makan apa saja.
line:b90b01a9	Don't worry, he's real nice.	Jangan khawatir, dia sangat baik.
line:7de2a81c	Don't worry. I will.	Tenang, pasti.
line:c29d4071	Don't... make it sound like that.	Jangan... bilang begitu.
line:31bdd33c	Dont talk with your mouth full	Jangan bicara saat mulut penuh.
line:8ee41fdc	Dragon history is complex. Ornamental crest <size=85%> are often <size=70%> worn by dragons to <size=55%>signify what family they belong to! <size=40%> It's an interesting mark of their culutral <size=35%> and familial heritage. I've often wondered if I should continue to wear mine. <size=20%> But culutural and familiar ties are considered important within the lore of dragons! so I must adhere to such things. <size=10%> Water. Earth. Fire. Air. Long ago, the four nations lived together in harmony. Then everything changed when the Fire Nation attacked.	Sejarah naga itu rumit. Lambang hiasan <size=85%> sering <size=70%> dikenakan naga untuk <size=55%>menunjukkan keluarga asal mereka! <size=40%> Itu penanda menarik dari warisan budaya <size=35%> dan keluarga mereka. Saya sering bertanya-tanya apakah perlu terus mengenakan milik saya. <size=20%> Tapi ikatan budaya dan keluarga dianggap penting dalam tradisi naga! Jadi saya harus mematuhinya. <size=10%> Air. Tanah. Api. Udara. Dahulu kala, keempat negara hidup harmonis. Lalu semuanya berubah ketika Negara Api menyerang.
line:0a0e6773	Dragon stomachs are a bit more... robust than yours.	Lambung naga sedikit lebih... kuat daripada punyamu.
line:7e352505	Dragons of the galaxy 2	Naga Galaksi 2
line:c2c659d1	Eep!	Iip!
line:0bd1699e	Ehh..	Ehh...
line:43dd32f5	Er... That's not-	Ehm... Bukan itu...
line:93b60dce	Even so. Not this time	Meski begitu, jangan kali ini.
line:573d9362	Even though you were just doing your job... I think it helped him a lot.	Walaupun kamu hanya menjalankan tugas... Kurasa itu sangat membantunya.
line:a2ba222e	Evening. This establishment takes walk ins, correct?	Selamat malam. Tempat ini menerima pelanggan tanpa janji, benar?
line:f98c3b6c	Every ending here is special!	Di sini semua akhirnya bahagia!
line:bfeaec15	Every self respecting wizard has a phoenix feather handy.	Setiap penyihir yang menghargai dirinya selalu menyiapkan bulu feniks.
line:57df700d	Everyone's gaze carries an immense weight.	Tatapan semua orang membawa beban yang sangat berat.
line:9ad8d2dd	Excellent!	Bagus sekali!
line:0c997163	Excellent.	Bagus sekali.
line:1976bc60	Excellent. Then make sure to go greet your customer at the window.	Bagus. Jangan lupa menyapa pelangganmu di jendela.
line:7bbe7ee3	Expectations are laaaame.	Ekspektasi itu menyebalkaaan.
line:f99eb2ff	Ey! The mount! Fuck yeah.	Hei! Alatnya! Anjir, mantap.
line:d376acb9	Ey, so. Was thinkin'	Hei, jadi... Aku berpikir...
line:85ec0862	Ey, sorry for coming in late.	Hei, maaf datang selarut ini.
line:12e8ae42	Ey, Use your hands on my cock- it feels good!	Hei, pakai tanganmu di kontolku... Enak!
line:271a3846	Fair enough. I'll be waiting!	Baiklah. Saya tunggu!
line:4789095b	Fair enough. You two do seem cute together.	Masuk akal. Kalian memang manis bersama.
line:f5b37855	Felt good sliding down though!	Tapi enak saat meluncur turun!
line:274367d7	Figured I'd bring in something nice after all you've done.	Kupikir aku perlu membawa sesuatu yang enak setelah semua bantuanmu.
line:aae8afca	Fine with me!	Bagi saya tidak masalah!
line:e98616be	For you!	Untukmu!
line:62a82aba	Found this one gryphon. About my size...	Aku menemukan seekor griffin. Kira-kira seukuranku...
line:807fdc76	From what I've heard he sounds like he's improved a lot recently, yeah?	Dari yang kudengar, dia sudah banyak berubah belakangan ini, ya?
line:803bf378	Fuck man, I'm so pumped.	Sial, aku tidak sabar.
line:f2418086	Fuck no! Shit's embarrassing.	Sial, tidak! Memalukan sekali.
line:a7ca3ca8	Fuck something and then get a handjob hopefully.	Meniduri sesuatu, lalu semoga ada yang mengocokkanku.
line:203bce10	Fuuuck. You really know how to work a dragon!	Anjiiir. Kamu benar-benar tahu cara memuaskan naga!
line:f7f9b0db	G'day mate!	Halo, kawan!
line:664c994e	Gave me time to think.	Memberiku waktu untuk berpikir.
line:1d9b3531	Get a handjob and fuck this mount.	Dikocok dan mengentot alat ini.
line:48afdce4	Give it to me!	Berikan padaku!
line:9df043ad	Give me a bit	Beri aku waktu sebentar.
line:e5c7f64a	Glad I'm here to remind you then.	Untung aku datang mengingatkanmu.
line:354170aa	Go for it!	Silakan!
line:2d0b6b06	Goin' downtown tonight. Needed to be spotless. Say...	Malam ini aku ke pusat kota. Harus bersih sempurna dulu. Hei...
line:dcb506d2	Good as!	Mantap!
line:bcbc6373	Good evening!	Selamat malam!
line:607a5c47	Good, I can't be having the Burnswick Community College of Thaumaturgy know that their best professor Alexander has caused another incident.	Bagus. Akademi Komunitas Taumaturgi Burnswick tidak boleh tahu profesor terbaik mereka, Alexander, menyebabkan insiden lagi.
line:12b72085	Good, you better. If I come back and there isn't one...	Bagus, awas kalau tidak. Kalau aku kembali dan alatnya belum ada...
line:2c851dad	Good.	Syukurlah.
line:2712436c	Good. 'Aight, let me out.	Bagus. Oke, biarkan aku keluar.
line:bab51ada	Good... That'd be correct.	Enak... Itu kata yang tepat.
line:44f2b8cf	Goodbye!	Sampai jumpa!
line:a8e6ac2a	Goodness, thanks to you I have a chance at redeeming this situation.	Astaga, berkat Anda saya punya kesempatan memperbaiki situasi ini.
line:745c3c12	Gosh!	Astaga!
line:6b5c6564	Gotta <i>practice</i> for Ryan if you catch what I mean.	Harus <i>latihan</i> untuk Ryan, kalau kamu paham maksudku.
line:e3cef2bc	Gotta make sure you're spotless!	Harus memastikan kamu bersih sempurna!
line:b01b2159	Great, so uh,	Bagus, jadi, ehm...
line:43c94954	Grouse as! Excited to see you work!	Mantap! Tidak sabar melihatmu bekerja!
line:9de16ee9	Ha!	Hah!
line:88d7e1e2	Haah. This is the best fuckin' wash.	Haah. Anjir, ini tempat mandi paling mantap.
line:cc6e7856	Hah! There's the mount!	Hah! Itu dia alatnya!
line:90dd6d9d	Hah, eager as always.	Hah, penuh semangat seperti biasa.
line:9542e7a6	Hah, good. Let's break this thing in!	Hah, bagus. Ayo resmikan alat ini!
line:fe21109b	Hah, he seems like the wild type.	Hah, dia memang kelihatan tipe yang liar.
line:e8bc1d95	Hah, I imagine it would be.	Hah, aku bisa membayangkannya.
line:acbf628d	Hah, it is a motivator.	Hah, memang bisa jadi pendorong.
line:65b23418	Hah, okay. I'm game.	Hah, oke. Aku ikut.
line:058d9d5c	Hah, yeah. Conrad is definitely experienced...	Hah, ya. Conrad jelas berpengalaman...
line:8b878971	Hah, yeah. He sounds fun.	Hah, ya. Dia terdengar seru.
line:e3ed51d9	Hah. Conrad, you look good too.	Hah. Kamu juga kelihatan bagus, Conrad.
line:f8b2e23b	Hah. Fine.	Hah, baiklah.
line:ea23c5f9	Hah. If only there was a kobold that could clean me.	Hah. Andai ada kobold yang bisa membersihkanku.
line:c9bb2a93	Hah. Yeah. <size=70%><i>It's cool that you learn to jerk off dragons in cleaning school...	Hah. Ya. <size=70%><i>Keren juga sekolah pemandian mengajari cara mengocok naga...
line:50a559bb	Hah... <size=70%> yeah.	Hah... <size=70%>Ya.
line:4d4d9986	Hah... Gonna jerk me off now? That's fine.	Hah... Mau mengocokkanku sekarang? Boleh.
line:4e920759	Hah... Yeah I'm excited.	Hah... Ya, aku bersemangat.
line:b36365ce	Hah... Yeah...	Hah... Ya...
line:b8724c64	Hah... you do like that noise.	Hah... Kamu suka sekali suara itu.
line:c8cde395	Haha, 'Yip' indeed.	Haha, memang «yip».
line:680991cf	Haha, yes. Happy to see you.	Haha, ya. Senang bertemu Anda.
line:4c27b031	Haha, you certainly are!	Haha, memang benar!
line:c3a2e14e	Haha, you certainly are!	Haha, memang benar!
line:9ec40945	Haha. 'Yip' to you too.	Haha. «Yip» juga buatmu.
line:5e91e0a7	Haha... Yeah. I'm not really used to complimenting.	Haha... Ya. Aku tidak terbiasa memuji orang.
line:44689f21	Happy to be back.	Senang bisa kembali.
line:2672f65d	Happy to be here.	Senang bisa di sini.
line:192fcb8e	Happy to get it off.	Senang bisa membersihkannya.
line:3517b28e	Have a productive day.	Selamat bekerja.
line:7c1adc57	He called me, we met up. He's really damn nice.	Dia meneleponku, lalu kami bertemu. Dia benar-benar baik.
line:e71f9a0b	HE DIED!?	DIA MATI!?
line:ed6c9afb	He hadn't been... Well, cared about in a long time from what I could gather.	Dari yang kutangkap, sudah lama dia tidak... dirawat dan dipedulikan.
line:de25de6e	He just... Knew what to say to snap me out of all that.	Dia... tahu persis harus bilang apa supaya aku sadar.
line:a035a3fd	He prefers 'vertically challenged'... But yes.	Dia lebih suka disebut «kurang beruntung secara vertikal»... Tapi ya.
line:04b29e42	He really is.	Memang benar.
line:c7e1b369	He really is.	Memang benar.
line:c64bd5ce	He said I was chill, we planned a date...	Dia bilang aku asyik, lalu kami merencanakan kencan...
line:e8a91447	He's a lot. But, I like it.	Dia cukup merepotkan. Tapi aku suka.
line:a7181b1a	He's a red dragon. I think you two would like eachother!	Dia naga merah. Kurasa kalian akan saling menyukai!
line:8245fe2b	He's already back to work. Thanks for helping with all that.	Dia sudah kembali bekerja. Terima kasih sudah membantu semua itu.
line:aaea8391	He's been way nicer recently.	Belakangan ini dia jauh lebih baik.
line:7363c004	He's great.	Dia luar biasa.
line:c13d4e24	He's hot.	Dia seksi.
line:675d7e37	He's like. SUPER hung.	Miliknya itu... BESAR sekali.
line:7deb9fff	He's like... a big softy surrounded by sharp pointy bits.	Dia seperti... si lembut yang diselimuti duri tajam.
line:800c553d	He's my dream dragon.	Dia naga impianku.
line:4b3c70d9	He's snappy, but tender too!	Dia ketus, tapi lembut juga!
line:31281c6d	He's this REALLY cute red drake who goes to the wash!	Naga merah yang LUCU sekali dan datang ke pemandian ini!
line:4c11c83e	He's tiny, I like being eye level with him.	Dia mungil. Aku suka bisa menatapnya sejajar.
line:b9ce2f3c	He's... Considerate. Real understanding too.	Dia... penuh perhatian. Sangat pengertian juga.
line:8e9e0f98	Heard about you and the big blue guy. Ryan was it?	Aku dengar soal kamu dan si besar biru. Ryan, ya?
line:ca4a9672	Heeeey Ryan.	Heiii, Ryan.
line:24ce37ec	Heeeey.	Heiii.
line:bb70c1ed	Heh. Yeah.	Heh. Ya.
line:3fa80829	Heh. Yeah. I like you too.	Heh. Ya. Aku juga menyukaimu.
line:20393ff6	Heh. Yeah. That's me.	Heh. Ya, itu aku.
line:ac769d93	heh.. yea.. sorry..	Heh... Ya... Maaf...
line:5246ceea	Heh... alright.	Heh... Oke.
line:75fef5cb	Heh... Damn right.	Heh... Jelas.
line:5f0edcb2	Heh... Handsy today, huh?	Heh... Tanganmu aktif sekali hari ini, ya?
line:2f55b3aa	Hehe	Hehe.
line:7e991330	Hehe yeah.	Hehe, ya.
line:3223473f	Hehe, I'm excited to get into the dating scene again.	Hehe, aku tidak sabar kembali berkencan.
line:4a137220	Hehe, thanks. It has stuff that should be good for both of us.	Hehe, makasih. Ada makanan yang seharusnya cocok buat kita berdua.
line:1a3e2a73	Hell yea	Anjir, mantap.
line:93f67490	Hell yeah	Anjir, mantap.
line:389e4033	Hell yeah I did!	Jelas dong, enak banget!
line:17dbb9b7	Hell yeah.	Anjir, mantap.
line:4b7b33d9	Hello!	Halo!
line:c3d3da41	Hello!	Halo!
line:4183ca7e	Hello, <i>'Drag'n wash franchise 223'...</i> Have you figured out how to interact yet?	Halo, <i>«waralaba Drag'n'wash nomor 223»...</i> Sudah tahu cara berinteraksi?
line:a99c515c	Hello, <i>'Drag'n wash franchise 223'...</i> Have you spoken to your first customer yet?	Halo, <i>«waralaba Drag'n'wash nomor 223»...</i> Sudah bicara dengan pelanggan pertamamu?
line:b7cce838	Hello.	Halo.
line:a8779ebf	Hello?	Halo?
line:dd4b34ae	Hello?	Halo?
line:1954aab7	Help the developers out please..	Tolong beri tahu pengembang...
line:db9c3a5c	Help the developers out please..	Tolong beri tahu pengembang...
line:f7f7f5a1	Help the developers out please..	Tolong beri tahu pengembang...
line:fc461784	Help the developers out please..	Tolong beri tahu pengembang...
line:ee3398a6	Hey big guy.	Hei, si besar.
line:0090c7b0	Hey Conrad!	Hei, Conrad!
line:3d0a5aeb	Hey Conrad!	Hei, Conrad!
line:a2b4acea	Hey conrad!	Hai, Conrad!
line:975a629f	Hey Conrad.	Hei, Conrad.
line:21235886	Hey could you come up front where I can see you?	Hei, bisa datang ke depan supaya aku bisa melihatmu?
line:533532c4	Hey fine by me!	Hei, tidak masalah buatku!
line:1538bc7e	Hey good lookin'	Hei, tampan.
line:0121c874	Hey hey. Glad you're open.	Hei, hei. Senang kamu buka.
line:71b651dd	Hey I have something to say!	Hei, aku mau bilang sesuatu!
line:0d4e0ecf	Hey kobold!	Hei, kobold!
line:af3f02c9	Hey Ryan, what do you have there?	Hei, Ryan, kamu bawa apa?
line:6374414d	Hey thanks for being here for me...	Hei, terima kasih sudah ada untukku...
line:bf5ff483	Hey there, happy to be back.	Hai, senang bisa kembali.
line:c38b7fa6	Hey there, Ryan!	Hai, Ryan!
line:2d5fc8a2	Hey there- Maybe you can get 'hands on' later?	Hei... Mungkin nanti saja kamu «turun tangan»?
line:1b6c7f75	Hey there.	Halo.
line:5dacf226	Hey there.	Halo.
line:82698bd1	Hey there.	Halo.
line:ab3a5d9c	Hey there.	Hei.
line:3d2bc74e	Hey uh, do you think Ryan and I will <i>actually</i> work out?	Hei, ehm... Menurutmu aku dan Ryan <i>benar-benar</i> bisa cocok?
line:04501155	Hey uh, I just need a cleaning.	Hei, ehm... Aku cuma perlu dibersihkan.
line:2a29842a	Hey uh... Not now.	Hei, ehm... Jangan sekarang.
line:8caa3196	Hey uhm, thanks once again.	Hei, ehm... Terima kasih sekali lagi.
line:5c7a9105	Hey!	Hei!
line:eed2cc64	Hey!	Hei!
line:2f3f5508	Hey! He's just... 'vertically challenged'.	Hei! Dia cuma... «kurang beruntung secara vertikal».
line:55bb78d1	Hey! I'm here for a wash.	Hei! Aku datang untuk mandi.
line:33480903	Hey, Alexander!	Halo, Alexander!
line:21fcef4f	Hey, Alexander.	Halo, Alexander.
line:14598ca6	Hey, big guy!	Hei, si besar!
line:e7353d24	Hey, I've got a question for you.	Hei, aku mau tanya.
line:674877e5	Hey, nothin' wrong with asking!	Hei, tidak ada salahnya bertanya!
line:d2589856	Hey, welcome back!	Halo, selamat datang kembali!
line:0d3e4054	Hey.	Hei.
line:aa0dda7b	Hey.	Hei.
line:7f2e2736	Hey... little guy!	Hei... si kecil!
line:933efa6d	Hi again!	Hai lagi!
line:873a2b9a	Hi again..	Hai lagi...
line:83ac5b68	Hi Conrad.	Hai, Conrad.
line:050efd1a	Hi, Ryan!	Hai, Ryan!
line:06ed6aea	Hiiiii! Hiii!	Haiiii! Hai!
line:5a632b75	His physical form is currently reconstituting in the staff lounge.	Wujud fisiknya sedang terbentuk kembali di ruang staf.
line:6bd91ca7	Hm, I think I'll pass on the mount.	Hmm, sepertinya aku tidak akan pakai alat kawin itu.
line:370d719b	Hm?	Hmm?
line:3c3ddd0c	Hm?	Hmm?
line:44658d73	Hmm...	Hmm...
line:bf059ff3	Hmm...	Hmm...
line:730b1ca4	Hmm?	Hmm?
line:fc571337	Hmmm, maybe something else?	Hmm, mungkin makanan lain?
line:19207e44	Hold on a little longer for me?	Bisa tahan sedikit lebih lama untuk saya?
line:f2ae89c4	Honestly, I'm surprised how nice this is.	Jujur, aku tidak menyangka rasanya senyaman ini.
line:a2ff0176	Hope it went well.	Semoga berjalan baik.
line:b17360a0	Hope that's alright?	Semoga tidak masalah?
line:ae08853f	Hope you're doing alright!	Semoga Anda baik-baik saja!
line:e1fa2461	Hopefully! I'll go get the gate.	Semoga! Aku buka gerbangnya dulu.
line:99931b37	Hopefully.	Semoga.
line:d9c91bca	How about you though? have you been seeing anyone?	Bagaimana denganmu? Kamu sedang dekat dengan seseorang?
line:4ec92454	How about you? Anyone exciting?	Kalau kamu? Ada orang menarik?
line:86bde306	How are you with seafood?	Bagaimana seleramu soal hidangan laut?
line:7fb611c9	How come you brought this all in?	Kenapa kamu membawa semua ini?
line:af0d0972	How come you're covered in ink?	Kenapa Anda berlumuran tinta?
line:e385b7f3	How did it go?	Bagaimana hasilnya?
line:c0161bbc	How did it taste?	Bagaimana rasanya?
line:262b262e	how do I get in?	bagaimana caranya masuk?
line:676b0638	how do I get in?	bagaimana caranya masuk?
line:8308bb09	How do I look?	Bagaimana penampilanku?
line:4f172746	How do you even digest that?	Bagaimana kamu bisa mencernanya?
line:28d390ac	How so?	Dalam hal apa?
line:4ef9fe65	How so?	Dalam hal apa?
line:ea66b5af	How so?	Dalam hal apa?
line:4b29790b	How was the sex.	Bagaimana seksnya?
line:7736270c	How was your date with Conrad?	Bagaimana kencanmu dengan Conrad?
line:18d418ab	However, it's ornamental! My family crest. You see...	Padahal itu hiasan! Lambang keluarga saya. Begini...
line:1f250062	However, My <i>image</i> is far more permanent than Igwyx's fleeting physical forms.	Namun, <i>citra</i> saya jauh lebih abadi daripada wujud fisik Igwyx yang sementara.
line:ae34381b	However, that respect comes with an expectation to act as I look. It's incredibly stressful.	Namun, rasa hormat itu disertai harapan agar sikap saya sesuai dengan penampilan. Tekanannya luar biasa.
line:d2baf9e2	However...	Namun...
line:fb8401c3	Huff...	Huff...
line:b54ee04d	huff... Thank you for that.	Huff... Terima kasih untuk itu.
line:16420ca7	Huff... Thanks for that.	Huff... Terima kasih untuk itu.
line:45507089	Huff... That was nice... Made a bit of a mess though.	Huff... Enak tadi... Tapi jadi sedikit berantakan.
line:ae83cfb6	huh...?	Hah...?
line:0c78b56b	Huh?	Hah?
line:e96114a2	Huh? ofcourse not!	Hah? Tentu saja bukan!
line:836c079c	I <i>think </i> I must've spilled an inkwell <i>on the way here</i>. Rather clumsy of me!	Saya <i>rasa </i> saya menumpahkan botol tinta <i>dalam perjalanan ke sini</i>. Ceroboh sekali!
line:d37175c7	I act tough but am a small dragon...	Aku bersikap tangguh, padahal aku naga kecil...
line:b4e27683	I agree	Aku setuju.
line:68ebf07b	I allowed him, as my stature provides ample height.	Saya mengizinkannya, karena tubuh saya menyediakan ketinggian yang memadai.
line:a051821a	I already feel a lot better.	Aku sudah merasa jauh lebih baik.
line:49bfbfbe	I already have spot at the club reserved.	Aku sudah memesan tempat di klub.
line:14ff4edd	I always do~	Aku memang selalu semangat begitu~
line:b05c6259	I always look forward to seeing you. I'll go get the gate.	Aku selalu menantikan bertemu denganmu. Aku buka gerbangnya dulu.
line:52bf5ede	I am THE kobold. Yip!	Akulah SI kobold itu. Yip!
line:141c006f	I am too.	Aku juga.
line:363f6f6a	I am too.	Aku juga.
line:405b9622	I am too.	Aku juga.
line:d4c5faea	I am too.	Aku juga.
line:556897bf	I am! Even better now that you're here.	Saya baik! Bahkan lebih baik karena Anda datang.
line:e499b2cc	I am.	Saya bahagia.
line:5ec8bb55	I believe that's in part because of you.	Saya rasa sebagian karena Anda.
line:9883786d	I booked the night.	Aku memesan untuk semalaman.
line:eae85bf9	I broke up with my partner...	Aku putus dengan pasanganku...
line:ffcfee20	I brought watermelon, bread, grapes, and some other stuff.	Aku membawa semangka, roti, anggur, dan beberapa makanan lain.
line:e8aa18f4	I can digest pretty much anything.	Aku bisa mencerna hampir apa pun.
line:7f543c2a	I can let loose whenever you are ready	Aku bisa melepasnya kapan pun kamu siap.
line:c83a6a0d	I can't believe Igwix would make a mistake like this!	Saya tidak percaya Igwix melakukan kesalahan seperti ini!
line:e051a79e	I consider you a good friend too	Aku juga menganggapmu teman baik.
line:f382336f	I could get us the <i>nicest</i> spots for their show.	Aku bisa mendapatkan tempat <i>terbaik</i> untuk kita menonton pertunjukannya.
line:2602b8c6	I could use a wash.	Aku perlu mandi.
line:c66153d3	I couldn't help but notice the... device over there.	Saya tidak bisa mengabaikan... alat di sana.
line:b71f0756	I decided to try baking.	Aku memutuskan mencoba membuat kue.
line:e62b989c	I decided to try baking.	Aku memutuskan mencoba membuat kue.
line:efea7148	I decided to try baking.	Aku memutuskan mencoba membuat kue.
line:98f800d3	I didn't know anyone could like me that much so easily.	Aku tidak tahu orang bisa begitu mudah menyukaiku sedalam itu.
line:4116f001	I didn't know what the button did.	Aku tidak tahu fungsi tombol itu.
line:7a5c7f54	I didn't mean to fluster you!	Aku tidak bermaksud membuatmu salah tingkah!
line:55542a9b	I do enjoy the color. Though I believe its unrelated to my own hue.	Saya memang suka warnanya, meskipun kurasa tidak berkaitan dengan warna tubuh saya.
line:f9c800f2	I do!	Tentu!
line:ad9c1ada	I do. But, what happened?	Punya. Tapi apa yang terjadi?
line:a45ccf3a	I don't believe I can hold back any longer	Saya rasa tidak bisa menahan lebih lama lagi.
line:8c6e1cd3	I don't get it! Why do I have to act this way?	Aku tidak mengerti! Kenapa aku harus bersikap begini?
line:cc4e48a3	I don't know where they went but I feel dirty again.	Aku tidak tahu dia ke mana, tapi aku merasa kotor lagi.
line:71127249	I don't mean to be rude, but I must decline	Saya tidak bermaksud tidak sopan, tapi harus menolak.
line:f5696cc4	I don't need to tell you.	Aku tidak harus memberitahumu.
line:878fc94c	I don't understand..	Aku tidak mengerti...
line:4f3d31f8	I don't want your pitty!	Aku tidak butuh belas kasihanmu!
line:8fc36ab7	I enjoy being a part of so many individuals lives in a positive way.	Saya senang menjadi bagian positif dari hidup begitu banyak individu.
line:14653182	I enjoy parts of it. The respect is pleasant...	Ada hal-hal yang saya sukai. Dihormati terasa menyenangkan...
line:bd4bb1b9	I enjoy that I do not fear failure around you.	Saya senang tidak takut gagal saat bersama Anda.
line:c108ed4f	I enjoy when you tell me what to do with a pat of your hand.	Saya suka saat Anda memberi tahu apa yang harus saya lakukan lewat tepukan lembut Anda.
line:6db406b4	I enjoyed this quite a lot.	Saya sangat menikmatinya.
line:e838533b	I feel as I could say anything to you.	Rasanya saya bisa mengatakan apa saja kepada Anda.
line:9b9567ec	I feel much better.	Saya merasa jauh lebih baik.
line:ed6be68f	I feel spotless as always.	Aku merasa bersih sempurna seperti biasa.
line:938be2fb	I forget the ignorance of a layman. I apologize.	Saya lupa betapa minimnya pengetahuan orang awam. Maaf.
line:63837f22	I forgot to bite into it so... Nothing?	Aku lupa menggigitnya, jadi... Tidak ada rasa?
line:fe3484ea	I get how you'd feel that way after a breakup, yeah.	Aku paham kenapa kamu merasa begitu setelah putus.
line:adf1550f	I give my other bipedal friends rides all the time.	Aku sering membawa teman-temanku yang berkaki dua.
line:9a68366f	I got a mount.	Aku beli alat kawin.
line:78a54cae	I got back home a bit dirty. And she yelled at me.	Aku pulang agak kotor, lalu dia membentakku.
line:22a9094a	I guess so!	Sepertinya begitu!
line:28d6c0aa	I hate that I'm always getting into situations like this.	Aku benci selalu terjebak dalam situasi seperti ini.
line:366a7f73	I have a question.	Saya punya pertanyaan.
line:82b63c18	I have something to say!	Aku mau bilang sesuatu!
line:fd68807c	I have to say, you did as good a job as private washers.	Harus saya akui, pekerjaan Anda sama bagusnya dengan petugas mandi pribadi.
line:761f413a	I heard a loud bang	Aku mendengar ledakan keras.
line:9d7cc63c	I heard a loud bang, I don't think Igwix made it.	Saya mendengar ledakan keras. Sepertinya Igwix tidak selamat.
line:7ede5030	I heard there was kobolds down here that could wash me up?	Katanya ada kobold di bawah sini yang bisa memandikanku?
line:efb2d4af	I heard there were kobolds down here that could wash me up?	Katanya ada kobold di sini yang bisa memandikanku?
line:2f9b499a	I honestly don't know how you are doing that.	Jujur, aku tidak tahu bagaimana kamu bisa melakukannya.
line:6f5dbc90	I hope he's okay too.	Aku juga berharap dia baik-baik saja.
line:cd0197ed	I hope I can learn from that.	Semoga aku bisa belajar darimu.
line:cf50dbcc	I hope it all works out.	Semoga semuanya berjalan baik.
line:b2dfad3e	I hope so.	Semoga.
line:0477b0d7	I hope so. I really want a fresh start with someone.	Semoga saja. Aku benar-benar ingin memulai lembaran baru dengan seseorang.
line:7429dab7	I hope that you'll help me prove them wrong!	semoga kamu membantuku membuktikan dia salah!
line:be5feb3e	I hope things get better.	Semoga keadaan membaik.
line:114ac9a0	I hope you're right.	Semoga kamu benar.
line:06744c7e	I just don't like that she takes it out on me.	Aku hanya tidak suka kalau dilampiaskan padaku.
line:1fb02179	I just don't like that she takes it out on me.	Aku hanya tidak suka kalau dilampiaskan padaku.
line:c8a1e7d0	I Just need a quick wash... Maybe the mount would be nice too.	Aku cuma perlu mandi sebentar... Mungkin alat kawin itu juga enak.
line:95ff1bed	I just wish for you to ask me a question. Any question.	Saya hanya ingin Anda bertanya kepada saya. Pertanyaan apa saja.
line:f716a163	I knew you were too busy, so I figured I'd bring the date to you!	Aku tahu kamu terlalu sibuk, jadi kupikir kubawa kencannya kepadamu!
line:2461773d	I knew you'd have my back	Aku tahu kamu akan mendukungku.
line:6a671440	I know a decent equine-kin place by the pier.	Aku tahu restoran kaum kuda yang lumayan di dekat dermaga.
line:50102b85	I know he can be a bit hot headed and forget to thank folks.	Aku tahu dia bisa agak pemarah dan lupa berterima kasih.
line:83c55e2e	I know things can be tough.	Aku tahu kadang memang berat.
line:2ffb026d	I know you need to close down shop. I'll make sure you get the address and we can meet up there, yeah?	Aku tahu kamu perlu menutup toko. Akan kuberi alamatnya dan kita bisa bertemu di sana, ya?
line:ded99a0c	I know, I'll reserve your spot!	Aku tahu, akan kupesankan tempatmu!
line:59e503b2	I know. But the ability to open up to someone, even occasionally-	Saya tahu. Tapi bisa membuka hati kepada seseorang, meski hanya sesekali...
line:d30ffec9	I know. I know I shouldn't be dumping this on you.	Aku tahu. Aku tahu tidak seharusnya membebanimu dengan ini.
line:875048ca	I know. I know.	Saya tahu. Saya tahu.
line:7b59e4d6	I like how sure of yourself you are. Even if it just has to do with washing.	Saya suka betapa yakin Anda terhadap diri sendiri. Meski hanya soal memandikan.
line:46061aae	I like it! I think you'd enjoy it too.	Aku suka! Kurasa kamu juga akan suka.
line:f4ad8ea6	I like taking care of you.	Saya senang merawat Anda.
line:8ffedb47	I like the mount you chose. Mind grabbing it?	Aku suka alat yang kamu pilih. Bisa ambilkan?
line:5c86951f	I like you a lot.	Aku sangat menyukaimu.
line:a91980fc	I like you for who you are.	Saya menyukai Anda apa adanya.
line:bdca3e1b	I like... him.	Aku suka... dia.
line:2b65bf83	I love bubbles, they tickle!	Aku suka gelembung, menggelitik!
line:f8a4f404	I mean it. Really.	Aku serius. Sungguh.
line:ae719afc	I need to be better. I <i>want </i>to be better.	Aku harus jadi lebih baik. Aku <i>ingin </i>jadi lebih baik.
line:a0373456	I need to be spotless. Seems that's what you're for. <size=70%> Ha.	Aku harus bersih kinclong. Sepertinya itu tugasmu. <size=70%> Hah.
line:3da2dd1d	I never expected myself to confide such embarrassing things in someone.	Saya tidak pernah menyangka akan menceritakan hal memalukan seperti ini kepada seseorang.
line:0c986dec	I never expected you to be the type to be so messy!	Saya tidak menyangka Anda bisa sampai sekotor ini!
line:95db900b	I never miss a spot.	Saya tidak pernah melewatkan bagian mana pun.
line:d620d41a	I never thought someone like him would be my type...	Aku tidak pernah mengira seseorang seperti dia akan jadi tipeku...
line:67592de1	I probably need to head out though.	Tapi sepertinya aku harus pergi.
line:e41c6dc5	I really do hope it all works out!	Aku benar-benar berharap semuanya berjalan baik!
line:a722aada	I really think it was this time...	Kali ini kurasa memang salahku...
line:e80e5edd	I see what you're doing, thank you.	Saya paham maksud Anda. Terima kasih.
line:cc6ec337	I see..	Begitu...
line:d57520b1	I seem to have gotten myself covered in ink!	Sepertinya saya membuat diri saya berlumuran tinta!
line:3b161cf3	I still need more!	Aku masih butuh lagi!
line:47dc71f3	I suppose I understand disliking the mess it may cause.	Saya bisa memahami ketidaksukaan terhadap kekotoran yang ditimbulkannya.
line:234ccfda	I suppose it depends on the circumstances.	Kurasa memang tergantung situasinya.
line:910706c0	I think a movie could be fun!	Kurasa menonton film bisa seru!
line:99bbb171	I think he was in a bad environment. He's doing better now.	Kurasa lingkungannya dulu buruk. Sekarang dia lebih baik.
line:9247b7a0	I think he'd like the new you!	Kurasa dia akan menyukai dirimu yang sekarang!
line:f4982dcd	I think he's got a crush on me.	Kurasa dia menaruh hati padaku.
line:fc6fdd10	I think I can still feel some explosion grime on me...	Sepertinya aku masih merasakan kotoran ledakan menempel...
line:4efc873f	I think I like being taken care of?	Sepertinya saya senang dirawat?
line:f5d36d9a	I think I might be close..	Kurasa aku mungkin sudah hampir...
line:52fc4e08	I think I'd like that!	Sepertinya aku akan suka!
line:5c78099a	I think I'd like to meet him!	Aku ingin bertemu dengannya!
line:14e0edf6	I think I'd like to try!	Kurasa aku ingin mencoba!
line:164df75a	I think I'd like to use it?	Sepertinya saya ingin memakainya?
line:4f6168aa	I think I'd like to use it?	Sepertinya saya ingin memakainya?
line:ab314624	I think I'd like to?	Sepertinya saya mau?
line:170c6aa3	I think I'd like you to be that someone aswell.	Kurasa aku juga ingin orang itu adalah kamu.
line:8f46bb17	I think I've got it!	Sepertinya aku sudah paham!
line:a5e128e0	I think she's upset about something else...	Kurasa dia marah soal hal lain...
line:bc2545e7	I think she's upset about something else...	Kurasa dia marah soal hal lain...
line:335c5156	I think so!	Kurasa begitu!
line:3292625e	I think that would make a decent place! They put on good shows every night.	Kurasa tempat itu cocok! Pertunjukannya bagus setiap malam.
line:eaafe671	I think you got every spot!	Kurasa kamu sudah membersihkan semua bagian!
line:1760e5d5	I think you got every spot.	Kurasa kamu sudah membersihkan semua bagian.
line:341175f7	I think you got every spot.	Kurasa kamu sudah membersihkan semua bagian.
line:770e7473	I think you got every spot.	Kurasa kamu sudah membersihkan semua bagian.
line:f4a8f7fc	I think you helped him a lot more than you realize.	Kurasa kamu membantunya jauh lebih banyak daripada yang kamu sadari.
line:f28fd15d	I think you missed a few spots still...	Kurasa masih ada beberapa bagian yang terlewat...
line:77509e74	I think you're cool too. Self improvement is hard.	Menurutku kamu juga keren. Memperbaiki diri itu sulit.
line:763c6a82	I think you're good looking.	Menurut saya penampilan Anda bagus.
line:69e7dbb3	I think you're pretty cool, Conrad.	Menurutku kamu cukup keren, Conrad.
line:9c393f61	I think you're special too.	Menurutku kamu juga istimewa.
line:7d5ae3b4	I usually make do with a hose down at home...	Biasanya aku cukup menyemprot diri dengan selang di rumah...
line:c4fc9b28	I wanna talk face to face!	Aku ingin bicara tatap muka!
line:548dc375	I want to be more open. It feels good.	Saya ingin lebih terbuka. Rasanya menyenangkan.
line:e02f464d	I was helping the alchemist reach a high shelf	Aku sedang membantu ahli alkimia mencapai rak tinggi.
line:fa97376e	I was helping the alchemist reach a high shelf	Saya sedang membantu ahli alkimia mencapai rak tinggi.
line:bb015b1b	I was romping around the forest	Aku sedang berlarian di hutan.
line:78e2cb13	I was thinking about what you said,	Aku memikirkan ucapanmu,
line:b8282714	I was thinking.	Aku sedang berpikir.
line:ca616238	I was thinking. We could go out some time next week?	Aku berpikir... Bagaimana kalau kita keluar minggu depan?
line:a13d76ec	I was thinking...	Saya berpikir...
line:c1a4edf0	I wasn't making her happy either.	Dia juga tidak bahagia bersamaku.
line:a4214fe6	I went out of my way for a discrete washing, I was sure I wasn't followed.	Saya sudah bersusah payah mencari tempat untuk mandi diam-diam. Saya yakin tidak diikuti.
line:db5cd152	I went out with some friends.	Aku pergi bersama beberapa teman.
line:b6b9dc33	I will pay double. Triple- This is a job only you can do!	Saya bayar dua kali lipat. Tiga kali... Hanya Anda yang bisa melakukannya!
line:0c31345e	I will, thanks.	Pasti, makasih.
line:fa41daf4	I will. I just need a quick wash, and wouldn't mind using the mount today.	Pasti. Aku cuma perlu mandi sebentar, dan hari ini tidak keberatan memakai alat itu.
line:399457b7	I wish it was easy as it is in movies.	Andai semudah di film.
line:2185f08c	I won't.	Aku tidak akan bilang.
line:45950848	I would like that!	Aku mau!
line:099ec7fd	I would love to.	Aku mau sekali.
line:e6006cd6	I wouldn't mind!	Aku tidak keberatan!
line:81905be1	I'd like to go out to eat.	Aku ingin makan di luar.
line:75b152eb	I'd love to talk more, truly, but class is soon.	Saya ingin mengobrol lebih lama, sungguh, tapi kelas akan segera dimulai.
line:2fe8a558	I'd love to!	Aku mau sekali!
line:87ba56cc	I'll be back again, yeah?	Aku akan kembali, ya?
line:ca035ef2	I'll be back again. It's nice having you as a friend.	Saya akan kembali. Senang memiliki teman seperti Anda.
line:0fcd9c26	I'll be back soon, yeah? Thanks for the wash.	Saya akan segera kembali, ya? Terima kasih sudah memandikan saya.
line:d9f422eb	I'll be waiting at the bar for you tonight!	Aku tunggu kamu di bar malam ini!
line:69dff2ec	I'll be waiting for the gate!	Aku tunggu kamu buka gerbangnya!
line:ae4d09f6	I'll be waiting for the gate!	Aku tunggu kamu buka gerbangnya!
line:ab616aac	I'll definitely keep this place in mind.	Aku pasti akan mengingat tempat ini.
line:b122441b	I'll get one ordered I promise!	Aku akan pesan satu, janji!
line:1642b6f1	I'll get out of your scales now. Thank you for the wash.	Saya tidak akan mengganggu lagi. Terima kasih sudah memandikan saya.
line:707d2693	I'll get out of your scales...	Aku tidak akan mengganggumu lagi...
line:ca480eed	I'll get you two in contact then.	Kalau begitu akan kukenalkan kalian.
line:59416000	I'll go get the gate for ya'	Aku buka gerbangnya untukmu.
line:6aa7ad03	I'll go get the gate for ya'	Aku buka gerbangnya untukmu.
line:2a6d7e7d	I'll go get the gate for you.	Aku buka gerbangnya buat kamu.
line:8107858d	I'll go get the gate for you.	Saya akan membukakan gerbang untuk Anda.
line:d1755010	I'll go get the gate for you.	Aku buka gerbangnya buat kamu.
line:4d692a01	I'll go get the gate.	Aku buka gerbangnya dulu.
line:a75bb519	I'll go get the gate.	Aku buka gerbangnya dulu.
line:8689a124	I'll happily get that for you.	Dengan senang hati saya ambilkan.
line:48e99d7b	I'll have to close up shop first-	Aku perlu menutup toko dulu...
line:f2b894e2	I'll have to reserve your spot while you close up.	Aku perlu memesankan tempatmu saat kamu menutup toko.
line:6c5e2459	I'll keep that in mind. I'm used to things being transactional.	Akan saya ingat. Saya terbiasa dengan hubungan yang serba transaksional.
line:956a0f47	I'll make sure to ask him next time I see him.	Pasti kutanyakan saat bertemu dengannya lagi.
line:e64d21e4	I'll make sure to come back.	Aku pasti akan kembali.
line:7c9fe106	I'll make sure to get out of your scales.	Aku tidak akan mengganggumu lagi.
line:87006442	I'll make sure to tell others about this place	Aku pasti akan merekomendasikan tempat ini ke orang lain.
line:1db78e06	I'll make sure to tell you how it goes, yeah?	Nanti pasti kuceritakan hasilnya, ya?
line:49b6a167	I'll make sure you're <i>spotless.	Akan kupastikan kamu <i>bersih sempurna.
line:96981b61	I'll manage.	Aku bisa melewatinya.
line:9aa97614	I'll need this to be swift, students won't teach themselves.	Saya perlu layanan yang cepat. Para mahasiswa tidak bisa mengajar diri sendiri.
line:9ef857c8	I'll need to resurrect Igwix, oh how embarrassing!	Saya perlu menghidupkan Igwix kembali. Memalukan sekali!
line:90a9a98e	I'll see you next time I come in, yeah?	Sampai bertemu saat aku datang lagi, ya?
line:d0f6a49a	I'll see you next time I come in, yeah?	Sampai bertemu saat aku datang lagi, ya?
line:160bf40f	I'll start prepping for it.	Aku akan mulai mempersiapkannya.
line:8af64cb8	I'll take care of this, don't you worry.	Aku akan mengurus ini. Jangan khawatir.
line:e20c6391	I'll tell you in a bit. Could you just get the gate for now?	Sebentar lagi kuceritakan. Sekarang bisa buka gerbangnya dulu?
line:04c62f9b	I'm <i>spotless</i>.	Saya <i>bersih sempurna</i>.
line:629f8cff	I'm a bit of a big deal around there.	Aku cukup dikenal di sana.
line:d9272031	I'm a dragon.	Aku naga.
line:675e7284	I'm a rule breaker!	Aku suka melanggar aturan!
line:afcd5586	I'm a... kobold.	Aku... kobold.
line:5d41b5d6	I'm all dirty still!	Aku masih kotor semua!
line:2f6eb3c3	I'm all soapy still!	Aku masih penuh sabun!
line:18707b19	I'm always happy to give you a wash!	Aku selalu senang memandikanmu!
line:3b01eb3b	I'm always happy to give you a wash!	Aku selalu senang memandikanmu!
line:d82b1a7d	I'm always happy to help. <i><size=70%> especially a big dragon.	Saya selalu senang membantu. <i><size=70%>Apalagi naga besar.
line:46c6a3ed	I'm always happy to see you Ryan.	Aku selalu senang bertemu denganmu, Ryan.
line:75206eee	I'm always happy to see you Ryan.	Aku selalu senang bertemu denganmu, Ryan.
line:fa6e232e	I'm always happy to see you. I'll go get the gate for you.	Saya selalu senang melihat Anda. Saya buka gerbangnya untuk Anda.
line:07e5fc05	I'm amazed!	Aku takjub!
line:4586d55d	I'm an asshole. I know I am.	Aku bajingan. Aku tahu itu.
line:a6d46685	I'm certain he also finds you pleasant!	Saya yakin dia juga menganggap Anda menyenangkan!
line:ef399e26	I'm doing good!	Saya baik-baik saja!
line:a6c1f2f4	I'm excited for you!	Aku ikut bersemangat untukmu!
line:94fbdbf0	I'm excited for you. I'll get the gate!	Aku ikut bersemangat. Aku buka gerbangnya!
line:f83e4966	I'm excited to hear about it!	Aku tidak sabar mendengarnya!
line:bd55b8f4	I'm excited to see them washing down the drain though.	Tapi aku juga tidak sabar melihatnya mengalir ke saluran pembuangan.
line:24832f01	I'm excited.	Aku bersemangat.
line:69f406a6	I'm excited.	Aku bersemangat.
line:a00f681d	I'm excited.	Aku bersemangat.
line:a0479425	I'm excited.	Aku bersemangat.
line:b5d7d26f	I'm excited.	Saya sangat menantikannya.
line:d66b9155	I'm excited.	Aku bersemangat.
line:4e1b1d0a	I'm glad you derive enjoyment from this as well.	Saya senang Anda juga menikmatinya.
line:5db47405	I'm glad you enjoy him. I'm certain he finds you pleasant.	Saya senang Anda menyukainya. Saya yakin dia menganggap Anda menyenangkan.
line:c56ee060	I'm glad you enjoy my crest.	Saya senang Anda menyukai lambang saya.
line:f44a1493	I'm glad you trust me.	Saya senang Anda memercayai saya.
line:3a2ed5ef	I'm glad you two are working out though.	Tapi aku senang hubungan kalian berjalan baik.
line:c0972e81	I'm glad you two are working out.	Aku senang hubungan kalian berjalan baik.
line:34ba77b1	I'm glad you were able to make the choice that was best for you.	Aku senang kamu bisa memilih yang terbaik untuk dirimu.
line:d5a90e1c	I'm glad!	Saya senang!
line:286fec49	I'm glad.	Aku senang.
line:42f5fd9d	I'm glad.	Aku senang.
line:99b6dc81	I'm glad.	Saya senang.
line:570d4953	I'm happy for you!	Aku ikut bahagia untukmu!
line:ac6d5bd3	I'm happy for you!	Aku ikut bahagia untukmu!
line:ed5c40ca	I'm happy for you!	Aku ikut bahagia untukmu!
line:79099951	I'm happy to be here too.	Saya juga senang berada di sini.
line:99fd9b51	I'm happy to give you a place you can relax.	Saya senang bisa memberi tempat bagi Anda untuk bersantai.
line:5d36d5c8	I'm happy to have met you.	Saya senang sudah mengenal Anda.
line:ce21622a	I'm happy to hear that.	Saya senang mendengarnya.
line:69963a6c	I'm happy you feel comfy here.	Saya senang Anda merasa nyaman di sini.
line:38388248	I'm here for a wash.	Saya datang untuk mandi.
line:a6974256	I'm here if you need someone to talk to.	Aku di sini kalau kamu perlu teman bicara.
line:6690512d	I'm impressed.	Aku kagum.
line:2e424b13	I'm in need of another wash.	Aku perlu mandi lagi.
line:ef91a572	I'm Jealous!	Aku iri!
line:a79b8639	I'm just happy I don't feel judged here.	Aku senang karena tidak merasa dihakimi di sini.
line:8076eb95	I'm just here for a wash though.	Tapi aku cuma datang untuk mandi.
line:c2caa0b7	I'm just here to bring you food!	Aku cuma datang membawa makanan untukmu!
line:ec6c7823	I'm just... Happy.	Aku hanya... bahagia.
line:ed4b0d48	I'm kind of excited.	Aku agak bersemangat.
line:266c652e	I'm looking forward to seeing you again	Aku tidak sabar bertemu denganmu lagi.
line:e91e2041	I'm not <i>that</i> little-	Aku tidak <i>sekecil</i> itu...
line:cf05a364	I'm not certain why I suddenly understand your 'Yips'	Saya tidak tahu kenapa tiba-tiba memahami «yip» Anda.
line:dcc4774b	I'm not too sure. It was on sale at WingCo.	Aku tidak terlalu yakin. Lagi diskon di WingCo.
line:5b31909a	I'm only doing what I think is right.	Aku hanya melakukan apa yang menurutku benar.
line:7fe349d7	I'm profoundly embarrassed by this whole ordeal.	Seluruh kejadian ini sangat memalukan bagi saya.
line:cfaffc52	I'm pumped.	Aku tidak sabar.
line:c0a140f8	I'm really fond of letting folks ride on my back.	Aku sangat suka membiarkan orang naik di punggungku.
line:1a5e6184	I'm really looking forward to this.	Aku benar-benar menantikannya.
line:8b43a434	I'm really sorry you got hurt. Who did this?	Aku benar-benar sedih kamu terluka. Siapa yang melakukan ini?
line:69ffe957	I'm so excited about this date!	Aku sangat bersemangat untuk kencan ini!
line:e6290003	I'm so excited. I'll get you two in contact!	Aku bersemangat sekali. Akan kukenalkan kalian!
line:e8611ad0	I'm sorry for dumping that all on you earlier.	Maaf sudah menumpahkan semua masalahku padamu tadi.
line:e613b1c3	I'm sorry I snapped at you earlier.	Maaf karena tadi membentakmu.
line:de208e68	I'm sorry you got hurt...	Aku sedih kamu terluka...
line:4843bb47	I'm still very muddy, if you could soap me up that'd be great.	Aku masih sangat berlumpur. Akan bagus kalau kamu menyabuniku.
line:51d4e418	I'm such an idiot.	Aku bodoh sekali.
line:32114891	I'm sure nobody will know...	Saya yakin tidak ada yang akan tahu...
line:17a05c96	I'm sure we'll figure something out! just meet me at the pier!	Kita pasti menemukan kegiatan! Temui aku di dermaga saja!
line:8136ef1a	I'm surprised how nice it is.	Aku terkejut rasanya begitu menyenangkan.
line:722c6ab2	I'm thinking a date soon.	Aku berpikir untuk segera berkencan.
line:3471e9b1	I'm trying my best.	Aku sudah berusaha sebaik mungkin.
line:01492e5e	I'm trying not to be pushy.	Aku sedang berusaha tidak memaksa.
line:4d6cd625	I'm trying to get away from the house for a bit.	Aku ingin menjauh sebentar dari rumah.
line:c1ef777a	I'm unsure why speaking with you is so easy.	Saya tidak tahu kenapa berbicara dengan Anda begitu mudah.
line:822c0718	I'm very excited.	Aku sangat bersemangat.
line:ddab3d34	I'm very satisfied with these results..	Saya sangat puas dengan hasil ini...
line:03eb977c	I'm well aware. A deep clean has a distinct feel!	Saya tahu betul. Pembersihan menyeluruh terasa berbeda!
line:f9193c0d	I'm willing to do it. But I'd like something new.	Aku bersedia menghadapinya. Tapi aku ingin sesuatu yang baru.
line:63981253	I'm... Happy.	Aku... bahagia.
line:f80bd44b	I'm... not certain I'd like to use this today.	Saya... tidak yakin ingin memakai ini hari ini.
line:d422462e	I'm... not sure I can answer that for you.	Aku... tidak yakin bisa menjawabnya untukmu.
line:8f107933	I'm... Rather close now	Saya... sudah hampir mencapai klimaks.
line:24c52c54	I'm... wondering...	Saya... bertanya-tanya...
line:6bbd7f1d	I've always hated the rain.	Saya selalu membenci hujan.
line:b4353808	I've always loved giving my biped friends rides...	Aku selalu senang membawa teman-temanku yang berkaki dua...
line:9541fceb	I've been considering asking you this for a while now.	Sudah cukup lama saya mempertimbangkan untuk menanyakan ini.
line:505154a4	I've been thinking...	Saya sedang berpikir...
line:58b4f5fb	I've been told it's polite to talk to smaller folk face to face.	Katanya lebih sopan bicara tatap muka dengan orang yang lebih kecil.
line:2c560e29	I've been trying to get into the social sciences aswell.	Saya juga mencoba mendalami ilmu sosial.
line:b4a29141	I've got a guy who can drop a gift by tomorrow that would spruce things up.	Aku kenal orang yang besok bisa mengantar hadiah untuk menyegarkan tempat ini.
line:212f0021	I've had a lot of free time lately.	Belakangan ini waktu luangku banyak.
line:701b9feb	I've had a lot of free time lately.	Belakangan ini waktu luangku banyak.
line:79da763f	I've had a lot of free time lately.	Belakangan ini waktu luangku banyak.
line:3c4443fd	I've seen bigger	Aku pernah lihat yang lebih besar.
line:d7a90078	I...	Aku...
line:393d0e05	I... hm.	Saya... Hmm.
line:0da5609b	I... Know this is unprompted.	Saya... tahu ini mendadak.
line:5cfb94b9	If a relationship is <i>so</i> bumpy and you know its going to end.	Kalau suatu hubungan <i>begitu</i> bermasalah dan kamu tahu akan berakhir...
line:b2f52b23	If I could uhm...	Apakah saya bisa, ehm...
line:b4990e3d	If I'm honest. I've had a crush on you for a bit.	Sejujurnya, aku sudah menaruh hati padamu sejak beberapa waktu lalu.
line:7c13c28e	If only.	Andai saja.
line:a56c5621	If someone like Ryan is interested, you're doing great.	Kalau orang seperti Ryan tertarik, berarti kamu sudah bagus.
line:52f28749	If we're caught violating another policy my reputation would be in ruins!	Kalau ketahuan melanggar aturan lagi, reputasi saya akan hancur!
line:83f511d2	If ya' place the mount for me I'll have at it.	Kalau kamu pasang alatnya, aku langsung pakai.
line:7ead92b1	If you could come up front so I could talk.	Bisa datang ke depan supaya aku bisa bicara?
line:e78656aa	If you could come up to where I can see you.	Bisa datang ke depan supaya aku bisa melihatmu?
line:9a013329	If you wanna talk about it more, I've got a minute.	Kalau masih ingin bercerita, aku punya waktu sebentar.
line:3d014153	If you want to use it that's fine!	Kalau Anda ingin memakainya, tidak masalah!
line:a9eb9a76	if you're seeing this please grab nael or submit a bug report	Kalau melihat ini, hubungi nael atau kirim laporan bug.
line:b9ab4eed	Im not complaining though.	Tapi aku tidak mengeluh.
line:27340362	In a bad way?	Dalam arti buruk?
line:2019bb85	In a good way?	Dalam arti baik?
line:91d5fb72	Incredible!	Luar biasa!
line:61c8781b	Indeed! You're the only kobold I wish to wash me now.	Benar! Sekarang hanya Anda kobold yang saya inginkan untuk memandikan saya.
line:a5979ac9	Indeed, you must know of my crest! I teach alchemy.	Benar, pasti Anda mengenali lambang saya! Saya mengajar alkimia.
line:dd9d30d2	Indeed. I'm glad you were able to help.	Benar. Saya senang Anda bisa membantu.
line:fd5ddfcb	Indeed. You're an excellent person to be around.	Benar. Berada di dekat Anda sangat menyenangkan.
line:78c9b5cc	Is everything okay?	Semuanya baik-baik saja?
line:bea8f1f7	Is something on your mind?	Ada yang kamu pikirkan?
line:6b6dd8bc	Is that a good thing...?	Itu hal baik...?
line:848727f2	Is that a threat...?	Itu ancaman...?
line:db302830	Is that why you came in the first time?	Itu sebabnya kamu pertama kali datang?
line:00e41343	Is this good?	Enak begini?
line:7982d3d8	Is this the right place?	Aku datang ke tempat yang benar?
line:c48f59a9	Is this the right place?	Aku datang ke tempat yang benar?
line:b05f6eea	Isn't that... Wood?	Bukankah itu... kayu?
line:bf137cb4	It arrived this morning, it should be near the gate.	Barangnya sampai tadi pagi. Seharusnya ada di dekat gerbang.
line:5080b6dd	It depends! Dragon thing.	Tergantung! Kebiasaan naga.
line:34cf0601	It did! Thanks for asking.	Memang! Terima kasih sudah bertanya.
line:900dca3c	It does wonders.	Dampaknya luar biasa.
line:cfd504c5	It does wonders.	Dampaknya luar biasa.
line:ac13bf68	It is indeed rather cool.	Memang cukup keren.
line:ea445b46	It is rather novel isn't it?	Pengalaman yang baru, bukan?
line:56d34a41	It is? Good to know...	Ya? Senang mengetahuinya...
line:b058318f	It means you're doing a good job in kobold.	Dalam bahasa kobold, artinya kamu melakukan hal yang bagus.
line:13c906c7	It really has been. You're wonderful.	Memang. Kamu luar biasa.
line:b032bfb1	It turns out baking is messy!	Ternyata membuat kue bikin berantakan!
line:da4f12a1	It turns out baking is messy!	Ternyata membuat kue bikin berantakan!
line:e106207b	It turns out baking is messy!	Ternyata membuat kue bikin berantakan!
line:e0c8c57b	It was good. We had sex.	Bagus. Kami berhubungan seks.
line:681117ec	It was great. Conrad is wild. Good wild.	Bagus sekali. Conrad liar. Dalam arti baik.
line:28eee9f5	It went great!	Berjalan sangat baik!
line:92bfe06c	It went great!	Berjalan sangat baik!
line:a5d2b991	It went well.	Berjalan baik.
line:1ab5969b	It would be a... date. As most would say.	Itu akan menjadi... kencan. Seperti istilah kebanyakan orang.
line:8440a3f4	It's a regrettable state I find myself in...	Sungguh keadaan yang memalukan...
line:1706e86d	It's also new to me...	Ini juga baru buatku...
line:c1b8e62b	It's always good when a kobold knows what they like.	Menyenangkan kalau kobold tahu apa yang disukainya.
line:deffce5c	It's crazy how much your neck can handle.	Luar biasa, lehermu bisa menampung sebanyak itu.
line:2e182063	It's difficult to find folks that are outside of my current bubble.	Sulit menemukan orang di luar lingkaran pergaulanku saat ini.
line:48cfc92b	It's endearing!	Menggemaskan!
line:5b6f00bd	It's fine.	Tidak apa-apa.
line:13dc0f15	It's fine. I close in about an hour.	Tidak apa-apa. Aku tutup sekitar satu jam lagi.
line:23ac92c8	It's freeing. I'll be back, yeah?	Rasanya membebaskan. Saya akan kembali, ya?
line:de9fdb93	It's hard to hold back..	Sulit menahannya...
line:9ebea3d0	It's hard to not be nervous after everything...	Sulit untuk tidak gugup setelah semua kejadian itu...
line:ec8243d8	It's interesting; you bipeds tend to savor your meals.	Menarik, kalian yang berkaki dua biasanya menikmati rasa makanan perlahan.
line:d50cb509	It's just that something happened to Conrad, I hope he's okay.	Hanya saja, sesuatu terjadi pada Conrad. Semoga dia baik-baik saja.
line:bee6c7dd	It's just that...	Hanya saja...
line:3b76093c	It's made for eating things whole.	Memang dibuat untuk menelan makanan utuh.
line:19f36dc0	It's my dream.	Itulah impian saya.
line:18db795f	It's never easy to end things.	Mengakhiri hubungan memang tidak pernah mudah.
line:049fb01f	It's nice to have friends to rely on.	Menyenangkan punya teman yang bisa diandalkan.
line:ed69e3a1	It's nice to relinquish control, even for a moment.	Menyenangkan bisa melepaskan kendali, meski hanya sebentar.
line:e9d34ea0	It's no biggie. It sounds like everyone is fine.	Bukan masalah besar. Sepertinya semua baik-baik saja.
line:7e511da7	It's okay!	Tidak apa-apa!
line:b14d8520	It's okay, you sound like you need it.	Tidak apa-apa, sepertinya kamu perlu bercerita.
line:50b95260	It's okay. I needed to. She wasn't making me happy.	Tidak apa-apa. Memang harus. Bersamanya aku tidak bahagia.
line:47455767	It's okay. I'll figure something out.	Tidak apa-apa. Aku akan mencari jalan keluar.
line:9287c933	It's starting to feel like it's <i>my</i> fault.	Mulai terasa seperti ini salah <i>aku</i>.
line:7ab244af	It's the best way to enjoy food.	Itu cara terbaik menikmati makanan.
line:0b7589ff	It's the mount you asked for.	Itu alat kawin yang kamu minta.
line:a5780e74	It's wonderful to be back!	Senang sekali bisa kembali!
line:649e8eb3	Its a nice get away from everything out there.	Enak bisa sejenak menjauh dari segala urusan di luar sana.
line:d0361dd9	Its like an equine fusion thing...	Semacam perpaduan masakan kaum kuda dengan masakan lain...
line:df86a610	Jokes aside, your wash is definitely the best.	Serius, tempat mandimu memang yang terbaik.
line:7fe40d2b	Just a rough day. Hoping this helps!	Cuma sedang menjalani hari yang berat. Semoga mandi bisa membantu!
line:ce77a00e	Just did!	Baru saja!
line:7c93c604	Just doing my job!	Hanya menjalankan tugas!
line:fa0a9fbb	Just having fun.	Cuma bersenang-senang.
line:9e9425cd	Just possibly...	Kalau saja...
line:1d73a343	Just some drake at the bar. Was stupid... Couldn't shut my mouth.	Cuma naga di bar. Aku bodoh... Tidak bisa jaga mulut.
line:ecb9a15d	Just touch me with your hand and I'll try to help.	Sentuh saja aku dengan tangan dan aku akan mencoba membantu.
line:14209365	Just uhm... Don't tell anyone I'm saying all this.	Cuma, ehm... Jangan bilang siapa-siapa aku mengatakan semua ini.
line:3bac1dad	Just... open the gate.	Buka... gerbangnya saja.
line:4f826403	Keep going a little longer please	Tolong teruskan sedikit lebih lama.
line:087039ba	Keep going.	Teruskan.
line:d8f92323	Kinda! I've been getting out more.	Bisa dibilang! Aku lebih sering keluar sekarang.
line:b965b4dd	Knock that off, we're not done yet. Right?	Hentikan, kita belum selesai. Benar?
line:d9d276bb	Kobolds always seem enamored by me eating.	Kobold selalu terlihat terpesona saat aku makan.
line:0274cacd	Kobolds are very flexible. It will fit.	Kobold sangat lentur. Pasti muat.
line:20cb68b9	lemme in?	Boleh mafuk?
line:41d5085a	Let go whenever you are ready.	Lepaskan kapan pun Anda siap.
line:29a77d09	Let me give it a try!	Biar kucoba!
line:265e14cb	Let me know when you're finished rinsing.	Beri tahu kalau Anda sudah selesai membilas.
line:0e1fd4b0	Let the <i>big C</i> out of this place!	Biarkan <i>C besar</i> keluar dari sini!
line:f7382398	Let's get going~!	Ayo mulai~!
line:c50535b3	Let's have it!	Ayo keluarkan!
line:9accd60e	Lets wash it off for our date tonight then.	Kalau begitu, ayo bersihkan untuk kencan kita malam ini.
line:7ce1b833	Like what?	Seperti apa?
line:cb91e703	Like, I love those around me, but there's a lot of baggage there.	Aku sayang orang-orang di sekitarku, tapi ada banyak beban masa lalu di sana.
line:aa1c54ab	Like, in general.	Maksudku, secara keseluruhan.
line:bbe51f87	Like, in general.	Maksudku, secara keseluruhan.
line:7b7b0a3f	Like, the future of my relationships.	Maksudku, masa depan hubungan asmaraku.
line:db79a905	Like... a lemon?	Seperti... lemon?
line:ffd7dcc4	Like... An asshole? I know I'm miserable to be around.	Seperti... bajingan? Aku tahu bergaul denganku tidak menyenangkan.
line:a0a0a49c	Like... sexual stuff?	Maksudmu... layanan seksual?
line:9becd177	Look at me! I'll be the laughing stock of my students.	Lihat saya! Saya akan jadi bahan tertawaan mahasiswa.
line:9711cf03	Lookin' for a hose down. Wouldn't mind using the mount aswell.	Aku ingin disemprot bersih. Pakai alat itu juga boleh.
line:abdb5822	Looking forward to seeing ya'	Tidak sabar ingin bertemu lagi.
line:5c335985	Looking forward to seeing you soon.	Saya menantikan pertemuan kita berikutnya.
line:1d0abc80	Looking forward to the wash.	Saya menantikan mandinya.
line:646279a0	Looks like it.	Sepertinya begitu.
line:b6093881	Looks like ya' got a shipment, eh?	Sepertinya kamu dapat kiriman, ya?
line:f1fc3e3c	Luckily death via spontaneous combustion is a concept we have thoroughly curtailed in the modern world.	Untungnya, di dunia modern, kematian akibat terbakar spontan sudah jauh berkurang.
line:d2ba8ba9	Made a bit of a mess... Still worth it.	Jadi sedikit berantakan... Tapi sepadan.
line:301e8665	Make haste! My reputation is on the line.	Cepatlah! Reputasi saya dipertaruhkan.
line:5072cc60	Make sure you're very clean. <size=70%><i>hehe.	Pastikan bersih sekali. <size=70%><i>Hehe.
line:da21cf49	Makes sense! Yeah tiny drakes are fun.	Masuk akal! Naga mungil memang seru.
line:22b2643b	Makes sense.	Masuk akal.
line:e7f0e9ed	Makes sense.	Masuk akal.
line:89c9a73b	Many think it's part of my body.	Banyak yang mengira itu bagian dari tubuh saya.
line:d7bcbe29	Max says I'm a clumsy dragon,	Max bilang aku naga ceroboh,
line:db986d0d	May you open the gate?	Bisakah Anda membuka gerbang?
line:76a97730	Maybe later...?	Mungkin nanti...?
line:08a422ba	Maybe like...	Mungkin...
line:6f293b7a	Maybe someone new...	Mungkin seseorang yang baru...
line:d2558a04	Maybe someone?	Atau mungkin seseorang?
line:67a46ddc	Maybe we can hang out later?	Mungkin nanti kita bisa menghabiskan waktu bersama?
line:5691478f	Maybe we could just... Walk?	Mungkin kita bisa... jalan-jalan saja?
line:7734bf93	Me too, thanks!	Aku juga, makasih!
line:627a13e4	Me too.	Saya juga.
line:d3c733f5	Me too.	Saya juga.
line:ffa63d1b	Me too.	Saya juga.
line:040ee2a7	me too.	Aku juga.
line:d13cd125	Me.	Diri sendiri.
line:14e7b293	Me?	Aku?
line:b9cb051a	Means I'm ready to go on a date with a certain kobold.	Artinya aku siap berkencan dengan kobold tertentu.
line:e5da247d	Means you know how to get hands on!	Berarti kamu tahu cara turun tangan!
line:171707d2	Mhm!	Mhm!
line:11306335	Mhm! Come back anytime.	Mhm! Datang lagi kapan saja.
line:69dd6a73	Mhm! he's trying to meet new people.	Mhm! Dia juga ingin bertemu orang baru.
line:da17b746	Mhm! I'm <i>the</i> kobold!	Mhm! Akulah <i>si</i> kobold itu!
line:a0cb3f78	Mhm! that's him.	Mhm! Itu dia.
line:164fdb01	Mhm, he's trying.	Mhm, dia berusaha.
line:1a663dcf	Mhm, right this way.	Mhm, lewat sini.
line:3cd8a8bd	Mhm... Thank you.	Mhm... Terima kasih.
line:4546abce	Might seem kinda weird to ask now. Buuuut.	Mungkin aneh bertanya sekarang. Tapiii...
line:57d8b72a	Mind opening the gate to let me out?	Bisa buka gerbang supaya aku bisa keluar?
line:b2a507ab	Mind opening the gate to let me out?	Bisa buka gerbang supaya aku bisa keluar?
line:6d726280	Mind washing more?	Bisa cuci lagi?
line:c8281b83	Mmm, I understand that to mean you'll get the gate?	Hmm, saya mengartikannya Anda akan membuka gerbang?
line:dd0c77ae	Mmm, Yeah I know the type.	Hmm, ya, aku tahu tipenya.
line:d8cafcc7	mmm..	Mmm...
line:729cea0c	Mmmhm, I always do my best.	Mhm, saya selalu berusaha sebaik mungkin.
line:f36b8b76	Mmmhm. I'll work on my sleep schedule...	Mmmhm. Aku akan memperbaiki jadwal tidurku...
line:d38efb75	Mmmmhm, gotta prep for a date with him.	Mmmhm, harus bersiap untuk kencan dengannya.
line:a78dd44b	mmph! (Yea!)	Mmph! (Ya!)
line:b132719c	Mmph- Hm?	Mmph... Hmm?
line:16ee6b14	Money... mmm...	Uang... Hmm...
line:d8cc8048	Most people do!	Kebanyakan orang begitu!
line:3d723db0	Must mean you two are a good match.	Berarti kalian sangat cocok.
line:9ca994a5	My bad	Salahku.
line:aaecba3d	My bad	Salahku.
line:fedbf70c	My colleague, professor Igwyx, wished to use me as a platform.	Rekan saya, Profesor Igwyx, ingin memakai saya sebagai pijakan.
line:08af3902	My date with Ryan was...	Kencanku dengan Ryan...
line:116b5405	My date with Ryan was...	Kencanku dengan Ryan...
line:e26c3b65	My first ever Yarn script in Unity!	Skrip Yarn pertamaku di Unity!
line:f15b014f	My names Ryan. So...	Namaku Ryan. Jadi...
line:e4aced7b	My students could learn a thing or two from your work ethic!	Mahasiswa saya bisa belajar dari etos kerja Anda!
line:dfe74420	My-	Astaga...
line:9b915bf2	Nah.	Tidak.
line:c3642dec	Nah.	Tidak.
line:393c128a	Never cleaned a teacher dragon... woah.	Belum pernah memandikan naga guru... Wah.
line:a99b03ed	Never tried it.	Belum pernah mencoba.
line:6df809e1	Nevermind. Could you get the gate?	Lupakan. Bisa buka gerbangnya?
line:d3a50f3f	Next time I come in for a wash we'll go.	Lain kali aku datang mandi, kita berangkat.
line:ac5afd96	Next time I come in I'll have reservations!	Lain kali datang, aku sudah punya reservasi!
line:8990fcc9	Nice! Whats with all the... Gloop?	Bagus! Ada apa dengan semua... lendir ini?
line:1d4b8528	Nice. Gotta open the gate though. Let Conrad in!	Bagus. Tapi buka gerbangnya dulu. Biarkan Conrad masuk!
line:acab92d4	Nnf... I believe I needed that. Thank you.	Nnf... Saya yakin memang membutuhkan itu. Terima kasih.
line:8fe11008	Nnnf... That was way better than those berries.	Nnnf... Jauh lebih enak daripada buah beri itu.
line:b251704a	No	Tidak.
line:e05c2dca	No	Tidak.
line:dc86c2de	no	tidak
line:5794ea87	No amount of justification makes it feel good though.	Tapi alasan sekuat apa pun tidak membuatnya terasa menyenangkan.
line:5a5ec440	No I actually just got it	Tidak, sebenarnya baru saya beli.
line:cd5f07ca	No more excuses.	Tidak ada alasan lagi.
line:4b38230f	No need for thanks. I'll get the gate.	Tidak perlu berterima kasih. Aku buka gerbangnya.
line:11604fbd	No need to be nervous, Alexander!	Tidak perlu gugup, Alexander!
line:eefef647	No need to be.	Tidak perlu malu.
line:73ea230a	No no, you're a certified cleaner yeah?	Tidak, tidak. Kamu petugas pemandian bersertifikat, kan?
line:743c64e6	No not really.	Tidak juga.
line:50feefe8	No problem!	Tidak masalah!
line:1a9a36e1	No problem! Can't wait for you to meet Conrad.	Tidak masalah! Tidak sabar melihatmu bertemu Conrad.
line:0a9993d2	No problem, thanks!	Tidak masalah, makasih!
line:10bdb3a4	No problem, thanks!	Tidak masalah, makasih!
line:3a8f65fa	No problem.	Tidak masalah.
line:ee3d0ee4	No problem. Let me get that gate for ya'!	Tidak masalah. Saya buka gerbangnya dulu!
line:eedccaec	No way.	Tidak mungkin.
line:f0351f0c	No way.	Tidak mungkin.
line:d726f776	No worries,	Tidak apa-apa,
line:12b7a5b3	No! I mean, yes, but for the sake of my reputation could you please keep my incursion here to yourself.	Tidak! Maksud saya, ya, tapi demi reputasi saya, bisakah kunjungan ini dirahasiakan?
line:f7f963e3	No, I am.	Tidak, saya memang kotor.
line:54faa7c0	No, I don't think I do.	Tidak, sepertinya tidak.
line:38419d8b	No, it's not. No more excuses.	Tidak, itu tidak benar. Tidak ada alasan lagi.
line:cd9b2a8f	No, thank you. I'm... Really excited.	Justru aku yang harus berterima kasih. Aku... sangat bersemangat.
line:1af1ad05	No, we don't offer things like that here.	Tidak, kami tidak menyediakan layanan begitu.
line:cb7e94e5	no.	Tidak.
line:6128a09c	No. A lime that is yellow.	Bukan. Jeruk nipis yang berwarna kuning.
line:de25dacd	No. I'm not. Do you have a medkit or not?	Tidak. Aku tidak baik-baik saja. Kamu punya kotak P3K atau tidak?
line:1cc64bcf	No.. No it's fine... thank you.	Tidak... Tidak, tidak apa-apa... Terima kasih.
line:525f5744	Nope	Tidak.
line:fbd2c3e7	Nope.	Belum.
line:5406ba8e	Normally I'd say yes to a mount. But, not right now.	Biasanya aku mau pakai alat itu. Tapi jangan sekarang.
line:ab92da6a	Not anymore at least!	Setidaknya sekarang tidak lagi!
line:0cfcd179	Not for a date though.	Tapi bukan untuk kencan.
line:d1b90e2c	Not sure yet.	Belum yakin.
line:e9643b5d	Not yet.	Belum.
line:326cc84d	Not yet. a little longer.	Belum. Sedikit lagi.
line:56a729f6	Nothing more attractive than a man who can improve!	Tidak ada yang lebih menarik daripada pria yang bisa memperbaiki diri!
line:b5dabf9f	Nothing more attractive than a man who can improve!	Tidak ada yang lebih menarik daripada pria yang bisa memperbaiki diri!
line:8a321997	Now I'm eyeballing the mount...	Sekarang mataku tertuju pada alat itu...
line:5e0a6d7a	Now I'm out here, agh!	Sekarang saya terjebak di luar sini, agh!
line:564a9606	Now they'll never need to know!	Sekarang tidak perlu ada yang tahu!
line:d66b7986	Now!	Sekarang!
line:63596bb3	Now, do you have a medkit or not?	Sekarang, kamu punya kotak P3K atau tidak?
line:eefc4e9f	Now, lemme in! I want to try that thing out!	Sekarang biarkan aku masuk! Aku ingin mencobanya!
line:0554966a	Now, more food?	Sekarang... Makan lagi?
line:3fb3f8d4	Now, round two!	Sekarang, ronde kedua!
line:12e6043e	Now... Food?	Sekarang... Makan?
line:5f8b2de4	oah. <size=70%>okay.	Oh. <size=70%>Oke.
line:13223129	Of course	Tentu.
line:283e56d8	Of course I am! I know I'm very...	Tentu! Aku tahu aku sangat...
line:5788e15c	Of course I do. I'm a <i>professional</i>.	Tentu. Aku <i>profesional</i>.
line:0b226939	Of course it is!	Tentu saja tidak!
line:f21dd9d4	Of course it is!	Tentu saja tidak!
line:642255fc	Of course!	Tentu saja!
line:76f8c20c	Of course!	Tentu saja!
line:877aced7	Of course!	Tentu saja!
line:d2401e75	Of course!	Tentu saja!
line:f9eb2b4a	Of course! Right this way!	Tentu saja! Lewat sini!
line:0d20d327	Of course! Thank you for the food.	Tentu! Terima kasih makanannya.
line:4da976f5	Of course! You run a fine establishment.	Tentu! Anda mengelola tempat yang bagus.
line:b629bcf2	Of course! You're wonderful.	Tentu! Anda luar biasa.
line:b6c96475	Of course, you run a fine establishment.	Tentu, Anda mengelola tempat yang bagus.
line:dd082478	Of course.	Tentu.
line:203cc3d2	Of course. One moment!	Tentu. Tunggu sebentar!
line:fd145efe	Of course. Sorry you're going through all this.	Tentu. Aku ikut sedih kamu harus melalui semua ini.
line:7305cdbc	Oh cool!	Oh, keren!
line:eb6ae4c3	Oh cool!	Oh, keren!
line:77c996e8	Oh damn! You really are adventurous!	Oh, sial! Kamu benar-benar berani mencoba!
line:3fdb9d01	Oh fcuk something went wrong	Sial, ada yang bermasalah.
line:9e403ecd	Oh fuck yeah.	Oh, anjir, mantap.
line:13c39c50	Oh fudge, forget I said that!	Aduh, lupakan saya mengatakan itu!
line:e722753e	Oh goodness no..	Astaga, tidak...
line:55e3dd36	Oh hi! um..	Oh, hai! Ehm...
line:e8ee5747	Oh hi! um..	Oh, hai! Ehm...
line:b90f527f	Oh huh, that's the tiny drake I saw coming in a bit back yeah?	Oh, itu naga mungil yang kulihat datang beberapa waktu lalu, ya?
line:001ab950	Oh I heard good things about that.	Oh, aku mendengar ulasan bagus tentang itu.
line:0a4a28c0	Oh I see the button there, gotcha!	Oh, aku lihat tombol di sana. Paham!
line:c6b0b1aa	Oh like, swallowing things whole?	Oh, menelan semuanya utuh?
line:10254d13	Oh my	Astaga.
line:39f6c77d	Oh my bad	Oh, salahku.
line:79511a66	Oh my bad	Oh, salahku.
line:8cfbd75d	Oh my bad	Oh, salahku.
line:cb71b2a1	Oh my bad	Oh, salahku.
line:7d13eca0	Oh my- I didn't expect you to be so... hands on	Astaga... Saya tidak menyangka Anda begitu... cepat turun tangan.
line:c60c65e8	Oh my. I suppose I could use the mount!	Astaga. Kurasa saya bisa memakai alat itu!
line:433cb27e	Oh no! Do you want to talk about it?	Oh tidak! Mau membicarakannya?
line:d908622a	Oh no, Conrad. are you okay?	Oh tidak, Conrad. Kamu baik-baik saja?
line:bf977a7e	Oh okay. I'll go grab it.	Oh, oke. Aku ambil dulu.
line:7428755b	Oh so it's new for both of us!	Oh, jadi ini baru buat kita berdua!
line:513bed5a	Oh so it's new to both of us!	Oh, jadi ini baru buat kita berdua!
line:4bad37a5	Oh that's good. I'm happy he's okay.	Oh, bagus. Saya senang dia baik-baik saja.
line:7d791906	Oh this is better, but I still feel dirty.	Oh, ini lebih baik, tapi aku masih merasa kotor.
line:63926ecd	Oh we're done?	Oh, sudah selesai?
line:546d1bf2	Oh wow, you're really covered in it!	Wah, Anda benar-benar berlumuran tinta!
line:b2d99a43	Oh wow..	Oh, wah...
line:e8052272	Oh yeah I liked the first one.	Oh ya, aku suka film pertamanya.
line:a4a26529	Oh yeah, there's this nice place downtown called wings.	Oh ya, ada tempat bagus di pusat kota bernama Wings.
line:d4d3ecd5	Oh yeah.	Oh ya.
line:059142a3	Oh Yeah?	Oh ya?
line:71053a53	Oh Yeah?	Oh ya?
line:1121309c	Oh yeah?	Oh ya?
line:2b560f59	Oh yeah?	Oh ya?
line:2d2820b0	Oh yeah?	Oh ya?
line:6e82e54c	Oh yeah?	Oh ya?
line:b9d8a22f	Oh yeah?	Oh ya?
line:d8ce8566	Oh yeah?	Oh ya?
line:f103a4a8	Oh yeah?	Oh ya?
line:4f6344f1	Oh yeah? He sounds like a bit of a hothead.	Oh ya? Dia terdengar agak pemarah.
line:60cdf456	Oh yeah? The little red drake?	Oh ya? Naga merah kecil itu?
line:a9253dd8	Oh yeah? The sky blue drake I've seen around?	Oh ya? Naga biru langit yang saya lihat di sekitar sini?
line:762882b4	Oh yeeeaaah?	Oh iyaaa?
line:5d737ca7	Oh yes	Oh ya.
line:1c90fb6d	Oh you. Gonna make me blush.	Ah, kamu. Nanti aku tersipu.
line:7e3e59aa	Oh!	Oh!
line:3605a48a	Oh! I think I've seen him. The tiny one, yeah?	Oh! Sepertinya aku pernah melihatnya. Yang mungil itu, ya?
line:3bc15278	Oh! No it wouldn't be. It's fun!	Oh! Tidak, sama sekali tidak. Itu seru!
line:c95a153d	Oh! nothing. I'll get the gate.	Oh! Tidak apa-apa. Aku buka gerbangnya.
line:b6fb6fce	Oh! Okay. I'll get the gate!	Oh! Oke. Aku buka gerbangnya!
line:4d3233a1	Oh! That's cold!	Oh! Dingin!
line:403f2ab7	Oh! Then I better let you in. I'll go get the gate.	Oh! Kalau begitu sebaiknya Anda masuk. Saya buka gerbangnya.
line:0f2dc134	Oh! Yeah that makes sense...	Oh! Ya, masuk akal...
line:1270a483	Oh, and I apologize for being absolutely filthy.	Oh, saya juga minta maaf karena kotor sekali.
line:7b5be1f8	Oh, and I've figured it where to go.	Oh, aku juga sudah tahu harus pergi ke mana.
line:52fb116d	Oh, and seems I got some on my face. woops.	Oh, sepertinya ada yang menempel di wajahku. Ups.
line:73a37947	Oh, awesome. I'm a big salmon guy.	Oh, bagus. Aku pria yang sangat suka salmon.
line:74c9c07b	Oh, like... working class?	Oh, seperti... kelas pekerja?
line:e048566b	Oh, no.	Oh, tidak.
line:1a9e6537	Oh, no. Ryan is a sweetheart.	Oh, tidak. Ryan baik sekali.
line:5f6a124a	Oh, okay. Thanks.	Oh, oke. Makasih.
line:17716b05	Oh, right. Sorry.	Oh, benar. Maaf.
line:82ba64bf	Oh, sorry-	Oh, maaf...
line:956e5c91	Oh, sorry.	Oh, maaf.
line:54a8bb22	Oh, sure. Come on in.	Oh, tentu. Masuklah.
line:270276eb	Oh, that's my favorite part!	Oh, itu bagian favoritku!
line:1ff9a04c	Oh, the crest around my head?	Oh, lambang di sekeliling kepala saya?
line:ffed6d04	Oh, wonderful. Seem's we're similar.	Oh, bagus. Sepertinya kami mirip.
line:30e6b801	Oh, yeah!	Oh, ya!
line:bedeee82	Oh- Eager!	Oh, semangat sekali!
line:38b3c8c1	Oh- I mean. I'll go open the gate!	Oh... Maksudku, aku buka gerbangnya dulu!
line:714c180e	Oh- I'm glad!	Oh, syukurlah!
line:ccf87ea9	Oh- I'm not too interested in using that right now.	Oh, aku tidak terlalu ingin memakainya sekarang.
line:963981e4	Oh- I'm sorry for making a mess...	Oh, maaf sudah membuat berantakan...
line:8e407c6e	Oh- Not just the wash.	Oh, bukan cuma mandi.
line:ad31ec4c	Oh- Not just the wash.	Oh, bukan cuma mandi.
line:6866c2c9	Oh- Right now? 'aight I'm down.	Oh... Sekarang? Oke, aku mau.
line:9a6dca4b	Oh- Ya. On it.	Oh... Ya. Sebentar.
line:3b6d644d	Oh.	Oh.
line:4399096b	Oh.	Oh.
line:8441bf7b	Oh.	Oh.
line:87233429	Oh.	Oh.
line:e90fee8e	Oh.	Oh.
line:ebd9b4d3	Oh.	Oh.
line:8a79f72c	Oh. And one other thing.	Oh, satu hal lagi.
line:e8289be5	Oh. good.	Oh, bagus.
line:5442e228	Oh. Okay I'll go get the gate.	Oh, oke. Aku buka gerbangnya dulu.
line:0da15c85	Oh. Okay.	Oh, oke.
line:73f7f13d	OH. RIGHT.	OH. BENAR.
line:c35890c8	Oh. That's... Wonderful!	Oh, itu... luar biasa!
line:0ce8d5aa	Oh. Then yeah, we're open.	Oh. Kalau begitu, ya, kami buka.
line:52ed140c	Oh. Uhm. <size=70%>Good.	Oh. Ehm. <size=70%>Enak.
line:780d0993	Oh. yeah. Sorry.	Oh, ya. Maaf.
line:7f5113d5	OH. You're not used to eating them whole.	OH. Kamu tidak terbiasa memakannya utuh.
line:45bc649d	Oh...	Oh...
line:0a093816	Oh... hah. I like that.	Oh... Hah. Aku suka.
line:f885f11d	Oh... I suppose this is alright~	Oh... Saya rasa ini tidak apa-apa~
line:7cd85c8e	Oh... I'm so sorry.	Oh... Aku ikut sedih.
line:8cc1aa72	Oh... yeah we don't have one.	Oh... Ya, kami tidak punya.
line:f16d7940	Oh... Yeah, tinier dragons tend to... Compensate.	Oh... Ya, naga kecil biasanya... punya kelebihan di tempat lain.
line:1d491283	Oh?	Oh?
line:21c46e75	Oh?	Oh?
line:fd8d786a	Oh?	Oh?
line:0ce8d3c2	ohmygod I thought the egg was decorative.	Astaga, kukira telur itu hiasan.
line:d9b26374	Ok I can do that	Oke, aku bisa.
line:1777121d	Ok I got this..	Oke, aku bisa menahannya...
line:f3af3ce8	Ok just tell me if you get uncomfortable or anything.	Oke, bilang saja kalau kamu merasa tidak nyaman atau apa pun.
line:6c3a98cc	Ok lets wash it off for our date tonight then.	Oke, kalau begitu ayo bersihkan untuk kencan kita malam ini.
line:7a54a1e1	Okay	Oke.
line:f64a5b30	Okay	Oke.
line:249500dc	Okay!	Oke!
line:a327b5f9	Okay!	Oke!
line:ccaabca3	Okay!	Oke!
line:82d0ea81	Okay! I'll be back later then.	Oke! Kalau begitu nanti aku kembali.
line:3deb5f55	Okay! I'll go get the gate for you.	Oke! Aku buka gerbangnya untukmu.
line:9c3d6cb7	Okay! I'll see you soon.	Oke! Sampai ketemu lagi.
line:72e0348e	Okay, bye!	Oke, sampai jumpa!
line:255362b9	Okay, Conrad.	Oke, Conrad.
line:0d16ab28	Okay, I'll be waiting. Thanks.	Oke, aku tunggu. Terima kasih.
line:155d1c64	Okay, I'll open the gate!	Oke, saya buka gerbangnya!
line:886f5df2	Okay, I'll see you later!	Oke, sampai nanti!
line:585d6a08	Okay, thank you.	Oke, terima kasih.
line:c298bc55	Okay, thank you.	Oke, terima kasih.
line:6acf71a3	Okay, thanks.	Oke, makasih.
line:8ed5a204	Okay- okay. I'll go get the gate.	Oke, oke. Aku buka gerbangnya dulu.
line:10b9a653	Okay- Thanks.	Oke... Terima kasih.
line:00a81c16	Okay. I hope you're doing alright though.	Oke. Tapi semoga kamu baik-baik saja.
line:118a51bb	Okay. I should probably get out of your scales.	Oke. Sepertinya aku tidak boleh mengganggumu lagi.
line:a62e8112	Okay. I'll open up shop. Give me a sec.	Oke. Saya buka lagi. Tunggu sebentar.
line:9d434af5	Okay. I'll order a mount.	Oke. Aku akan memesan alat kawin.
line:2f3b06de	Okay. Then I think I'd like to try.	Oke. Kalau begitu aku ingin mencoba.
line:54ad4706	Okay...	Oke...
line:28311fbb	Omg you're hurt!	Astaga, kamu terluka!
line:8b3abbf7	On it!	Segera!
line:42e3eba2	Once I'm cleaned up I'm gonna head out and get our spot ready.	Setelah bersih, aku akan pergi menyiapkan tempat kita.
line:1d4b8a1c	One thing led to another...	Satu hal berlanjut ke hal lain...
line:c70bea2d	Only been cleaning for a few weeks now!	Aku baru melakukan ini beberapa minggu!
line:5188bd4a	Only If that's alright-	Hanya kalau tidak keberatan...
line:01505282	Only realized how much of a mess I made after Max yelled at me, haha.	Baru sadar betapa berantakannya aku setelah Max membentakku, haha.
line:828eed25	Oof... Needed that. Thank you.	Uff... Aku butuh itu. Terima kasih.
line:2d40c69a	Oooh, alrighty.	Ooooh, oke.
line:99ff9e7f	Ooooh must be a big deal then.	Ooooh, berarti kamu cukup penting, ya.
line:e8ad4791	Ooooh.	Ooooh.
line:64bfd62a	Oops, my bad.	Ups, salahku.
line:0fa31c40	Our first meeting went great though!	Tapi pertemuan pertama kami berjalan sangat baik!
line:77cebc41	People tell me I've got a fat cock, is that true?	Orang bilang kontolku tebal. Benar tidak?
line:80de6c63	Perfectly clean again. Thank you for taking me in at this hour.	Bersih sempurna lagi. Terima kasih sudah menerima saya pada jam selarut ini.
line:f212528b	Phew! I had an accident that needs to be taken care of... discretely.	Fiuh! Saya mengalami kecelakaan yang perlu ditangani... diam-diam.
line:b3c35166	Phew, I was worried I'd make another mess of things.	Fiuh, aku khawatir akan membuat berantakan lagi.
line:314c3d8a	physically or emotionally?	Secara fisik atau emosional?
line:156e0b50	Picnic bathket-	Keranjang piknikh...
line:0d9de1a1	player hooked up with conrad	Pemain berpasangan dengan Conrad.
line:2cf1c95e	player hooked up with conrad	Pemain berpasangan dengan Conrad.
line:c2529648	player hooked up with conrad	Pemain berpasangan dengan Conrad.
line:f7fd34b2	player hooked up with conrad	Pemain berpasangan dengan Conrad.
line:66e08b22	player hooked up with ryan	Pemain berpasangan dengan Ryan.
line:78039fd1	player hooked up with ryan	Pemain berpasangan dengan Ryan.
line:96a0c0c7	player hooked up with ryan	Pemain berpasangan dengan Ryan.
line:9bade6d6	player hooked up with ryan	Pemain berpasangan dengan Ryan.
line:0ddcd600	Please scrub Igwix off my back would you?	Tolong gosok Igwix dari punggung saya, bisa?
line:0632acbf	Plus they feel really nice.	Ditambah lagi rasanya nyaman sekali.
line:c7b8ba3d	Possibly...?	Mungkin...?
line:637629a8	Pretty sure I can digest anything.	Cukup yakin aku bisa mencerna apa saja.
line:65a41bc5	Pretty sure I'm all clean!	Sepertinya aku sudah bersih semua!
line:3750bbf0	Pretty sure that was everything.	Sepertinya sudah semuanya.
line:960707b0	Primarily alchemy. Occasionally world history.	Terutama alkimia. Sesekali sejarah dunia.
line:1475f95c	Professor Igwyx- My colleague who self-immolated earlier.	Profesor Igwyx... Rekan saya yang sebelumnya terbakar itu.
line:26e9d692	Professor, but yes. You have.	Profesor. Tapi ya, Anda memang mengajari saya.
line:af0c15fd	Professor- But, yes. I usually don't go to public washes.	Profesor... Tapi ya. Biasanya saya tidak pergi ke pemandian umum.
line:962abe27	Project Scale mary	Project Scale mary
line:e5d47feb	prole- <i><size=70%>wuh?	Prole... <i><size=70%>apa?
line:c7b73162	Psst..!	Psst...!
line:9addfb4a	Ready!	Siap!
line:875b5372	Really damn good!	Bagus banget, sialan!
line:9e9f3e75	Really damn good!	Bagus banget, sialan!
line:9364911d	Really looking forward to finding new people.	Aku sangat menantikan bertemu orang baru.
line:8b0b222c	Really sets the mood.	Benar-benar membangun suasana.
line:4010d36d	Really well honestly.	Jujur, sangat baik.
line:cfcb40c7	Really?	Sungguh?
line:0ec807a4	Really? Aw, That's really sweet.	Sungguh? Ah, manis sekali.
line:630fed1b	Remove this barrier at once so I may enter.	Segera singkirkan penghalang ini agar saya bisa masuk.
line:65deb150	Right after this wash!	Langsung setelah mandi ini!
line:0caa6657	Right, I'll get that for you ASAP.	Baik, segera kubukakan.
line:1271b80c	Right.	Benar.
line:3ede5541	Right.	Benar.
line:6a2e4e0d	Right. I'll get to it.	Benar. Aku mulai.
line:29daeb62	Right. Phoenix feather. Obviously.	Benar. Bulu feniks. Tentu saja.
line:51d1b41e	Ryan is a sweetheart	Ryan baik sekali.
line:202fce0c	RYAN THE BONE!	RYAN, TULANGNYA!
line:93bd9a2b	Ryan!	Ryan!
line:9b7e09b8	Ryan!	Ryan!
line:b76f49cd	Ryan!	Ryan!
line:1fa0fbbe	Ryan! I met him.	Ryan! Aku sudah bertemu dengannya.
line:f0427bb9	Ryan! this is so sweet.	Ryan! Kamu baik sekali.
line:92829935	Ryan's such a nice dragon.	Ryan naga yang sangat baik.
line:13ca0a74	Ryan, you're not supposed to eat the stems-	Ryan, tangkainya tidak seharusnya dimakan...
line:7a01d265	Ryan: I guess it is pretty exciting	Ryan: Kurasa memang cukup menggairahkan.
line:e1526934	Ryan: I like that a lot	Ryan: Aku sangat suka itu.
line:a430a2ff	Ryan: I think I am close too..	Ryan: Kurasa aku juga hampir...
line:77626e43	Ryan: I would say it is going great	Ryan: Menurutku ini berjalan sangat baik.
line:f5f5b815	Ryan: I've never done this outside before	Ryan: Aku belum pernah melakukan ini di luar sebelumnya.
line:6dd86b71	Ryan: This was nice	Ryan: Tadi menyenangkan.
line:41b9659f	Ryan: Wow.. Your stature is really the only thing small about you.	Ryan: Wah... Tinggimu memang satu-satunya yang kecil darimu.
line:aad89688	Ryan: Yea definitely. Worried about me?	Ryan: Ya, tentu. Mengkhawatirkanku?
line:ce6d6d7f	Ryan? you sure everything is okay...?	Ryan? Kamu yakin semuanya baik-baik saja...?
line:1d3b255b	Save your mood setting for tonight!	Simpan rayuanmu sampai nanti malam!
line:3ed6ab5d	Say do you remember the name of the college I work at?	Apa Anda ingat nama kampus tempat saya bekerja?
line:a05a7804	Say...	Begini...
line:82d7b5e4	Says who?	Siapa bilang?
line:6c193ba9	Scales different today? <size=70%><i>is that a thing...? </i><size=100%>You look good today.	Sisikmu dengan cara berbeda? <size=70%><i>Memangnya bisa...?</i><size=100%>Kamu kelihatan bagus hari ini.
line:426f40ff	See you again soon, yeah?	Sampai bertemu lagi dalam waktu dekat, ya?
line:3112d78d	See you soon.	Sampai sebentar lagi.
line:8072b186	See you tonight.	Sampai nanti malam.
line:0d3b23da	Sheesh.	Astaga.
line:48435b12	Shh! I'm not from around here...	Sst! Saya bukan dari sekitar sini...
line:0f86dbf6	So am I!	Saya juga!
line:3063100e	So am I.	Aku juga.
line:a241eec6	So far so good though, yeah?	Tapi sejauh ini baik-baik saja, kan?
line:813c6dd4	So is this like... our first date?	Jadi ini... kencan pertama kita?
line:9b10d450	So this Conrad guy, seems like you like him?	Jadi soal Conrad ini... Sepertinya kamu menyukainya?
line:0c5dcd3c	So uh, gate?	Jadi, ehm... gerbangnya?
line:84d8a935	So uh, mind opening the gate?	Jadi, ehm... Bisa buka gerbangnya?
line:7da41ecd	So uhh, let me know if you need me to move.	Jadi, ehm... Bilang kalau aku perlu bergerak.
line:3a469ae4	So yeah, I had a mishap..	Jadi, aku mengalami kecelakaan kecil...
line:a6d6bf76	So you and Ryan huh?	Jadi kamu dan Ryan, ya?
line:31fa3bdf	So you came in just to...	Jadi kamu datang hanya untuk...
line:5f64c352	So you're a certified dragon washer huh?	Jadi kamu petugas pemandian naga bersertifikat, ya?
line:c9e7bb1e	So you're a certified dragon washer huh?	Jadi kamu petugas pemandian naga bersertifikat, ya?
line:aedb6a51	So, coming in for a wash?	Jadi, datang untuk mandi?
line:1c856f1c	So, how was your date?	Jadi, bagaimana kencan Anda?
line:3cda84e6	So, tell me more about conrad!	Jadi, ceritakan lebih banyak soal Conrad!
line:c10d9415	So, thanks on his behalf for caring.	Jadi, aku berterima kasih atas namanya karena kamu peduli.
line:e6aa9d20	So, with... relationships.	Jadi, soal... hubungan.
line:a99c5c88	So. How about a date?	Jadi. Mau berkencan?
line:c2f44537	So. My girlfriend was home before me. she's a work-from-home dragon.	Jadi, pacarku sudah di rumah sebelum aku pulang. Dia naga betina yang bekerja dari rumah.
line:d9652dff	So. Our date tonight...	Jadi, kencan kita malam ini...
line:b983f922	So. Tonight.	Jadi, malam ini.
line:28c51dbf	So... A date. I think I'd like to go on one soon!	Jadi... Kencan. Kurasa aku ingin segera berkencan!
line:7c56b2d8	So... I was thinking about my relationships.	Jadi... Aku memikirkan hubungan-hubunganku.
line:5a5e7f21	So<size=90%>o<size=80%>o<size=70%>o<size=60%>o... <size=100%>I 'aint dirty. But I am <i>~dirty~</i> y'know?	Jadi<size=90%>i<size=80%>i<size=70%>i<size=60%>i... <size=100%>Badanku tidak kotor. Tapi pikiranku <i>~kotor~</i>, mengerti?
line:8a35fb7b	So<size=90%>o<size=80%>o<size=70%>o<size=60%>o... <size=100%>Was wonderin'	Jadi<size=90%>i<size=80%>i<size=70%>i<size=60%>i... <size=100%>Aku penasaran...
line:5230bdfd	Soap, then rinse!	Sabun dulu, lalu bilas!
line:c374e532	Somehow that feels more honest than anything anyone else says.	Entah kenapa, itu terasa lebih jujur daripada semua perkataan orang lain.
line:2898f680	Something happened last night	Ada kejadian semalam.
line:4dac3d2b	Something went wrong with flags!	Ada kesalahan pada penanda alur!
line:61c7f2d6	Something went wrong with flags!	Ada kesalahan pada penanda alur!
line:6d5ba814	Something went wrong with flags!	Ada kesalahan pada penanda alur!
line:8f64adc0	Something went wrong with flags!	Ada kesalahan pada penanda alur!
line:19cedc30	Sooo. You gonna jerk me off?	Jadiii. Kamu mau mengocokkanku?
line:1646ece2	Sorry for coming in late. My sleeps borked.	Maaf datang selarut ini. Jadwal tidurku kacau.
line:b2b32876	Sorry I'm bad at flirting. Could you get the gate?	Maaf, aku tidak pandai merayu. Bisa buka gerbangnya?
line:13ba93ef	sorry!	Maaf!
line:e2f9c70c	Sorry, I meant to say I enjoy your wash.	Maaf, maksud saya, saya menikmati layanan Anda.
line:78ca8d95	Sorry...	Maaf...
line:4af15fc3	Sounds good to me!	Aku setuju!
line:8c6e66f3	Sounds good!	Kedengarannya bagus!
line:1ef36cb0	Sounds like a date then!	Kalau begitu, jadi kencan!
line:d71ba53e	Sounds like a date then!	Kalau begitu, jadi kencan!
line:5fc277a9	Sounds like a date then! Seafood then we play it by ear.	Kalau begitu, jadi kencan! Makan hidangan laut, lalu lihat nanti.
line:0e643191	Sounds like a date then, I'm excited.	Kalau begitu, jadi kencan. Aku tidak sabar.
line:c4642c9c	Sounds like a date then. I'm excited.	Kalau begitu, jadi kencan. Aku bersemangat.
line:ffc401d1	Sounds like a plan.	Oke, sepakat.
line:c4dd137b	Sounds like it was good then.	Berarti menyenangkan, ya.
line:7b6c47bd	Sounds like it.	Kedengarannya begitu.
line:5c51654f	Sounds nice.	Kedengarannya menyenangkan.
line:3a23b81f	Sounds really cool.	Kedengarannya keren sekali.
line:1dbf50b3	Sure	Tentu.
line:c14ceb34	Sure is!	Benar sekali!
line:de7cd73a	Sure it is. Thanks to Conrad for having me get it.	Benar. Terima kasih kepada Conrad yang menyuruh saya membelinya.
line:05c673e7	Sure!	Tentu!
line:52542beb	Sure!	Tentu!
line:67f14802	Sure!	Tentu!
line:a2dc4ac0	Sure! I'll go get the gate.	Tentu! Aku buka gerbangnya dulu.
line:dbb68858	Sure! I'll go get the gate.	Tentu! Aku buka gerbangnya dulu.
line:601e1b38	Sure! I'm excited to tell you about Conrad.	Tentu! Aku tidak sabar cerita tentang Conrad.
line:7b5c9d8c	Sure, but he needed someone who cared in that moment.	Tentu, tapi saat itu dia butuh seseorang yang peduli.
line:709a9a57	Sure.	Boleh.
line:4af4703c	Tasted real good though!	Tapi rasanya enak sekali!
line:048fe71b	TELL ME ABOUT YOU AND CONRAD!	CERITAKAN TENTANG KAMU DAN CONRAD!
line:2b84f2eb	Test line 1	Dialog uji 1
line:7a22b4d3	Test line 10	Dialog uji 10
line:ec12b3a4	Test line 11	Dialog uji 11
line:4f87d73a	Test line 12	Dialog uji 12
line:d9b7d04d	Test line 13	Dialog uji 13
line:63e6d9d4	Test line 14	Dialog uji 14
line:f5d6dea3	Test line 15	Dialog uji 15
line:64cb6133	Test line 16	Dialog uji 16
line:f2fb6644	Test line 17	Dialog uji 17
line:1772a124	Test line 18	Dialog uji 18
line:88119675	Test line 2	Dialog uji 2
line:1e219102	Test line 3	Dialog uji 3
line:a470989b	Test line 4	Dialog uji 4
line:32409fec	Test line 5	Dialog uji 5
line:a35d207c	Test line 6	Dialog uji 6
line:356d270b	Test line 7	Dialog uji 7
line:5643ba3d	Test line 8	Dialog uji 8
line:c073bd4a	Test line 9	Dialog uji 9
line:394db643	Thank the stars you're open.	Syukurlah Anda masih buka.
line:f1946aab	Thank you for cleaning me!!	Terima kasih sudah membersihkanku!!
line:75b5b084	Thank you for getting me and Ryan in contact.	Terima kasih sudah mengenalkanku dengan Ryan.
line:189d999e	Thank you for listening.	Terima kasih sudah mendengarkan.
line:3398aea2	Thank you for that.	Terima kasih untuk itu.
line:875f0961	Thank you for the clean!	Terima kasih sudah membersihkan saya!
line:acb8a5aa	Thank you for the quick clean!	Terima kasih sudah membersihkanku dengan cepat!
line:8512365e	Thank you!	Terima kasih!
line:bbca8a46	Thank you!	Terima kasih!
line:e449156d	Thank you!	Terima kasih!
line:bb4e1dc1	Thank you, Ryan. I'm happy I got to meet you too	Terima kasih, Ryan. Aku juga senang bisa mengenalmu.
line:3b568c14	Thank you.	Terima kasih.
line:6b245989	Thank you.	Makasih, ya.
line:836d1b13	Thank you.	Terima kasih.
line:d60f2dc0	Thank you.	Terima kasih.
line:035a0830	Thank you. I'd really appreciate it	Terima kasih. Aku sangat menghargainya.
line:f3e7a8fe	Thank you. Look good feel good!	Terima kasih. Penampilan bagus bikin perasaan enak!
line:d2d97c90	Thank you. You make this a whole lot easier to go through.	Terima kasih. Kamu membuat semua ini lebih mudah dilalui.
line:3027bcf7	Thanks for asking. It's enjoyable to be asked personal questions.	Terima kasih sudah bertanya. Menyenangkan mendapat pertanyaan pribadi.
line:aaf3066d	Thanks for cleaning me!	Terima kasih sudah membersihkanku!
line:8150e2a2	Thanks for helping me out.	Terima kasih sudah membantuku.
line:a2217280	Thanks for helping me out.	Terima kasih sudah membantuku.
line:7db0baf0	Thanks for introducing me to him.	Terima kasih sudah mengenalkanku kepadanya.
line:c6cee89f	Thanks for letting me in so late.	Terima kasih sudah membiarkanku masuk selarut ini.
line:079b3782	Thanks for sharing food with me, You're a great friend.	Terima kasih sudah makan bersamaku. Kamu teman yang baik sekali.
line:85f901b0	Thanks for sharing food with me...	Terima kasih sudah makan bersamaku...
line:a39fd5a9	Thanks for that. Felt pretty damn good.	Makasih. Enak banget tadi.
line:505e150f	Thanks for the clean.	Terima kasih sudah membersihkan saya.
line:a40e531c	Thanks for the food! I'll go get the gate.	Terima kasih makanannya! Aku buka gerbangnya dulu.
line:f1692a96	Thanks for the suggestion!	Makasih atas sarannya!
line:81ebbec0	Thanks for the wash so late in the night.	Terima kasih sudah memandikanku selarut ini.
line:a9df4c5e	Thanks I'll be waiting!	Terima kasih, aku tunggu!
line:f73a3fc7	Thanks mate, see you tomorrow then.	Makasih, kawan. Sampai besok.
line:30f1f583	Thanks!	Makasih!
line:3484ab9d	Thanks!	Makasih!
line:44701902	Thanks!	Makasih!
line:4d868f2f	Thanks!	Makasih!
line:70190774	Thanks!	Makasih!
line:8b8f57c4	Thanks!	Makasih!
line:ab5b2574	Thanks!	Makasih!
line:b588bf4c	Thanks!	Makasih, ya!
line:bc5d790a	Thanks!	Makasih!
line:c07a9171	Thanks!	Makasih!
line:e7e57d9c	Thanks!	Makasih!
line:fa293cde	Thanks! Whats with all the... Gloop?	Makasih! Ada apa dengan semua... lendir ini?
line:e1609903	Thanks, but I'll be better. I promise.	Makasih, tapi aku akan berubah lebih baik. Janji.
line:02cbdc87	Thanks, I'm excited too.	Makasih, aku juga bersemangat.
line:37c9d915	Thanks, You're pleasant too!	Terima kasih, Anda juga menyenangkan!
line:cb847372	Thanks, You're pleasant too!	Terima kasih, Anda juga menyenangkan!
line:188d4359	Thanks.	Makasih.
line:316bb26e	Thanks.	Makasih.
line:34ec4db7	Thanks.	Makasih.
line:5183a6f2	Thanks.	Makasih.
line:c642cb17	Thanks.	Makasih.
line:cf716777	Thanks.	Makasih, ya.
line:e00c6df5	Thanks.	Makasih.
line:e521db76	Thanks.	Makasih, ya.
line:f62e1c4f	Thanks.	Makasih, ya.
line:fbba1293	Thanks.	Makasih, ya.
line:8bfa88d7	Thanks. I like being around you too.	Makasih. Aku juga suka berada di dekatmu.
line:df0a8598	Thanks. I'm always happy to be here.	Makasih. Aku selalu senang berada di sini.
line:084e3cbc	Thanks. See you soon.	Makasih. Sampai ketemu lagi.
line:71d57aeb	Thanks. That's kind of you to say.	Terima kasih. Baik sekali Anda mengatakan itu.
line:a1f9de62	Thanks. That's kind of you to say.	Terima kasih. Baik sekali Anda mengatakan itu.
line:9a9a6120	Thankth!	Makasihh!
line:e721d512	That brings me to my next question...	Itu membawa saya ke pertanyaan berikutnya...
line:215a2d34	That felt <i>good</i>.	Rasanya <i>enak</i>.
line:89150715	That is rather kind of you to say.	Anda baik sekali mengatakan itu.
line:a57409fb	That is the source of my worry...	Itulah sumber kekhawatiran saya...
line:ad261b84	That just makes it harder!	Itu malah membuatnya makin sulit!
line:7111d265	That makes me feel a lot more sure of myself then.	Itu membuat saya jauh lebih percaya diri.
line:3fac5bff	That makes me feel good to hear.	Senang mendengarnya.
line:1c49f05b	That makes me happy to hear.	Aku senang mendengarnya.
line:a8b70da7	That must mean it is! I'm glad.	Berarti tidak masalah! Aku senang.
line:5738ea38	That nice to hear... But, I mean being taken care of more... Primally?	Senang mendengarnya... Tapi maksud saya dirawat secara lebih... naluriah?
line:8f598864	That one was almost too big-	Yang itu hampir terlalu besar...
line:5960dcbb	That should be all though, could you go get the gate?	Tapi seharusnya sudah semua. Bisa buka gerbangnya?
line:116f0e16	That should be every spot.	Seharusnya sudah semua bagian.
line:90444b09	That sounds like an over-reaction on her part.	Sepertinya reaksinya berlebihan.
line:f07c9e39	That sounds like an over-reaction on her part.	Sepertinya reaksinya berlebihan.
line:c78cf81f	That sounds lovely!	Kedengarannya menyenangkan sekali!
line:eaa3c173	That they are...	Memang begitu...
line:f4b9a455	That was much nicer than a hose.	Jauh lebih enak daripada pakai selang.
line:78cef130	That was never a concern. I'm a rather risk averse dragon.	Itu tidak pernah menjadi kekhawatiran. Saya naga yang cukup menghindari risiko.
line:22d271f4	That was really fun.	Tadi seru sekali.
line:019b83df	That was wonderful! I feel so much better about dating.	Tadi luar biasa! Sekarang aku jauh lebih nyaman soal berkencan.
line:d7bf167b	That was... Nicer than I expected.	Tadi... Lebih menyenangkan dari perkiraan.
line:577cec43	That's a mount, no?	Itu alat kawin, bukan?
line:825536f5	That's a tricky question to answer.	Pertanyaan yang sulit dijawab.
line:66fb84fe	That's all I want to ask.	Itu saja yang ingin saya tanyakan.
line:ac1ed298	That's all you can ask for, right?	Hanya itu yang bisa kita minta, kan?
line:6605187b	That's an appeal to authority fallacy. But, yes. I'm correct.	Itu sesat pikir seruan pada otoritas. Tapi ya, saya benar.
line:52f81dde	That's cute!	Manis sekali!
line:45befc02	That's exciting!	Seru sekali!
line:13cd5511	That's fast... But I think so!	Cepat sekali... Tapi kurasa mau!
line:4ff91cbd	That's fine!	Tidak apa-apa!
line:163c524a	That's good to hear.	Senang mendengarnya.
line:33e2bee6	That's good to hear.	Senang mendengarnya.
line:30e461f2	That's good. You deserve a decent man.	Bagus. Anda pantas mendapatkan pria yang baik.
line:aeae4744	That's good... Now what?	Bagus... Sekarang apa?
line:f3eeb627	That's great! whens your first date?	Bagus sekali! Kapan kencan pertama kalian?
line:215f4eba	That's me.	Itu aku.
line:cf8c5f37	That's not a thing... But thank you!	Tidak bisa begitu... Tapi makasih!
line:3f29878b	That's rather nice of you to say.	Anda baik sekali mengatakan itu.
line:d38c63ea	That's really cute.	Manis sekali.
line:6474d7f7	That's really nice!	Baik sekali!
line:c5001a4c	That's the best way to eat'em!	Itu cara paling enak memakannya!
line:2a5cc3a5	That's very sweet.	Itu manis sekali.
line:7052576b	That's what I like to hear.	Itu yang ingin saya dengar.
line:2a154290	That's what I thought too.	Aku juga berpikir begitu.
line:33d12f97	That's what I thought too.	Aku juga berpikir begitu.
line:2b7bb6ce	That's what's terrifying.	Itulah yang menakutkan.
line:36fb380f	That's wonderful, he's cute!	Bagus sekali, dia imut!
line:266836f8	That's... the first time you've yipped for me.	Itu... pertama kalinya kamu bersuara yip untukku.
line:9b0b24ad	That.	Itu.
line:6ff80785	That... makes me feel a lot more sure of myself then.	Itu... membuat saya jauh lebih percaya diri.
line:cc6d631b	That... makes me feel a lot more sure of myself then.	Itu... membuat saya jauh lebih percaya diri.
line:ecf6206f	Thats awesome. I'm glad you two are working out.	Bagus sekali. Aku senang hubungan kalian berjalan baik.
line:0f8bb606	Thats good to hear.	Senang mendengarnya.
line:f5324d68	Thats really good to hear.	Senang sekali mendengarnya.
line:063dcd4b	The ability to open up to someone, even occasionally...	Bisa membuka hati kepada seseorang, meski hanya sesekali...
line:8919009a	The ambiance is nice.	Suasananya nyaman.
line:08c850bf	The apothecary will tarnish my name for months.	Apoteker akan mencoreng nama saya selama berbulan-bulan.
line:01b4161e	The breakup I went through earlier was rough.	Perpisahanku beberapa waktu lalu terasa berat.
line:c932c99d	The breakup I went through earlier was rough.	Perpisahanku beberapa waktu lalu terasa berat.
line:dd06ed39	The Burnswick Community College of Thaumaturgy, of course!	Akademi Komunitas Taumaturgi Burnswick, tentu saja!
line:515099ec	The button on the wall, I mean.	Maksudku tombol di dinding.
line:7fe73572	The clean was fine.	Mandinya lumayan.
line:e8a38ed0	The college cannot find out about this okay?	Kampus tidak boleh mengetahui ini, paham?
line:1a169dbc	The lights in the area are great too.	Lampu-lampu di daerah itu juga bagus.
line:610dd8cb	The markers were fun.	Seru juga main corat-coret pakai spidol.
line:4b36ea4e	The most prestigious college hosting prestigious professors like me:	Akademi paling bergengsi dengan profesor ternama seperti saya:
line:ec00a1fe	The mount? I... suppose!	Alatnya? Saya... boleh juga!
line:94e04dcf	The mount? Sure!	Alatnya? Tentu!
line:d8273d7f	The night 'aint gonna start itself!	Malamnya tidak akan dimulai sendiri!
line:1f2907ed	The rain has been unrelenting today!	Hujan hari ini tidak kunjung reda!
line:1804bf0a	The rain is nice.	Hujannya menyenangkan.
line:7e9a1f83	The stem is just extra food.	Tangkai itu cuma tambahan makanan.
line:c88244b5	The vibe at night is fuckin' great.	Suasana malamnya keren banget.
line:d8a2002e	Then I better let you out!	Kalau begitu sebaiknya kamu kubiarkan keluar!
line:d7b3cd09	Then- Have a productive day.	Kalau begitu... Selamat bekerja.
line:448afe95	There was a fault in his method.	Ada kesalahan dalam metodenya.
line:48d4a45a	There's this one red dragon, Conrad. He's... Hot headed, but cute.	Ada naga merah bernama Conrad. Dia... pemarah, tapi imut.
line:f4af8b88	Theres this club downtown. 'Wings'. It's an old favorite of mine.	Ada klub di pusat kota, Wings. Salah satu tempat favoritku sejak dulu.
line:972f132f	These washes really make things easier.	Mandi di sini benar-benar membuat semuanya lebih mudah.
line:352d1d6f	They cum	Mereka mencapai klimaks.
line:d78962e8	They cum	Mereka mencapai klimaks.
line:3200a588	They keep going	Mereka terus melakukannya.
line:a31d1a18	They keep going	Mereka terus melakukannya.
line:035e5be6	They seem cute!	Dia kelihatannya imut!
line:454172b0	They took it too far.	Mereka keterlaluan.
line:d7b49fb8	They were! The stem is my favorite part though.	Memang enak! Tapi tangkainya justru bagian favoritku.
line:d156a87f	Think that's every spot.	Kurasa sudah semua bagian.
line:fa1a1e76	Think that's it.	Sepertinya sudah.
line:3112adad	This drake at the bar... I was stupid. Couldn't shut my mouth.	Naga di bar itu... Aku bodoh. Tidak bisa jaga mulut.
line:bfd70320	This feels scandalous	Rasanya tidak pantas.
line:cb437bd0	This is a common practice?	Ini praktik umum?
line:831cbfda	This is a job only you can do.	Hanya Anda yang bisa melakukan pekerjaan ini.
line:4944dbda	This is delicious!	Ini lezat!
line:088893da	This is my first time with a Kobold.	Ini pertama kalinya aku dengan kobold.
line:e218722c	This is my first time, actually!	Sebenarnya ini pertama kalinya buatku!
line:9eb894ad	This is really nice..	Ini sangat enak...
line:c7e4e36f	This is the kind of shit I try to avoid!	Hal sialan seperti ini yang berusaha kuhindari!
line:22929636	This place could use a makeover, I know would it could use!	Tempat ini perlu pembaruan. Aku tahu apa yang dibutuhkan!
line:b06e13bc	This soap isn't fitting for a professor don't you think?	Sabun ini kurang pantas untuk profesor, bukan begitu?
line:97841169	This was a nice escape.	Tempat ini jadi pelarian yang menyenangkan.
line:5f02ceea	This was a wonderful escape...	Tempat ini jadi pelarian yang luar biasa...
line:d45f4788	This was nice...	Ini menyenangkan...
line:418498cf	Those grapes looked good.	Anggur tadi kelihatannya enak.
line:e9d73205	Though every other wash I've been to at least has a mount	Tapi semua tempat mandi lain yang pernah kudatangi setidaknya punya alat kawin.
line:29e70457	Though I can't say I am not curious	Tapi saya tidak bisa bilang tidak penasaran.
line:9c3e6004	Though you probably shouldn't eat them.	Tapi sebaiknya kamu tidak memakannya.
line:f1ca33da	title: Alexander_Done	title: Alexander_Done
line:3ed2f649	title: Conrad_OutroDone	title: Conrad_OutroDone
line:74c28add	title: ConradBeatup_OutroDone	title: ConradBeatup_OutroDone
line:722243c8	title: RyanDate_OutroDone	title: RyanDate_OutroDone
line:b4eee981	title: RyanExploded_OutroDone	title: RyanExploded_OutroDone
line:6298f08b	Told me about the time he got beat up.	Dia cerita tentang waktu dia dipukuli.
line:ee954bd9	Told me to go to a wash, and was acting extremely offended.	Dia menyuruhku pergi ke pemandian dan bersikap seolah aku sangat menyinggungnya.
line:c66e1278	Tonight- on campus. The library is the large blue spire building.	Malam ini, di kampus. Perpustakaannya adalah gedung dengan menara runcing biru yang besar.
line:434527c6	Truly terrible, no?	Sungguh parah, bukan?
line:5a5d646c	Truly?	Sungguh?
line:e3aa4e29	Truth be told, I got dirty to come here.	Sejujurnya, saya mengotori diri agar bisa datang ke sini.
line:0979dea3	Uh, I'm still really soapy!	Ehm, aku masih penuh sabun!
line:05bbe58c	Uh-huh, I'll go get the gate	Mhm, saya buka gerbangnya.
line:7de638fb	Uh... Hello?	Ehm... Halo?
line:7de9b3a4	Uh... uhm...	Ehm... Hmm...
line:159c5c1f	Uh... Yeah.	Ehm... Ya.
line:2089db44	Uhhhm we're not exactly.	Ehm, sebenarnya kami tidak sedang buka.
line:3ed62e6b	Uhm, no, I'll just be REALLY upset.	Ehm, bukan. Aku cuma akan SANGAT kecewa.
line:f0a579a5	Uhm...	Ehm...
line:cc295885	uhm... <size=60%>no?	Ehm... <size=60%>Tidak?
line:29237bc3	Use the crowbar to open and place it in storage, would you?	Pakai linggis untuk membuka petinya, lalu taruh alatnya di gudang, ya.
line:1ec0dc6a	Use the sprayer on the wall to wash me off.	Pakai penyemprot di dinding untuk membilasku.
line:a716d3b8	Uunf. T-that was... Rather undignified.	Uunf. I-itu... cukup tidak bermartabat.
line:a37177dd	V-very well. I'll try.	B-baiklah. Saya coba.
line:209ddf97	Very cool	Keren sekali.
line:2f10f572	Very well. Don't let me interrupt the wash then!	Baiklah. Kalau begitu jangan sampai saya mengganggu pekerjaan Anda!
line:7678511c	Wah- huh- <size=80%>oah. <size=60%>we don't-	Wah... Hah... <size=80%>Oh. <size=60%>Kami tidak...
line:82e2c158	Wait a sec, I need to open the gate.	Tunggu sebentar, aku harus membuka gerbang.
line:9c7a2fb7	Wait a sec, I need to open the gate.	Tunggu sebentar, aku harus membuka gerbang.
line:8ab5686b	Was great! Ryan is a sweetheart.	Bagus sekali! Ryan baik sekali.
line:d8c9f912	Was just doing my job!	Aku hanya menjalankan tugas!
line:148a63c8	Was just trying to play along. Happy to see you!	Aku cuma ingin ikut bercanda. Senang bertemu kamu!
line:56261ccb	Was still good though! I like how it feels sliding down.	Tapi tetap enak! Aku suka sensasinya meluncur turun.
line:4d002f47	Was... <i>Really</i> upset I was muddy.	Dia... <i>sangat</i> kesal karena aku berlumpur.
line:014b5da5	Watch where those paws are going would you?	Hati-hati menaruh cakar itu, ya?
line:3028feb5	We also had sex after our date.	Kami juga berhubungan seks setelah kencan.
line:d132db41	We can just lay here...	Kita bisa berbaring saja di sini...
line:4da8b942	We can make an opening.	Kami bisa menyediakan tempat.
line:8c563ab8	We can make an opening.	Kami bisa menyediakan tempat.
line:33a79dbe	We do! Are you... from the college...?	Ya! Anda... dari kampus...?
line:b83ec453	We got your request for the mount!	Kami menerima permintaan alat kawinmu!
line:8b7b8d6b	We went out to eat. Had some good conversation.	Kami pergi makan. Mengobrol dengan seru.
line:74706bb3	We will need to clean the floors...	Kita perlu membersihkan lantai...
line:df8fb8c9	We'll be going out to this seafood place-	Kami akan pergi ke restoran hidangan laut...
line:110a2ced	Welcome back!	Selamat datang kembali!
line:b042f12a	Welcome back!	Selamat datang kembali!
line:c46f5033	Well great, I appreciate your discretion, I'll be headed off to the apothecary.	Bagus, saya menghargai kesediaan Anda menjaga rahasia. Saya akan pergi ke apoteker.
line:08f40e32	Well I had a good time, see you later then!	Aku senang sekali. Sampai jumpa lagi!
line:c1e8b05d	Well I had a good time, see you later then!	Aku senang sekali. Sampai jumpa lagi!
line:fcff7b00	Well, go to the window and speak with your customer.	Pergilah ke jendela dan bicara dengan pelangganmu.
line:fc1e497a	Well, good luck getting your hands around all of me.	Semoga tanganmu bisa menggenggam seluruh milikku.
line:60f14972	Well, I do enjoy the color. But I believe that is unrelated to my hue.	Saya memang suka warnanya. Tapi kurasa tidak berkaitan dengan warna tubuh saya.
line:c9f270de	Well, I'm a dragon- but... You know what I mean.	Yah, aku naga... Tapi kamu mengerti maksudku.
line:f7f87f6c	Well, That's why I'm here!	Nah, memang itu tugas saya!
line:629d89d1	Well, yes. I mean more... Primally?	Ya, tentu. Maksud saya lebih... secara naluriah?
line:8aa0fc1a	Well, you are one hell of a catch.	Yah, siapa yang bisa menolak kamu?
line:5d34e715	Well, you better get one then!	Kalau begitu, sebaiknya beli satu!
line:f16e75f3	Well...	Yah...
line:a71a8385	Went to the bar... Things got spicy. You can imagine what happened next... <size=70%>Hah...	Pergi ke bar... Suasana memanas. Kamu pasti bisa membayangkan kelanjutannya... <size=70%>Hah...
line:2e0ec324	Wha..?	Ap...?
line:29ec93b2	Whaaat. Nothing wrong with it! figured you'd like to know.	Apaaa? Tidak ada yang salah! Kupikir kamu ingin tahu.
line:18e5a573	Whaaat? It's good to make sure you're warmed up!	Apaaa? Memastikan sudah pemanasan itu bagus!
line:bd66082e	What about a movie?	Bagaimana kalau menonton film?
line:ee3c126b	What about your private washers?	Bagaimana dengan petugas mandi pribadi Anda?
line:871137eb	What about?	Tentang apa?
line:bb3b6c71	What brings you in so late?	Kenapa datang selarut ini?
line:2dd518f0	What do you mean?	Apa maksudmu?
line:2fae1274	What do you mean?	Apa maksud Anda?
line:3c2c53dc	What do you mean?	Apa maksudmu?
line:838cdf1b	What do you think of me?	Apa pendapat Anda tentang saya?
line:c2bdc402	What does the number 7 taste like?	Seperti apa rasa angka 7?
line:56fc085a	What happened!?	Apa yang terjadi!?
line:0bc56d4d	what happened?	Apa yang terjadi?
line:8c3b76ea	What is it?	Apa itu?
line:44b711a0	What is..	Apa ini...?
line:53301d3b	What kind of egg was that?	Itu telur apa?
line:073701b7	What kind of movie are you thinking?	Kamu mau menonton film apa?
line:03cf1c9a	What kind of question?	Pertanyaan macam apa?
line:003700c7	What kinds of classes do you teach?	Mata kuliah apa yang Anda ajar?
line:e2406cc4	What now?	Sekarang apa?
line:0c583118	What was in those opened crates?	Apa isi peti-peti yang sudah dibuka itu?
line:5a195ff2	What!? that's terrible! You don't even have a mount...?	Apa!? Payah sekali! Alat kawin saja tidak punya...?
line:8ebd442e	What's got you looking so happy?	Apa yang membuatmu tampak begitu bahagia?
line:fc7aaaa0	What's teaching like?	Bagaimana rasanya mengajar?
line:f99840cd	What's that?	Apa itu?
line:1a0b719d	What's up?	Ada apa?
line:29359884	What's up?	Ada apa?
line:8d5c7802	What's up?	Ada apa?
line:712f9d7c	what?	Apa?
line:766c2abd	What? All the best places do it!	Apa? Semua tempat terbaik melakukannya!
line:159a1d54	What? I'm a professor! Can't you tell from my crest?	Apa? Saya profesor! Tidak terlihat dari lambang saya?
line:9aa86a9b	What? There is no harm caused by a genuine compliment!	Apa? Pujian tulus tidak merugikan siapa pun!
line:b2fe309b	Whats got you in a good mood?	Apa yang membuat suasana hatimu bagus?
line:93a145d4	Whats up, big guy?	Ada apa, si besar?
line:4efe8211	Whats up?	Ada apa?
line:866cd495	Whats up?	Ada apa?
line:bfc04b3a	Whats up?	Ada apa?
line:e01885c3	Whats up?	Ada apa?
line:f7d786b6	Whats with all the... Gloop?	Ada apa dengan semua... lendir ini?
line:c4c81aa9	Whats your favorite part about him?	Apa yang paling kamu sukai darinya?
line:ff6ef027	When do you actually end the relationship?	Kapan sebenarnya kamu mengakhiri hubungan itu?
line:2ffe284b	When I met him at first I was falling back on my old script.	Waktu pertama bertemu dengannya, aku mulai kembali ke kebiasaan lama.
line:eb019075	When you're done go ahead and hit the button.	Kalau sudah selesai, tekan saja tombolnya.
line:5d4e9392	Where did he go...?	Dia pergi ke mana...?
line:7af04961	Where would you like to go?	Kamu ingin ke mana?
line:7e9389a7	Which college?	Kampus mana?
line:2d315c6c	Who knew a dragon could get so dirty, huh?	Siapa sangka naga bisa sekotor ini, ya?
line:a97338b0	Who knew places such as this existed so readily available to the public!	Siapa sangka tempat seperti ini begitu mudah dijangkau masyarakat!
line:8b7915f4	Who's that?	Siapa itu?
line:ebd63f8c	Who's there?	Siapa di sana?
line:eea7573f	Whoa! Cold!	Wah! Dingin!
line:1acbd02a	Whoops	Ups.
line:5a6c0d31	Whoops	Ups.
line:afc6c00a	Whoops	Ups.
line:c30013ff	Whoops	Ups.
line:9df56a3a	why are you here so late?	Kenapa datang selarut ini?
line:bb8583c1	With Ryan, I'm pretty sure we're gonna go on a date tonight.	Soal Ryan, sepertinya malam ini kami akan berkencan.
line:c236bdf9	Woah. Uhm.	Wah. Ehm.
line:390f05be	Woah... What is that in your mouth?	Wah... Apa yang ada di mulutmu?
line:4b93b009	Woah... You want me to use that? Even with the food? Alright!	Wah... Kamu mau aku memakai itu? Bahkan dengan makanan di sini? Oke!
line:4cacfab8	Wonderful to hear you're seeing someone!	Senang mendengar Anda sedang dekat dengan seseorang!
line:f6fdf321	Wonderful to hear you're seeing someone!	Senang mendengar Anda sedang dekat dengan seseorang!
line:7e2421b6	Wonderful to hear.	Senang sekali mendengarnya.
line:36d49875	Wonderful!	Bagus sekali!
line:6046bedf	Wonderful!	Bagus sekali!
line:ab423ac7	Wonderful!	Bagus sekali!
line:5a9abbd4	Wonderful. Have a <i>productive</i> day.	Bagus. Semoga harimu <i>produktif</i>.
line:ec771552	Woops.	Ups.
line:51bcff68	Would that interest you?	Kamu tertarik?
line:8c8591ec	Would you care to join me at the college library this evening...?	Maukah Anda menemani saya di perpustakaan kampus malam ini...?
line:985436e6	Wouldn't that be degrading?	Bukankah itu merendahkanmu?
line:1e027369	Wow thanks, that feels good.	Wah, terima kasih. Rasanya enak.
line:737184f5	Wow!	Wah!
line:ead1bf44	Wow, it's an experience seeing you eat like that.	Wah, melihatmu makan seperti itu pengalaman tersendiri.
line:5da1e074	Y'know?	Mengerti?
line:79352475	Ya.	Ya.
line:f6c14e05	Ya.	Ya.
line:b6add8e0	Yea! I do!	Ya! Memang!
line:b44edd29	Yeaaah I'm not sticking with that one.	Iyaaa, aku tidak akan pakai julukan itu lagi.
line:7a471225	Yeaaah.	Iyaaa.
line:5483c5fd	Yeah	Ya.
line:3a5d5ca4	Yeah he seems like he'd push some buttons.	Ya, dia memang kelihatan bisa bikin orang tergoda.
line:63024a1f	Yeah he's improved a lot.	Ya, dia sudah banyak berubah.
line:5847a779	Yeah I have.	Ya, sudah.
line:f3b5952a	Yeah I'm happy too.	Ya, aku juga bahagia.
line:fb47f998	Yeah it go BRRT haha.	Ya, bunyinya BRRT, haha.
line:eef9b2bb	Yeah It's fine. Sorry.	Ya, tidak apa-apa. Maaf.
line:fbc80e96	Yeah let me get that for you.	Ya, aku bukakan.
line:f212b2de	Yeah so I'm all muddy and stuff, love romping around in the public park.	Ya, aku berlumpur dan sebagainya. Aku suka berlarian di taman umum.
line:108de471	Yeah that sounds pretty good.	Ya, sepertinya bagus.
line:fdd800c2	Yeah! clean as always.	Ya! Bersih seperti biasa.
line:dee4a32d	Yeah! Conrad, he's adorable. Though he'd hate I said that.	Ya! Conrad, dia menggemaskan. Meski dia pasti kesal kalau tahu aku bilang begitu.
line:ab1bc039	Yeah! I feel clean.	Ya! Aku merasa bersih.
line:6733a3df	Yeah! I'm going on a date with him soon.	Ya! Sebentar lagi aku akan berkencan dengannya.
line:66727cce	Yeah! It has food that should be good for both of us.	Ya! Ada makanan yang seharusnya cocok buat kita berdua.
line:b482634c	Yeah! its useful.	Ya! Berguna sekali.
line:da9cfdcf	Yeah! Just went on a date with Conrad.	Ya! Saya baru berkencan dengan Conrad.
line:3f153aaf	Yeah! Just went on a date with Ryan.	Ya! Saya baru berkencan dengan Ryan.
line:77ca2316	Yeah! Thanks for the food. I'll go get the gate.	Ya! Terima kasih makanannya. Aku buka gerbangnya dulu.
line:c87d632b	Yeah! That would be amazing.	Ya! Itu akan luar biasa.
line:71c0ee9a	Yeah, ever since the breakup I've been looking for something new.	Ya, sejak putus aku mencari sesuatu yang baru.
line:bee397db	Yeah, he's so kind to me.	Ya, dia baik sekali kepadaku.
line:4815ddba	Yeah, I've got one.	Ya, aku punya.
line:24efaa49	Yeah, me too. He's real nice.	Ya, aku juga. Dia baik sekali.
line:6fa847ba	Yeah, nah. Mate you gotta get in on this. I'll pay good!	Wah, tidak bisa begitu. Kawan, kamu harus ikut menyediakan ini. Aku bayar mahal!
line:266f699d	Yeah, taste good!	Ya, enak!
line:67cc394b	Yeah, that was scary at first.	Ya, awalnya menakutkan.
line:a9980f5e	Yeah, this has been super nice.	Ya, ini sangat menyenangkan.
line:54c44240	Yeah, you're right.	Ya, kamu benar.
line:bb1827c7	Yeah- Though only if you want!	Ya... Tapi hanya kalau kamu mau!
line:7311dc01	Yeah.	Ya.
line:95e2f7cc	Yeah.	Ya.
line:9fd5b834	Yeah. <size=90%>Oh- <size=80%>you know. I'm like... <size=70%>Haha. Yeah. Mhm!	Ya. <size=90%>Oh... <size=80%>Kamu tahu. Aku, eh... <size=70%>Haha. Ya. Mhm!
line:a28a70c6	Yeah. At least I got to meet you because of it.	Ya. Setidaknya karena itulah aku bisa mengenalmu.
line:e5937e30	Yeah. I like fish!	Ya, aku suka ikan!
line:0372e0d1	Yeah. It wasn't too expensive.	Ya. Tidak terlalu mahal juga.
line:6804839d	Yeah. It's hard to unwind groups after something like that.	Ya. Sulit memisahkan lingkaran pertemanan setelah hal seperti itu.
line:6e0e4e11	Yeah. You two will be cute.	Ya. Kalian akan jadi pasangan yang manis.
line:616121a9	Yeah...	Ya...
line:f244d080	Yeah... He's really great.	Ya... Dia benar-benar luar biasa.
line:5bab2df8	Yeah... I've never gone on a date with a kobold before.	Ya... Aku belum pernah berkencan dengan kobold sebelumnya.
line:8eeb7e28	Yeah... It really isn't.	Ya... Memang tidak mudah.
line:039a0c83	Yeah?	Ya?
line:2fb3fe55	Yeah?	Ya?
line:92bd78f3	Yeah?	Ya?
line:3690a3eb	Yeah? I don't even see a mount.	Oh ya? Alat kawin saja tidak kelihatan.
line:ea2adb20	Yeah? tell me about it!	Oh ya? Ceritakan!
line:78eccd9b	Yellow lime.	Jeruk nipis kuning.
line:5fd7bc69	Yep!	Yap!
line:b6c878fa	Yep!	Yap!
line:fcff76d4	Yep! I'll get the gate.	Ya! Aku buka gerbangnya.
line:3cdcbd4a	Yes	Ya.
line:991dc643	Yes	Ya.
line:e535cacb	Yes	Ya.
line:fb4265f7	Yes	Ya.
line:4ab6c5a9	yes	ya
line:db98be35	Yes right this way.	Ya, lewat sini.
line:52010e35	YES!	YA!
line:c4310942	Yes!	Ya!
line:d5f94e23	Yes!	Ya!
line:5592e639	Yes, welcome to Drag'N Wash!	Ya, selamat datang di Drag'N Wash!
line:f676b9a8	Yes, welcome to Drag'n wash!	Ya, selamat datang di Drag'N Wash!
line:a610ce0b	YES.	YA.
line:85fd5266	Yes.	Mau.
line:152cb8ad	Yes. I'm in need of a clean. The situation is rather dire!	Ya. Saya perlu dibersihkan. Situasinya cukup genting!
line:c4595dd5	Yes. It's invigorating to be so candid.	Ya. Bersikap seterbuka ini terasa menyegarkan.
line:d7e50f2d	Yes..	Ya...
line:5811655d	Yes... But I believe we need to clean the floors.	Ya... Tapi saya rasa kita perlu membersihkan lantai.
line:9444cdba	Yip	Yip.
line:14d2c62f	Yip!	Yip!
line:296ff3f4	Yip!	Yip!
line:3d516ddb	Yip!	Yip!
line:3e870ad0	Yip!	Yip!
line:5544e245	Yip!	Yip!
line:5efde4e2	Yip!	Yip!
line:c3e1f198	Yip!	Yip!
line:e662501c	Yip!	Yip!
line:5e181cf4	Yip! <size=70%>(Gate)	Yip! <size=70%>(Gerbang)
line:b12a3f31	Yip! <size=70%>(idk)	Yip! <size=70%>(Tidak tahu)
line:a8ee5236	Yip! <size=70%>(It's because the dormant part of your draconic mind is remembering the deep set language bridge between your kind and mine. Which carries the deep meaning and intention of kobold 'Yips' within it. This sudden understanding of yours is simply from our connection growing over time and activating that part of your mind.)	Yip! <size=70%>(Karena bagian pikiran naga Anda yang tertidur sedang mengingat ikatan bahasa mendalam antara jenis Anda dan saya. Ikatan itu membawa makna serta maksud mendalam dari «yip» kobold. Pemahaman mendadak Anda hanya disebabkan ikatan kita yang semakin kuat seiring waktu dan mengaktifkan bagian pikiran tersebut.)
line:5935a413	Yip! <size=70%>(Yes)	Yip! <size=70%>(Ya)
line:f1c14f75	Yip-Man - The Final Yip	Yip-Man - Yip Terakhir
line:4b9046ec	Yip-Man movies are real corny...	Film-film Yip-Man memang norak...
line:3d6b2203	You again?	Kamu lagi?
line:81416c72	You already are, whats up?	Kamu sudah bertanya. Ada apa?
line:6fbc3c1b	You also do <i>special endings</i> here, yeah?	Di sini ada layanan <i>akhir bahagia</i> juga, kan?
line:e553c773	You also introduced me to Conrad.	Kamu juga mengenalkanku kepada Conrad.
line:feb8727e	You always make me feel welcomed.	Kamu selalu membuatku merasa diterima.
line:563d71ba	You are too!	Kamu juga!
line:4efafbb0	You are very skilled with your hands	Tangan Anda sangat terampil.
line:0dd63830	You brought food in?	Kamu bawa makanan?
line:38043f6c	You can act however you like around me.	Di dekat saya, Anda boleh bersikap sesuka hati.
line:3fbd01fb	You can come in whenever!	Kamu bisa datang kapan saja!
line:0eb37f1a	You can stay here if you want.	Kamu boleh tinggal di sini kalau mau.
line:ecc04e16	You decide!	Kamu yang tentukan!
line:19698f13	You didn't even open the watermelon.	Kamu bahkan tidak membelah semangkanya.
line:7e8c1ae2	You do know how to use your hands pretty well.	Kamu memang pandai menggunakan tangan.
line:7023b6b4	You don't deserve that.	Kamu tidak pantas diperlakukan begitu.
line:c0cc0f2d	You got a medkit?	Kamu punya kotak P3K?
line:c2b3c28a	you know about getting back into the dating scene...	soal kembali mencari pasangan...
line:512df07c	You know what that means.	Kamu tahu artinya.
line:e613cbe3	You know what that means...	Kamu tahu artinya...
line:73e4789c	You know... This environment is rather pleasant. Very... proletarian.	Anda tahu... Lingkungannya cukup menyenangkan. Sangat... proletar.
line:404b17ef	You look good this clean!	Kamu kelihatan bagus kalau bersih begini!
line:780c151c	You needn't worry. The washer's union is... More powerful than I.	Tidak perlu khawatir. Serikat petugas mandi... Lebih berkuasa daripada saya.
line:3fab049a	You probably shouldn't.	Mungkin sebaiknya jangan.
line:0bc044da	You ready for this?	Kamu siap?
line:f0a0565a	You ready to go back in to the club?	Kamu siap kembali ke dalam klub?
line:c0e34d36	You really ate that entire thing... Woah.	Kamu benar-benar memakan semuanya... Wah.
line:82cf49aa	You seemed to enjoy yourself.	Kelihatannya kamu menikmatinya.
line:ba66095e	You set a good example.	Anda memberi teladan yang baik.
line:6c2a1901	You should be all clean!	Seharusnya kamu sudah bersih semua!
line:36779352	You should be.	Memang sudah seharusnya.
line:86154a64	You should feel it and check for me	Coba pegang dan periksa untukku.
line:20503ab0	You sure? It's not like... fun stuff.	Yakin? Ini bukan... topik yang menyenangkan.
line:0a0d6bc0	You too! I'll go get the gate.	Aku juga! Aku buka gerbangnya dulu.
line:e3106999	You too. Thanks for the wash.	Aku juga. Terima kasih sudah memandikanku.
line:fc97aa74	You too. Thanks for the wash.	Aku juga. Terima kasih sudah memandikanku.
line:5e4d645c	You two are really cute together...	Kalian sangat manis bersama...
line:b76a2a43	You were really going at it.	Kamu benar-benar semangat tadi.
line:83aa1a23	You work at a college?	Anda bekerja di kampus?
line:85fa0d03	You'd need a dragon stomach first!	Kamu butuh lambung naga dulu!
line:ebd2af6b	You'll have to give me all the Ryan details soon.	Sebentar lagi kamu harus cerita semua detail tentang Ryan.
line:6c71dd83	You'll have to tell me all about it.	Kamu harus ceritakan semuanya.
line:91ab30f5	You'll have to tell me how you two work out!	Kamu harus cerita bagaimana hubungan kalian nanti!
line:ffeff59b	You'll have to tell me more inside.	Nanti di dalam kamu harus cerita lebih banyak.
line:5eb243c2	You'll like it.	Kamu akan suka.
line:6acf7c77	You'll need to let them in afterwards of course.	Tentu saja, setelah itu kamu harus membiarkannya masuk.
line:6b63d2d8	You'll take care of everything?	Anda akan mengurus semuanya?
line:f2527ed7	You're <i>spotless.	Kamu <i>bersih sempurna.
line:23ae97e6	You're a big deal	Kamu orang penting.
line:323e546b	You're a good friend too, I'll go get the gate.	Kamu juga teman baik. Aku buka gerbangnya dulu.
line:44e97be7	You're always welcome here, Ryan.	Kamu selalu diterima di sini, Ryan.
line:09e5bf43	You're cute by the way.	Omong-omong, kamu imut.
line:277d8257	You're fine. Thank you.	Kamu tidak salah. Makasih.
line:8c269acb	You're going to love it.	Kamu pasti akan suka.
line:173782fa	You're good at it.	Anda pandai melakukannya.
line:1dca8fa0	You're just a very comfortable person to be around.	Hanya saja, berada di dekatmu terasa sangat nyaman.
line:42124159	You're just a very comfortable person to be around.	Hanya saja, berada di dekatmu terasa sangat nyaman.
line:d3b6d22a	You're kind. It's more than I deserve.	Kamu baik. Lebih baik daripada yang pantas kudapatkan.
line:ca72bf2d	You're okay. You're clearly going through a lot.	Tidak apa-apa. Jelas kamu sedang menghadapi banyak masalah.
line:68887509	You're one of my favorite clients!	Kamu salah satu pelanggan favoritku!
line:c4cc497f	You're pretty hot.	Kamu cukup seksi.
line:b6603dc7	You're right. I shouldn't pry.	Kamu benar. Aku tidak seharusnya ikut campur.
line:31ab814e	You're right... Theres no way you could.	Kamu benar... Mana mungkin kamu bisa menjawabnya.
line:470cd652	You're the first person I've met who's only expectation is for me to be...	Anda orang pertama yang saya temui yang hanya berharap saya menjadi...
line:f718a7eb	You're the professor here. Must be correct.	Anda profesornya. Pasti benar.
line:15f55959	You're very sweet.	Kamu baik sekali.
line:bc6cc4d2	You're very sweet.	Anda baik sekali.
line:6289a322	You're very welcome.	Sama-sama.
line:39ddd682	You're...	Anda...
line:6e94f373	You're... cool.	Kamu... keren.
line:61c96494	You're... Not that dirty.	Anda... tidak sekotor itu.
line:8bab3246	You're... very forward.	Kamu... sangat terus terang.
line:3bbab759	You've gotta keep me updated on you and Ryan, yeah?	Kamu harus terus cerita kabar hubunganmu dengan Ryan, ya?
line:a5a8a9d5	Your crest is cool. What is it?	Lambang Anda keren. Apa itu?
line:3890b91c	Your date with Ryan.	Kencanmu dengan Ryan.
line:82109412	Your secret's safe with me.	Rahasiamu aman bersamaku.
line:ed8e7994	Yours doesn't. It's nice.	Tatapan Anda tidak. Menyenangkan.
line:016a65e8	Yuh, that's me.	Ya, itu aku.
line:38eb6d26	Yup!	Ya!
line:7ac62718	Yup. I like it.	Ya. Aku suka.
