# line ID	exact English source	translation (English A-Z then ID)
line:39fd52f1	'Ey big dog.	Hej, granda hundo.
line:918d7820	'Ey big kobold.	Hej, granda koboldo.
line:155c00eb	'think', 'On the way here'? Then you weren't covered in ink before...	«Kredas»? «Survoje ĉi tien»? Do vi ne estis kovrita per inko antaŭe...
line:15bcd86c	'Yes way', There is nothing I am more certain of.	Ja eblas. Pri nenio mi estas pli certa.
line:4d49ae72	'Yes way', There is nothing I am more certain of.	Ja eblas. Pri nenio mi estas pli certa.
line:25f35611	---	---
line:4b9b3a43	---	---
line:97ab84a8	---	---
line:db5b3129	---	---
line:e2f28daa	---	---
line:3d2df033	..	..
line:8c0e2d04	..	..
line:b36eb839	..	..
line:03d2f0bb	...	...
line:045f5836	...	...
line:1113335e	...	...
line:227eda5e	...	...
line:30a74521	...	...
line:4810891f	...	...
line:4da86a7a	...	...
line:610824ef	...	...
line:6757e4a0	...	...
line:695ef750	...	...
line:7426a997	...	...
line:759a495e	...	...
line:7e189c92	...	...
line:812700a5	...	...
line:848f5cd8	...	...
line:85f39b27	...	...
line:9504ba33	...	...
line:a6531779	...	...
line:b59e9091	...	...
line:b7f0551c	...	...
line:c272e55f	...	...
line:cdb8d8db	...	...
line:cfe4b91d	...	...
line:d6483230	...	...
line:d90d368f	...	...
line:d9516fdd	...	...
line:dd197e7c	...	...
line:decf872a	...	...
line:e9d40a5c	...	...
line:20f87f8d	... A class which I'm teaching rather soon.	... Leciono, kiun mi instruos tre baldaŭ, cetere.
line:4815d919	... Being a bit of a jerk honestly.	... Mi iom aĉe kondutis, verdire.
line:11bfce3b	... I thought we were good friends, we have sex all the time!	... Mi pensis, ke ni estas bonaj amikoj. Ni seksumas la tutan tempon!
line:1bebf328	... Thank you..	... Dankon..
line:a8eb78ed	... you're done? I'm still dirty..	... Ĉu vi finis? Mi ankoraŭ estas malpura..
line:ef611d11	... you're done? I'm still soapy..	... Ĉu vi finis? Mi ankoraŭ estas sapa..
line:496134bc	...!	...!
line:7cc45755	...!	...!
line:6585925d	...<i><size=70%>I have one on him at least.	...<i><size=70%>Almenaŭ li plaĉas al mi.
line:e2ea4ead	...A wash for our date tonight.	... Lavado por nia rendevuo ĉi-vespere.
line:048d7f84	...About what I said earlier.	... Pri tio, kion mi diris antaŭe.
line:55d1f6ef	...and nice.	... Kaj afabla.
line:79a1a205	...But not in like a bad weird way.	... Sed ne en malbona aŭ stranga senco.
line:3592632e	...It's intimidating knowing how much they look up to me.	... Estas timige scii, kiom ili admiras min.
line:7e08544c	...It's odd being able to speak so freely with someone.	... Estas strange paroli tiel libere kun iu.
line:f0cb8389	...No	... Ne.
line:92601622	...Okay, come in	... Bone, envenu.
line:e381559c	...Thank you for this.	... Dankon pro tio.
line:b7b5f7fb	...Thanks.	... Dankon.
line:dbab7a39	<b><i><size=130%>Did you suggest Ryan to Conrad?	<b><i><size=130%>Ĉu vi sugestis Rajanon al Konrado?
line:36ff6bd9	<gradient="gold"><b> I know a dragon, Ryan. I could get you two in contact? </b></gradient><size=70%>(Unlocks Conrad/Ryan hookup OR Ryan romance)	<gradient="gold"><b> Mi konas drakon, Rajanon. Ĉu mi metu vin en kontakton? </b></gradient><size=70%>(Ebligas renkontiĝon Konrado/Rajano AŬ amrilaton kun Rajano)
line:7e9d40e6	<gradient="gold"><b> I wouldn't mind hanging out... </b></gradient><size=70%> (Unlocks Conrad romance)	<gradient="gold"><b> Mi volonte pasigus tempon kun vi... </b></gradient><size=70%> (Ebligas amrilaton kun Konrado)
line:a0e49f02	<gradient="gold"><b> I wouldn't mind! </b></gradient><size=70%> (Will lead to Alexander romance!)	<gradient="gold"><b> Mi volonte! </b></gradient><size=70%> (Kondukas al amrilato kun Aleksandro!)
line:0371fb9c	<gradient="gold"><b> I'm going to be busy tonight. Sorry. </b></gradient><size=70%> (Will lead to no romance!)	<gradient="gold"><b> Mi estos okupata ĉi-vespere. Pardonu. </b></gradient><size=70%> (Kondukas al fino sen amrilato!)
line:f5a81524	<gradient="gold"><b>I don't have anyone off the top of my head.</b></gradient><size=70%> (Locks in Conrad romance!)	<gradient="gold"><b>Neniu tuj venas en mian kapon.</b></gradient><size=70%> (Konfirmas la amrilaton kun Konrado!)
line:bedc761d	<gradient="gold"><b>I know this one red dragon. I think you'd like him! </b></gradient><size=70%> (Hooks up Ryan with Conrad!)	<gradient="gold"><b>Mi konas ruĝan drakon. Mi kredas, ke li plaĉus al vi! </b></gradient><size=70%> (Kunigas Rajanon kaj Konradon!)
line:e104b8e4	<gradient="gold"><b>Oh. Uhm. <size=70%> I wouldn't mind... If I was that someone. </b></gradient><size=70%> (Locks in Ryan romance!)	<gradient="gold"><b>Ho. Nu. <size=70%> Mi volonte... estus tiu iu. </b></gradient><size=70%> (Konfirmas la amrilaton kun Rajano!)
line:36073321	<gradient="yellow - orange"><size=140%>HEY! </gradient><size=100%>This is the cleaning place, ya?	<gradient="yellow - orange"><size=140%>HEJ! </gradient><size=100%>Jen la lavejo, ĉu ne?
line:c777ce0c	<i> that feels nice...</i>	<i>Tio estas agrabla...</i>
line:e56dd423	<i><size=70%>uh oh.. and the books	<i><size=70%>Ho ne... Kaj la librojn.
line:d67b1098	<i>I like spraying you with water.	<i>Mi ŝatas ŝpruci vin per akvo.
line:ad5d633a	<i>Oh...	<i>Ho...
line:22b5941e	<i>Oh.</i> I don't think I'm ready for that just yet.	<i>Ho.</i> Mi ne kredas, ke mi jam pretas por tio.
line:cacbff51	<i>Ooooh. </i>The mount? Hell yeah, man.	<i>Ooo. </i>La seksapogilo? Fek, jes, kamarado.
line:04b7ce44	<i>This</i> isn't your fault, Conrad.	<i>Tio</i> ne estas via kulpo, Konrado.
line:72b244b7	<size=100%> That felt damn good!	<size=100%>Tio sentigis min diable bone!
line:78cc49e8	<size=100%>I mean- Cool.	<size=100%>Mi volas diri... Mojose.
line:e48243c0	<size=140%> FUCK YEAH!	<size=140%>FEK, JES!
line:f474ffa9	<size=140%>HEY, <size=100%>lookin' for a wash.	<size=140%>HEJ, <size=100%>mi serĉas lavadon.
line:9d458e88	<size=160%>HELL YEAH!	<size=160%>FEK, JES!
line:f5462edf	<size=60%> that's hot.	<size=60%>Tio estas seksalloga.
line:7c745c31	<size=70%> A big dragon giving me control. Woah.	<size=70%>Granda drako donas al mi la regadon. Ho ve.
line:53d71f27	<size=70%> And for me.	<size=70%>Kaj por mi.
line:4fe271cc	<size=70%> woah.	<size=70%>Ho ve.
line:e53b1bd3	<size=70%><i> holy shit, I just bagged a date with a dragon.	<size=70%><i>Ho fek, mi ĵus aranĝis rendevuon kun drako.
line:c4384e8e	<size=70%><i>but it was nice... Thank you.	<size=70%><i>Sed agrabla... Dankon.
line:ec0e5330	<size=70%><i>feel free to continue-</i>	<size=70%><i>Bonvolu libere daŭrigi...</i>
line:e77c1f79	<size=70%><i>oah-</i> no that's really cool actually.	<size=70%><i>Ho...</i> Ne, efektive tio tre plaĉas al mi.
line:a618f9c2	<size=70%><i>Woah...	<size=70%><i>Ho ve...
line:ad460e4b	<size=70%><i>Yeah?	<size=70%><i>Ĉu jes?
line:c25d1c85	<size=70%>They're still on my payroll.	<size=70%>Mi ankoraŭ pagas iliajn salajrojn.
line:22deeef6	==	==
line:67fa34ad	==	==
line:a8e2f13e	==	==
line:ce938344	==	==
line:e41244bf	==	==
line:497d3f67	A few days ago...	Antaŭ kelkaj tagoj...
line:c570a462	A rather good excuse to see my favorite kobold.	Tre bona preteksto por vidi mian plej ŝatatan koboldon.
line:5d2d16e0	A really good friend?	vere bona amiko?
line:df4d3810	About earlier.	Pri tio de pli frue.
line:1a5e1ba4	Act what way?	Kiel?
line:cc532c02	After his spontaneous conflagration, I made sure to give him privacy.	Post lia spontanea ekbrulo, mi zorgis lasi lin sola.
line:a983ffa3	Again...?	Denove...?
line:8e34b87d	Agreed, though I'd still like to be let in as soon as convenient.	Konsentite, tamen mi ŝatus eniri kiel eble plej baldaŭ.
line:934a1d5a	Ah yeah, that's the stuff.. keep at it.	Ha jes, ĝuste tiel... Daŭrigu.
line:e216aee0	Ah, good.	Ha, bone.
line:9b26ac5f	Ah, I see the button there, gotcha!	Ha, mi vidas la butonon tie. Komprenite!
line:7f3fe9f9	Ah, sorry, I'm passionate about such things.	Ha, pardonu, mi pasie interesiĝas pri tiaj aferoj.
line:bf2a8309	Ah, the grime did sting a little, thank you.	Ha, la malpuraĵo iom pikis. Dankon.
line:ebdb9888	Ah, yeah, those types are pretty cute.	Ha jes, tiaj estas sufiĉe ĉarmaj.
line:b920f205	Ah. Do not worry.	Ha. Ne zorgu.
line:a98d068c	Ah. Okay nevermind I'm not sorry then.	Ha. Bone, do mi ne plu pardonpetas.
line:6de2c490	Ah...	Ha...
line:4d6b365e	Ahh, all cleaned and with a lighter load.	Ah, tute lavita kaj kun pli malpeza ŝarĝo.
line:20f96302	Alexander!	Aleksandro!
line:f167e3d7	Alexander!	Aleksandro!
line:fe3996b8	Alexander!	Aleksandro!
line:af7db134	Alexander...?	Aleksandro...?
line:eb7cf9e5	All clean...	Tute pura...
line:f57fc630	All done!	Farite!
line:0b734d82	All self respecting washers know how to please a dragon.	Ĉiu sin respektanta lavisto scias plaĉi al drako.
line:599ffb25	Already got seats at that bar I mentioned earlier.	Mi jam akiris sidlokojn en tiu drinkejo, kiun mi menciis.
line:642ddea3	Alright alright... Then I think I'd like to use it?	Bone, bone... Do mi kredas, ke mi volus uzi ĝin?
line:c7b3a185	Alright! I'll go get the gate.	Bone! Mi malfermos la pordegon.
line:7279121a	Alright! I'll go get you the gate.	Bone! Mi malfermos por vi.
line:4fc4259c	Alright! I'm ready to go.	Bone! Mi pretas iri.
line:a722d0fa	Alright, go get the gate and I'll head out to the spot!	Bone, malfermu la pordegon kaj mi iros al la loko!
line:d04df8f8	Alright, I'll cya!	Bone, ĝis poste!
line:4766af08	Alrighty! That should be it.	Jen! Tio devus esti ĉio.
line:797ca540	Alrighty. All clean.	Jen. Tute pura.
line:c4cb161a	Although grapes have always hit a specific craving.	Sed vinberoj ĉiam kontentigas apartan avidon.
line:dc237557	Although, the portions might be a bit... dragon sized.	Kvankam la porcioj eble estas iom... drakgrandaj.
line:655b8c01	Always happy to have you, Conrad.	Vi ĉiam bonvenas, Konrado.
line:afedd1f5	An anomaly.	Anomalio.
line:0de4fe62	And I'm glad you have a medkit... You're very prepared.	Kaj mi ĝojas, ke vi havas sukurkeston... Vi estas tre preta.
line:0699aef9	And I'm really happy for you and Conrad.	Kaj mi vere ĝojas por vi kaj Konrado.
line:a3a26459	And not just physically.	Kaj ne nur ĉar ili rigardas supren.
line:507bd2b9	And that's why I'm here! Going to be heading out after this wash to go see him.	Kaj tial mi estas ĉi tie! Post la lavado mi iros renkonti lin.
line:33440e8c	And why you are perfect for this job!	Kaj jen kial vi perfekte taŭgas por ĉi tiu laboro!
line:cacb93ce	And you've tried everything.	Kaj vi provis ĉion.
line:8cae6240	Another dragon? Usually I don't really get along...	Alian drakon? Kutime ni ne vere interkonsentas...
line:5a7e4fd4	Any chance you can clean me up again?	Ĉu vi eble povus denove lavi min?
line:92d2a30a	Anything. I'm just curious.	Ion ajn. Mi nur scivolas.
line:52695aa2	Anything?	Ion ajn?
line:8ead9ee9	Anytime, Ryan.	Iam ajn, Rajano.
line:6d77feef	Anyway glad you're not finished, lets keep at it!	Ĉiuokaze, mi ĝojas, ke vi ne finis. Ni daŭrigu!
line:bdb4f59c	Anyway, time to get writing!	Ĉiuokaze, estas tempo ekverki!
line:75dd56ae	Anyways,	Ĉiuokaze,
line:8980260e	Anyways-	Ĉiuokaze...
line:a8e6291c	Anyways- Let me out.	Ĉiuokaze, ellasu min.
line:493a82ef	Anyways. Could you go get the gate?	Ĉiuokaze, ĉu vi malfermus la pordegon?
line:926f5f41	Anyways. Gonna use this thing now!	Ĉiuokaze, nun mi uzos ĉi tion!
line:ad8ab02e	Anyways...	Ĉiuokaze...
line:e767dc51	Anywho, I'll get out of your scales now.	Ĉiuokaze, mi nun lasos vin trankvila.
line:e81426c1	Anywho, I'm in need of a clean.	Ĉiuokaze, mi bezonas lavadon.
line:23e7d518	Approach the dragon entrance, and I will let you in.	Venu al la draka enirejo, kaj mi enlasos vin.
line:72a9b5bb	Are you happy?	Ĉu vi estas feliĉa?
line:be0118cc	Are you okay?	Ĉu vi estas en ordo?
line:de735c65	Are you open right now?	Ĉu vi estas malfermita nun?
line:9369755d	Are you sure it will fit?	Ĉu vi certas, ke ĝi eniros?
line:c35b717a	Are you sure...? In front of the food?	Ĉu vi certas...? Antaŭ la manĝaĵo?
line:cb06d2bf	As am I.	Ankaŭ mi.
line:9a48b21c	As in you're unique.	Mi volas diri, ke vi estas unika.
line:1c021ee0	At getting hand jobs.	Pri ricevi manumadon.
line:e861b464	At least that's what I've heard anyway.	Almenaŭ tion mi aŭdis.
line:2f54ceec	At least you can still use your hands. Heh.	Almenaŭ vi ankoraŭ povas uzi viajn manojn. He.
line:cb04e062	At least you can still use your hands. Heh.	Almenaŭ vi ankoraŭ povas uzi viajn manojn. He.
line:97792929	Aw, I'll go get you the gate.	Ho, mi malfermos por vi.
line:c6895517	Aw, Ryan.	Ho, Rajano.
line:db997182	Aw, thank you Alexander.	Ho, dankon, Aleksandro.
line:7157db26	Aw, thanks Alexander.	Ho, dankon, Aleksandro.
line:011f1458	Aw, thanks.	Ho, dankon.
line:aea0be6b	Aw, thanks.	Ho, dankon.
line:c00d76cd	Aw, thanks. I only look so good 'cause of your washes!	Ho, dankon. Mi aspektas tiel bone nur pro viaj lavadoj!
line:453ff9be	Aw- Ryan...	Ho, Rajano...
line:5340a315	Aw... Thanks!	Ho... Dankon!
line:c6202cf2	Aw... Thanks.	Ho... Dankon.
line:cb1d1197	Aw... Thanks. Is it weird I consider you...	Ho... Dankon. Ĉu estas strange, ke mi konsideras vin...
line:2bfa396c	Aw... That's really sweet	Ho... Tio estas vere dolĉa.
line:22053f7f	Awesome!	Bonege!
line:6fdb2c3d	Awesome!	Bonege!
line:70306ba1	Awesome!	Bonege!
line:6126a614	Awesome! Come on in..	Bonege! Envenu..
line:e85007ac	Awesome! See you later then!	Bonege! Ĝis poste do!
line:4c7f15d6	Awesome, I'll go get the gate.	Bonege, mi malfermos la pordegon.
line:9d126e4e	Awesome, I'm glad.	Bonege, mi ĝojas.
line:b60cc4a5	Awesome.	Bonege.
line:59fb47b0	Awww. You don't need to be coverd in ink to say hi!	Ho... Vi ne bezonas kovri vin per inko por saluti!
line:8e20e028	Be yourself!	Estu vi mem!
line:cd18f73f	Been looking forward to this.	Mi antaŭĝojis tion.
line:8f1fccf9	Being muddy is really fun up until it starts drying.	Esti kota estas amuze ĝis la koto eksekiĝas.
line:40783547	Berries.	Beroj.
line:59d4be6a	Berries.	Beroj.
line:61e781c1	Berries.	Beroj.
line:18ae08ef	Bet you had fun.	Vi certe amuziĝis.
line:982fd3c7	big C...?	Granda K...?
line:4b3f7c6a	Biology...? <size=70%> <i>I think?	Biologio...? <size=70%> <i>Mi kredas?
line:9be63f47	Bleh. Thank you for grabbing that.	Ble. Dankon, ke vi prenis tion.
line:66957ed2	Blue...?	Blua...?
line:a77c3afd	Both.	Ambaŭ.
line:78975048	Brrr! Cold water!	Brrr! Malvarma akvo!
line:8487a2c4	Burnswick Community College of Thaumaturgy	Komunuma Altlernejo pri Taŭmaturgio de Burnswick.
line:f75126de	But honestly you've helped me a lot.	Sed vere, vi multe helpis min.
line:cab69268	But I already know I'm liking this a lot.	Sed mi jam scias, ke tio tre plaĉas al mi.
line:d9534386	But I know the type... They tend to be big softies on the inside.	Sed mi konas la tipon... Interne ili ofte estas teneraj.
line:f73ddfbc	But I think its time to get cleaned up.	Sed mi kredas, ke estas tempo forlavi tion.
line:088ea4a7	But I'm hot shit, so I'll be fine.	Sed mi estas diable alloga, do mi estos en ordo.
line:c8f8bc22	But I'm only your washer?	Sed mi estas nur via lavisto?
line:dda0419b	But I'm sure I'd enjoy it with you!	Sed mi certe ĝuus ĝin kun vi!
line:aa74448a	But not in this sized package, right??	Sed ne ĉe iu de ĉi tiu grandeco, ĉu??
line:7d9ffc48	But nothing beats a large gulp!	Sed nenio superas grandan gluton!
line:d1ec7684	But that is why I am here!	Sed ĝuste tial mi estas ĉi tie!
line:b0d9d1e5	But you're the teacher dragon.	Sed vi estas la drako-instruisto.
line:2d7e1ab6	But, at least I got to meet you!	Sed almenaŭ mi renkontis vin!
line:b7f46902	But, I think you've taught me something.	Sed mi kredas, ke vi instruis ion al mi.
line:b1040415	By the stars! No no. You're excellent.	Je la steloj! Ne, ne. Vi estas bonega.
line:3a88a2dd	By the way would you be mad if your partner made a mess at home?	Cetere, ĉu vi kolerus, se via partnero malordigus la hejmon?
line:4199070f	Came in for another wash.	Mi venis por alia lavado.
line:105cd3e2	Can I ask you a question?	Ĉu mi povas fari demandon?
line:535ee717	Can you repeat that?	Ĉu vi povus ripeti tion?
line:835e0c27	Can't sthpeak well.	Mi ne bone povaf paroli.
line:afa450c0	Come back whenever, Ryan.	Revenu iam ajn, Rajano.
line:0cedfc3d	Conrad can go as long as he needs	Konrado povas daŭri tiel longe, kiel necesas.
line:5462913f	conrad hooked up with ryan	Konrado kuniĝis kun Rajano.
line:61cd33c5	conrad hooked up with ryan	Konrado kuniĝis kun Rajano.
line:6a7610f3	conrad hooked up with ryan	Konrado kuniĝis kun Rajano.
line:bac1ce29	conrad hooked up with ryan	Konrado kuniĝis kun Rajano.
line:61c9b7ac	Conrad needs a cleaning, got a slot for 'im?	Konrado bezonas lavadon. Ĉu estas loko por li?
line:405b7ef1	Conrad needs a wash!	Konrado bezonas lavadon!
line:803c8f0c	Conrad was talking about you during our date.	Konrado parolis pri vi dum nia rendevuo.
line:f1787092	Conrad!	Konrado!
line:fd6c6213	Conrad!	Konrado!
line:484cd04d	Conrad...?	Konrado...?
line:5b0360ad	Conrad: Actually.. I mean..	Conrad: Fakte... Mi volas diri...
line:3ce891ff	Conrad: Conrad just enjoys himself	Conrad: Konrado nur ĝuas sin.
line:fbe86c06	Conrad: Damn right!	Conrad: Diable prave!
line:5660dc8b	Conrad: Don't worry about it!	Conrad: Ne zorgu pri tio!
line:c050dbfc	Conrad: I do it all the time	Conrad: Mi faras tion la tutan tempon.
line:cd3367da	Conrad: I want this to go well	Conrad: Mi volas, ke tio iru bone.
line:194c1381	Conrad: I'm ready to blow	Conrad: Mi pretas orgasmi.
line:ce4d0fef	Conrad: Yea	Conrad: Jes.
line:42c70daa	Conrad: You feel good	Conrad: Estas bone senti vin.
line:3bc52918	Conrad: You having a good time?	Conrad: Ĉu estas agrable al vi?
line:be0e51af	Cool.	Mojosa.
line:88c36bc7	Could do that, then get a hotel room... Hmm.	Ni povus iri tien, poste preni hotelĉambron... Hmm.
line:b99e1503	Could you ask <i>me</i> a question?	Ĉu vi povus fari demandon al <i>mi</i>?
line:12bf5baf	Could you get the gate...?	Ĉu vi povus malfermi la pordegon...?
line:3a6afae1	Could you go get the gate?	Ĉu vi povus malfermi la pordegon?
line:9f49d9d4	Could you wash it away?	Ĉu vi povus forlavi ĝin?
line:7661a0e9	D'aw... thanks.	Ho... Dankon.
line:59bc5840	Damn right I do!	Diable, certe mi aspektas bone!
line:64889395	Damn right!	Diable prave!
line:95aa0bf4	Damn right!	Diable prave!
line:db592d76	Damn right!	Diable prave!
line:0fcf9908	Damn right.	Diable prave.
line:b964c99b	Damn shame then. Better change that.	Feka domaĝo. Prefere ŝanĝu tion.
line:c6955ecc	Damn, you know how to use your hands.	Diable, vi scias uzi viajn manojn.
line:eaf45022	Damn, you know how to use your hands.	Diable, vi scias uzi viajn manojn.
line:684fb29a	Damn... Always feels good.	Diable... Ĉiam agrable.
line:7023cc94	DATE NIGHT!	RENDEVUA VESPERO!
line:c71df70b	Date night!	Rendevua vespero!
line:b57cc8ad	Depends	Dependas.
line:07bd7f57	Did you do your uh...	Ĉu vi hodiaŭ alie aranĝis viajn...
line:4f38655d	Do I look like I'm okay?	Ĉu mi aspektas bonfarta?
line:8147156a	Do it!	Faru ĝin!
line:9ab6ddfb	Do you also do "special endings" here?	Ĉu vi ankaŭ faras «specialajn finojn» ĉi tie?
line:4c90479c	Do you ask because I'm lavender?	Ĉu vi demandas, ĉar mi estas lavendkolora?
line:3020c97c	Do you believe I am attractive?	Ĉu vi trovas min alloga?
line:c5e71850	Do you even need a wash?	Ĉu vi eĉ bezonas lavadon?
line:1810e75f	Do you have any advice?	Ĉu vi havas konsilon?
line:6be807b5	Do you have any plans with ryan?	Ĉu vi havas planojn kun Rajano?
line:a0cf6cae	Do you know any cool places, people, I could hang around?	Ĉu vi konas agrablajn lokojn aŭ homojn, kun kiuj mi povus pasigi tempon?
line:412ba249	Do you know any good bars?	Ĉu vi konas bonajn drinkejojn?
line:28ec716a	Do you know anyone I could talk to? Y'know... about relationship stuffs?	Ĉu vi konas iun, kun kiu mi povus paroli? Vi scias... Pri ebla amrilato?
line:21c0526b	Do you like being big?	Ĉu vi ŝatas esti granda?
line:daa040eb	Do you like purple?	Ĉu vi ŝatas purpuron?
line:ef052302	Do you like purple?	Ĉu vi ŝatas purpuron?
line:d5ed3582	Do you make big dragons, <size=60%>like me, <size=100%>cum here?	Ĉu vi igas grandajn drakojn, <size=60%>kiel mi, <size=100%>orgasmi ĉi tie?
line:ec64a696	Do you mind double checking if I'm clean?	Ĉu vi denove kontrolus, ĉu mi estas pura?
line:647187f1	Do you want to say what happened...?	Ĉu vi volas rakonti, kio okazis...?
line:807df02d	Do you want to use it?	Ĉu vi volas uzi ĝin?
line:5c42b85a	Doesn't mean I need to yell at you.	Tio ne signifas, ke mi devas kriegi al vi.
line:eefa8ae2	Don't be sorry! Get a mount!	Ne pardonpetu! Akiru seksapogilon!
line:dd0f7b1d	Don't worry, dragons are made to eat anything.	Ne zorgu, drakoj estas faritaj por manĝi ĉion.
line:b90b01a9	Don't worry, he's real nice.	Ne zorgu, li estas vere afabla.
line:7de2a81c	Don't worry. I will.	Ne zorgu. Mi rakontos.
line:c29d4071	Don't... make it sound like that.	Ne... diru tion tiel.
line:31bdd33c	Dont talk with your mouth full	Ne parolu kun plena buŝo.
line:8ee41fdc	Dragon history is complex. Ornamental crest <size=85%> are often <size=70%> worn by dragons to <size=55%>signify what family they belong to! <size=40%> It's an interesting mark of their culutral <size=35%> and familial heritage. I've often wondered if I should continue to wear mine. <size=20%> But culutural and familiar ties are considered important within the lore of dragons! so I must adhere to such things. <size=10%> Water. Earth. Fire. Air. Long ago, the four nations lived together in harmony. Then everything changed when the Fire Nation attacked.	Draka historio estas kompleksa. Ornamaj blazonoj <size=85%> estas ofte <size=70%> portataj de drakoj por <size=55%>montri, al kiu familio ili apartenas! <size=40%> Ili estas interesa signo de kultura <size=35%> kaj familia heredaĵo. Mi ofte demandas min, ĉu mi daŭre portu la mian. <size=20%> Sed kulturaj kaj familiaj ligoj estas gravaj en la tradicioj de drakoj! Do mi devas respekti ilin. <size=10%> Akvo. Tero. Fajro. Aero. Antaŭ longe la kvar nacioj kunvivis harmonie. Sed ĉio ŝanĝiĝis, kiam la Fajra Nacio atakis.
line:0a0e6773	Dragon stomachs are a bit more... robust than yours.	Drakaj stomakoj estas iom pli... fortikaj ol via.
line:7e352505	Dragons of the galaxy 2	Drakoj de la galaksio 2.
line:c2c659d1	Eep!	Aj!
line:0bd1699e	Ehh..	Eee...
line:43dd32f5	Er... That's not-	Nu... Ne tio...
line:93b60dce	Even so. Not this time	Tamen, ne ĉi-foje.
line:573d9362	Even though you were just doing your job... I think it helped him a lot.	Kvankam vi nur faris vian laboron... Mi kredas, ke tio multe helpis lin.
line:a2ba222e	Evening. This establishment takes walk ins, correct?	Bonan vesperon. Ĉi tiu establo akceptas sen antaŭa rendevuo, ĉu ne?
line:f98c3b6c	Every ending here is special!	Ĉiu fino ĉi tie estas speciala!
line:bfeaec15	Every self respecting wizard has a phoenix feather handy.	Ĉiu sin respektanta sorĉisto havas feniksan plumon ĉemane.
line:57df700d	Everyone's gaze carries an immense weight.	Ĉies rigardo portas grandegan pezon.
line:9ad8d2dd	Excellent!	Bonege!
line:0c997163	Excellent.	Bonege.
line:1976bc60	Excellent. Then make sure to go greet your customer at the window.	Bonege. Do nepre salutu vian klienton ĉe la fenestro.
line:7bbe7ee3	Expectations are laaaame.	Atendoj estas enuuiiigaj.
line:f99eb2ff	Ey! The mount! Fuck yeah.	Hej! La seksapogilo! Fek, jes.
line:d376acb9	Ey, so. Was thinkin'	Hej, do. Mi pensis...
line:85ec0862	Ey, sorry for coming in late.	Hej, pardonu, ke mi venas malfrue.
line:12e8ae42	Ey, Use your hands on my cock- it feels good!	Hej, uzu viajn manojn sur mia kaco. Estas agrable!
line:271a3846	Fair enough. I'll be waiting!	Kompreneble. Mi atendos!
line:4789095b	Fair enough. You two do seem cute together.	Kompreneble. Vi ja ŝajnas ĉarmaj kune.
line:f5b37855	Felt good sliding down though!	Sed estis agrable gluti ĝin!
line:274367d7	Figured I'd bring in something nice after all you've done.	Mi pensis alporti ion bonan post ĉio, kion vi faris.
line:aae8afca	Fine with me!	Por mi estas bone!
line:e98616be	For you!	Por vi!
line:62a82aba	Found this one gryphon. About my size...	Mi trovis grifon. Proksimume mian grandecon...
line:807fdc76	From what I've heard he sounds like he's improved a lot recently, yeah?	Laŭ tio, kion mi aŭdis, li multe pliboniĝis lastatempe, ĉu?
line:803bf378	Fuck man, I'm so pumped.	Fek, mi tiel antaŭĝojas.
line:f2418086	Fuck no! Shit's embarrassing.	Fek, ne! Tio estas hontiga.
line:a7ca3ca8	Fuck something and then get a handjob hopefully.	Fiki ion kaj poste, espereble, ricevi manumadon.
line:203bce10	Fuuuck. You really know how to work a dragon!	Feeek. Vi vere scias kiel plaĉi al drako!
line:f7f9b0db	G'day mate!	Saluton, kamarado!
line:664c994e	Gave me time to think.	Vi donis al mi tempon por pensi.
line:1d9b3531	Get a handjob and fuck this mount.	Ricevi manumadon kaj fiki ĉi tiun seksapogilon.
line:48afdce4	Give it to me!	Donu ĝin al mi!
line:9df043ad	Give me a bit	Donu al mi momenton.
line:e5c7f64a	Glad I'm here to remind you then.	Do bone, ke mi venis por memorigi vin.
line:354170aa	Go for it!	Ek!
line:2d0b6b06	Goin' downtown tonight. Needed to be spotless. Say...	Mi iros al la urbocentro ĉi-vespere. Mi bezonas esti senmakula. Diru...
line:dcb506d2	Good as!	Bonege!
line:bcbc6373	Good evening!	Bonan vesperon!
line:607a5c47	Good, I can't be having the Burnswick Community College of Thaumaturgy know that their best professor Alexander has caused another incident.	Bone. Mi ne povas permesi, ke la Komunuma Altlernejo pri Taŭmaturgio de Burnswick eksciu, ke ĝia plej bona profesoro Aleksandro kaŭzis ankoraŭ unu incidenton.
line:12b72085	Good, you better. If I come back and there isn't one...	Bone, prefere tiel faru. Se mi revenos kaj ne estos unu...
line:2c851dad	Good.	Bone.
line:2712436c	Good. 'Aight, let me out.	Bone. Nu, ellasu min.
line:bab51ada	Good... That'd be correct.	Bona... Jen la ĝusta vorto.
line:44f2b8cf	Goodbye!	Ĝis revido!
line:a8e6ac2a	Goodness, thanks to you I have a chance at redeeming this situation.	Ho ve, danke al vi mi ankoraŭ povas savi la situacion.
line:745c3c12	Gosh!	Ho ve!
line:6b5c6564	Gotta <i>practice</i> for Ryan if you catch what I mean.	Necesas <i>ekzerci</i> por Rajano, se vi komprenas.
line:e3cef2bc	Gotta make sure you're spotless!	Necesas, ke vi estu senmakula!
line:b01b2159	Great, so uh,	Bonege, do, nu,
line:43c94954	Grouse as! Excited to see you work!	Bonege! Mi antaŭĝojas vidi vin labori!
line:9de16ee9	Ha!	Ha!
line:88d7e1e2	Haah. This is the best fuckin' wash.	Haa. Jen la plej bona feka lavejo.
line:cc6e7856	Hah! There's the mount!	Ha! Jen la seksapogilo!
line:90dd6d9d	Hah, eager as always.	Ha, entuziasma kiel ĉiam.
line:9542e7a6	Hah, good. Let's break this thing in!	Ha, bone. Ni inaŭguru ĝin!
line:fe21109b	Hah, he seems like the wild type.	Ha, li ŝajnas la sovaĝa tipo.
line:e8bc1d95	Hah, I imagine it would be.	Ha, mi imagas tiel.
line:acbf628d	Hah, it is a motivator.	Ha, tio ja motivas.
line:65b23418	Hah, okay. I'm game.	Ha, bone. Mi pretas.
line:058d9d5c	Hah, yeah. Conrad is definitely experienced...	Ha, jes. Konrado certe estas sperta...
line:8b878971	Hah, yeah. He sounds fun.	Ha, jes. Li ŝajnas amuza.
line:e3ed51d9	Hah. Conrad, you look good too.	Ha. Vi ankaŭ aspektas bone, Konrado.
line:f8b2e23b	Hah. Fine.	Ha. Bone.
line:ea23c5f9	Hah. If only there was a kobold that could clean me.	Ha. Se nur estus koboldo, kiu povus lavi min.
line:c9bb2a93	Hah. Yeah. <size=70%><i>It's cool that you learn to jerk off dragons in cleaning school...	Ha. Jes. <size=70%><i>Estas mojose lerni manumi drakojn en lavista lernejo...
line:50a559bb	Hah... <size=70%> yeah.	Ha... <size=70%>Jes.
line:4d4d9986	Hah... Gonna jerk me off now? That's fine.	Ha... Ĉu vi nun manumos min? Tio plaĉas.
line:4e920759	Hah... Yeah I'm excited.	Ha... Jes, mi antaŭĝojas.
line:b36365ce	Hah... Yeah...	Ha... Jes...
line:b8724c64	Hah... you do like that noise.	Ha... Vi vere ŝatas tiun sonon.
line:c8cde395	Haha, 'Yip' indeed.	Haha, «jip», efektive.
line:680991cf	Haha, yes. Happy to see you.	Haha, jes. Mi ĝojas vidi vin.
line:4c27b031	Haha, you certainly are!	Haha, efektive vi estas!
line:c3a2e14e	Haha, you certainly are!	Haha, efektive vi estas!
line:9ec40945	Haha. 'Yip' to you too.	Haha. «Jip» ankaŭ al vi.
line:5e91e0a7	Haha... Yeah. I'm not really used to complimenting.	Haha... Jes. Mi ne vere kutimas komplimenti.
line:44689f21	Happy to be back.	Mi ĝojas reveni.
line:2672f65d	Happy to be here.	Mi ĝojas esti ĉi tie.
line:192fcb8e	Happy to get it off.	Mi ĝojas forigi ĝin.
line:3517b28e	Have a productive day.	Havu produktivan tagon.
line:7c1adc57	He called me, we met up. He's really damn nice.	Li telefonis, ni renkontiĝis. Li estas diable afabla.
line:e71f9a0b	HE DIED!?	LI MORTIS?!
line:ed6c9afb	He hadn't been... Well, cared about in a long time from what I could gather.	Laŭ mia kompreno, jam delonge neniu... Nu, zorgis pri li.
line:de25de6e	He just... Knew what to say to snap me out of all that.	Li simple... sciis, kion diri por elskui min el tio.
line:a035a3fd	He prefers 'vertically challenged'... But yes.	Li preferas «vertikale limigita»... Sed jes.
line:04b29e42	He really is.	Vere.
line:c7e1b369	He really is.	Vere.
line:c64bd5ce	He said I was chill, we planned a date...	Li diris, ke mi estas agrabla, ni planis rendevuon...
line:e8a91447	He's a lot. But, I like it.	Li estas intensa. Sed mi ŝatas tion.
line:a7181b1a	He's a red dragon. I think you two would like eachother!	Li estas ruĝa drako. Mi kredas, ke vi ŝatus unu la alian!
line:8245fe2b	He's already back to work. Thanks for helping with all that.	Li jam relaboras. Dankon pro via helpo pri tiu tuta afero.
line:aaea8391	He's been way nicer recently.	Li estas multe pli afabla lastatempe.
line:7363c004	He's great.	Li estas bonega.
line:c13d4e24	He's hot.	Li estas seksalloga.
line:675d7e37	He's like. SUPER hung.	Li havas... VERE grandan kacon.
line:7deb9fff	He's like... a big softy surrounded by sharp pointy bits.	Li estas kvazaŭ... molulo ĉirkaŭita de akraj pintoj.
line:800c553d	He's my dream dragon.	Li estas mia reva drako.
line:4b3c70d9	He's snappy, but tender too!	Li estas akralanga, sed ankaŭ tenera!
line:31281c6d	He's this REALLY cute red drake who goes to the wash!	Li estas VERE ĉarma ruĝa drako, kiu venas al la lavejo!
line:4c11c83e	He's tiny, I like being eye level with him.	Li estas eta. Mi ŝatas vidi lin je la sama okulalteco.
line:b9ce2f3c	He's... Considerate. Real understanding too.	Li estas... zorgema. Kaj vere komprenema.
line:8e9e0f98	Heard about you and the big blue guy. Ryan was it?	Mi aŭdis pri vi kaj la granda blua. Rajano, ĉu?
line:ca4a9672	Heeeey Ryan.	Heeej, Rajano.
line:24ce37ec	Heeeey.	Heeej.
line:bb70c1ed	Heh. Yeah.	He. Jes.
line:3fa80829	Heh. Yeah. I like you too.	He. Jes. Vi ankaŭ plaĉas al mi.
line:20393ff6	Heh. Yeah. That's me.	He. Jes. Jen mi.
line:ac769d93	heh.. yea.. sorry..	He... Jes... Pardonu..
line:5246ceea	Heh... alright.	He... Bone.
line:75fef5cb	Heh... Damn right.	He... Diable prave.
line:5f0edcb2	Heh... Handsy today, huh?	He... Managema hodiaŭ, ĉu?
line:2f55b3aa	Hehe	Hehe.
line:7e991330	Hehe yeah.	Hehe, jes.
line:3223473f	Hehe, I'm excited to get into the dating scene again.	Hehe, mi antaŭĝojas denove serĉi amon.
line:4a137220	Hehe, thanks. It has stuff that should be good for both of us.	Hehe, dankon. Estas aferoj, kiuj devus taŭgi por ni ambaŭ.
line:1a3e2a73	Hell yea	Fek, jes.
line:93f67490	Hell yeah	Fek, jes.
line:389e4033	Hell yeah I did!	Diable, certe mi ĝuis!
line:17dbb9b7	Hell yeah.	Fek, jes.
line:4b7b33d9	Hello!	Saluton!
line:c3d3da41	Hello!	Saluton!
line:4183ca7e	Hello, <i>'Drag'n wash franchise 223'...</i> Have you figured out how to interact yet?	Saluton, <i>«franĉizejo Drag'n'wash 223»...</i> Ĉu vi jam eltrovis kiel interagi?
line:a99c515c	Hello, <i>'Drag'n wash franchise 223'...</i> Have you spoken to your first customer yet?	Saluton, <i>«franĉizejo Drag'n'wash 223»...</i> Ĉu vi jam parolis kun via unua kliento?
line:b7cce838	Hello.	Saluton.
line:a8779ebf	Hello?	Saluton?
line:dd4b34ae	Hello?	Saluton?
line:1954aab7	Help the developers out please..	Bonvolu helpi la programistojn...
line:db9c3a5c	Help the developers out please..	Bonvolu helpi la programistojn...
line:f7f7f5a1	Help the developers out please..	Bonvolu helpi la programistojn...
line:fc461784	Help the developers out please..	Bonvolu helpi la programistojn...
line:ee3398a6	Hey big guy.	Hej, grandulo.
line:0090c7b0	Hey Conrad!	Hej, Konrado!
line:3d0a5aeb	Hey Conrad!	Hej, Konrado!
line:a2b4acea	Hey conrad!	Hej, Konrado!
line:975a629f	Hey Conrad.	Hej, Konrado.
line:21235886	Hey could you come up front where I can see you?	Hej, ĉu vi povus veni antaŭen, kie mi povas vidi vin?
line:533532c4	Hey fine by me!	Hej, por mi bone!
line:1538bc7e	Hey good lookin'	Hej, belulo.
line:0121c874	Hey hey. Glad you're open.	Hej, hej. Mi ĝojas, ke vi estas malfermita.
line:71b651dd	Hey I have something to say!	Hej, mi volas ion diri!
line:0d4e0ecf	Hey kobold!	Hej, koboldo!
line:af3f02c9	Hey Ryan, what do you have there?	Hej, Rajano, kion vi havas tie?
line:6374414d	Hey thanks for being here for me...	Hej, dankon, ke vi subtenas min...
line:bf5ff483	Hey there, happy to be back.	Hej, mi ĝojas reveni.
line:c38b7fa6	Hey there, Ryan!	Hej, Rajano!
line:2d5fc8a2	Hey there- Maybe you can get 'hands on' later?	Hej... Eble ni lasu tiun «manlaboron» por poste?
line:1b6c7f75	Hey there.	Saluton.
line:5dacf226	Hey there.	Saluton.
line:82698bd1	Hey there.	Saluton.
line:ab3a5d9c	Hey there.	Hej.
line:3d2bc74e	Hey uh, do you think Ryan and I will <i>actually</i> work out?	Hej, nu, ĉu vi kredas, ke mi kaj Rajano <i>vere</i> sukcesos?
line:04501155	Hey uh, I just need a cleaning.	Hej, nu, mi nur bezonas lavadon.
line:2a29842a	Hey uh... Not now.	Hej, nu... Ne nun.
line:8caa3196	Hey uhm, thanks once again.	Hej, nu, dankon denove.
line:5c7a9105	Hey!	Hej!
line:eed2cc64	Hey!	Hej!
line:2f3f5508	Hey! He's just... 'vertically challenged'.	Hej! Li estas nur... «vertikale limigita».
line:55bb78d1	Hey! I'm here for a wash.	Hej! Mi venis por lavado.
line:33480903	Hey, Alexander!	Hej, Aleksandro!
line:21fcef4f	Hey, Alexander.	Hej, Aleksandro.
line:14598ca6	Hey, big guy!	Hej, grandulo!
line:e7353d24	Hey, I've got a question for you.	Hej, mi havas demandon por vi.
line:674877e5	Hey, nothin' wrong with asking!	Hej, ne estas malbone demandi!
line:d2589856	Hey, welcome back!	Hej, bonvenon reen!
line:0d3e4054	Hey.	Hej.
line:aa0dda7b	Hey.	Hej.
line:7f2e2736	Hey... little guy!	Hej... etulo!
line:933efa6d	Hi again!	Saluton denove!
line:873a2b9a	Hi again..	Saluton denove..
line:83ac5b68	Hi Conrad.	Saluton, Konrado.
line:050efd1a	Hi, Ryan!	Saluton, Rajano!
line:06ed6aea	Hiiiii! Hiii!	Saluuuton! Saluuut!
line:5a632b75	His physical form is currently reconstituting in the staff lounge.	Lia korpa formo nun rekonstruiĝas en la instruista ripozejo.
line:6bd91ca7	Hm, I think I'll pass on the mount.	Hm, mi kredas, ke mi ne uzos la seksapogilon.
line:370d719b	Hm?	Hm?
line:3c3ddd0c	Hm?	Hm?
line:44658d73	Hmm...	Hmm...
line:bf059ff3	Hmm...	Hmm...
line:730b1ca4	Hmm?	Hmm?
line:fc571337	Hmmm, maybe something else?	Hmm, eble ion alian?
line:19207e44	Hold on a little longer for me?	Ĉu vi povus elteni iom pli por mi?
line:f2ae89c4	Honestly, I'm surprised how nice this is.	Verdire, mi ne atendis, ke tio estos tiel agrabla.
line:a2ff0176	Hope it went well.	Mi esperas, ke ĉio iris bone.
line:b17360a0	Hope that's alright?	Mi esperas, ke tio estas en ordo?
line:ae08853f	Hope you're doing alright!	Mi esperas, ke vi fartas bone!
line:e1fa2461	Hopefully! I'll go get the gate.	Espereble! Mi malfermos la pordegon.
line:99931b37	Hopefully.	Espereble.
line:d9c91bca	How about you though? have you been seeing anyone?	Sed kiel pri vi? Ĉu vi renkontiĝas kun iu?
line:4ec92454	How about you? Anyone exciting?	Kaj vi? Ĉu iu interesa?
line:86bde306	How are you with seafood?	Ĉu vi ŝatas marmanĝaĵojn?
line:7fb611c9	How come you brought this all in?	Kial vi alportis ĉion ĉi?
line:af0d0972	How come you're covered in ink?	Kial vi estas kovrita per inko?
line:e385b7f3	How did it go?	Kiel okazis?
line:c0161bbc	How did it taste?	Kiel ĝi gustis?
line:262b262e	how do I get in?	kiel mi eniru?
line:676b0638	how do I get in?	kiel mi eniru?
line:8308bb09	How do I look?	Kiel mi aspektas?
line:4f172746	How do you even digest that?	Kiel vi eĉ digestas tion?
line:28d390ac	How so?	Kiel?
line:4ef9fe65	How so?	Kiel?
line:ea66b5af	How so?	Kiel?
line:4b29790b	How was the sex.	Kia estis la sekso?
line:7736270c	How was your date with Conrad?	Kiel estis via rendevuo kun Konrado?
line:18d418ab	However, it's ornamental! My family crest. You see...	Sed ĝi estas ornamaĵo! Mia familia blazono. Vidu...
line:1f250062	However, My <i>image</i> is far more permanent than Igwyx's fleeting physical forms.	Tamen mia <i>publika bildo</i> estas multe pli daŭra ol la efemeraj korpaj formoj de Igvikso.
line:ae34381b	However, that respect comes with an expectation to act as I look. It's incredibly stressful.	Tamen tiu respekto venas kun atendo, ke mi agu laŭ mia aspekto. Tio estas nekredeble streĉa.
line:d2baf9e2	However...	Tamen...
line:fb8401c3	Huff...	Huf...
line:b54ee04d	huff... Thank you for that.	Huf... Dankon pro tio.
line:16420ca7	Huff... Thanks for that.	Huf... Dankon pro tio.
line:45507089	Huff... That was nice... Made a bit of a mess though.	Huf... Estis agrable... Sed mi iom malpurigis ĉion.
line:ae83cfb6	huh...?	Ĉu...?
line:0c78b56b	Huh?	Ĉu?
line:e96114a2	Huh? ofcourse not!	Ĉu? Kompreneble ne!
line:836c079c	I <i>think </i> I must've spilled an inkwell <i>on the way here</i>. Rather clumsy of me!	Mi <i>kredas </i>ke mi verŝis inkujon <i>survoje ĉi tien</i>. Sufiĉe mallerte!
line:d37175c7	I act tough but am a small dragon...	Mi ŝajnigas min forta, sed mi estas malgranda drako...
line:b4e27683	I agree	Mi konsentas.
line:68ebf07b	I allowed him, as my stature provides ample height.	Mi permesis tion, ĉar mia staturo donas sufiĉan alton.
line:a051821a	I already feel a lot better.	Mi jam sentas min multe pli bone.
line:49bfbfbe	I already have spot at the club reserved.	Mi jam rezervis lokon en la klubo.
line:14ff4edd	I always do~	Mi ĉiam tiel fervoras~
line:b05c6259	I always look forward to seeing you. I'll go get the gate.	Mi ĉiam antaŭĝojas vidi vin. Mi malfermos la pordegon.
line:52bf5ede	I am THE kobold. Yip!	Mi estas LA koboldo. Jip!
line:141c006f	I am too.	Ankaŭ mi.
line:363f6f6a	I am too.	Ankaŭ mi.
line:405b9622	I am too.	Ankaŭ mi.
line:d4c5faea	I am too.	Ankaŭ mi.
line:556897bf	I am! Even better now that you're here.	Jes! Eĉ pli bone nun, kiam vi estas ĉi tie.
line:e499b2cc	I am.	Mi estas.
line:5ec8bb55	I believe that's in part because of you.	Mi kredas, ke parte dank' al vi.
line:9883786d	I booked the night.	Mi rezervis la tutan nokton.
line:eae85bf9	I broke up with my partner...	Mi disiĝis de mia partnerino...
line:ffcfee20	I brought watermelon, bread, grapes, and some other stuff.	Mi alportis akvomelonon, panon, vinberojn kaj kelkajn aliajn aferojn.
line:e8aa18f4	I can digest pretty much anything.	Mi povas digesti preskaŭ ĉion.
line:7f543c2a	I can let loose whenever you are ready	Mi povas ellasi ĉion kiam vi pretas.
line:c83a6a0d	I can't believe Igwix would make a mistake like this!	Mi ne povas kredi, ke Igvikso faris tian eraron!
line:e051a79e	I consider you a good friend too	Mi ankaŭ konsideras vin bona amiko.
line:f382336f	I could get us the <i>nicest</i> spots for their show.	Mi povus akiri por ni la <i>plej bonajn</i> sidlokojn por la spektaklo.
line:2602b8c6	I could use a wash.	Lavado utilus al mi.
line:c66153d3	I couldn't help but notice the... device over there.	Mi ne povis ne rimarki la... aparaton tie.
line:b71f0756	I decided to try baking.	Mi decidis provi bakadon.
line:e62b989c	I decided to try baking.	Mi decidis provi bakadon.
line:efea7148	I decided to try baking.	Mi decidis provi bakadon.
line:98f800d3	I didn't know anyone could like me that much so easily.	Mi ne sciis, ke mi povus tiel facile plaĉi al iu tiom multe.
line:4116f001	I didn't know what the button did.	Mi ne sciis, kion faras la butono.
line:7a5c7f54	I didn't mean to fluster you!	Mi ne celis embarasi vin!
line:55542a9b	I do enjoy the color. Though I believe its unrelated to my own hue.	Mi ŝatas la koloron, kvankam tio laŭ mi ne rilatas al mia propra nuanco.
line:f9c800f2	I do!	Jes, certe!
line:ad9c1ada	I do. But, what happened?	Jes. Sed kio okazis?
line:a45ccf3a	I don't believe I can hold back any longer	Mi ne kredas, ke mi povas reteni min plu.
line:8c6e1cd3	I don't get it! Why do I have to act this way?	Mi ne komprenas! Kial mi devas agi tiel?
line:cc4e48a3	I don't know where they went but I feel dirty again.	Mi ne scias, kien malaperis la alkemiisto, sed mi denove sentas min malpura.
line:71127249	I don't mean to be rude, but I must decline	Mi ne volas esti malĝentila, sed mi devas rifuzi.
line:f5696cc4	I don't need to tell you.	Mi ne devas rakonti al vi.
line:878fc94c	I don't understand..	Mi ne komprenas..
line:4f3d31f8	I don't want your pitty!	Mi ne volas vian kompaton!
line:8fc36ab7	I enjoy being a part of so many individuals lives in a positive way.	Mi ĝuas esti pozitiva parto de la vivo de tiom da homoj.
line:14653182	I enjoy parts of it. The respect is pleasant...	Mi ĝuas kelkajn flankojn. La respekto estas agrabla...
line:bd4bb1b9	I enjoy that I do not fear failure around you.	Mi ĝuas ne timi malsukceson apud vi.
line:c108ed4f	I enjoy when you tell me what to do with a pat of your hand.	Mi ĝuas, kiam vi diras, kion mi faru, per manfrapeto.
line:6db406b4	I enjoyed this quite a lot.	Mi tre ĝuis tion.
line:e838533b	I feel as I could say anything to you.	Mi sentas, ke mi povus diri ion ajn al vi.
line:9b9567ec	I feel much better.	Mi sentas min multe pli bone.
line:ed6be68f	I feel spotless as always.	Mi sentas min senmakula kiel ĉiam.
line:938be2fb	I forget the ignorance of a layman. I apologize.	Mi forgesas la nescion de laiko. Mi pardonpetas.
line:63837f22	I forgot to bite into it so... Nothing?	Mi forgesis mordi ĝin, do... Neniel?
line:fe3484ea	I get how you'd feel that way after a breakup, yeah.	Mi komprenas, ke vi tiel sentas post disiĝo.
line:adf1550f	I give my other bipedal friends rides all the time.	Mi portas miajn aliajn dupiedajn amikojn la tutan tempon.
line:9a68366f	I got a mount.	Mi akiris seksapogilon.
line:78a54cae	I got back home a bit dirty. And she yelled at me.	Mi revenis iom malpura, kaj ŝi kriegis al mi.
line:22a9094a	I guess so!	Mi supozas, ke jes!
line:28d6c0aa	I hate that I'm always getting into situations like this.	Mi malamas ĉiam troviĝi en tiaj situacioj.
line:366a7f73	I have a question.	Mi havas demandon.
line:82b63c18	I have something to say!	Mi havas ion por diri!
line:fd68807c	I have to say, you did as good a job as private washers.	Mi devas diri, ke vi laboris same bone kiel privataj lavistoj.
line:761f413a	I heard a loud bang	Mi aŭdis laŭtan eksplodon.
line:9d7cc63c	I heard a loud bang, I don't think Igwix made it.	Mi aŭdis laŭtan eksplodon. Mi ne kredas, ke Igvikso postvivis.
line:7ede5030	I heard there was kobolds down here that could wash me up?	Mi aŭdis, ke ĉi tie estas koboldoj, kiuj povus lavi min?
line:efb2d4af	I heard there were kobolds down here that could wash me up?	Mi aŭdis, ke ĉi tie estas koboldoj, kiuj povas lavi min?
line:2f9b499a	I honestly don't know how you are doing that.	Mi vere ne scias, kiel vi faras tion.
line:6f5dbc90	I hope he's okay too.	Mi ankaŭ esperas, ke li estas en ordo.
line:cd0197ed	I hope I can learn from that.	Mi esperas, ke mi povos lerni de tio.
line:cf50dbcc	I hope it all works out.	Mi esperas, ke ĉio sukcesos.
line:b2dfad3e	I hope so.	Mi esperas.
line:0477b0d7	I hope so. I really want a fresh start with someone.	Mi esperas. Mi vere volas freŝan komencon kun iu.
line:7429dab7	I hope that you'll help me prove them wrong!	Mi esperas, ke vi helpos min pruvi la malon!
line:be5feb3e	I hope things get better.	Mi esperas, ke la aferoj pliboniĝos.
line:114ac9a0	I hope you're right.	Mi esperas, ke vi pravas.
line:06744c7e	I just don't like that she takes it out on me.	Mi simple ne ŝatas, ke ŝi elverŝas tion sur min.
line:1fb02179	I just don't like that she takes it out on me.	Mi simple ne ŝatas, ke ŝi elverŝas tion sur min.
line:c8a1e7d0	I Just need a quick wash... Maybe the mount would be nice too.	Mi nur bezonas rapidan lavon... Eble ankaŭ la seksapogilo estus agrabla.
line:95ff1bed	I just wish for you to ask me a question. Any question.	Mi simple volas, ke vi faru al mi demandon. Iun ajn.
line:f716a163	I knew you were too busy, so I figured I'd bring the date to you!	Mi sciis, ke vi estas tro okupata, do mi pensis alporti la rendevuon al vi!
line:2461773d	I knew you'd have my back	Mi sciis, ke vi subtenos min.
line:6a671440	I know a decent equine-kin place by the pier.	Mi konas bonan restoracion de la ĉevaluloj apud la moleo.
line:50102b85	I know he can be a bit hot headed and forget to thank folks.	Mi scias, ke li povas esti iom kolerema kaj forgesi danki.
line:83c55e2e	I know things can be tough.	Mi scias, ke foje estas malfacile.
line:2ffb026d	I know you need to close down shop. I'll make sure you get the address and we can meet up there, yeah?	Mi scias, ke vi devas fermi la lavejon. Mi donos al vi la adreson kaj ni renkontiĝos tie, ĉu bone?
line:ded99a0c	I know, I'll reserve your spot!	Mi scias, mi gardos vian lokon!
line:59e503b2	I know. But the ability to open up to someone, even occasionally-	Mi scias. Sed povi malfermi sin al iu, eĉ nur de tempo al tempo...
line:d30ffec9	I know. I know I shouldn't be dumping this on you.	Mi scias. Mi ne devus ŝarĝi vin per ĉio ĉi.
line:875048ca	I know. I know.	Mi scias. Mi scias.
line:7b59e4d6	I like how sure of yourself you are. Even if it just has to do with washing.	Mi ŝatas vian memcertecon. Eĉ se temas nur pri lavado.
line:46061aae	I like it! I think you'd enjoy it too.	Mi ŝatas ĝin! Mi kredas, ke ankaŭ vi ĝuus.
line:f4ad8ea6	I like taking care of you.	Mi ŝatas zorgi pri vi.
line:8ffedb47	I like the mount you chose. Mind grabbing it?	Mi ŝatas vian elektitan seksapogilon. Ĉu vi alportus ĝin?
line:5c86951f	I like you a lot.	Vi tre plaĉas al mi.
line:a91980fc	I like you for who you are.	Mi ŝatas vin pro tio, kiu vi estas.
line:bdca3e1b	I like... him.	Mi ŝatas... lin.
line:2b65bf83	I love bubbles, they tickle!	Mi amas vezikojn, ili tiklas!
line:f8a4f404	I mean it. Really.	Mi vere pensas tion. Vere.
line:ae719afc	I need to be better. I <i>want </i>to be better.	Mi devas pliboniĝi. Mi <i>volas </i>pliboniĝi.
line:a0373456	I need to be spotless. Seems that's what you're for. <size=70%> Ha.	Mi bezonas esti senmakula. Ŝajne por tio vi estas ĉi tie. <size=70%>Ha.
line:3da2dd1d	I never expected myself to confide such embarrassing things in someone.	Mi neniam atendis konfidi tiajn embarasajn aferojn al iu.
line:0c986dec	I never expected you to be the type to be so messy!	Mi ne imagis vin tia, kiu tiel malpuriĝas!
line:95db900b	I never miss a spot.	Mi neniam preterlasas makulon.
line:d620d41a	I never thought someone like him would be my type...	Mi neniam pensis, ke iu kiel li estus mia tipo...
line:67592de1	I probably need to head out though.	Sed mi verŝajne devas foriri.
line:e41c6dc5	I really do hope it all works out!	Mi vere esperas, ke ĉio sukcesos!
line:a722aada	I really think it was this time...	Ĉi-foje mi vere kredas, ke estis mia kulpo...
line:e80e5edd	I see what you're doing, thank you.	Mi komprenas, kion vi faras. Dankon.
line:cc6ec337	I see..	Mi komprenas..
line:d57520b1	I seem to have gotten myself covered in ink!	Ŝajnas, ke mi kovris min per inko!
line:3b161cf3	I still need more!	Mi ankoraŭ bezonas pli!
line:47dc71f3	I suppose I understand disliking the mess it may cause.	Mi komprenas malŝati la malpuraĵon, kiun ĝi povas kaŭzi.
line:234ccfda	I suppose it depends on the circumstances.	Mi supozas, ke dependas de la cirkonstancoj.
line:910706c0	I think a movie could be fun!	Mi kredas, ke filmo povus esti amuza!
line:99bbb171	I think he was in a bad environment. He's doing better now.	Mi kredas, ke li estis en malbona medio. Nun li fartas pli bone.
line:9247b7a0	I think he'd like the new you!	Mi kredas, ke la nova vi plaĉus al li!
line:f4982dcd	I think he's got a crush on me.	Mi kredas, ke mi plaĉas al li.
line:fc6fdd10	I think I can still feel some explosion grime on me...	Mi kredas, ke mi ankoraŭ sentas iom da eksploda malpuraĵo...
line:4efc873f	I think I like being taken care of?	Mi kredas, ke mi ŝatas esti prizorgata?
line:f5d36d9a	I think I might be close..	Mi kredas, ke mi eble estas proksima..
line:52fc4e08	I think I'd like that!	Mi kredas, ke tio plaĉus al mi!
line:5c78099a	I think I'd like to meet him!	Mi kredas, ke mi ŝatus renkonti lin!
line:14e0edf6	I think I'd like to try!	Mi kredas, ke mi volas provi!
line:164df75a	I think I'd like to use it?	Mi kredas, ke mi volus uzi ĝin?
line:4f6168aa	I think I'd like to use it?	Mi kredas, ke mi volus uzi ĝin?
line:ab314624	I think I'd like to?	Mi kredas, ke mi volus?
line:170c6aa3	I think I'd like you to be that someone aswell.	Mi ankaŭ kredas, ke mi ŝatus, ke vi estu tiu iu.
line:8f46bb17	I think I've got it!	Mi kredas, ke mi komprenas!
line:a5e128e0	I think she's upset about something else...	Mi kredas, ke ŝi koleras pro io alia...
line:bc2545e7	I think she's upset about something else...	Mi kredas, ke ŝi koleras pro io alia...
line:335c5156	I think so!	Mi kredas, ke jes!
line:3292625e	I think that would make a decent place! They put on good shows every night.	Mi kredas, ke tio estus bona loko! Ili prezentas bonajn spektaklojn ĉiuvespere.
line:eaafe671	I think you got every spot!	Mi kredas, ke vi purigis ĉiun makulon!
line:1760e5d5	I think you got every spot.	Mi kredas, ke vi purigis ĉiun makulon.
line:341175f7	I think you got every spot.	Mi kredas, ke vi purigis ĉiun makulon.
line:770e7473	I think you got every spot.	Mi kredas, ke vi purigis ĉiun makulon.
line:f4a8f7fc	I think you helped him a lot more than you realize.	Mi kredas, ke vi helpis lin multe pli ol vi konscias.
line:f28fd15d	I think you missed a few spots still...	Mi kredas, ke vi ankoraŭ preterlasis kelkajn makulojn...
line:77509e74	I think you're cool too. Self improvement is hard.	Mi ankaŭ trovas vin mojosa. Estas malfacile plibonigi sin.
line:763c6a82	I think you're good looking.	Mi trovas vin belaspekta.
line:69e7dbb3	I think you're pretty cool, Conrad.	Mi trovas vin sufiĉe mojosa, Konrado.
line:9c393f61	I think you're special too.	Mi ankaŭ trovas vin speciala.
line:7d5ae3b4	I usually make do with a hose down at home...	Mi kutime kontentiĝas per akvohoso hejme...
line:c4fc9b28	I wanna talk face to face!	Mi volas paroli vidalvide!
line:548dc375	I want to be more open. It feels good.	Mi volas esti pli malferma. Estas agrable.
line:e02f464d	I was helping the alchemist reach a high shelf	Mi helpis la alkemiiston atingi altan breton.
line:fa97376e	I was helping the alchemist reach a high shelf	Mi helpis la alkemiiston atingi altan breton.
line:bb015b1b	I was romping around the forest	Mi petolis en la arbaro.
line:78e2cb13	I was thinking about what you said,	Mi pensis pri tio, kion vi diris,
line:b8282714	I was thinking.	Mi pensis.
line:ca616238	I was thinking. We could go out some time next week?	Mi pensis. Ĉu ni povus eliri iam venontsemajne?
line:a13d76ec	I was thinking...	Mi pensis...
line:c1a4edf0	I wasn't making her happy either.	Kaj mi ne feliĉigis ŝin.
line:a4214fe6	I went out of my way for a discrete washing, I was sure I wasn't followed.	Mi aparte klopodis por diskreta lavado. Mi certis, ke neniu sekvis min.
line:db5cd152	I went out with some friends.	Mi eliris kun kelkaj amikoj.
line:b6b9dc33	I will pay double. Triple- This is a job only you can do!	Mi pagos duoble. Trioble! Nur vi povas fari ĉi tiun laboron!
line:0c31345e	I will, thanks.	Mi revenos, dankon.
line:fa41daf4	I will. I just need a quick wash, and wouldn't mind using the mount today.	Mi rakontos. Mi nur bezonas rapidan lavon, kaj hodiaŭ mi volonte uzus la seksapogilon.
line:399457b7	I wish it was easy as it is in movies.	Mi dezirus, ke estu tiel facile kiel en filmoj.
line:2185f08c	I won't.	Mi ne diros.
line:45950848	I would like that!	Tio plaĉus al mi!
line:099ec7fd	I would love to.	Mi tre volonte.
line:e6006cd6	I wouldn't mind!	Mi volonte!
line:81905be1	I'd like to go out to eat.	Mi ŝatus iri manĝi.
line:75b152eb	I'd love to talk more, truly, but class is soon.	Mi vere ŝatus pli babili, sed la leciono baldaŭ komenciĝos.
line:2fe8a558	I'd love to!	Mi tre ŝatus!
line:87ba56cc	I'll be back again, yeah?	Mi revenos, ĉu bone?
line:ca035ef2	I'll be back again. It's nice having you as a friend.	Mi revenos. Estas agrable havi vin kiel amikon.
line:0fcd9c26	I'll be back soon, yeah? Thanks for the wash.	Mi revenos baldaŭ, ĉu bone? Dankon pro la lavado.
line:d9f422eb	I'll be waiting at the bar for you tonight!	Mi atendos vin en la drinkejo ĉi-vespere!
line:69dff2ec	I'll be waiting for the gate!	Mi atendos la malfermon de la pordego!
line:ae4d09f6	I'll be waiting for the gate!	Mi atendos la malfermon de la pordego!
line:ab616aac	I'll definitely keep this place in mind.	Mi certe memoros ĉi tiun lokon.
line:b122441b	I'll get one ordered I promise!	Mi mendos unu, mi promesas!
line:1642b6f1	I'll get out of your scales now. Thank you for the wash.	Mi nun lasos vin trankvila. Dankon pro la lavado.
line:707d2693	I'll get out of your scales...	Mi lasos vin trankvila...
line:ca480eed	I'll get you two in contact then.	Do mi metos vin en kontakton.
line:59416000	I'll go get the gate for ya'	Mi malfermos por vi.
line:6aa7ad03	I'll go get the gate for ya'	Mi malfermos por vi.
line:2a6d7e7d	I'll go get the gate for you.	Mi iros malfermi la pordegon por vi.
line:8107858d	I'll go get the gate for you.	Mi iros malfermi la pordegon por vi.
line:d1755010	I'll go get the gate for you.	Mi iros malfermi la pordegon por vi.
line:4d692a01	I'll go get the gate.	Mi malfermos la pordegon.
line:a75bb519	I'll go get the gate.	Mi malfermos la pordegon.
line:8689a124	I'll happily get that for you.	Mi volonte alportos ĝin por vi.
line:48e99d7b	I'll have to close up shop first-	Mi unue devos fermi la lavejon...
line:f2b894e2	I'll have to reserve your spot while you close up.	Mi gardos vian lokon dum vi fermas.
line:6c5e2459	I'll keep that in mind. I'm used to things being transactional.	Mi memoros tion. Mi kutimas, ke ĉio estas interŝanĝo.
line:956a0f47	I'll make sure to ask him next time I see him.	Mi certe demandos lin ĉe nia venonta renkontiĝo.
line:e64d21e4	I'll make sure to come back.	Mi certe revenos.
line:7c9fe106	I'll make sure to get out of your scales.	Mi lasos vin trankvila.
line:87006442	I'll make sure to tell others about this place	Mi rakontos al aliaj pri ĉi tiu loko.
line:1db78e06	I'll make sure to tell you how it goes, yeah?	Mi certe rakontos, kiel ni sukcesas, ĉu bone?
line:49b6a167	I'll make sure you're <i>spotless.	Mi certigos, ke vi estas <i>senmakula.
line:96981b61	I'll manage.	Mi eltenos.
line:9aa97614	I'll need this to be swift, students won't teach themselves.	Mi bezonos rapidan servon. La studentoj ne instruos sin mem.
line:9ef857c8	I'll need to resurrect Igwix, oh how embarrassing!	Mi devos revivigi Igvikson. Kiel embarase!
line:90a9a98e	I'll see you next time I come in, yeah?	Ĝis mia venonta vizito, ĉu?
line:d0f6a49a	I'll see you next time I come in, yeah?	Ĝis mia venonta vizito, ĉu?
line:160bf40f	I'll start prepping for it.	Mi komencos prepari ĉion.
line:8af64cb8	I'll take care of this, don't you worry.	Mi prizorgos tion, ne zorgu.
line:e20c6391	I'll tell you in a bit. Could you just get the gate for now?	Mi rakontos baldaŭ. Ĉu vi nun simple malfermus la pordegon?
line:04c62f9b	I'm <i>spotless</i>.	Mi estas <i>senmakula</i>.
line:629f8cff	I'm a bit of a big deal around there.	Mi estas iom grava tie.
line:d9272031	I'm a dragon.	Mi estas drako.
line:675e7284	I'm a rule breaker!	Mi estas regulrompanto!
line:afcd5586	I'm a... kobold.	Mi estas... koboldo.
line:5d41b5d6	I'm all dirty still!	Mi ankoraŭ estas tute malpura!
line:2f6eb3c3	I'm all soapy still!	Mi ankoraŭ estas tute sapa!
line:18707b19	I'm always happy to give you a wash!	Mi ĉiam volonte lavas vin!
line:3b01eb3b	I'm always happy to give you a wash!	Mi ĉiam volonte lavas vin!
line:d82b1a7d	I'm always happy to help. <i><size=70%> especially a big dragon.	Mi ĉiam volonte helpas. <i><size=70%>Precipe grandan drakon.
line:46c6a3ed	I'm always happy to see you Ryan.	Mi ĉiam ĝojas vidi vin, Rajano.
line:75206eee	I'm always happy to see you Ryan.	Mi ĉiam ĝojas vidi vin, Rajano.
line:fa6e232e	I'm always happy to see you. I'll go get the gate for you.	Mi ĉiam ĝojas vidi vin. Mi malfermos por vi.
line:07e5fc05	I'm amazed!	Mi estas mirigita!
line:4586d55d	I'm an asshole. I know I am.	Mi estas fiaĉulo. Mi scias.
line:a6d46685	I'm certain he also finds you pleasant!	Mi certas, ke vi ankaŭ plaĉas al li!
line:ef399e26	I'm doing good!	Mi fartas bone!
line:a6c1f2f4	I'm excited for you!	Mi ĝojas por vi!
line:94fbdbf0	I'm excited for you. I'll get the gate!	Mi ĝojas por vi. Mi malfermos!
line:f83e4966	I'm excited to hear about it!	Mi antaŭĝojas aŭdi pri tio!
line:bd55b8f4	I'm excited to see them washing down the drain though.	Sed mi ankaŭ antaŭĝojas vidi ilin flui en la elfluejon.
line:24832f01	I'm excited.	Mi antaŭĝojas.
line:69f406a6	I'm excited.	Mi antaŭĝojas.
line:a00f681d	I'm excited.	Mi antaŭĝojas.
line:a0479425	I'm excited.	Mi antaŭĝojas.
line:b5d7d26f	I'm excited.	Mi antaŭĝojas.
line:d66b9155	I'm excited.	Mi antaŭĝojas.
line:4e1b1d0a	I'm glad you derive enjoyment from this as well.	Mi ĝojas, ke vi ankaŭ ĝuas tion.
line:5db47405	I'm glad you enjoy him. I'm certain he finds you pleasant.	Mi ĝojas, ke vi ĝuas lian kompanion. Li certe ankaŭ ŝatas vin.
line:c56ee060	I'm glad you enjoy my crest.	Mi ĝojas, ke vi ŝatas mian blazonon.
line:f44a1493	I'm glad you trust me.	Mi ĝojas, ke vi fidas min.
line:3a2ed5ef	I'm glad you two are working out though.	Sed mi ĝojas, ke via rilato sukcesas.
line:c0972e81	I'm glad you two are working out.	Mi ĝojas, ke via rilato sukcesas.
line:34ba77b1	I'm glad you were able to make the choice that was best for you.	Mi ĝojas, ke vi povis fari la plej bonan elekton por vi.
line:d5a90e1c	I'm glad!	Mi ĝojas!
line:286fec49	I'm glad.	Mi ĝojas.
line:42f5fd9d	I'm glad.	Mi ĝojas.
line:99b6dc81	I'm glad.	Mi ĝojas.
line:570d4953	I'm happy for you!	Mi ĝojas por vi!
line:ac6d5bd3	I'm happy for you!	Mi ĝojas por vi!
line:ed5c40ca	I'm happy for you!	Mi ĝojas por vi!
line:79099951	I'm happy to be here too.	Mi ankaŭ ĝojas esti ĉi tie.
line:99fd9b51	I'm happy to give you a place you can relax.	Mi ĝojas doni al vi lokon por malstreĉiĝi.
line:5d36d5c8	I'm happy to have met you.	Mi ĝojas, ke mi renkontis vin.
line:ce21622a	I'm happy to hear that.	Mi ĝojas aŭdi tion.
line:69963a6c	I'm happy you feel comfy here.	Mi ĝojas, ke vi sentas vin komforte ĉi tie.
line:38388248	I'm here for a wash.	Mi venis por lavado.
line:a6974256	I'm here if you need someone to talk to.	Mi estas ĉi tie se vi bezonas iun por paroli.
line:6690512d	I'm impressed.	Mi estas impresita.
line:2e424b13	I'm in need of another wash.	Mi bezonas denovan lavadon.
line:ef91a572	I'm Jealous!	Mi envias!
line:a79b8639	I'm just happy I don't feel judged here.	Mi nur ĝojas, ke mi ne sentas min juĝata ĉi tie.
line:8076eb95	I'm just here for a wash though.	Sed mi venis nur por lavado.
line:c2caa0b7	I'm just here to bring you food!	Mi estas ĉi tie nur por alporti al vi manĝaĵon!
line:ec6c7823	I'm just... Happy.	Mi nur... feliĉas.
line:ed4b0d48	I'm kind of excited.	Mi iom antaŭĝojas.
line:266c652e	I'm looking forward to seeing you again	Mi antaŭĝojas revidi vin.
line:e91e2041	I'm not <i>that</i> little-	Mi ne estas <i>tiel</i> eta...
line:cf05a364	I'm not certain why I suddenly understand your 'Yips'	Mi ne certas, kial mi subite komprenas viajn «jipojn».
line:dcc4774b	I'm not too sure. It was on sale at WingCo.	Mi ne tro certas. Ĝi estis rabatita ĉe WingCo.
line:5b31909a	I'm only doing what I think is right.	Mi nur faras tion, kion mi opinias ĝusta.
line:7fe349d7	I'm profoundly embarrassed by this whole ordeal.	Mi profunde hontas pri ĉi tiu tuta afero.
line:cfaffc52	I'm pumped.	Mi tre antaŭĝojas.
line:c0a140f8	I'm really fond of letting folks ride on my back.	Mi tre ŝatas porti homojn sur mia dorso.
line:1a5e6184	I'm really looking forward to this.	Mi vere antaŭĝojas tion.
line:8b43a434	I'm really sorry you got hurt. Who did this?	Mi vere bedaŭras, ke vi vundiĝis. Kiu faris tion?
line:69ffe957	I'm so excited about this date!	Mi tiel antaŭĝojas ĉi tiun rendevuon!
line:e6290003	I'm so excited. I'll get you two in contact!	Mi tiel ĝojas. Mi metos vin en kontakton!
line:e8611ad0	I'm sorry for dumping that all on you earlier.	Pardonu, ke mi pli frue ŝarĝis vin per ĉio tio.
line:e613b1c3	I'm sorry I snapped at you earlier.	Pardonu, ke mi pli frue ekkoleris kontraŭ vi.
line:de208e68	I'm sorry you got hurt...	Mi bedaŭras, ke oni vundis vin...
line:4843bb47	I'm still very muddy, if you could soap me up that'd be great.	Mi ankoraŭ estas tre kota. Estus bone, se vi sapus min.
line:51d4e418	I'm such an idiot.	Mi estas idioto.
line:32114891	I'm sure nobody will know...	Mi certas, ke neniu ekscios...
line:17a05c96	I'm sure we'll figure something out! just meet me at the pier!	Ni certe elpensos ion! Renkontu min ĉe la moleo!
line:8136ef1a	I'm surprised how nice it is.	Mi miras, kiel agrabla tio estas.
line:722c6ab2	I'm thinking a date soon.	Mi pensas pri baldaŭa rendevuo.
line:3471e9b1	I'm trying my best.	Mi faras mian plej bonan.
line:01492e5e	I'm trying not to be pushy.	Mi provas ne esti trudema.
line:4d6cd625	I'm trying to get away from the house for a bit.	Mi provas iom foriri de la hejmo.
line:c1ef777a	I'm unsure why speaking with you is so easy.	Mi ne scias, kial estas tiel facile paroli kun vi.
line:822c0718	I'm very excited.	Mi tre antaŭĝojas.
line:ddab3d34	I'm very satisfied with these results..	Mi estas tre kontenta pri la rezultoj..
line:03eb977c	I'm well aware. A deep clean has a distinct feel!	Mi bone scias. Profunda lavado havas apartan senton!
line:f9193c0d	I'm willing to do it. But I'd like something new.	Mi pretas fari tion. Sed mi ŝatus ion novan.
line:63981253	I'm... Happy.	Mi... feliĉas.
line:f80bd44b	I'm... not certain I'd like to use this today.	Mi... ne certas, ĉu mi volas uzi tion hodiaŭ.
line:d422462e	I'm... not sure I can answer that for you.	Mi... ne certas, ĉu mi povas respondi tion por vi.
line:8f107933	I'm... Rather close now	Mi estas... Sufiĉe proksima nun.
line:24c52c54	I'm... wondering...	Mi... demandas min...
line:6bbd7f1d	I've always hated the rain.	Mi ĉiam malamis pluvon.
line:b4353808	I've always loved giving my biped friends rides...	Mi ĉiam amis porti miajn dupiedajn amikojn...
line:9541fceb	I've been considering asking you this for a while now.	Mi jam delonge pripensas demandi vin pri tio.
line:505154a4	I've been thinking...	Mi pensadis...
line:58b4f5fb	I've been told it's polite to talk to smaller folk face to face.	Oni diris al mi, ke estas ĝentile paroli vidalvide kun pli malgrandaj homoj.
line:2c560e29	I've been trying to get into the social sciences aswell.	Mi ankaŭ provas okupiĝi pri sociaj sciencoj.
line:b4a29141	I've got a guy who can drop a gift by tomorrow that would spruce things up.	Mi konas iun, kiu povas liveri donacon morgaŭ por beligi la lokon.
line:212f0021	I've had a lot of free time lately.	Mi havas multe da libera tempo lastatempe.
line:701b9feb	I've had a lot of free time lately.	Mi havas multe da libera tempo lastatempe.
line:79da763f	I've had a lot of free time lately.	Mi havas multe da libera tempo lastatempe.
line:3c4443fd	I've seen bigger	Mi vidis pli grandajn.
line:d7a90078	I...	Mi...
line:393d0e05	I... hm.	Mi... Hm.
line:0da5609b	I... Know this is unprompted.	Mi... scias, ke tio ne rilatas.
line:5cfb94b9	If a relationship is <i>so</i> bumpy and you know its going to end.	Se rilato estas <i>tiel</i> malfacila kaj vi scias, ke ĝi finiĝos.
line:b2f52b23	If I could uhm...	Ĉu mi povus, nu...
line:b4990e3d	If I'm honest. I've had a crush on you for a bit.	Verdire, vi jam delonge iom plaĉas al mi.
line:7c13c28e	If only.	Se nur.
line:a56c5621	If someone like Ryan is interested, you're doing great.	Se iu kiel Rajano interesiĝas, vi bonege agas.
line:52f28749	If we're caught violating another policy my reputation would be in ruins!	Se oni kaptos nin malobservi ankoraŭ unu regulon, mia reputacio ruiniĝos!
line:83f511d2	If ya' place the mount for me I'll have at it.	Se vi starigos por mi la seksapogilon, mi ekuzos ĝin.
line:7ead92b1	If you could come up front so I could talk.	Ĉu vi povus veni antaŭen, por ke mi parolu?
line:e78656aa	If you could come up to where I can see you.	Ĉu vi povus veni tien, kie mi vidas vin?
line:9a013329	If you wanna talk about it more, I've got a minute.	Se vi volas plu paroli, mi havas momenton.
line:3d014153	If you want to use it that's fine!	Se vi volas uzi ĝin, ne estas problemo!
line:a9eb9a76	if you're seeing this please grab nael or submit a bug report	Se vi vidas ĉi tion, bonvolu informi Nael aŭ sendi cimraporton.
line:b9ab4eed	Im not complaining though.	Sed mi ne plendas.
line:27340362	In a bad way?	En malbona senco?
line:2019bb85	In a good way?	En bona senco?
line:91d5fb72	Incredible!	Nekredeble!
line:61c8781b	Indeed! You're the only kobold I wish to wash me now.	Efektive! Nun vi estas la sola koboldo, kiun mi volas por lavi min.
line:a5979ac9	Indeed, you must know of my crest! I teach alchemy.	Efektive, vi certe rekonis mian blazonon! Mi instruas alkemion.
line:dd9d30d2	Indeed. I'm glad you were able to help.	Efektive. Mi ĝojas, ke vi povis helpi.
line:fd5ddfcb	Indeed. You're an excellent person to be around.	Efektive. Estas bonege esti apud vi.
line:78c9b5cc	Is everything okay?	Ĉu ĉio estas en ordo?
line:bea8f1f7	Is something on your mind?	Ĉu io okupas vian menson?
line:6b6dd8bc	Is that a good thing...?	Ĉu tio estas bona...?
line:848727f2	Is that a threat...?	Ĉu tio estas minaco...?
line:db302830	Is that why you came in the first time?	Ĉu tial vi venis la unuan fojon?
line:00e41343	Is this good?	Ĉu tio estas bona?
line:7982d3d8	Is this the right place?	Ĉu mi venis al la ĝusta loko?
line:c48f59a9	Is this the right place?	Ĉu mi venis al la ĝusta loko?
line:b05f6eea	Isn't that... Wood?	Ĉu tio ne estas... ligno?
line:bf137cb4	It arrived this morning, it should be near the gate.	Ĝi alvenis ĉi-matene. Ĝi devus esti apud la pordego.
line:5080b6dd	It depends! Dragon thing.	Dependas! Draka afero.
line:34cf0601	It did! Thanks for asking.	Jes! Dankon, ke vi demandis.
line:900dca3c	It does wonders.	Tio faras mirindaĵojn.
line:cfd504c5	It does wonders.	Tio faras mirindaĵojn.
line:ac13bf68	It is indeed rather cool.	Ĝi ja estas sufiĉe mojosa.
line:ea445b46	It is rather novel isn't it?	Estas sufiĉe nova sperto, ĉu ne?
line:56d34a41	It is? Good to know...	Ĉu vere? Bone scii...
line:b058318f	It means you're doing a good job in kobold.	Kobolde tio signifas, ke vi bone agas.
line:13c906c7	It really has been. You're wonderful.	Vere estis. Vi estas mirinda.
line:b032bfb1	It turns out baking is messy!	Montriĝas, ke bakado estas malpuriga!
line:da4f12a1	It turns out baking is messy!	Montriĝas, ke bakado estas malpuriga!
line:e106207b	It turns out baking is messy!	Montriĝas, ke bakado estas malpuriga!
line:e0c8c57b	It was good. We had sex.	Bona. Ni seksumis.
line:681117ec	It was great. Conrad is wild. Good wild.	Bonega. Konrado estas sovaĝa. En bona senco.
line:28eee9f5	It went great!	Estis bonege!
line:92bfe06c	It went great!	Estis bonege!
line:a5d2b991	It went well.	Iris bone.
line:1ab5969b	It would be a... date. As most would say.	Estus... amrendevuo. Kiel oni kutime diras.
line:8440a3f4	It's a regrettable state I find myself in...	Mi troviĝas en bedaŭrinda stato...
line:1706e86d	It's also new to me...	Ĝi estas nova ankaŭ por mi...
line:c1b8e62b	It's always good when a kobold knows what they like.	Ĉiam estas bone, kiam koboldo scias, kion li ŝatas.
line:deffce5c	It's crazy how much your neck can handle.	Estas freneze, kiom via kolo povas elteni.
line:2e182063	It's difficult to find folks that are outside of my current bubble.	Estas malfacile trovi homojn ekster mia nuna rondo.
line:48cfc92b	It's endearing!	Estas kortuŝe!
line:5b6f00bd	It's fine.	Ne gravas.
line:13dc0f15	It's fine. I close in about an hour.	Ne gravas. Mi fermos post ĉirkaŭ horo.
line:23ac92c8	It's freeing. I'll be back, yeah?	Estas liberige. Mi revenos, ĉu bone?
line:de9fdb93	It's hard to hold back..	Estas malfacile reteni min..
line:9ebea3d0	It's hard to not be nervous after everything...	Estas malfacile ne nervozi post ĉio...
line:ec8243d8	It's interesting; you bipeds tend to savor your meals.	Estas interese, vi dupieduloj emas gustumi viajn manĝojn.
line:d50cb509	It's just that something happened to Conrad, I hope he's okay.	Simple io okazis al Konrado. Mi esperas, ke li estas en ordo.
line:bee6c7dd	It's just that...	Simple...
line:3b76093c	It's made for eating things whole.	Ĝi estas farita por engluti aferojn tutaj.
line:19f36dc0	It's my dream.	Estas mia revo.
line:18db795f	It's never easy to end things.	Neniam estas facile fini rilaton.
line:049fb01f	It's nice to have friends to rely on.	Estas bone havi amikojn, je kiuj oni povas fidi.
line:ed69e3a1	It's nice to relinquish control, even for a moment.	Estas agrable cedi la regadon, eĉ nur momente.
line:e9d34ea0	It's no biggie. It sounds like everyone is fine.	Ne estas grave. Ŝajne ĉiuj estas en ordo.
line:7e511da7	It's okay!	Estas en ordo!
line:b14d8520	It's okay, you sound like you need it.	Ne ĝenas, ŝajnas, ke vi bezonas paroli.
line:50b95260	It's okay. I needed to. She wasn't making me happy.	Estas en ordo. Necesis. Ŝi ne feliĉigis min.
line:47455767	It's okay. I'll figure something out.	Estas en ordo. Mi elpensos ion.
line:9287c933	It's starting to feel like it's <i>my</i> fault.	Mi komencas pensi, ke estas <i>mia</i> kulpo.
line:7ab244af	It's the best way to enjoy food.	Jen la plej bona maniero ĝui manĝaĵon.
line:0b7589ff	It's the mount you asked for.	Estas la seksapogilo, kiun vi petis.
line:a5780e74	It's wonderful to be back!	Estas mirinde reveni!
line:649e8eb3	Its a nice get away from everything out there.	Estas bele iom eskapi de ĉio ekstere.
line:d0361dd9	Its like an equine fusion thing...	Estas ia ĉevalula kuirarta kunfando...
line:df86a610	Jokes aside, your wash is definitely the best.	Senŝerce, via lavejo certe estas la plej bona.
line:7fe40d2b	Just a rough day. Hoping this helps!	Nur malfacila tago. Espereble tio helpos!
line:ce77a00e	Just did!	Ĵus!
line:7c93c604	Just doing my job!	Mi nur faras mian laboron!
line:fa0a9fbb	Just having fun.	Mi nur amuziĝas.
line:9e9425cd	Just possibly...	Nur eventuale...
line:1d73a343	Just some drake at the bar. Was stupid... Couldn't shut my mouth.	Iu drako en la drinkejo. Mi estis stulta... Mi ne povis fermi la buŝon.
line:ecb9a15d	Just touch me with your hand and I'll try to help.	Nur tuŝu min per via mano, kaj mi provos helpi.
line:14209365	Just uhm... Don't tell anyone I'm saying all this.	Nur, nu... Ne diru al iu, ke mi rakontas ĉion ĉi.
line:3bac1dad	Just... open the gate.	Nur... malfermu la pordegon.
line:4f826403	Keep going a little longer please	Bonvolu daŭrigi iom pli longe.
line:087039ba	Keep going.	Daŭrigu.
line:d8f92323	Kinda! I've been getting out more.	Iom! Mi pli ofte eliras.
line:b965b4dd	Knock that off, we're not done yet. Right?	Ĉesu tion, ni ankoraŭ ne finis. Ĉu?
line:d9d276bb	Kobolds always seem enamored by me eating.	Koboldoj ĉiam ŝajnas fascinitaj de mia manĝado.
line:0274cacd	Kobolds are very flexible. It will fit.	Koboldoj estas tre flekseblaj. Ĝi eniros.
line:20cb68b9	lemme in?	Ĉu vi enlafuf min?
line:41d5085a	Let go whenever you are ready.	Lasu vin iri kiam vi pretas.
line:29a77d09	Let me give it a try!	Lasu min provi!
line:265e14cb	Let me know when you're finished rinsing.	Diru al mi, kiam vi finis la ellavadon.
line:0e1fd4b0	Let the <i>big C</i> out of this place!	Ellasu la <i>grandan K</i> el ĉi tiu loko!
line:f7382398	Let's get going~!	Ni komencu~!
line:c50535b3	Let's have it!	Donu ĉion!
line:9accd60e	Lets wash it off for our date tonight then.	Do ni forlavu tion por nia rendevuo ĉi-vespere.
line:7ce1b833	Like what?	Kiel?
line:cb91e703	Like, I love those around me, but there's a lot of baggage there.	Mi amas la proksimulojn, sed tie estas multe da emocia bagaĝo.
line:aa1c54ab	Like, in general.	Ĝenerale, pri ĉio.
line:bbe51f87	Like, in general.	Ĝenerale, pri ĉio.
line:7b7b0a3f	Like, the future of my relationships.	Pri la estonteco de miaj amrilatoj.
line:db79a905	Like... a lemon?	Kiel... citrono?
line:ffd7dcc4	Like... An asshole? I know I'm miserable to be around.	Kiel... fiaĉulo? Mi scias, ke estas aĉe esti apud mi.
line:a0a0a49c	Like... sexual stuff?	Kiel... seksajn aferojn?
line:9becd177	Look at me! I'll be the laughing stock of my students.	Rigardu min! Mi fariĝos mokata de miaj studentoj.
line:9711cf03	Lookin' for a hose down. Wouldn't mind using the mount aswell.	Mi serĉas rapidan ŝpruclavon. Ankaŭ la seksapogilo plaĉus.
line:abdb5822	Looking forward to seeing ya'	Mi antaŭĝojas revidi vin.
line:5c335985	Looking forward to seeing you soon.	Mi antaŭĝojas revidi vin baldaŭ.
line:1d0abc80	Looking forward to the wash.	Mi antaŭĝojas la lavadon.
line:646279a0	Looks like it.	Tiel ŝajnas.
line:b6093881	Looks like ya' got a shipment, eh?	Ŝajnas, ke vi ricevis liveraĵon, ĉu?
line:f1fc3e3c	Luckily death via spontaneous combustion is a concept we have thoroughly curtailed in the modern world.	Feliĉe ni jam forte limigis morton pro spontanea brulado en la moderna mondo.
line:d2ba8ba9	Made a bit of a mess... Still worth it.	Mi iom malpurigis ĉion... Tamen valoris.
line:301e8665	Make haste! My reputation is on the line.	Rapidu! Mia reputacio estas en risko.
line:5072cc60	Make sure you're very clean. <size=70%><i>hehe.	Certigu, ke vi estas tre pura. <size=70%><i>Hehe.
line:da21cf49	Makes sense! Yeah tiny drakes are fun.	Kompreneble! Jes, etaj drakoj estas amuzaj.
line:22b2643b	Makes sense.	Tio havas sencon.
line:e7f0e9ed	Makes sense.	Tio havas sencon.
line:89c9a73b	Many think it's part of my body.	Multaj kredas, ke ĝi estas parto de mia korpo.
line:d7bcbe29	Max says I'm a clumsy dragon,	Maks diras, ke mi estas mallerta drako.
line:db986d0d	May you open the gate?	Ĉu vi bonvolus malfermi la pordegon?
line:76a97730	Maybe later...?	Eble poste...?
line:08a422ba	Maybe like...	Eble, kiel...
line:6f293b7a	Maybe someone new...	Eble iun novan...
line:d2558a04	Maybe someone?	Eble iun?
line:67a46ddc	Maybe we can hang out later?	Eble ni povus pasigi tempon kune poste?
line:5691478f	Maybe we could just... Walk?	Eble ni povus simple... promeni?
line:7734bf93	Me too, thanks!	Ankaŭ mi, dankon!
line:627a13e4	Me too.	Ankaŭ mi.
line:d3c733f5	Me too.	Ankaŭ mi.
line:ffa63d1b	Me too.	Ankaŭ mi.
line:040ee2a7	me too.	Ankaŭ mi.
line:d13cd125	Me.	Mi mem.
line:14e7b293	Me?	Mi?
line:b9cb051a	Means I'm ready to go on a date with a certain kobold.	Tio signifas, ke mi pretas por rendevuo kun iu koboldo.
line:e5da247d	Means you know how to get hands on!	Do vi scias kiel uzi la manojn!
line:171707d2	Mhm!	Mhm!
line:11306335	Mhm! Come back anytime.	Mhm! Revenu kiam ajn vi volas.
line:69dd6a73	Mhm! he's trying to meet new people.	Mhm! Li provas renkonti novajn homojn.
line:da17b746	Mhm! I'm <i>the</i> kobold!	Mhm! Mi estas <i>la</i> koboldo!
line:a0cb3f78	Mhm! that's him.	Mhm! Jen li.
line:164fdb01	Mhm, he's trying.	Mhm, li provas.
line:1a663dcf	Mhm, right this way.	Mhm, ĉi tien.
line:3cd8a8bd	Mhm... Thank you.	Mhm... Dankon.
line:4546abce	Might seem kinda weird to ask now. Buuuut.	Eble estas strange demandi nun. Seeed...
line:57d8b72a	Mind opening the gate to let me out?	Ĉu vi malfermus la pordegon, por ke mi eliru?
line:b2a507ab	Mind opening the gate to let me out?	Ĉu vi malfermus la pordegon, por ke mi eliru?
line:6d726280	Mind washing more?	Ĉu vi povus lavi plu?
line:c8281b83	Mmm, I understand that to mean you'll get the gate?	Mmm, ĉu mi komprenu, ke vi malfermos la pordegon?
line:dd0c77ae	Mmm, Yeah I know the type.	Mmm, jes, mi konas tiun tipon.
line:d8cafcc7	mmm..	Mmm...
line:729cea0c	Mmmhm, I always do my best.	Mhm, mi ĉiam faras mian plej bonan.
line:f36b8b76	Mmmhm. I'll work on my sleep schedule...	Mmmhm. Mi provos ripari mian dormoritmon...
line:d38efb75	Mmmmhm, gotta prep for a date with him.	Mmmhm, necesas prepari min por rendevuo kun li.
line:a78dd44b	mmph! (Yea!)	Mmf! (Jes!)
line:b132719c	Mmph- Hm?	Mmf... Hm?
line:16ee6b14	Money... mmm...	Mono... Mmm...
line:d8cc8048	Most people do!	Plej multaj ŝatas tion!
line:3d723db0	Must mean you two are a good match.	Tio devas signifi, ke vi bone kongruas.
line:9ca994a5	My bad	Mia kulpo.
line:aaecba3d	My bad	Mia kulpo.
line:fedbf70c	My colleague, professor Igwyx, wished to use me as a platform.	Mia kolego, profesoro Igvikso, volis uzi min kiel platformon.
line:08af3902	My date with Ryan was...	Mia rendevuo kun Rajano estis...
line:116b5405	My date with Ryan was...	Mia rendevuo kun Rajano estis...
line:e26c3b65	My first ever Yarn script in Unity!	Mia plej unua Yarn-skripto en Unity!
line:f15b014f	My names Ryan. So...	Mi nomiĝas Rajano. Do...
line:e4aced7b	My students could learn a thing or two from your work ethic!	Miaj studentoj povus lerni ion de via laboremo!
line:dfe74420	My-	Ho ve...
line:9b915bf2	Nah.	Ne.
line:c3642dec	Nah.	Ne.
line:393c128a	Never cleaned a teacher dragon... woah.	Mi neniam lavis drakon instruiston... Ho.
line:a99b03ed	Never tried it.	Mi neniam provis.
line:6df809e1	Nevermind. Could you get the gate?	Ne gravas. Ĉu vi malfermus la pordegon?
line:d3a50f3f	Next time I come in for a wash we'll go.	Ni iros la venontan fojon, kiam mi venos por lavado.
line:ac5afd96	Next time I come in I'll have reservations!	La venontan fojon, kiam mi venos, mi havos rezervon!
line:8990fcc9	Nice! Whats with all the... Gloop?	Bonege! Kio estas tiu tuta... ŝlimaĵo?
line:1d4b8528	Nice. Gotta open the gate though. Let Conrad in!	Bone. Sed malfermu la pordegon. Enlasu Konradon!
line:acab92d4	Nnf... I believe I needed that. Thank you.	Nnf... Mi kredas, ke mi bezonis tion. Dankon.
line:8fe11008	Nnnf... That was way better than those berries.	Nnnf... Tio estis multe pli bona ol tiuj beroj.
line:b251704a	No	Ne.
line:e05c2dca	No	Ne.
line:dc86c2de	no	Ne
line:5794ea87	No amount of justification makes it feel good though.	Sed neniu pravigo forigas la doloron.
line:5a5ec440	No I actually just got it	Ne, fakte mi ĵus ricevis ĝin.
line:cd5f07ca	No more excuses.	Ne plu pretekstoj.
line:4b38230f	No need for thanks. I'll get the gate.	Ne necesas danki. Mi malfermos la pordegon.
line:11604fbd	No need to be nervous, Alexander!	Ne necesas nervozi, Aleksandro!
line:eefef647	No need to be.	Vi ne bezonas honti.
line:73ea230a	No no, you're a certified cleaner yeah?	Ne, ne. Vi estas atestita lavisto, ĉu?
line:743c64e6	No not really.	Ne, ne vere.
line:50feefe8	No problem!	Neniu problemo!
line:1a9a36e1	No problem! Can't wait for you to meet Conrad.	Ne dankinde! Mi antaŭĝojas, ke vi renkontu Konradon.
line:0a9993d2	No problem, thanks!	Neniu problemo, dankon!
line:10bdb3a4	No problem, thanks!	Neniu problemo, dankon!
line:3a8f65fa	No problem.	Neniu problemo.
line:ee3d0ee4	No problem. Let me get that gate for ya'!	Neniu problemo. Mi malfermos por vi!
line:eedccaec	No way.	Ne eblas.
line:f0351f0c	No way.	Ne eblas.
line:d726f776	No worries,	Ne zorgu,
line:12b7a5b3	No! I mean, yes, but for the sake of my reputation could you please keep my incursion here to yourself.	Ne! Mi volas diri, jes, sed pro mia reputacio bonvolu gardi mian viziton ĉi tie sekreta.
line:f7f963e3	No, I am.	Jes, mi estas.
line:54faa7c0	No, I don't think I do.	Ne, mi kredas, ke ne.
line:38419d8b	No, it's not. No more excuses.	Jes, gravas. Ne plu pretekstoj.
line:cd9b2a8f	No, thank you. I'm... Really excited.	Ne, dankon al vi. Mi... vere antaŭĝojas.
line:1af1ad05	No, we don't offer things like that here.	Ne, ni ne ofertas tiajn servojn ĉi tie.
line:cb7e94e5	no.	Ne.
line:6128a09c	No. A lime that is yellow.	Ne. Limeo, kiu estas flava.
line:de25dacd	No. I'm not. Do you have a medkit or not?	Ne. Mi ne fartas bone. Ĉu vi havas sukurkeston aŭ ne?
line:1cc64bcf	No.. No it's fine... thank you.	Ne... Ne, estas bone... Dankon.
line:525f5744	Nope	Ne.
line:fbd2c3e7	Nope.	Ne.
line:5406ba8e	Normally I'd say yes to a mount. But, not right now.	Kutime mi volonte uzus seksapogilon. Sed ne nun.
line:ab92da6a	Not anymore at least!	Almenaŭ ne plu!
line:0cfcd179	Not for a date though.	Sed ne por rendevuo.
line:d1b90e2c	Not sure yet.	Mi ankoraŭ ne certas.
line:e9643b5d	Not yet.	Ankoraŭ ne.
line:326cc84d	Not yet. a little longer.	Ankoraŭ ne. Iom pli longe.
line:56a729f6	Nothing more attractive than a man who can improve!	Nenio pli alloga ol viro kapabla pliboniĝi!
line:b5dabf9f	Nothing more attractive than a man who can improve!	Nenio pli alloga ol viro kapabla pliboniĝi!
line:8a321997	Now I'm eyeballing the mount...	Nun mi avide rigardas la seksapogilon...
line:5e0a6d7a	Now I'm out here, agh!	Kaj nun mi estas ĉi tie ekstere, aĥ!
line:564a9606	Now they'll never need to know!	Nun ili neniam devos scii!
line:d66b7986	Now!	Nun!
line:63596bb3	Now, do you have a medkit or not?	Do, ĉu vi havas sukurkeston aŭ ne?
line:eefc4e9f	Now, lemme in! I want to try that thing out!	Nun enlasu min! Mi volas provi tiun aferon!
line:0554966a	Now, more food?	Do, pli da manĝaĵo?
line:3fb3f8d4	Now, round two!	Nun, dua rondo!
line:12e6043e	Now... Food?	Nun... Manĝaĵo?
line:5f8b2de4	oah. <size=70%>okay.	Ho. <size=70%>Bone.
line:13223129	Of course	Kompreneble.
line:283e56d8	Of course I am! I know I'm very...	Kompreneble! Mi scias, ke mi estas tre...
line:5788e15c	Of course I do. I'm a <i>professional</i>.	Kompreneble. Mi estas <i>profesiulo</i>.
line:0b226939	Of course it is!	Kompreneble!
line:f21dd9d4	Of course it is!	Kompreneble!
line:642255fc	Of course!	Kompreneble!
line:76f8c20c	Of course!	Kompreneble!
line:877aced7	Of course!	Kompreneble!
line:d2401e75	Of course!	Kompreneble!
line:f9eb2b4a	Of course! Right this way!	Kompreneble! Ĉi tien!
line:0d20d327	Of course! Thank you for the food.	Kompreneble! Dankon pro la manĝaĵo.
line:4da976f5	Of course! You run a fine establishment.	Kompreneble! Vi mastrumas bonegan establon.
line:b629bcf2	Of course! You're wonderful.	Kompreneble! Vi estas mirinda.
line:b6c96475	Of course, you run a fine establishment.	Kompreneble, vi mastrumas bonegan establon.
line:dd082478	Of course.	Kompreneble.
line:203cc3d2	Of course. One moment!	Kompreneble. Unu momenton!
line:fd145efe	Of course. Sorry you're going through all this.	Kompreneble. Mi bedaŭras, ke vi travivas ĉion ĉi.
line:7305cdbc	Oh cool!	Ho, interese!
line:eb6ae4c3	Oh cool!	Ho, interese!
line:77c996e8	Oh damn! You really are adventurous!	Ho diable! Vi vere estas aventurema!
line:3fdb9d01	Oh fcuk something went wrong	Ho fek, io misfunkciis.
line:9e403ecd	Oh fuck yeah.	Ho, fek, jes.
line:13c39c50	Oh fudge, forget I said that!	Ho ve, forgesu, ke mi diris tion!
line:e722753e	Oh goodness no..	Ho ve, ne..
line:55e3dd36	Oh hi! um..	Ho, saluton! Nu...
line:e8ee5747	Oh hi! um..	Ho, saluton! Nu...
line:b90f527f	Oh huh, that's the tiny drake I saw coming in a bit back yeah?	Ho, ĉu tio estas la eta drako, kiun mi vidis eniri lastatempe?
line:001ab950	Oh I heard good things about that.	Ho, mi aŭdis bonajn aferojn pri ĝi.
line:0a4a28c0	Oh I see the button there, gotcha!	Ho, mi vidas la butonon tie. Komprenite!
line:c6b0b1aa	Oh like, swallowing things whole?	Ho, kiel engluti aferojn tutaj?
line:10254d13	Oh my	Ho ve.
line:39f6c77d	Oh my bad	Ho, mia kulpo.
line:79511a66	Oh my bad	Ho, mia kulpo.
line:8cfbd75d	Oh my bad	Ho, mia kulpo.
line:cb71b2a1	Oh my bad	Ho, mia kulpo.
line:7d13eca0	Oh my- I didn't expect you to be so... hands on	Ho ve... Mi ne atendis, ke vi estos tiel... managema.
line:c60c65e8	Oh my. I suppose I could use the mount!	Ho ve. Mi supozas, ke mi povus uzi la seksapogilon!
line:433cb27e	Oh no! Do you want to talk about it?	Ho ne! Ĉu vi volas paroli pri tio?
line:d908622a	Oh no, Conrad. are you okay?	Ho ne, Konrado. Ĉu vi fartas bone?
line:bf977a7e	Oh okay. I'll go grab it.	Ho, bone. Mi alportos ĝin.
line:7428755b	Oh so it's new for both of us!	Ho, do estas nova por ni ambaŭ!
line:513bed5a	Oh so it's new to both of us!	Do tio estas nova por ni ambaŭ!
line:4bad37a5	Oh that's good. I'm happy he's okay.	Ho, bone. Mi ĝojas, ke li fartas bone.
line:7d791906	Oh this is better, but I still feel dirty.	Ho, tio estas pli bona, sed mi ankoraŭ sentas min malpura.
line:63926ecd	Oh we're done?	Ho, ĉu ni finis?
line:546d1bf2	Oh wow, you're really covered in it!	Ho ve, vi vere estas kovrita!
line:b2d99a43	Oh wow..	Ho ve..
line:e8052272	Oh yeah I liked the first one.	Ho jes, mi ŝatis la unuan.
line:a4a26529	Oh yeah, there's this nice place downtown called wings.	Ho jes, estas agrabla loko en la urbocentro, nomata Wings.
line:d4d3ecd5	Oh yeah.	Ho jes.
line:059142a3	Oh Yeah?	Ĉu vere?
line:71053a53	Oh Yeah?	Ĉu vere?
line:1121309c	Oh yeah?	Ĉu vere?
line:2b560f59	Oh yeah?	Ĉu vere?
line:2d2820b0	Oh yeah?	Ĉu vere?
line:6e82e54c	Oh yeah?	Ĉu vere?
line:b9d8a22f	Oh yeah?	Ĉu vere?
line:d8ce8566	Oh yeah?	Ĉu vere?
line:f103a4a8	Oh yeah?	Ĉu vere?
line:4f6344f1	Oh yeah? He sounds like a bit of a hothead.	Ĉu jes? Li ŝajnas iom kolerema.
line:60cdf456	Oh yeah? The little red drake?	Ĉu vere? La malgranda ruĝa drako?
line:a9253dd8	Oh yeah? The sky blue drake I've seen around?	Ĉu vere? La ĉielblua drako, kiun mi vidis ĉirkaŭe?
line:762882b4	Oh yeeeaaah?	Ĉu veere?
line:5d737ca7	Oh yes	Ho jes.
line:1c90fb6d	Oh you. Gonna make me blush.	Ho, vi. Vi ruĝigos min.
line:7e3e59aa	Oh!	Ho!
line:3605a48a	Oh! I think I've seen him. The tiny one, yeah?	Ho! Mi kredas, ke mi vidis lin. La eta, ĉu?
line:3bc15278	Oh! No it wouldn't be. It's fun!	Ho! Tute ne. Estas amuze!
line:c95a153d	Oh! nothing. I'll get the gate.	Ho! Nenio. Mi malfermos la pordegon.
line:b6fb6fce	Oh! Okay. I'll get the gate!	Ho! Bone. Mi malfermos la pordegon!
line:4d3233a1	Oh! That's cold!	Ho! Tio estas malvarma!
line:403f2ab7	Oh! Then I better let you in. I'll go get the gate.	Ho! Do mi prefere enlasu vin. Mi malfermos la pordegon.
line:0f2dc134	Oh! Yeah that makes sense...	Ho! Jes, tio havas sencon...
line:1270a483	Oh, and I apologize for being absolutely filthy.	Ho, kaj mi pardonpetas pro mia absoluta malpureco.
line:7b5be1f8	Oh, and I've figured it where to go.	Ho, kaj mi eltrovis kien iri.
line:52fb116d	Oh, and seems I got some on my face. woops.	Ho, kaj ŝajnas, ke mi iom makulis mian vizaĝon. Ups.
line:73a37947	Oh, awesome. I'm a big salmon guy.	Ho, bonege. Mi estas viro, kiu amas salmon.
line:74c9c07b	Oh, like... working class?	Ho, kiel... laborista?
line:e048566b	Oh, no.	Ho, ne.
line:1a9e6537	Oh, no. Ryan is a sweetheart.	Ho ne, Rajano estas karulo.
line:5f6a124a	Oh, okay. Thanks.	Ho, bone. Dankon.
line:17716b05	Oh, right. Sorry.	Ho, prave. Pardonu.
line:82ba64bf	Oh, sorry-	Ho, pardonu...
line:956e5c91	Oh, sorry.	Ho, pardonu.
line:54a8bb22	Oh, sure. Come on in.	Ho, certe. Envenu.
line:270276eb	Oh, that's my favorite part!	Ho, tio estas mia plej ŝatata parto!
line:1ff9a04c	Oh, the crest around my head?	Ho, la blazono ĉirkaŭ mia kapo?
line:ffed6d04	Oh, wonderful. Seem's we're similar.	Ho, mirinde. Ŝajne ni similas.
line:30e6b801	Oh, yeah!	Ho, jes!
line:bedeee82	Oh- Eager!	Ho, kia entuziasmo!
line:38b3c8c1	Oh- I mean. I'll go open the gate!	Ho... Mi volas diri, ke mi malfermos la pordegon!
line:714c180e	Oh- I'm glad!	Ho, mi ĝojas!
line:ccf87ea9	Oh- I'm not too interested in using that right now.	Ho... Mi ne tre interesiĝas pri uzi tion nun.
line:963981e4	Oh- I'm sorry for making a mess...	Ho... Pardonu pro la malpuraĵo...
line:8e407c6e	Oh- Not just the wash.	Ho... Ne nur la lavado.
line:ad31ec4c	Oh- Not just the wash.	Ho... Ne nur la lavado.
line:6866c2c9	Oh- Right now? 'aight I'm down.	Ho, ĝuste nun? Bone, mi pretas.
line:9a6dca4b	Oh- Ya. On it.	Ho, jes. Mi tuj faros.
line:3b6d644d	Oh.	Ho.
line:4399096b	Oh.	Ho.
line:8441bf7b	Oh.	Ho.
line:87233429	Oh.	Ho.
line:e90fee8e	Oh.	Ho.
line:ebd9b4d3	Oh.	Ho.
line:8a79f72c	Oh. And one other thing.	Ho. Kaj ankoraŭ unu afero.
line:e8289be5	Oh. good.	Ho, bone.
line:5442e228	Oh. Okay I'll go get the gate.	Ho. Bone, mi malfermos la pordegon.
line:0da15c85	Oh. Okay.	Ho. Bone.
line:73f7f13d	OH. RIGHT.	HO. PRAVE.
line:c35890c8	Oh. That's... Wonderful!	Ho. Tio estas... Mirinda!
line:0ce8d5aa	Oh. Then yeah, we're open.	Ho. Do jes, ni estas malfermitaj.
line:52ed140c	Oh. Uhm. <size=70%>Good.	Ho. Nu. <size=70%>Bona.
line:780d0993	Oh. yeah. Sorry.	Ho. Jes. Pardonu.
line:7f5113d5	OH. You're not used to eating them whole.	HO. Vi ne kutimas manĝi ilin tutaj.
line:45bc649d	Oh...	Ho...
line:0a093816	Oh... hah. I like that.	Ho... Ha. Mi ŝatas tion.
line:f885f11d	Oh... I suppose this is alright~	Ho... Mi supozas, ke tio estas agrabla~
line:7cd85c8e	Oh... I'm so sorry.	Ho... Mi tre bedaŭras.
line:8cc1aa72	Oh... yeah we don't have one.	Ho... Jes, ni ne havas tian.
line:f16d7940	Oh... Yeah, tinier dragons tend to... Compensate.	Ho... Jes, etaj drakoj emas... kompensi.
line:1d491283	Oh?	Ĉu?
line:21c46e75	Oh?	Ĉu?
line:fd8d786a	Oh?	Ĉu?
line:0ce8d3c2	ohmygod I thought the egg was decorative.	Ho ve, mi pensis, ke la ovo estas ornamaĵo.
line:d9b26374	Ok I can do that	Bone, mi povas fari tion.
line:1777121d	Ok I got this..	Bone, mi sukcesos..
line:f3af3ce8	Ok just tell me if you get uncomfortable or anything.	Bone, nur diru, se vi sentas malkomforton aŭ ion ajn.
line:6c3a98cc	Ok lets wash it off for our date tonight then.	Bone, ni forlavu tion por nia rendevuo ĉi-vespere.
line:7a54a1e1	Okay	Bone.
line:f64a5b30	Okay	Bone.
line:249500dc	Okay!	Bone!
line:a327b5f9	Okay!	Bone!
line:ccaabca3	Okay!	Bone!
line:82d0ea81	Okay! I'll be back later then.	Bone! Mi revenos poste.
line:3deb5f55	Okay! I'll go get the gate for you.	Bone! Mi malfermos por vi.
line:9c3d6cb7	Okay! I'll see you soon.	Bone! Ĝis baldaŭ.
line:72e0348e	Okay, bye!	Bone, ĝis!
line:255362b9	Okay, Conrad.	Bone, Konrado.
line:0d16ab28	Okay, I'll be waiting. Thanks.	Bone, mi atendos. Dankon.
line:155d1c64	Okay, I'll open the gate!	Bone, mi malfermos la pordegon!
line:886f5df2	Okay, I'll see you later!	Bone, ĝis poste!
line:585d6a08	Okay, thank you.	Bone, dankon.
line:c298bc55	Okay, thank you.	Bone, dankon.
line:6acf71a3	Okay, thanks.	Bone, dankon.
line:8ed5a204	Okay- okay. I'll go get the gate.	Bone, bone. Mi malfermos la pordegon.
line:10b9a653	Okay- Thanks.	Bone. Dankon.
line:00a81c16	Okay. I hope you're doing alright though.	Bone. Sed mi esperas, ke vi eltenas.
line:118a51bb	Okay. I should probably get out of your scales.	Bone. Mi verŝajne lasu vin trankvila.
line:a62e8112	Okay. I'll open up shop. Give me a sec.	Bone. Mi malfermos la lavejon. Momenton.
line:9d434af5	Okay. I'll order a mount.	Bone. Mi mendos seksapogilon.
line:2f3b06de	Okay. Then I think I'd like to try.	Bone. Do mi kredas, ke mi volas provi.
line:54ad4706	Okay...	Bone...
line:28311fbb	Omg you're hurt!	Ho ve, vi estas vundita!
line:8b3abbf7	On it!	Mi tuj faros!
line:42e3eba2	Once I'm cleaned up I'm gonna head out and get our spot ready.	Kiam mi estos pura, mi iros prepari nian lokon.
line:1d4b8a1c	One thing led to another...	Unu afero kondukis al alia...
line:c70bea2d	Only been cleaning for a few weeks now!	Mi lavas nur de kelkaj semajnoj!
line:5188bd4a	Only If that's alright-	Nur se tio estas en ordo...
line:01505282	Only realized how much of a mess I made after Max yelled at me, haha.	Nur post kiam Maks kriegis al mi, mi rimarkis mian tutan malordon, haha.
line:828eed25	Oof... Needed that. Thank you.	Uf... Mi bezonis tion. Dankon.
line:2d40c69a	Oooh, alrighty.	Ooo, bone.
line:99ff9e7f	Ooooh must be a big deal then.	Ooo, do vi vere devas esti grava.
line:e8ad4791	Ooooh.	Ooo.
line:64bfd62a	Oops, my bad.	Ups, mia kulpo.
line:0fa31c40	Our first meeting went great though!	Sed nia unua renkontiĝo estis bonega!
line:77cebc41	People tell me I've got a fat cock, is that true?	Oni diras, ke mi havas dikan kacon. Ĉu vere?
line:80de6c63	Perfectly clean again. Thank you for taking me in at this hour.	Denove perfekte pura. Dankon, ke vi akceptis min je ĉi tiu horo.
line:f212528b	Phew! I had an accident that needs to be taken care of... discretely.	Uf! Mi havis akcidenton, kiun necesas prizorgi... diskrete.
line:b3c35166	Phew, I was worried I'd make another mess of things.	Uf, mi timis denove fuŝi ĉion.
line:314c3d8a	physically or emotionally?	Korpe aŭ emocie?
line:156e0b50	Picnic bathket-	Piknika korfo...
line:0d9de1a1	player hooked up with conrad	La ludanto kuniĝis kun Konrado.
line:2cf1c95e	player hooked up with conrad	La ludanto kuniĝis kun Konrado.
line:c2529648	player hooked up with conrad	La ludanto kuniĝis kun Konrado.
line:f7fd34b2	player hooked up with conrad	La ludanto kuniĝis kun Konrado.
line:66e08b22	player hooked up with ryan	La ludanto kuniĝis kun Rajano.
line:78039fd1	player hooked up with ryan	La ludanto kuniĝis kun Rajano.
line:96a0c0c7	player hooked up with ryan	La ludanto kuniĝis kun Rajano.
line:9bade6d6	player hooked up with ryan	La ludanto kuniĝis kun Rajano.
line:0ddcd600	Please scrub Igwix off my back would you?	Ĉu vi bonvolus forfroti Igvikson de mia dorso?
line:0632acbf	Plus they feel really nice.	Krome ili estas tre agrablaj.
line:c7b8ba3d	Possibly...?	Eble...?
line:637629a8	Pretty sure I can digest anything.	Mi estas sufiĉe certa, ke mi povas digesti ĉion.
line:65a41bc5	Pretty sure I'm all clean!	Mi kredas, ke mi estas tute pura!
line:3750bbf0	Pretty sure that was everything.	Mi kredas, ke tio estis ĉio.
line:960707b0	Primarily alchemy. Occasionally world history.	Ĉefe alkemion. Foje mondhistorion.
line:1475f95c	Professor Igwyx- My colleague who self-immolated earlier.	Profesoro Igvikso, mia kolego, kiu antaŭe ekbrulis.
line:26e9d692	Professor, but yes. You have.	Profesoro, sed jes. Vi instruis min.
line:af0c15fd	Professor- But, yes. I usually don't go to public washes.	Profesoron, sed jes. Mi kutime ne vizitas publikajn lavejojn.
line:962abe27	Project Scale mary	Project Scale mary
line:e5d47feb	prole- <i><size=70%>wuh?	Prole... <i><size=70%>Kio?
line:c7b73162	Psst..!	Pst...!
line:9addfb4a	Ready!	Preta!
line:875b5372	Really damn good!	Vere diable bona!
line:9e9f3e75	Really damn good!	Vere diable bona!
line:9364911d	Really looking forward to finding new people.	Mi vere antaŭĝojas trovi novajn homojn.
line:8b0b222c	Really sets the mood.	Vere kreas la etoson.
line:4010d36d	Really well honestly.	Vere tre bone.
line:cfcb40c7	Really?	Ĉu vere?
line:0ec807a4	Really? Aw, That's really sweet.	Ĉu vere? Ho, tio estas dolĉa.
line:630fed1b	Remove this barrier at once so I may enter.	Forigu ĉi tiun barilon tuj, por ke mi eniru.
line:65deb150	Right after this wash!	Tuj post ĉi tiu lavado!
line:0caa6657	Right, I'll get that for you ASAP.	Prave, mi tuj malfermos por vi.
line:1271b80c	Right.	Prave.
line:3ede5541	Right.	Prave.
line:6a2e4e0d	Right. I'll get to it.	Prave. Mi eklaboros.
line:29daeb62	Right. Phoenix feather. Obviously.	Prave. Feniksa plumo. Kompreneble.
line:51d1b41e	Ryan is a sweetheart	Rajano estas karulo.
line:202fce0c	RYAN THE BONE!	RAJANO, LA OSTO!
line:93bd9a2b	Ryan!	Rajano!
line:9b7e09b8	Ryan!	Rajano!
line:b76f49cd	Ryan!	Rajano!
line:1fa0fbbe	Ryan! I met him.	Rajano! Mi renkontis lin.
line:f0427bb9	Ryan! this is so sweet.	Rajano! Tio estas tiel afabla.
line:92829935	Ryan's such a nice dragon.	Rajano estas tiel afabla drako.
line:13ca0a74	Ryan, you're not supposed to eat the stems-	Rajano, vi ne devus manĝi la tigojn...
line:7a01d265	Ryan: I guess it is pretty exciting	Ryan: Estas ja sufiĉe ekscite.
line:e1526934	Ryan: I like that a lot	Ryan: Mi tre ŝatas tion.
line:a430a2ff	Ryan: I think I am close too..	Ryan: Mi kredas, ke mi ankaŭ estas proksima..
line:77626e43	Ryan: I would say it is going great	Ryan: Mi dirus, ke ĝi iras bonege.
line:f5f5b815	Ryan: I've never done this outside before	Ryan: Mi neniam antaŭe faris tion ekstere.
line:6dd86b71	Ryan: This was nice	Ryan: Tio estis agrabla.
line:41b9659f	Ryan: Wow.. Your stature is really the only thing small about you.	Ryan: Ho... Via staturo vere estas la sola eta afero ĉe vi.
line:aad89688	Ryan: Yea definitely. Worried about me?	Ryan: Jes, certe. Ĉu vi zorgas pri mi?
line:ce6d6d7f	Ryan? you sure everything is okay...?	Rajano? Ĉu vi certas, ke ĉio estas en ordo...?
line:1d3b255b	Save your mood setting for tonight!	Konservu vian etoskreon por ĉi-vespere!
line:3ed6ab5d	Say do you remember the name of the college I work at?	Diru, ĉu vi memoras la nomon de la altlernejo, kie mi laboras?
line:a05a7804	Say...	Diru...
line:82d7b5e4	Says who?	Kiu diras tion?
line:6c193ba9	Scales different today? <size=70%><i>is that a thing...? </i><size=100%>You look good today.	Skvamojn? <size=70%><i>Ĉu tio eblas...? </i><size=100%>Vi aspektas bone hodiaŭ.
line:426f40ff	See you again soon, yeah?	Ĝis baldaŭ, ĉu?
line:3112d78d	See you soon.	Ĝis baldaŭ.
line:8072b186	See you tonight.	Ĝis ĉi-vespere.
line:0d3b23da	Sheesh.	Nu do.
line:48435b12	Shh! I'm not from around here...	Ŝŝ! Mi ne estas de ĉi tie...
line:0f86dbf6	So am I!	Ankaŭ mi!
line:3063100e	So am I.	Ankaŭ mi.
line:a241eec6	So far so good though, yeah?	Ĝis nun bone, ĉu?
line:813c6dd4	So is this like... our first date?	Do ĉu tio estas... nia unua rendevuo?
line:9b10d450	So this Conrad guy, seems like you like him?	Do ĉi tiu Konrado... Ŝajnas, ke li plaĉas al vi?
line:0c5dcd3c	So uh, gate?	Do, nu... La pordego?
line:84d8a935	So uh, mind opening the gate?	Do, ĉu vi malfermus la pordegon?
line:7da41ecd	So uhh, let me know if you need me to move.	Do, diru, se vi bezonas, ke mi moviĝu.
line:3a469ae4	So yeah, I had a mishap..	Do jes, mi havis akcidenteton..
line:a6d6bf76	So you and Ryan huh?	Do vi kaj Rajano, ĉu?
line:31fa3bdf	So you came in just to...	Do vi venis nur por...
line:5f64c352	So you're a certified dragon washer huh?	Do vi estas atestita draklavisto, ĉu?
line:c9e7bb1e	So you're a certified dragon washer huh?	Do vi estas atestita draklavisto, ĉu?
line:aedb6a51	So, coming in for a wash?	Do, ĉu vi venas por lavado?
line:1c856f1c	So, how was your date?	Do, kia estis via rendevuo?
line:3cda84e6	So, tell me more about conrad!	Do rakontu pli pri Konrado!
line:c10d9415	So, thanks on his behalf for caring.	Do, nome de li, dankon pro via zorgo.
line:e6aa9d20	So, with... relationships.	Nu, pri... amrilatoj.
line:a99c5c88	So. How about a date?	Do. Kiel pri rendevuo?
line:c2f44537	So. My girlfriend was home before me. she's a work-from-home dragon.	Do, mia koramikino estis hejme antaŭ mi. Ŝi laboras hejme.
line:d9652dff	So. Our date tonight...	Do. Nia rendevuo ĉi-vespere...
line:b983f922	So. Tonight.	Do. Ĉi-vespere.
line:28c51dbf	So... A date. I think I'd like to go on one soon!	Do... Rendevuo. Mi kredas, ke mi ŝatus unu baldaŭ!
line:7c56b2d8	So... I was thinking about my relationships.	Do... Mi pensis pri miaj amrilatoj.
line:5a5e7f21	So<size=90%>o<size=80%>o<size=70%>o<size=60%>o... <size=100%>I 'aint dirty. But I am <i>~dirty~</i> y'know?	Do<size=90%>o<size=80%>o<size=70%>o<size=60%>o... <size=100%>Mi ne estas malpura. Sed miaj pensoj estas <i>~malpuraj~</i>, ĉu vi komprenas?
line:8a35fb7b	So<size=90%>o<size=80%>o<size=70%>o<size=60%>o... <size=100%>Was wonderin'	Do<size=90%>o<size=80%>o<size=70%>o<size=60%>o... <size=100%>Mi demandis min...
line:5230bdfd	Soap, then rinse!	Unue sapu, poste ellavu!
line:c374e532	Somehow that feels more honest than anything anyone else says.	Iel tio ŝajnas pli honesta ol ĉio, kion diras la aliaj.
line:2898f680	Something happened last night	Io okazis hieraŭ nokte.
line:4dac3d2b	Something went wrong with flags!	Io misfunkciis ĉe la rakontaj variabloj!
line:61c7f2d6	Something went wrong with flags!	Io misfunkciis ĉe la rakontaj variabloj!
line:6d5ba814	Something went wrong with flags!	Io misfunkciis ĉe la rakontaj variabloj!
line:8f64adc0	Something went wrong with flags!	Io misfunkciis ĉe la rakontaj variabloj!
line:19cedc30	Sooo. You gonna jerk me off?	Dooo. Ĉu vi manumos min?
line:1646ece2	Sorry for coming in late. My sleeps borked.	Pardonu la malfruan viziton. Mia dormoritmo estas fuŝa.
line:b2b32876	Sorry I'm bad at flirting. Could you get the gate?	Pardonu, mi malbone flirtas. Ĉu vi malfermus la pordegon?
line:13ba93ef	sorry!	Pardonon!
line:e2f9c70c	Sorry, I meant to say I enjoy your wash.	Pardonu, mi celis diri, ke mi ŝatas vian lavejon.
line:78ca8d95	Sorry...	Pardonu...
line:4af15fc3	Sounds good to me!	Tio plaĉas al mi!
line:8c6e66f3	Sounds good!	Bone sonas!
line:1ef36cb0	Sounds like a date then!	Do estas rendevuo!
line:d71ba53e	Sounds like a date then!	Do estas rendevuo!
line:5fc277a9	Sounds like a date then! Seafood then we play it by ear.	Do estas rendevuo! Marmanĝaĵoj, poste ni improvizos.
line:0e643191	Sounds like a date then, I'm excited.	Do estas rendevuo. Mi antaŭĝojas.
line:c4642c9c	Sounds like a date then. I'm excited.	Do estas rendevuo. Mi antaŭĝojas.
line:ffc401d1	Sounds like a plan.	Interkonsentite.
line:c4dd137b	Sounds like it was good then.	Do ŝajnas, ke estis bone.
line:7b6c47bd	Sounds like it.	Tiel ŝajnas.
line:5c51654f	Sounds nice.	Tio sonas agrable.
line:3a23b81f	Sounds really cool.	Tio sonas tre mojose.
line:1dbf50b3	Sure	Certe.
line:c14ceb34	Sure is!	Ja estas!
line:de7cd73a	Sure it is. Thanks to Conrad for having me get it.	Kompreneble. Dankon al Konrado, kiu instigis min akiri ĝin.
line:05c673e7	Sure!	Certe!
line:52542beb	Sure!	Certe!
line:67f14802	Sure!	Certe!
line:a2dc4ac0	Sure! I'll go get the gate.	Certe! Mi malfermos la pordegon.
line:dbb68858	Sure! I'll go get the gate.	Certe! Mi malfermos la pordegon.
line:601e1b38	Sure! I'm excited to tell you about Conrad.	Certe! Mi antaŭĝojas rakonti pri Konrado.
line:7b5c9d8c	Sure, but he needed someone who cared in that moment.	Certe, sed en tiu momento li bezonis iun, al kiu li gravas.
line:709a9a57	Sure.	Certe.
line:4af4703c	Tasted real good though!	Sed ĝi gustis tre bone!
line:048fe71b	TELL ME ABOUT YOU AND CONRAD!	RAKONTU PRI VI KAJ KONRADO!
line:2b84f2eb	Test line 1	Testlinio 1
line:7a22b4d3	Test line 10	Testlinio 10
line:ec12b3a4	Test line 11	Testlinio 11
line:4f87d73a	Test line 12	Testlinio 12
line:d9b7d04d	Test line 13	Testlinio 13
line:63e6d9d4	Test line 14	Testlinio 14
line:f5d6dea3	Test line 15	Testlinio 15
line:64cb6133	Test line 16	Testlinio 16
line:f2fb6644	Test line 17	Testlinio 17
line:1772a124	Test line 18	Testlinio 18
line:88119675	Test line 2	Testlinio 2
line:1e219102	Test line 3	Testlinio 3
line:a470989b	Test line 4	Testlinio 4
line:32409fec	Test line 5	Testlinio 5
line:a35d207c	Test line 6	Testlinio 6
line:356d270b	Test line 7	Testlinio 7
line:5643ba3d	Test line 8	Testlinio 8
line:c073bd4a	Test line 9	Testlinio 9
line:394db643	Thank the stars you're open.	Dankon al la steloj, ke vi estas malfermita.
line:f1946aab	Thank you for cleaning me!!	Dankon, ke vi lavis min!!
line:75b5b084	Thank you for getting me and Ryan in contact.	Dankon, ke vi kunligis min kaj Rajanon.
line:189d999e	Thank you for listening.	Dankon pro via aŭskultado.
line:3398aea2	Thank you for that.	Dankon pro tio.
line:875f0961	Thank you for the clean!	Dankon, ke vi lavis min!
line:acb8a5aa	Thank you for the quick clean!	Dankon pro la rapida lavado!
line:8512365e	Thank you!	Multan dankon!
line:bbca8a46	Thank you!	Multan dankon!
line:e449156d	Thank you!	Mi dankas vin!
line:bb4e1dc1	Thank you, Ryan. I'm happy I got to meet you too	Dankon, Rajano. Mi ankaŭ ĝojas, ke mi renkontis vin.
line:3b568c14	Thank you.	Mi dankas vin.
line:6b245989	Thank you.	Dankon.
line:836d1b13	Thank you.	Mi dankas vin.
line:d60f2dc0	Thank you.	Mi dankas vin.
line:035a0830	Thank you. I'd really appreciate it	Dankon. Mi tre dankus pro tio.
line:f3e7a8fe	Thank you. Look good feel good!	Dankon. Bonaspekti helpas bonfarti!
line:d2d97c90	Thank you. You make this a whole lot easier to go through.	Dankon. Vi multe faciligas travivi ĉion ĉi.
line:3027bcf7	Thanks for asking. It's enjoyable to be asked personal questions.	Dankon, ke vi demandis. Estas agrable ricevi personajn demandojn.
line:aaf3066d	Thanks for cleaning me!	Dankon, ke vi lavis min!
line:8150e2a2	Thanks for helping me out.	Dankon pro via helpo.
line:a2217280	Thanks for helping me out.	Dankon pro via helpo.
line:7db0baf0	Thanks for introducing me to him.	Dankon, ke vi konigis lin al mi.
line:c6cee89f	Thanks for letting me in so late.	Dankon, ke vi enlasis min tiel malfrue.
line:079b3782	Thanks for sharing food with me, You're a great friend.	Dankon, ke vi dividis manĝaĵon kun mi. Vi estas bonega amiko.
line:85f901b0	Thanks for sharing food with me...	Dankon, ke vi dividis manĝaĵon kun mi...
line:a39fd5a9	Thanks for that. Felt pretty damn good.	Dankon pro tio. Estis diable agrable.
line:505e150f	Thanks for the clean.	Dankon pro la lavado.
line:a40e531c	Thanks for the food! I'll go get the gate.	Dankon pro la manĝaĵo! Mi malfermos la pordegon.
line:f1692a96	Thanks for the suggestion!	Dankon pro la sugesto!
line:81ebbec0	Thanks for the wash so late in the night.	Dankon, ke vi lavis min tiel malfrunokte.
line:a9df4c5e	Thanks I'll be waiting!	Dankon, mi atendos!
line:f73a3fc7	Thanks mate, see you tomorrow then.	Dankon, kamarado. Ĝis morgaŭ.
line:30f1f583	Thanks!	Dankon!
line:3484ab9d	Thanks!	Dankon!
line:44701902	Thanks!	Dankon!
line:4d868f2f	Thanks!	Dankon!
line:70190774	Thanks!	Dankon!
line:8b8f57c4	Thanks!	Dankon!
line:ab5b2574	Thanks!	Dankon!
line:b588bf4c	Thanks!	Dankon!
line:bc5d790a	Thanks!	Dankon!
line:c07a9171	Thanks!	Dankon!
line:e7e57d9c	Thanks!	Dankon!
line:fa293cde	Thanks! Whats with all the... Gloop?	Dankon! Kio estas tiu tuta... ŝlimaĵo?
line:e1609903	Thanks, but I'll be better. I promise.	Dankon, sed mi pliboniĝos. Mi promesas.
line:02cbdc87	Thanks, I'm excited too.	Dankon, mi ankaŭ antaŭĝojas.
line:37c9d915	Thanks, You're pleasant too!	Dankon, vi ankaŭ estas agrabla!
line:cb847372	Thanks, You're pleasant too!	Dankon, vi ankaŭ estas agrabla!
line:188d4359	Thanks.	Dankon.
line:316bb26e	Thanks.	Dankon.
line:34ec4db7	Thanks.	Dankon.
line:5183a6f2	Thanks.	Dankon.
line:c642cb17	Thanks.	Dankon.
line:cf716777	Thanks.	Dankon.
line:e00c6df5	Thanks.	Dankon.
line:e521db76	Thanks.	Dankon.
line:f62e1c4f	Thanks.	Dankon.
line:fbba1293	Thanks.	Dankon.
line:8bfa88d7	Thanks. I like being around you too.	Dankon. Mi ankaŭ ŝatas esti apud vi.
line:df0a8598	Thanks. I'm always happy to be here.	Dankon. Mi ĉiam ĝojas esti ĉi tie.
line:084e3cbc	Thanks. See you soon.	Dankon. Ĝis baldaŭ.
line:71d57aeb	Thanks. That's kind of you to say.	Dankon. Estas afable diri tion.
line:a1f9de62	Thanks. That's kind of you to say.	Dankon. Estas afable diri tion.
line:9a9a6120	Thankth!	Dankon!
line:e721d512	That brings me to my next question...	Tio kondukas al mia sekva demando...
line:215a2d34	That felt <i>good</i>.	Tio estis <i>bona</i>.
line:89150715	That is rather kind of you to say.	Estas tre afable diri tion.
line:a57409fb	That is the source of my worry...	Jen la fonto de mia zorgo...
line:ad261b84	That just makes it harder!	Tio nur pli malfaciligas!
line:7111d265	That makes me feel a lot more sure of myself then.	Tio multe plifortigas mian memfidon.
line:3fac5bff	That makes me feel good to hear.	Estas agrable aŭdi tion.
line:1c49f05b	That makes me happy to hear.	Estas ĝojige aŭdi tion.
line:a8b70da7	That must mean it is! I'm glad.	Tio certe signifas, ke jes! Mi ĝojas.
line:5738ea38	That nice to hear... But, I mean being taken care of more... Primally?	Estas agrable aŭdi tion... Sed mi celas pli... instinktan prizorgon?
line:8f598864	That one was almost too big-	Tiu estis preskaŭ tro granda...
line:5960dcbb	That should be all though, could you go get the gate?	Sed tio devus esti ĉio. Ĉu vi malfermus la pordegon?
line:116f0e16	That should be every spot.	Tio devus esti ĉiu makulo.
line:90444b09	That sounds like an over-reaction on her part.	Ŝajnas, ke ŝi troreagis.
line:f07c9e39	That sounds like an over-reaction on her part.	Ŝajnas, ke ŝi troreagis.
line:c78cf81f	That sounds lovely!	Tio sonas ĉarme!
line:eaa3c173	That they are...	Efektive...
line:f4b9a455	That was much nicer than a hose.	Tio estis multe pli agrabla ol akvohoso.
line:78cef130	That was never a concern. I'm a rather risk averse dragon.	Tio neniam zorgigis min. Mi estas drako tre singarda pri riskoj.
line:22d271f4	That was really fun.	Tio estis vere amuza.
line:019b83df	That was wonderful! I feel so much better about dating.	Tio estis mirinda! Mi sentas min multe pli bone pri amrendevuoj.
line:d7bf167b	That was... Nicer than I expected.	Tio estis... Pli agrabla ol mi atendis.
line:577cec43	That's a mount, no?	Tio estas seksapogilo, ĉu ne?
line:825536f5	That's a tricky question to answer.	Estas malfacile respondi tion.
line:66fb84fe	That's all I want to ask.	Jen ĉio, kion mi volas demandi.
line:ac1ed298	That's all you can ask for, right?	Oni ne povas peti pli, ĉu?
line:6605187b	That's an appeal to authority fallacy. But, yes. I'm correct.	Tio estas falsa argumento per aŭtoritato. Sed jes, mi pravas.
line:52f81dde	That's cute!	Ĉarme!
line:45befc02	That's exciting!	Tio estas ekscita!
line:13cd5511	That's fast... But I think so!	Tio estas rapida... Sed mi kredas, ke jes!
line:4ff91cbd	That's fine!	Estas en ordo!
line:163c524a	That's good to hear.	Estas bone aŭdi tion.
line:33e2bee6	That's good to hear.	Estas bone aŭdi tion.
line:30e461f2	That's good. You deserve a decent man.	Bone. Vi meritas decan viron.
line:aeae4744	That's good... Now what?	Bone... Kaj nun?
line:f3eeb627	That's great! whens your first date?	Bonege! Kiam estas via unua rendevuo?
line:215f4eba	That's me.	Jen mi.
line:cf8c5f37	That's not a thing... But thank you!	Tion oni ne faras... Sed dankon!
line:3f29878b	That's rather nice of you to say.	Estas tre afable diri tion.
line:d38c63ea	That's really cute.	Tio estas tre ĉarma.
line:6474d7f7	That's really nice!	Tio estas tre bona!
line:c5001a4c	That's the best way to eat'em!	Jen la plej bona maniero manĝi ilin!
line:2a5cc3a5	That's very sweet.	Tio estas tre dolĉa.
line:7052576b	That's what I like to hear.	Ĝuste tion mi ŝatas aŭdi.
line:2a154290	That's what I thought too.	Ankaŭ mi tiel pensis.
line:33d12f97	That's what I thought too.	Ankaŭ mi tiel pensis.
line:2b7bb6ce	That's what's terrifying.	Ĝuste tio estas timiga.
line:36fb380f	That's wonderful, he's cute!	Mirinde, li estas ĉarma!
line:266836f8	That's... the first time you've yipped for me.	Tio... estas la unua fojo, kiam vi jipis al mi.
line:9b0b24ad	That.	Tio.
line:6ff80785	That... makes me feel a lot more sure of myself then.	Tio... multe plifortigas mian memfidon.
line:cc6d631b	That... makes me feel a lot more sure of myself then.	Tio... multe plifortigas mian memfidon.
line:ecf6206f	Thats awesome. I'm glad you two are working out.	Bonege. Mi ĝojas, ke via rilato sukcesas.
line:0f8bb606	Thats good to hear.	Estas bone aŭdi tion.
line:f5324d68	Thats really good to hear.	Tio estas vere bona novaĵo.
line:063dcd4b	The ability to open up to someone, even occasionally...	Povi malfermi sin al iu, eĉ nur de tempo al tempo...
line:8919009a	The ambiance is nice.	La etoso estas agrabla.
line:08c850bf	The apothecary will tarnish my name for months.	La apotekisto makulos mian nomon dum monatoj.
line:01b4161e	The breakup I went through earlier was rough.	La antaŭa disiĝo estis malfacila.
line:c932c99d	The breakup I went through earlier was rough.	La antaŭa disiĝo estis malfacila.
line:dd06ed39	The Burnswick Community College of Thaumaturgy, of course!	La Komunuma Altlernejo pri Taŭmaturgio de Burnswick, kompreneble!
line:515099ec	The button on the wall, I mean.	La butonon sur la muro, mi celas.
line:7fe73572	The clean was fine.	La lavado estis bona.
line:e8a38ed0	The college cannot find out about this okay?	La altlernejo ne rajtas ekscii pri tio, ĉu bone?
line:1a169dbc	The lights in the area are great too.	La lumoj en la kvartalo ankaŭ estas bonegaj.
line:610dd8cb	The markers were fun.	Ni amuziĝis per la feltkrajonoj.
line:4b36ea4e	The most prestigious college hosting prestigious professors like me:	La plej prestiĝa altlernejo kun prestiĝaj profesoroj kiel mi:
line:ec00a1fe	The mount? I... suppose!	La seksapogilo? Mi... supozas, ke jes!
line:94e04dcf	The mount? Sure!	La seksapogilo? Certe!
line:d8273d7f	The night 'aint gonna start itself!	La vespero ne komencos sin mem!
line:1f2907ed	The rain has been unrelenting today!	La pluvo ne ĉesis hodiaŭ!
line:1804bf0a	The rain is nice.	La pluvo estas agrabla.
line:7e9a1f83	The stem is just extra food.	La tigo estas nur aldona manĝaĵo.
line:c88244b5	The vibe at night is fuckin' great.	La nokta etoso estas feke bonega.
line:d8a2002e	Then I better let you out!	Do mi prefere ellasu vin!
line:d7b3cd09	Then- Have a productive day.	Do, havu produktivan tagon.
line:448afe95	There was a fault in his method.	Estis difekto en lia metodo.
line:48d4a45a	There's this one red dragon, Conrad. He's... Hot headed, but cute.	Estas ruĝa drako, Konrado. Li estas... kolerema, sed ĉarma.
line:f4af8b88	Theres this club downtown. 'Wings'. It's an old favorite of mine.	Estas klubo en la urbocentro, Wings. Delonga ŝatata loko mia.
line:972f132f	These washes really make things easier.	Ĉi tiuj lavadoj vere faciligas ĉion.
line:352d1d6f	They cum	Ili orgasmas.
line:d78962e8	They cum	Ili orgasmas.
line:3200a588	They keep going	Ili daŭrigas.
line:a31d1a18	They keep going	Ili daŭrigas.
line:035e5be6	They seem cute!	Li ŝajnas ĉarma!
line:454172b0	They took it too far.	Ili iris tro for.
line:d7b49fb8	They were! The stem is my favorite part though.	Ili estis! Sed la tigo estas mia plej ŝatata parto.
line:d156a87f	Think that's every spot.	Mi kredas, ke mi purigis ĉiun makulon.
line:fa1a1e76	Think that's it.	Mi kredas, ke jen ĉio.
line:3112adad	This drake at the bar... I was stupid. Couldn't shut my mouth.	Drako en la drinkejo... Mi estis stulta. Mi ne povis fermi la buŝon.
line:bfd70320	This feels scandalous	Tio ŝajnas skandala.
line:cb437bd0	This is a common practice?	Ĉu tio estas kutima praktiko?
line:831cbfda	This is a job only you can do.	Nur vi povas fari ĉi tiun laboron.
line:4944dbda	This is delicious!	Tio estas bongusta!
line:088893da	This is my first time with a Kobold.	Tio estas mia unua fojo kun koboldo.
line:e218722c	This is my first time, actually!	Fakte estas mia unua fojo!
line:9eb894ad	This is really nice..	Estas tre agrable..
line:c7e4e36f	This is the kind of shit I try to avoid!	Ĝuste tian fekon mi provas eviti!
line:22929636	This place could use a makeover, I know would it could use!	Ĉi tiu loko bezonas renovigon. Mi scias, kio mankas!
line:b06e13bc	This soap isn't fitting for a professor don't you think?	Ĉi tiu sapo ne konvenas al profesoro, ĉu vi ne opinias?
line:97841169	This was a nice escape.	Ĉi tie mi povis eskapi.
line:5f02ceea	This was a wonderful escape...	Ĉi tio estis mirinda rifuĝo...
line:d45f4788	This was nice...	Estis agrable...
line:418498cf	Those grapes looked good.	Tiuj vinberoj aspektis bongustaj.
line:e9d73205	Though every other wash I've been to at least has a mount	Sed ĉiu alia lavejo, kiun mi vizitis, havas almenaŭ seksapogilon.
line:29e70457	Though I can't say I am not curious	Kvankam mi ne povas diri, ke mi ne scivolas.
line:9c3e6004	Though you probably shouldn't eat them.	Kvankam vi verŝajne ne devus manĝi ilin.
line:f1ca33da	title: Alexander_Done	title: Alexander_Done
line:3ed2f649	title: Conrad_OutroDone	title: Conrad_OutroDone
line:74c28add	title: ConradBeatup_OutroDone	title: ConradBeatup_OutroDone
line:722243c8	title: RyanDate_OutroDone	title: RyanDate_OutroDone
line:b4eee981	title: RyanExploded_OutroDone	title: RyanExploded_OutroDone
line:6298f08b	Told me about the time he got beat up.	Li rakontis pri la fojo, kiam oni batis lin.
line:ee954bd9	Told me to go to a wash, and was acting extremely offended.	Ŝi diris, ke mi iru al lavejo, kaj kondutis kvazaŭ mi profunde ofendis ŝin.
line:c66e1278	Tonight- on campus. The library is the large blue spire building.	Ĉi-vespere, sur la kampuso. La biblioteko estas la konstruaĵo kun la granda blua spajro.
line:434527c6	Truly terrible, no?	Vere terure, ĉu ne?
line:5a5d646c	Truly?	Ĉu vere?
line:e3aa4e29	Truth be told, I got dirty to come here.	Verdire, mi malpurigis min por veni ĉi tien.
line:0979dea3	Uh, I'm still really soapy!	Nu, mi ankoraŭ estas tre sapa!
line:05bbe58c	Uh-huh, I'll go get the gate	Mhm, mi malfermos la pordegon.
line:7de638fb	Uh... Hello?	Nu... Saluton?
line:7de9b3a4	Uh... uhm...	Nu... Ehm...
line:159c5c1f	Uh... Yeah.	Nu... Jes.
line:2089db44	Uhhhm we're not exactly.	Nu, ne tute.
line:3ed62e6b	Uhm, no, I'll just be REALLY upset.	Nu, ne. Mi simple estos TRE malkontenta.
line:f0a579a5	Uhm...	Nu...
line:cc295885	uhm... <size=60%>no?	Nu... <size=60%>Ne?
line:29237bc3	Use the crowbar to open and place it in storage, would you?	Malfermu la keston per la levstango kaj metu ĝin en la deponejon, ĉu bone?
line:1ec0dc6a	Use the sprayer on the wall to wash me off.	Uzu la ŝprucigilon sur la muro por ellavi min.
line:a716d3b8	Uunf. T-that was... Rather undignified.	Uunf. T-tio estis... Sufiĉe maldigna.
line:a37177dd	V-very well. I'll try.	T-tre bone. Mi provos.
line:209ddf97	Very cool	Tre mojose.
line:2f10f572	Very well. Don't let me interrupt the wash then!	Tre bone. Mi do ne interrompu la lavadon!
line:7678511c	Wah- huh- <size=80%>oah. <size=60%>we don't-	Kio... Ĉu... <size=80%>Ho. <size=60%>Ni ne...
line:82e2c158	Wait a sec, I need to open the gate.	Atendu momenton, mi devas malfermi la pordegon.
line:9c7a2fb7	Wait a sec, I need to open the gate.	Atendu momenton, mi devas malfermi la pordegon.
line:8ab5686b	Was great! Ryan is a sweetheart.	Bonega! Rajano estas karulo.
line:d8c9f912	Was just doing my job!	Mi nur faris mian laboron!
line:148a63c8	Was just trying to play along. Happy to see you!	Mi nur provis sekvi la ŝercon. Mi ĝojas vidi vin!
line:56261ccb	Was still good though! I like how it feels sliding down.	Sed ĝi ankoraŭ estis bona! Mi ŝatas senti ĝin gliti malsupren.
line:4d002f47	Was... <i>Really</i> upset I was muddy.	Ŝi estis... <i>vere</i> kolera, ĉar mi estis kota.
line:014b5da5	Watch where those paws are going would you?	Atentu, kien iras tiuj manoj, ĉu bone?
line:3028feb5	We also had sex after our date.	Ni ankaŭ seksumis post la rendevuo.
line:d132db41	We can just lay here...	Ni povas simple kuŝi ĉi tie...
line:4da8b942	We can make an opening.	Ni trovos lokon por vi.
line:8c563ab8	We can make an opening.	Ni trovos lokon por vi.
line:33a79dbe	We do! Are you... from the college...?	Jes! Ĉu vi estas... de la altlernejo...?
line:b83ec453	We got your request for the mount!	Ni ricevis vian peton pri seksapogilo!
line:8b7b8d6b	We went out to eat. Had some good conversation.	Ni iris manĝi. Ni bone konversaciis.
line:74706bb3	We will need to clean the floors...	Ni devos lavi la plankon...
line:df8fb8c9	We'll be going out to this seafood place-	Ni iros al restoracio kun marmanĝaĵoj...
line:110a2ced	Welcome back!	Bonvenon reen!
line:b042f12a	Welcome back!	Bonvenon reen!
line:c46f5033	Well great, I appreciate your discretion, I'll be headed off to the apothecary.	Tre bone, mi dankas vian diskretecon. Mi iros al la apotekisto.
line:08f40e32	Well I had a good time, see you later then!	Nu, estis agrable. Ĝis poste!
line:c1e8b05d	Well I had a good time, see you later then!	Nu, estis agrable. Ĝis poste!
line:fcff7b00	Well, go to the window and speak with your customer.	Nu, iru al la fenestro kaj parolu kun via kliento.
line:fc1e497a	Well, good luck getting your hands around all of me.	Nu, bonŝancon ĉirkaŭpreni min tutan per viaj manoj.
line:60f14972	Well, I do enjoy the color. But I believe that is unrelated to my hue.	Nu, mi ŝatas la koloron. Sed mi kredas, ke tio ne rilatas al mia propra nuanco.
line:c9f270de	Well, I'm a dragon- but... You know what I mean.	Nu, drako... Sed vi scias, kion mi celas.
line:f7f87f6c	Well, That's why I'm here!	Nu, ĝuste tial mi estas ĉi tie!
line:629d89d1	Well, yes. I mean more... Primally?	Nu, jes. Mi celas pli... instinkte?
line:8aa0fc1a	Well, you are one hell of a catch.	Nu, iu vere bonŝancus havi vin.
line:5d34e715	Well, you better get one then!	Do prefere akiru unu!
line:f16e75f3	Well...	Nu...
line:a71a8385	Went to the bar... Things got spicy. You can imagine what happened next... <size=70%>Hah...	Ni iris al la drinkejo... La etoso varmiĝis. Vi povas imagi la sekvon... <size=70%>Ha...
line:2e0ec324	Wha..?	Kio...?
line:29ec93b2	Whaaat. Nothing wrong with it! figured you'd like to know.	Kiooo? Nenio malbona en tio! Mi pensis, ke vi ŝatus scii.
line:18e5a573	Whaaat? It's good to make sure you're warmed up!	Kiooo? Estas bone certigi, ke oni varmiĝis!
line:bd66082e	What about a movie?	Kiel pri filmo?
line:ee3c126b	What about your private washers?	Kaj viaj privataj lavistoj?
line:871137eb	What about?	Pri kio?
line:bb3b6c71	What brings you in so late?	Kio venigas vin tiel malfrue?
line:2dd518f0	What do you mean?	Kion vi celas?
line:2fae1274	What do you mean?	Kion vi celas?
line:3c2c53dc	What do you mean?	Kion vi celas?
line:838cdf1b	What do you think of me?	Kion vi pensas pri mi?
line:c2bdc402	What does the number 7 taste like?	Kiel gustas la nombro 7?
line:56fc085a	What happened!?	Kio okazis?!
line:0bc56d4d	what happened?	Kio okazis?
line:8c3b76ea	What is it?	Kian?
line:44b711a0	What is..	Kio estas...
line:53301d3b	What kind of egg was that?	Kia ovo estis tio?
line:073701b7	What kind of movie are you thinking?	Pri kia filmo vi pensas?
line:03cf1c9a	What kind of question?	Kian demandon?
line:003700c7	What kinds of classes do you teach?	Kiajn lecionojn vi instruas?
line:e2406cc4	What now?	Kio nun?
line:0c583118	What was in those opened crates?	Kio estis en tiuj malfermitaj kestoj?
line:5a195ff2	What!? that's terrible! You don't even have a mount...?	Kio?! Terure! Vi eĉ ne havas seksapogilon...?
line:8ebd442e	What's got you looking so happy?	Kio tiel ĝojigas vin?
line:fc7aaaa0	What's teaching like?	Kia estas instruado?
line:f99840cd	What's that?	Kio estas tio?
line:1a0b719d	What's up?	Pri kio temas?
line:29359884	What's up?	Pri kio temas?
line:8d5c7802	What's up?	Pri kio temas?
line:712f9d7c	what?	Kio?
line:766c2abd	What? All the best places do it!	Kio? Ĉiuj plej bonaj lokoj faras tion!
line:159a1d54	What? I'm a professor! Can't you tell from my crest?	Kio? Mi estas profesoro! Ĉu vi ne vidas tion laŭ mia blazono?
line:9aa86a9b	What? There is no harm caused by a genuine compliment!	Kio? Sincera komplimento faras nenian malbonon!
line:b2fe309b	Whats got you in a good mood?	Kio tiel bonhumorigas vin?
line:93a145d4	Whats up, big guy?	Kio estas, grandulo?
line:4efe8211	Whats up?	Kio estas?
line:866cd495	Whats up?	Kio estas?
line:bfc04b3a	Whats up?	Kio estas?
line:e01885c3	Whats up?	Kio estas?
line:f7d786b6	Whats with all the... Gloop?	Kio estas tiu tuta... ŝlimaĵo?
line:c4c81aa9	Whats your favorite part about him?	Kion vi plej ŝatas pri li?
line:ff6ef027	When do you actually end the relationship?	Kiam vi efektive finas ĝin?
line:2ffe284b	When I met him at first I was falling back on my old script.	Kiam mi unue renkontis lin, mi revenadis al mia malnova konduto.
line:eb019075	When you're done go ahead and hit the button.	Kiam vi finos, simple premu la butonon.
line:5d4e9392	Where did he go...?	Kien li iris...?
line:7af04961	Where would you like to go?	Kien vi ŝatus iri?
line:7e9389a7	Which college?	Kiu altlernejo?
line:2d315c6c	Who knew a dragon could get so dirty, huh?	Kiu imagus, ke drako povas tiel malpuriĝi, ĉu?
line:a97338b0	Who knew places such as this existed so readily available to the public!	Kiu imagus, ke tiaj lokoj estas tiel facile alireblaj por la publiko!
line:8b7915f4	Who's that?	Kiu estas?
line:ebd63f8c	Who's there?	Kiu estas tie?
line:eea7573f	Whoa! Cold!	Ho ve! Malvarme!
line:1acbd02a	Whoops	Ups.
line:5a6c0d31	Whoops	Ups.
line:afc6c00a	Whoops	Ups.
line:c30013ff	Whoops	Ups.
line:9df56a3a	why are you here so late?	Kial vi venas tiel malfrue?
line:bb8583c1	With Ryan, I'm pretty sure we're gonna go on a date tonight.	Mi kredas, ke mi kaj Rajano iros al rendevuo ĉi-vespere.
line:c236bdf9	Woah. Uhm.	Ho ve. Nu...
line:390f05be	Woah... What is that in your mouth?	Ho... Kio estas en via buŝo?
line:4b93b009	Woah... You want me to use that? Even with the food? Alright!	Ho... Vi volas, ke mi uzu tion? Eĉ kun la manĝaĵo? Bone!
line:4cacfab8	Wonderful to hear you're seeing someone!	Estas mirinde aŭdi, ke vi renkontiĝas kun iu!
line:f6fdf321	Wonderful to hear you're seeing someone!	Estas mirinde aŭdi, ke vi renkontiĝas kun iu!
line:7e2421b6	Wonderful to hear.	Mirinde aŭdi tion.
line:36d49875	Wonderful!	Mirinde!
line:6046bedf	Wonderful!	Mirinde!
line:ab423ac7	Wonderful!	Mirinde!
line:5a9abbd4	Wonderful. Have a <i>productive</i> day.	Mirinde. Havu <i>produktivan</i> tagon.
line:ec771552	Woops.	Ups.
line:51bcff68	Would that interest you?	Ĉu tio interesus vin?
line:8c8591ec	Would you care to join me at the college library this evening...?	Ĉu vi volus akompani min al la altlerneja biblioteko ĉi-vespere...?
line:985436e6	Wouldn't that be degrading?	Ĉu tio ne estus humiliga?
line:1e027369	Wow thanks, that feels good.	Ho, dankon, tio estas agrabla.
line:737184f5	Wow!	Ŭaŭ!
line:ead1bf44	Wow, it's an experience seeing you eat like that.	Ho, estas aparta sperto vidi vin manĝi tiel.
line:5da1e074	Y'know?	Ĉu vi komprenas?
line:79352475	Ya.	Jes.
line:f6c14e05	Ya.	Jes.
line:b6add8e0	Yea! I do!	Jes! Tiel estas!
line:b44edd29	Yeaaah I'm not sticking with that one.	Jeees, mi ne konservos tiun kromnomon.
line:7a471225	Yeaaah.	Jeees.
line:5483c5fd	Yeah	Jes.
line:3a5d5ca4	Yeah he seems like he'd push some buttons.	Jes, li ŝajnas scii, kiel provoki reagon.
line:63024a1f	Yeah he's improved a lot.	Jes, li multe pliboniĝis.
line:5847a779	Yeah I have.	Jes, mi jam parolis kun li.
line:f3b5952a	Yeah I'm happy too.	Jes, mi ankaŭ feliĉas.
line:fb47f998	Yeah it go BRRT haha.	jes, ĝi faras BRRT, haha.
line:eef9b2bb	Yeah It's fine. Sorry.	Jes, ĉio bonas. Pardonu.
line:fbc80e96	Yeah let me get that for you.	Jes, mi malfermos por vi.
line:f212b2de	Yeah so I'm all muddy and stuff, love romping around in the public park.	Jes, mi estas tute kota. Mi amas petoli en la publika parko.
line:108de471	Yeah that sounds pretty good.	Jes, tio sonas sufiĉe bone.
line:fdd800c2	Yeah! clean as always.	Jes! Pura kiel ĉiam.
line:dee4a32d	Yeah! Conrad, he's adorable. Though he'd hate I said that.	Jes! Konrado, li estas adorinda. Kvankam li malamus aŭdi min diri tion.
line:ab1bc039	Yeah! I feel clean.	Jes! Mi sentas min pura.
line:6733a3df	Yeah! I'm going on a date with him soon.	Jes! Mi baldaŭ havos rendevuon kun li.
line:66727cce	Yeah! It has food that should be good for both of us.	Jes! Estas manĝaĵo, kiu devus taŭgi por ni ambaŭ.
line:b482634c	Yeah! its useful.	Jes! Estas utile.
line:da9cfdcf	Yeah! Just went on a date with Conrad.	Jes! Mi ĵus havis rendevuon kun Konrado.
line:3f153aaf	Yeah! Just went on a date with Ryan.	Jes! Mi ĵus havis rendevuon kun Rajano.
line:77ca2316	Yeah! Thanks for the food. I'll go get the gate.	Jes! Dankon pro la manĝaĵo. Mi malfermos la pordegon.
line:c87d632b	Yeah! That would be amazing.	Jes! Tio estus mirinda.
line:71c0ee9a	Yeah, ever since the breakup I've been looking for something new.	Jes, ekde la disiĝo mi serĉas ion novan.
line:bee397db	Yeah, he's so kind to me.	Jes, li estas tiel afabla al mi.
line:4815ddba	Yeah, I've got one.	Jes, mi havas.
line:24efaa49	Yeah, me too. He's real nice.	Jes, ankaŭ mi. Li estas vere afabla.
line:6fa847ba	Yeah, nah. Mate you gotta get in on this. I'll pay good!	Nu, ne, kamarado. Vi devas oferti tion. Mi bone pagos!
line:266f699d	Yeah, taste good!	Jes, ĝi bongustas!
line:67cc394b	Yeah, that was scary at first.	Jes, komence tio timigis min.
line:a9980f5e	Yeah, this has been super nice.	Jes, estis tre agrable.
line:54c44240	Yeah, you're right.	Jes, vi pravas.
line:bb1827c7	Yeah- Though only if you want!	Jes... Sed nur se vi volas!
line:7311dc01	Yeah.	Jes.
line:95e2f7cc	Yeah.	Jes.
line:9fd5b834	Yeah. <size=90%>Oh- <size=80%>you know. I'm like... <size=70%>Haha. Yeah. Mhm!	Jes. <size=90%>Ho... <size=80%>Vi scias. Mi estas... <size=70%>Haha. Jes. Mhm!
line:a28a70c6	Yeah. At least I got to meet you because of it.	Jes. Almenaŭ danke al tio mi renkontis vin.
line:e5937e30	Yeah. I like fish!	Jes. Mi ŝatas fiŝojn!
line:0372e0d1	Yeah. It wasn't too expensive.	Jes. Ne estis tro multekoste.
line:6804839d	Yeah. It's hard to unwind groups after something like that.	Jes. Estas malfacile malimpliki amikarojn post tia afero.
line:6e0e4e11	Yeah. You two will be cute.	Jes. Vi estos ĉarmaj kune.
line:616121a9	Yeah...	Jes...
line:f244d080	Yeah... He's really great.	Jes... Li estas vere bonega.
line:5bab2df8	Yeah... I've never gone on a date with a kobold before.	Jes... Mi neniam havis rendevuon kun koboldo antaŭe.
line:8eeb7e28	Yeah... It really isn't.	Jes... Vere ne estas.
line:039a0c83	Yeah?	Ĉu jes?
line:2fb3fe55	Yeah?	Ĉu jes?
line:92bd78f3	Yeah?	Ĉu jes?
line:3690a3eb	Yeah? I don't even see a mount.	Ĉu jes? Mi eĉ ne vidas seksapogilon.
line:ea2adb20	Yeah? tell me about it!	Ĉu jes? Rakontu!
line:78eccd9b	Yellow lime.	Flava limeo.
line:5fd7bc69	Yep!	Jes!
line:b6c878fa	Yep!	Jes!
line:fcff76d4	Yep! I'll get the gate.	Jes! Mi malfermos la pordegon.
line:3cdcbd4a	Yes	Jes.
line:991dc643	Yes	Jes.
line:e535cacb	Yes	Jes.
line:fb4265f7	Yes	Jes.
line:4ab6c5a9	yes	Jes
line:db98be35	Yes right this way.	Jes, ĉi tien.
line:52010e35	YES!	JES!
line:c4310942	Yes!	Jes!
line:d5f94e23	Yes!	Jes!
line:5592e639	Yes, welcome to Drag'N Wash!	Jes, bonvenon al Drag'N Wash!
line:f676b9a8	Yes, welcome to Drag'n wash!	Jes, bonvenon al Drag'N Wash!
line:a610ce0b	YES.	JES.
line:85fd5266	Yes.	Jes.
line:152cb8ad	Yes. I'm in need of a clean. The situation is rather dire!	Jes. Mi bezonas lavadon. La situacio estas tre urĝa!
line:c4595dd5	Yes. It's invigorating to be so candid.	Jes. Estas viglige esti tiel sincera.
line:d7e50f2d	Yes..	Jes..
line:5811655d	Yes... But I believe we need to clean the floors.	Jes... Sed mi kredas, ke ni devas lavi la plankon.
line:9444cdba	Yip	Jip.
line:14d2c62f	Yip!	Jip!
line:296ff3f4	Yip!	Jip!
line:3d516ddb	Yip!	Jip!
line:3e870ad0	Yip!	Jip!
line:5544e245	Yip!	Jip!
line:5efde4e2	Yip!	Jip!
line:c3e1f198	Yip!	Jip!
line:e662501c	Yip!	Jip!
line:5e181cf4	Yip! <size=70%>(Gate)	Jip! <size=70%>(Pordego)
line:b12a3f31	Yip! <size=70%>(idk)	Jip! <size=70%>(Mi ne scias)
line:a8ee5236	Yip! <size=70%>(It's because the dormant part of your draconic mind is remembering the deep set language bridge between your kind and mine. Which carries the deep meaning and intention of kobold 'Yips' within it. This sudden understanding of yours is simply from our connection growing over time and activating that part of your mind.)	Jip! <size=70%>(Estas ĉar dormanta parto de via draka menso rememoras la profundan lingvan ligon inter via speco kaj la mia, kiu portas la profundan signifon kaj intencon de koboldaj «jipoj». Via subita kompreno venas simple de nia ligo, kiu kreskis kun la tempo kaj aktivigis tiun parton de via menso.)
line:5935a413	Yip! <size=70%>(Yes)	Jip! <size=70%>(Jes)
line:f1c14f75	Yip-Man - The Final Yip	Jip-Man: La Lasta Jipo.
line:4b9046ec	Yip-Man movies are real corny...	La filmoj pri Jip-Man estas tre kiĉaj...
line:3d6b2203	You again?	Ĉu vi denove?
line:81416c72	You already are, whats up?	Vi jam faras. Pri kio temas?
line:6fbc3c1b	You also do <i>special endings</i> here, yeah?	Ĉu vi ankaŭ faras <i>specialajn finojn</i> ĉi tie?
line:e553c773	You also introduced me to Conrad.	Vi ankaŭ konigis min kun Konrado.
line:feb8727e	You always make me feel welcomed.	Vi ĉiam sentigas min bonvena.
line:563d71ba	You are too!	Ankaŭ vi!
line:4efafbb0	You are very skilled with your hands	Vi estas tre lerta per viaj manoj.
line:0dd63830	You brought food in?	Ĉu vi alportis manĝaĵon?
line:38043f6c	You can act however you like around me.	Ĉe mi vi povas agi laŭplaĉe.
line:3fbd01fb	You can come in whenever!	Vi povas veni iam ajn!
line:0eb37f1a	You can stay here if you want.	Vi povas resti ĉi tie se vi volas.
line:ecc04e16	You decide!	Vi decidu!
line:19698f13	You didn't even open the watermelon.	Vi eĉ ne malfermis la akvomelonon.
line:7e8c1ae2	You do know how to use your hands pretty well.	Vi ja scias bone uzi viajn manojn.
line:7023b6b4	You don't deserve that.	Vi ne meritas tion.
line:c0cc0f2d	You got a medkit?	Ĉu vi havas sukurkeston?
line:c2b3c28a	you know about getting back into the dating scene...	vi scias, pri denove serĉi amon...
line:512df07c	You know what that means.	Vi scias, kion tio signifas.
line:e613cbe3	You know what that means...	Vi scias, kion tio signifas...
line:73e4789c	You know... This environment is rather pleasant. Very... proletarian.	Ĉu vi scias... Ĉi tiu medio estas sufiĉe agrabla. Tre... proletara.
line:404b17ef	You look good this clean!	Vi aspektas bone tiel pura!
line:780c151c	You needn't worry. The washer's union is... More powerful than I.	Ne zorgu. La sindikato de lavistoj estas... Pli potenca ol mi.
line:3fab049a	You probably shouldn't.	Vi verŝajne ne devus.
line:0bc044da	You ready for this?	Ĉu vi pretas por tio?
line:f0a0565a	You ready to go back in to the club?	Ĉu vi pretas reiri en la klubon?
line:c0e34d36	You really ate that entire thing... Woah.	Vi vere manĝis la tuton... Ho ve.
line:82cf49aa	You seemed to enjoy yourself.	Ŝajnis, ke vi ĝuis vin.
line:ba66095e	You set a good example.	Vi donas bonan ekzemplon.
line:6c2a1901	You should be all clean!	Vi devus esti tute pura!
line:36779352	You should be.	Vi prave antaŭĝojas.
line:86154a64	You should feel it and check for me	Tuŝu ĝin kaj kontrolu por mi.
line:20503ab0	You sure? It's not like... fun stuff.	Ĉu vi certas? Ne estas... amuza temo.
line:0a0d6bc0	You too! I'll go get the gate.	Ankaŭ mi! Mi malfermos la pordegon.
line:e3106999	You too. Thanks for the wash.	Ankaŭ vin. Dankon pro la lavado.
line:fc97aa74	You too. Thanks for the wash.	Ankaŭ vin. Dankon pro la lavado.
line:5e4d645c	You two are really cute together...	Vi estas vere ĉarmaj kune...
line:b76a2a43	You were really going at it.	Vi vere energie agadis.
line:83aa1a23	You work at a college?	Ĉu vi laboras en altlernejo?
line:85fa0d03	You'd need a dragon stomach first!	Vi unue bezonus drakan stomakon!
line:ebd2af6b	You'll have to give me all the Ryan details soon.	Vi devos baldaŭ doni ĉiujn detalojn pri Rajano.
line:6c71dd83	You'll have to tell me all about it.	Vi devos rakonti ĉion.
line:91ab30f5	You'll have to tell me how you two work out!	Vi devos rakonti, kiel via rilato progresas!
line:ffeff59b	You'll have to tell me more inside.	Vi devos rakonti pli interne.
line:5eb243c2	You'll like it.	Vi ŝatos ĝin.
line:6acf7c77	You'll need to let them in afterwards of course.	Poste vi kompreneble devos enlasi lin.
line:6b63d2d8	You'll take care of everything?	Ĉu vi zorgos pri ĉio?
line:f2527ed7	You're <i>spotless.	Vi estas <i>senmakula.
line:23ae97e6	You're a big deal	Vi estas grava.
line:323e546b	You're a good friend too, I'll go get the gate.	Vi ankaŭ estas bona amiko. Mi malfermos la pordegon.
line:44e97be7	You're always welcome here, Ryan.	Vi ĉiam bonvenas ĉi tie, Rajano.
line:09e5bf43	You're cute by the way.	Cetere, vi estas ĉarma.
line:277d8257	You're fine. Thank you.	Ne zorgu. Dankon.
line:8c269acb	You're going to love it.	Vi amos ĝin.
line:173782fa	You're good at it.	Vi bone faras ĝin.
line:1dca8fa0	You're just a very comfortable person to be around.	Mi simple sentas min tre komforte apud vi.
line:42124159	You're just a very comfortable person to be around.	Mi simple sentas min tre komforte apud vi.
line:d3b6d22a	You're kind. It's more than I deserve.	Vi estas afabla. Pli ol mi meritas.
line:ca72bf2d	You're okay. You're clearly going through a lot.	Estas en ordo. Vi klare travivas multon.
line:68887509	You're one of my favorite clients!	Vi estas unu el miaj plej ŝatataj klientoj!
line:c4cc497f	You're pretty hot.	Vi estas sufiĉe seksalloga.
line:b6603dc7	You're right. I shouldn't pry.	Vi pravas. Mi ne devus trudiĝi.
line:31ab814e	You're right... Theres no way you could.	Vi pravas... Vi neniel povus scii.
line:470cd652	You're the first person I've met who's only expectation is for me to be...	Vi estas la unua persono, kiun mi renkontis, kiu nur atendas, ke mi estu...
line:f718a7eb	You're the professor here. Must be correct.	Vi estas la profesoro. Vi certe pravas.
line:15f55959	You're very sweet.	Vi estas tre dolĉa.
line:bc6cc4d2	You're very sweet.	Vi estas tre dolĉa.
line:6289a322	You're very welcome.	Estis plezuro.
line:39ddd682	You're...	Vi estas...
line:6e94f373	You're... cool.	Vi estas... mojosa.
line:61c96494	You're... Not that dirty.	Vi ne estas... tiom malpura.
line:8bab3246	You're... very forward.	Vi estas... tre rekta.
line:3bbab759	You've gotta keep me updated on you and Ryan, yeah?	Vi devas daŭre rakonti pri vi kaj Rajano, ĉu bone?
line:a5a8a9d5	Your crest is cool. What is it?	Via blazono estas bela. Kio ĝi estas?
line:3890b91c	Your date with Ryan.	Via rendevuo kun Rajano.
line:82109412	Your secret's safe with me.	Via sekreto estas sekura ĉe mi.
line:ed8e7994	Yours doesn't. It's nice.	La via ne. Estas agrable.
line:016a65e8	Yuh, that's me.	Jes, jen mi.
line:38eb6d26	Yup!	Jes!
line:7ac62718	Yup. I like it.	Jes. Mi ŝatas tion.
