# line ID	exact English source	translation (English A-Z then ID)
line:39fd52f1	'Ey big dog.	a, soweli suli o.
line:918d7820	'Ey big kobold.	toki, jan akesi lili suli o.
line:155c00eb	'think', 'On the way here'? Then you weren't covered in ink before...	sina 'pilin'? sina 'tawa ma ni'? tenpo pini la telo sitelen li lon ala sina...
line:15bcd86c	'Yes way', There is nothing I am more certain of.	ken lon. mi sona wawa e ni tawa ijo ante ale.
line:4d49ae72	'Yes way', There is nothing I am more certain of.	ken lon. mi sona wawa e ni tawa ijo ante ale.
line:25f35611	---	---
line:4b9b3a43	---	---
line:97ab84a8	---	---
line:db5b3129	---	---
line:e2f28daa	---	---
line:3d2df033	..	..
line:8c0e2d04	..	..
line:b36eb839	..	..
line:03d2f0bb	...	...
line:045f5836	...	...
line:1113335e	...	...
line:227eda5e	...	...
line:30a74521	...	...
line:4810891f	...	...
line:4da86a7a	...	...
line:610824ef	...	...
line:6757e4a0	...	...
line:695ef750	...	...
line:7426a997	...	...
line:759a495e	...	...
line:7e189c92	...	...
line:812700a5	...	...
line:848f5cd8	...	...
line:85f39b27	...	...
line:9504ba33	...	...
line:a6531779	...	...
line:b59e9091	...	...
line:b7f0551c	...	...
line:c272e55f	...	...
line:cdb8d8db	...	...
line:cfe4b91d	...	...
line:d6483230	...	...
line:d90d368f	...	...
line:d9516fdd	...	...
line:dd197e7c	...	...
line:decf872a	...	...
line:e9d40a5c	...	...
line:20f87f8d	... A class which I'm teaching rather soon.	... tenpo pi pana sona mi li kama lon tenpo lili.
line:4815d919	... Being a bit of a jerk honestly.	...mi toki lon la, mi jan ike lili.
line:11bfce3b	... I thought we were good friends, we have sex all the time!	... mi pilin e ni: mi ale li jan pona pona. mi ale li unpa lon tenpo ale!
line:1bebf328	... Thank you..	... sina pona..
line:a8eb78ed	... you're done? I'm still dirty..	...sina pini? mi awen jaki..
line:ef611d11	... you're done? I'm still soapy..	...sina pini? mi awen jo e ko telo..
line:496134bc	...!	...!
line:7cc45755	...!	...!
line:6585925d	...<i><size=70%>I have one on him at least.	...<i><size=70%>mi olin e ona lon.
line:e2ea4ead	...A wash for our date tonight.	...telo tawa tenpo olin mi tu pi pimeja ni.
line:048d7f84	...About what I said earlier.	...mi wile toki sin e ijo mi pi tenpo pini.
line:55d1f6ef	...and nice.	... sina pona kin.
line:79a1a205	...But not in like a bad weird way.	...taso lon nasin ike nasa ala.
line:3592632e	...It's intimidating knowing how much they look up to me.	... ona li lukin suli e mi. sona ni li pana e monsuta.
line:7e08544c	...It's odd being able to speak so freely with someone.	... mi ken toki ale tawa jan. ni li nasa.
line:f0cb8389	...No	... ala.
line:92601622	...Okay, come in	...pona, o kama insa
line:e381559c	...Thank you for this.	... sina pona tan ni.
line:b7b5f7fb	...Thanks.	... sina pona.
line:dbab7a39	<b><i><size=130%>Did you suggest Ryan to Conrad?	<b><i><size=130%>sina toki ala toki e jan Wajan tawa jan Konwa?
line:36ff6bd9	<gradient="gold"><b> I know a dragon, Ryan. I could get you two in contact? </b></gradient><size=70%>(Unlocks Conrad/Ryan hookup OR Ryan romance)	<gradient="gold"><b> mi sona e akesi, jan Wajan. mi ken pana e nimi sina tawa ona? </b></gradient><size=70%>(ni li open e nasin pi jan Konwa en jan Wajan ANU nasin olin pi jan Wajan)
line:7e9d40e6	<gradient="gold"><b> I wouldn't mind hanging out... </b></gradient><size=70%> (Unlocks Conrad romance)	<gradient="gold"><b> mi wile musi lon poka sina... </b></gradient><size=70%> (ni li open e nasin olin pi jan Konwa)
line:a0e49f02	<gradient="gold"><b> I wouldn't mind! </b></gradient><size=70%> (Will lead to Alexander romance!)	<gradient="gold"><b> ni li pona tawa mi! </b></gradient><size=70%> (ni li open e nasin olin pi jan Aleksanta!)
line:0371fb9c	<gradient="gold"><b> I'm going to be busy tonight. Sorry. </b></gradient><size=70%> (Will lead to no romance!)	<gradient="gold"><b> pimeja ni la, mi jo e pali mute. mi pakala. </b></gradient><size=70%> (ni li open e nasin pi olin ala!)
line:f5a81524	<gradient="gold"><b>I don't have anyone off the top of my head.</b></gradient><size=70%> (Locks in Conrad romance!)	<gradient="gold"><b>tenpo ni la mi sona ala e jan pona.</b></gradient><size=70%> (ni li pana e nasin olin pi jan Konwa taso!)
line:bedc761d	<gradient="gold"><b>I know this one red dragon. I think you'd like him! </b></gradient><size=70%> (Hooks up Ryan with Conrad!)	<gradient="gold"><b>mi sona e akesi loje wan. mi pilin e ni: sina la ona li pona! </b></gradient><size=70%> (ni li wan e jan Wajan e jan Konwa lon nasin olin!)
line:e104b8e4	<gradient="gold"><b>Oh. Uhm. <size=70%> I wouldn't mind... If I was that someone. </b></gradient><size=70%> (Locks in Ryan romance!)	<gradient="gold"><b>a. mmm. <size=70%> mi wile kin... mi ken jan ni. </b></gradient><size=70%> (ni li pana e nasin olin pi jan Wajan taso!)
line:36073321	<gradient="yellow - orange"><size=140%>HEY! </gradient><size=100%>This is the cleaning place, ya?	<gradient="yellow - orange"><size=140%>O! </gradient><size=100%>tomo ni li tomo telo, anu seme?
line:c777ce0c	<i> that feels nice...</i>	<i> ni li pilin pona...</i>
line:e56dd423	<i><size=70%>uh oh.. and the books	<i><size=70%>a pakala.. lipu kin
line:d67b1098	<i>I like spraying you with water.	<i>mi wile pana e telo tawa sina.
line:ad5d633a	<i>Oh...	<i>a...
line:22b5941e	<i>Oh.</i> I don't think I'm ready for that just yet.	<i>a.</i> mi pilin e ni: mi ken ala ni lon tenpo ni.
line:cacbff51	<i>Ooooh. </i>The mount? Hell yeah, man.	<i>aaa. </i>ilo unpa? pakala, lon a.
line:04b7ce44	<i>This</i> isn't your fault, Conrad.	jan Konwa o, sina mama ala e <i>ni</i>.
line:72b244b7	<size=100%> That felt damn good!	<size=100%>ni li pona suli tawa sijelo mi!
line:78cc49e8	<size=100%>I mean- Cool.	<size=100%>mi toki e... pona.
line:e48243c0	<size=140%> FUCK YEAH!	<size=140%>PAKALA A, PONA!
line:f474ffa9	<size=140%>HEY, <size=100%>lookin' for a wash.	<size=140%>toki a, <size=100%>mi wile e telo.
line:9d458e88	<size=160%>HELL YEAH!	<size=160%>PAKALA, PONA A!
line:f5462edf	<size=60%> that's hot.	<size=60%> ni li pana e pilin unpa.
line:7c745c31	<size=70%> A big dragon giving me control. Woah.	<size=70%> akesi suli li pana e wawa lawa tawa mi. a.
line:53d71f27	<size=70%> And for me.	<size=70%> tawa mi kin.
line:4fe271cc	<size=70%> woah.	<size=70%> a.
line:e53b1bd3	<size=70%><i> holy shit, I just bagged a date with a dragon.	<size=70%><i>pakala a, mi kama jo e tenpo olin lon poka akesi.
line:c4384e8e	<size=70%><i>but it was nice... Thank you.	<size=70%><i>taso ni li pona... sina pona.
line:ec0e5330	<size=70%><i>feel free to continue-</i>	<size=70%><i>o awen pali lon wile sina...</i>
line:e77c1f79	<size=70%><i>oah-</i> no that's really cool actually.	<size=70%><i>a...</i> ala. ni li pona mute tawa mi.
line:a618f9c2	<size=70%><i>Woah...	<size=70%><i>a...
line:ad460e4b	<size=70%><i>Yeah?	<size=70%><i>lon anu seme?
line:c25d1c85	<size=70%>They're still on my payroll.	<size=70%>mi awen pana e mani tawa ona.
line:22deeef6	==	==
line:67fa34ad	==	==
line:a8e2f13e	==	==
line:ce938344	==	==
line:e41244bf	==	==
line:497d3f67	A few days ago...	tenpo suno pini lili la...
line:c570a462	A rather good excuse to see my favorite kobold.	ni li tan pona pi lukin mi tawa jan akesi lili pi pona nanpa wan mi.
line:5d2d16e0	A really good friend?	sina jan pona suli mi?
line:df4d3810	About earlier.	mi toki e ijo pi tenpo pini lili.
line:1a5e1ba4	Act what way?	pali seme?
line:cc532c02	After his spontaneous conflagration, I made sure to give him privacy.	seli li open lon ona. ni li pini la mi pana e tenpo wan tawa ona.
line:a983ffa3	Again...?	sin...?
line:8e34b87d	Agreed, though I'd still like to be let in as soon as convenient.	mi pilin sama. taso sina ken la, mi wile kama insa lon tenpo poka.
line:934a1d5a	Ah yeah, that's the stuff.. keep at it.	a, lon. ni li pona. o awen pali.
line:e216aee0	Ah, good.	a, pona.
line:9b26ac5f	Ah, I see the button there, gotcha!	a, mi lukin e nena ilo ni. mi sona!
line:7f3fe9f9	Ah, sorry, I'm passionate about such things.	a, mi pakala. ijo ni li pona suli tawa mi.
line:bf2a8309	Ah, the grime did sting a little, thank you.	a, jaki li pakala lili e pilin selo. sina pona.
line:ebdb9888	Ah, yeah, those types are pretty cute.	a lon, jan sama ni li suwi.
line:b920f205	Ah. Do not worry.	a. o pilin ike ala.
line:a98d068c	Ah. Okay nevermind I'm not sorry then.	a. pona, ni la mi weka e toki mi. mi pilin ike ala.
line:6de2c490	Ah...	a...
line:4d6b365e	Ahh, all cleaned and with a lighter load.	a, jaki li weka. telo insa mi li lili kin.
line:20f96302	Alexander!	jan Aleksanta o!
line:f167e3d7	Alexander!	jan Aleksanta a!
line:fe3996b8	Alexander!	jan Aleksanta o!
line:af7db134	Alexander...?	jan Aleksanta...?
line:eb7cf9e5	All clean...	jaki ale li weka...
line:f57fc630	All done!	ale li pini!
line:0b734d82	All self respecting washers know how to please a dragon.	jan pi telo akesi pona li sona e nasin pi pona sijelo tawa akesi.
line:599ffb25	Already got seats at that bar I mentioned earlier.	mi pini awen e ma mi lon tomo pi telo nasa ni: mi toki e ona lon tenpo pini.
line:642ddea3	Alright alright... Then I think I'd like to use it?	pona pona... ni la, mi pilin e ni: mi wile kepeken ona?
line:c7b3a185	Alright! I'll go get the gate.	pona! mi tawa open e lupa suli.
line:7279121a	Alright! I'll go get you the gate.	pona! mi tawa open e lupa suli tawa sina.
line:4fc4259c	Alright! I'm ready to go.	pona! mi ken tawa.
line:a722d0fa	Alright, go get the gate and I'll head out to the spot!	pona, o tawa open e lupa suli. mi tawa ma ni!
line:d04df8f8	Alright, I'll cya!	pona, mi lukin sin e sina!
line:4766af08	Alrighty! That should be it.	pona! mi pilin e ni: mi pini.
line:797ca540	Alrighty. All clean.	pona. jaki li weka.
line:c4cb161a	Although grapes have always hit a specific craving.	taso mi wile e moku wan la, kili lili ni li pona a tawa wile ni.
line:dc237557	Although, the portions might be a bit... dragon sized.	taso suli pi kipisi moku li ken... suli akesi.
line:655b8c01	Always happy to have you, Conrad.	jan Konwa o, sina lon ni la mi pilin pona lon tenpo ale.
line:afedd1f5	An anomaly.	ijo pi ante suli.
line:0de4fe62	And I'm glad you have a medkit... You're very prepared.	poki pi pona sijelo li lon sina. mi pilin pona... sina awen e ken pali ale.
line:0699aef9	And I'm really happy for you and Conrad.	mi pilin pona mute tan sina tan jan Konwa kin.
line:a3a26459	And not just physically.	ni li lon pilin kin. ona li lukin tawa sewi taso ala.
line:507bd2b9	And that's why I'm here! Going to be heading out after this wash to go see him.	tan ni la mi lon ni! telo ni li pini la, mi tawa lukin e ona.
line:33440e8c	And why you are perfect for this job!	tan ni la sina pona tawa pali ni!
line:cacb93ce	And you've tried everything.	sina alasa e nasin pona ale.
line:8cae6240	Another dragon? Usually I don't really get along...	akesi ante? tenpo mute la mi pilin pona ala lon poka...
line:5a7e4fd4	Any chance you can clean me up again?	sina ken weka sin e jaki mi anu seme?
line:92d2a30a	Anything. I'm just curious.	ijo ale. mi wile sona taso.
line:52695aa2	Anything?	ijo ale?
line:8ead9ee9	Anytime, Ryan.	jan Wajan o, lon tenpo ale.
line:6d77feef	Anyway glad you're not finished, lets keep at it!	ni la, sina pini ala la mi pilin pona. o awen pali!
line:bdb4f59c	Anyway, time to get writing!	taso mi o open sitelen!
line:75dd56ae	Anyways,	ni la,
line:8980260e	Anyways-	taso...
line:a8e6291c	Anyways- Let me out.	taso o pana e ken weka tawa mi.
line:493a82ef	Anyways. Could you go get the gate?	ni la. sina ken tawa open e lupa suli anu seme?
line:926f5f41	Anyways. Gonna use this thing now!	taso mi kepeken ilo ni lon tenpo ni!
line:ad8ab02e	Anyways...	ni la...
line:e767dc51	Anywho, I'll get out of your scales now.	ni la, tenpo ni la mi tawa.
line:e81426c1	Anywho, I'm in need of a clean.	ni la, mi wile e weka jaki.
line:23e7d518	Approach the dragon entrance, and I will let you in.	o kama tawa lupa akesi. mi open tawa sina.
line:72a9b5bb	Are you happy?	sina pilin pona ala pona?
line:be0118cc	Are you okay?	sina pona anu seme?
line:de735c65	Are you open right now?	sina open lon tenpo ni anu seme?
line:9369755d	Are you sure it will fit?	sina sona a anu seme: ona li ken kama insa?
line:c35b717a	Are you sure...? In front of the food?	sina wile a anu seme...? lon sinpin moku?
line:cb06d2bf	As am I.	mi kin.
line:9a48b21c	As in you're unique.	mi toki e ni: sina sama ala ante.
line:1c021ee0	At getting hand jobs.	mi sona e kama jo pi musi luka.
line:e861b464	At least that's what I've heard anyway.	mi kute e ni.
line:2f54ceec	At least you can still use your hands. Heh.	taso sina ken kepeken luka sina. a.
line:cb04e062	At least you can still use your hands. Heh.	taso sina ken kepeken luka sina. a.
line:97792929	Aw, I'll go get you the gate.	a, mi tawa open e lupa suli tawa sina.
line:c6895517	Aw, Ryan.	a, jan Wajan o.
line:db997182	Aw, thank you Alexander.	a, sina pona, jan Aleksanta o.
line:7157db26	Aw, thanks Alexander.	a, sina pona, jan Aleksanta o.
line:011f1458	Aw, thanks.	a, sina pona.
line:aea0be6b	Aw, thanks.	a, sina pona.
line:c00d76cd	Aw, thanks. I only look so good 'cause of your washes!	a, sina pona. mi lukin pona tan ni taso: sina telo e mi!
line:453ff9be	Aw- Ryan...	a, jan Wajan o...
line:5340a315	Aw... Thanks!	a... sina pona!
line:c6202cf2	Aw... Thanks.	a... sina pona.
line:cb1d1197	Aw... Thanks. Is it weird I consider you...	a... sina pona. ni li nasa ala nasa: mi pilin e ni...
line:2bfa396c	Aw... That's really sweet	a... ni li suwi mute.
line:22053f7f	Awesome!	pona mute!
line:6fdb2c3d	Awesome!	pona mute!
line:70306ba1	Awesome!	pona mute!
line:6126a614	Awesome! Come on in..	pona mute! o kama insa..
line:e85007ac	Awesome! See you later then!	pona mute! ni la, mi lukin e sina lon tenpo kama!
line:4c7f15d6	Awesome, I'll go get the gate.	pona a, mi tawa open e lupa suli.
line:9d126e4e	Awesome, I'm glad.	pona a! mi pilin pona.
line:b60cc4a5	Awesome.	pona a.
line:59fb47b0	Awww. You don't need to be coverd in ink to say hi!	a... sina ken toki tawa mi lon telo sitelen ala!
line:8e20e028	Be yourself!	o awen sama sina!
line:cd18f73f	Been looking forward to this.	mi wile e ni tan tenpo pini.
line:8f1fccf9	Being muddy is really fun up until it starts drying.	ko ma li musi mute lon sijelo, taso ona li open kiwen la, ona li musi ala.
line:40783547	Berries.	kili lili.
line:59d4be6a	Berries.	kili lili.
line:61e781c1	Berries.	kili lili.
line:18ae08ef	Bet you had fun.	mi pilin e ni: sina pilin pona.
line:982fd3c7	big C...?	K suli...?
line:4b3f7c6a	Biology...? <size=70%> <i>I think?	sona sijelo...? <size=70%> <i>mi pilin e ni?
line:9be63f47	Bleh. Thank you for grabbing that.	pa. sina kama jo e ni la, sina pona.
line:66957ed2	Blue...?	laso...?
line:a77c3afd	Both.	tu ni.
line:78975048	Brrr! Cold water!	prrr! telo lete!
line:8487a2c4	Burnswick Community College of Thaumaturgy	tomo sona suli pi kulupu ma pi wawa nasa lon ma Panwi
line:f75126de	But honestly you've helped me a lot.	taso sina pona suli e mi.
line:cab69268	But I already know I'm liking this a lot.	taso mi sona e ni lon tenpo ni: ni li pona mute tawa mi.
line:d9534386	But I know the type... They tend to be big softies on the inside.	taso mi sona e jan sama... tenpo mute la, insa ona li suwi mute.
line:f73ddfbc	But I think its time to get cleaned up.	taso mi pilin e ni: tenpo ni la o weka e sitelen ni.
line:088ea4a7	But I'm hot shit, so I'll be fine.	taso mi pona wawa a. ni la mi pona.
line:c8f8bc22	But I'm only your washer?	taso mi jan telo sina taso?
line:dda0419b	But I'm sure I'd enjoy it with you!	taso mi lon poka sina la, mi pilin pona a tan ona!
line:aa74448a	But not in this sized package, right??	taso ona li lon sijelo lili ni ala, lon??
line:7d9ffc48	But nothing beats a large gulp!	taso pana suli wan tawa insa li pona nanpa wan!
line:d1ec7684	But that is why I am here!	taso tan ni la mi lon ni!
line:b0d9d1e5	But you're the teacher dragon.	taso sina akesi pi pana sona.
line:2d7e1ab6	But, at least I got to meet you!	taso mi kama sona e sina!
line:b7f46902	But, I think you've taught me something.	taso mi pilin e ni: sina pana e sona tawa mi.
line:b1040415	By the stars! No no. You're excellent.	mun sewi o! ala, ala. sina pona mute.
line:3a88a2dd	By the way would you be mad if your partner made a mess at home?	a, jan olin sina li jaki e tomo la, sina pilin utala anu seme?
line:4199070f	Came in for another wash.	mi kama tan wile pi telo sin.
line:105cd3e2	Can I ask you a question?	mi ken ala ken wile sona e ijo tan sina?
line:535ee717	Can you repeat that?	sina ken ala ken toki sin e ni?
line:835e0c27	Can't sthpeak well.	mi ken ala toki pona.
line:afa450c0	Come back whenever, Ryan.	jan Wajan o, o kama sin lon tenpo ale.
line:0cedfc3d	Conrad can go as long as he needs	jan Konwa li ken awen lon tenpo wile ale ona
line:5462913f	conrad hooked up with ryan	jan Konwa li olin e jan Wajan
line:61cd33c5	conrad hooked up with ryan	jan Konwa li olin e jan Wajan
line:6a7610f3	conrad hooked up with ryan	jan Konwa li olin e jan Wajan
line:bac1ce29	conrad hooked up with ryan	jan Konwa li olin e jan Wajan
line:61c9b7ac	Conrad needs a cleaning, got a slot for 'im?	jan Konwa li wile e weka jaki. sina jo e tenpo tawa ona anu seme?
line:405b7ef1	Conrad needs a wash!	jan Konwa li wile e telo!
line:803c8f0c	Conrad was talking about you during our date.	lon tenpo olin mi tu la, jan Konwa li toki e sina.
line:f1787092	Conrad!	jan Konwa a!
line:fd6c6213	Conrad!	jan Konwa a!
line:484cd04d	Conrad...?	jan Konwa...?
line:5b0360ad	Conrad: Actually.. I mean..	Conrad: lon la.. mi toki e ni..
line:3ce891ff	Conrad: Conrad just enjoys himself	Conrad: jan Konwa li pilin pona taso
line:fbe86c06	Conrad: Damn right!	Conrad: pakala, lon a!
line:5660dc8b	Conrad: Don't worry about it!	Conrad: o pilin ike ala tan ni!
line:c050dbfc	Conrad: I do it all the time	Conrad: mi pali e ni lon tenpo ale
line:cd3367da	Conrad: I want this to go well	Conrad: mi wile e ni: ni li kama pona
line:194c1381	Conrad: I'm ready to blow	Conrad: mi ken pana e telo unpa
line:ce4d0fef	Conrad: Yea	Conrad: lon
line:42c70daa	Conrad: You feel good	Conrad: sina pana e pilin pona
line:3bc52918	Conrad: You having a good time?	Conrad: sina pilin pona anu seme?
line:be0e51af	Cool.	pona mute.
line:88c36bc7	Could do that, then get a hotel room... Hmm.	mi tu li ken ni, li kama jo e tomo lape... mmm.
line:b99e1503	Could you ask <i>me</i> a question?	sina ken ala ken wile sona tan <i>mi</i>?
line:12bf5baf	Could you get the gate...?	sina ken open e lupa suli anu seme...?
line:3a6afae1	Could you go get the gate?	sina ken tawa open e lupa suli anu seme?
line:9f49d9d4	Could you wash it away?	sina ken weka e ona kepeken telo anu seme?
line:7661a0e9	D'aw... thanks.	a... sina pona.
line:59bc5840	Damn right I do!	mi lukin pona a!
line:64889395	Damn right!	pakala, lon a!
line:95aa0bf4	Damn right!	pakala, lon a!
line:db592d76	Damn right!	pakala, lon a!
line:0fcf9908	Damn right.	lon a.
line:b964c99b	Damn shame then. Better change that.	pakala. ike a. o ante e ni.
line:c6955ecc	Damn, you know how to use your hands.	pakala, sina sona e nasin luka.
line:eaf45022	Damn, you know how to use your hands.	pakala, sina sona e nasin luka.
line:684fb29a	Damn... Always feels good.	pakala... ni li pilin pona lon tenpo ale.
line:7023cc94	DATE NIGHT!	tenpo PIMEJA OLIN a!
line:c71df70b	Date night!	tenpo pimeja olin!
line:b57cc8ad	Depends	tenpo li ante la, ni li ante
line:07bd7f57	Did you do your uh...	tenpo suno ni la, sina ante e...
line:4f38655d	Do I look like I'm okay?	mi lukin pona tawa sina anu seme?
line:8147156a	Do it!	o ni!
line:9ab6ddfb	Do you also do "special endings" here?	sina pali e "pini unpa" lon ni kin anu seme?
line:4c90479c	Do you ask because I'm lavender?	kule mi li laso loje walo la sina wile sona?
line:3020c97c	Do you believe I am attractive?	sina pilin e ni anu seme: mi pona olin lukin?
line:c5e71850	Do you even need a wash?	sina wile e telo anu seme?
line:1810e75f	Do you have any advice?	sina jo e sona pona anu seme?
line:6be807b5	Do you have any plans with ryan?	sina jo e nasin tenpo lon poka pi jan Wajan anu seme?
line:a0cf6cae	Do you know any cool places, people, I could hang around?	sina sona ala sona e ma pona e jan pona pi ken musi poka?
line:412ba249	Do you know any good bars?	sina sona e tomo pona pi telo nasa anu seme?
line:28ec716a	Do you know anyone I could talk to? Y'know... about relationship stuffs?	sina sona e jan seme? mi ken toki tawa ona e... ijo olin?
line:21c0526b	Do you like being big?	suli sina li pona ala pona tawa sina?
line:daa040eb	Do you like purple?	kule laso loje li pona ala pona tawa sina?
line:ef052302	Do you like purple?	kule laso loje li pona ala pona tawa sina?
line:d5ed3582	Do you make big dragons, <size=60%>like me, <size=100%>cum here?	sina pali la akesi suli <size=60%>sama mi <size=100%>li pana ala pana e telo unpa?
line:ec64a696	Do you mind double checking if I'm clean?	sina ken lukin sin e ni anu seme: jaki mi li weka?
line:647187f1	Do you want to say what happened...?	sina wile ala wile toki e kama ni...?
line:807df02d	Do you want to use it?	sina wile kepeken ona anu seme?
line:5c42b85a	Doesn't mean I need to yell at you.	taso ni li pana ala e ken pi toki wawa ike tawa mi.
line:eefa8ae2	Don't be sorry! Get a mount!	o toki ala e pakala sina! o kama jo e ilo unpa!
line:dd0f7b1d	Don't worry, dragons are made to eat anything.	o pilin ike ala. akesi li ken moku e ijo ale tan sijelo ona.
line:b90b01a9	Don't worry, he's real nice.	o pilin ike ala. ona li pona mute.
line:7de2a81c	Don't worry. I will.	o pilin ike ala. mi toki.
line:c29d4071	Don't... make it sound like that.	o... toki ala kepeken nasin ni.
line:31bdd33c	Dont talk with your mouth full	uta sina li jo e ijo la, o toki ala
line:8ee41fdc	Dragon history is complex. Ornamental crest <size=85%> are often <size=70%> worn by dragons to <size=55%>signify what family they belong to! <size=40%> It's an interesting mark of their culutral <size=35%> and familial heritage. I've often wondered if I should continue to wear mine. <size=20%> But culutural and familiar ties are considered important within the lore of dragons! so I must adhere to such things. <size=10%> Water. Earth. Fire. Air. Long ago, the four nations lived together in harmony. Then everything changed when the Fire Nation attacked.	tenpo pini pi akesi li jo e ijo mute. sitelen pi pona lukin <size=85%> li lon <size=70%> akesi tan ni: <size=55%>ona li wile toki e kulupu mama ona! <size=40%> ni li sitelen pona pi nasin kulupu <size=35%> en tenpo pini mama. mi pilin lon tenpo mute: mi o awen ala awen jo e ona? <size=20%> taso nasin akesi la kulupu en mama li suli! mi o awen kepeken nasin ni. <size=10%> telo. ma. seli. kon. tenpo pini suli la ma kulupu tu tu li awen pona lon poka. taso ma kulupu Seli li utala la ale li kama ante.
line:0a0e6773	Dragon stomachs are a bit more... robust than yours.	insa moku akesi li... wawa mute tawa insa sina.
line:7e352505	Dragons of the galaxy 2	akesi pi kulupu mun 2
line:c2c659d1	Eep!	wi!
line:0bd1699e	Ehh..	mmm..
line:43dd32f5	Er... That's not-	a... ni ala...
line:93b60dce	Even so. Not this time	ni la kin. tenpo ni ala
line:573d9362	Even though you were just doing your job... I think it helped him a lot.	sina pali e pali sina taso la kin... mi pilin e ni: ni li pona mute e ona.
line:a2ba222e	Evening. This establishment takes walk ins, correct?	tenpo pimeja pona. jan li ken ala ken kama tawa ni lon toki open ala?
line:f98c3b6c	Every ending here is special!	pini ale lon ni li musi nasa!
line:bfeaec15	Every self respecting wizard has a phoenix feather handy.	jan pi wawa nasa li sona e pona ona la, ona li jo poka e lipu pi waso seli pi kama lon sin.
line:57df700d	Everyone's gaze carries an immense weight.	lukin pi jan ale li sama kiwen suli.
line:9ad8d2dd	Excellent!	pona mute!
line:0c997163	Excellent.	pona mute.
line:1976bc60	Excellent. Then make sure to go greet your customer at the window.	pona mute. o tawa lupa toki o toki tawa jan esun sina.
line:7bbe7ee3	Expectations are laaaame.	wile pi jan ante li ike tawa mi a.
line:f99eb2ff	Ey! The mount! Fuck yeah.	a! ilo unpa! pakala a, pona.
line:d376acb9	Ey, so. Was thinkin'	o. mi pilin...
line:85ec0862	Ey, sorry for coming in late.	a, mi pakala tan kama mi pi tenpo monsi.
line:12e8ae42	Ey, Use your hands on my cock- it feels good!	o luka e palisa unpa mi. ni li pona!
line:271a3846	Fair enough. I'll be waiting!	ni li pona. mi awen!
line:4789095b	Fair enough. You two do seem cute together.	ni li pona. sina tu li suwi lukin lon poka.
line:f5b37855	Felt good sliding down though!	taso ona li tawa anpa la, ni li pona!
line:274367d7	Figured I'd bring in something nice after all you've done.	sina pali e pona ale ni la, mi wile pana e ijo pona.
line:aae8afca	Fine with me!	ni li pona tawa mi!
line:e98616be	For you!	tawa sina!
line:62a82aba	Found this one gryphon. About my size...	mi kama sona e soweli waso wan. ona li suli sama mi...
line:807fdc76	From what I've heard he sounds like he's improved a lot recently, yeah?	mi kute e ni: tenpo pini poka la, ona li kama pona mute, anu seme?
line:803bf378	Fuck man, I'm so pumped.	pakala a, mi pilin wawa mute.
line:f2418086	Fuck no! Shit's embarrassing.	pakala, ala! mi wile weka tan lukin jan tan ni.
line:a7ca3ca8	Fuck something and then get a handjob hopefully.	mi unpa e ijo. mi wile e ni: musi luka li kama kin.
line:203bce10	Fuuuck. You really know how to work a dragon!	pakalaaa. sina sona a e nasin pi pana pona tawa akesi!
line:f7f9b0db	G'day mate!	toki, jan pona o!
line:664c994e	Gave me time to think.	sina pana e tenpo pi pilin sona tawa mi.
line:1d9b3531	Get a handjob and fuck this mount.	mi kama jo e musi luka. mi unpa e ilo ni.
line:48afdce4	Give it to me!	o pana tawa mi!
line:9df043ad	Give me a bit	o pana e tenpo lili tawa mi
line:e5c7f64a	Glad I'm here to remind you then.	ni la, mi lon ni li pana sin e sona la, pona.
line:354170aa	Go for it!	o pana!
line:2d0b6b06	Goin' downtown tonight. Needed to be spotless. Say...	mi tawa insa ma tomo lon pimeja ni. mi wile weka e jaki ale. a...
line:dcb506d2	Good as!	pona a!
line:bcbc6373	Good evening!	tenpo pimeja pona!
line:607a5c47	Good, I can't be having the Burnswick Community College of Thaumaturgy know that their best professor Alexander has caused another incident.	pona. tomo sona suli pi kulupu ma pi wawa nasa lon ma Panwi o sona ala e ni: jan pi pana sona nanpa wan ona, jan Aleksanta, li pana e pakala sin.
line:12b72085	Good, you better. If I come back and there isn't one...	pona. o pali. mi kama sin la ilo li lon ala la...
line:2c851dad	Good.	pona.
line:2712436c	Good. 'Aight, let me out.	pona. o pana e ken weka tawa mi.
line:bab51ada	Good... That'd be correct.	pona... nimi ni li lon.
line:44f2b8cf	Goodbye!	mi tawa!
line:a8e6ac2a	Goodness, thanks to you I have a chance at redeeming this situation.	a, sina pona la, mi ken pona e tenpo ike ni.
line:745c3c12	Gosh!	a!
line:6b5c6564	Gotta <i>practice</i> for Ryan if you catch what I mean.	mi wile <i>kama sona unpa</i> tawa jan Wajan. sina sona e toki mi la.
line:e3cef2bc	Gotta make sure you're spotless!	o weka e jaki ale sina!
line:b01b2159	Great, so uh,	pona mute, ni la mmm,
line:43c94954	Grouse as! Excited to see you work!	pona a! mi wile a lukin e pali sina!
line:9de16ee9	Ha!	a!
line:88d7e1e2	Haah. This is the best fuckin' wash.	haa. tomo telo ni li pona nanpa wan a.
line:cc6e7856	Hah! There's the mount!	a! ilo unpa li lon!
line:90dd6d9d	Hah, eager as always.	a a, sina wile wawa sama tenpo ale.
line:9542e7a6	Hah, good. Let's break this thing in!	a, pona. o kepeken ona lon tenpo nanpa wan!
line:fe21109b	Hah, he seems like the wild type.	a a, ona li jan wawa nasa lukin.
line:e8bc1d95	Hah, I imagine it would be.	a a, mi pilin e ni: ona li pona.
line:acbf628d	Hah, it is a motivator.	a. ona li pana e wile pali.
line:65b23418	Hah, okay. I'm game.	a a, pona. mi wile.
line:058d9d5c	Hah, yeah. Conrad is definitely experienced...	a a, lon. jan Konwa li sona unpa a...
line:8b878971	Hah, yeah. He sounds fun.	a a, lon. ona li musi lukin.
line:e3ed51d9	Hah. Conrad, you look good too.	a a. jan Konwa o, sina kin li lukin pona.
line:f8b2e23b	Hah. Fine.	a a. pona.
line:ea23c5f9	Hah. If only there was a kobold that could clean me.	a a. jan akesi lili pi ken telo mi li lon la, pona.
line:c9bb2a93	Hah. Yeah. <size=70%><i>It's cool that you learn to jerk off dragons in cleaning school...	a, lon. <size=70%><i>tomo sona telo la sina kama sona e unpa luka tawa akesi. pona...
line:50a559bb	Hah... <size=70%> yeah.	a... <size=70%>lon.
line:4d4d9986	Hah... Gonna jerk me off now? That's fine.	a a... tenpo ni la, sina luka unpa e mi? ni li pona.
line:4e920759	Hah... Yeah I'm excited.	a a... lon, mi pilin wawa pona.
line:b36365ce	Hah... Yeah...	a a... lon...
line:b8724c64	Hah... you do like that noise.	a... kalama ni li pona mute tawa sina.
line:c8cde395	Haha, 'Yip' indeed.	a a. wi li lon.
line:680991cf	Haha, yes. Happy to see you.	a a. lon. mi pilin pona tan lukin sina.
line:4c27b031	Haha, you certainly are!	a a, sina lon!
line:c3a2e14e	Haha, you certainly are!	a a, sina lon!
line:9ec40945	Haha. 'Yip' to you too.	a a. mi toki e wi tawa sina kin.
line:5e91e0a7	Haha... Yeah. I'm not really used to complimenting.	a a... lon. tenpo mute ala la, mi toki pona e jan.
line:44689f21	Happy to be back.	kama sin li pona tawa mi.
line:2672f65d	Happy to be here.	lon ni li pona tawa mi.
line:192fcb8e	Happy to get it off.	mi weka e ona la mi pilin pona.
line:3517b28e	Have a productive day.	o pali pona lon tenpo suno ni.
line:7c1adc57	He called me, we met up. He's really damn nice.	ona li toki tawa mi kepeken ilo. mi tu li kama wan. ona li pona mute a.
line:e71f9a0b	HE DIED!?	ona li moli?!
line:ed6c9afb	He hadn't been... Well, cared about in a long time from what I could gather.	mi kama sona e ni: tenpo suli pini la... jan li awen pona ala e ona.
line:de25de6e	He just... Knew what to say to snap me out of all that.	ona li... sona e toki pona tawa weka e mi tan nasin ike ale ni.
line:a035a3fd	He prefers 'vertically challenged'... But yes.	ona li wile toki e ni: 'sewi li ike tawa mi'... taso lon.
line:04b29e42	He really is.	lon a.
line:c7e1b369	He really is.	lon a.
line:c64bd5ce	He said I was chill, we planned a date...	ona li toki e ni: mi pona. mi tu li lawa e tenpo olin...
line:e8a91447	He's a lot. But, I like it.	ona li wawa mute. taso ni li pona tawa mi.
line:a7181b1a	He's a red dragon. I think you two would like eachother!	ona li akesi loje. mi pilin e ni: sina tu li ken olin!
line:8245fe2b	He's already back to work. Thanks for helping with all that.	ona li pali sin lon tenpo ni. sina pona tan pona pi ijo ni.
line:aaea8391	He's been way nicer recently.	tenpo pini poka la, ona li pona mute sin.
line:7363c004	He's great.	ona li pona a.
line:c13d4e24	He's hot.	ona li pona unpa lukin.
line:675d7e37	He's like. SUPER hung.	palisa unpa ona li SULI a.
line:7deb9fff	He's like... a big softy surrounded by sharp pointy bits.	ona li... suwi mute lon insa, taso palisa kipisi li lon selo.
line:800c553d	He's my dream dragon.	ona li akesi pi wile ale mi.
line:4b3c70d9	He's snappy, but tender too!	ona li toki utala, taso ona li ken suwi kin!
line:31281c6d	He's this REALLY cute red drake who goes to the wash!	ona li akesi loje pi pona lukin MUTE a! ona li kama tawa tomo telo!
line:4c11c83e	He's tiny, I like being eye level with him.	ona li lili. mi ken lukin tawa ona lon sewi sama. ni li pona tawa mi.
line:b9ce2f3c	He's... Considerate. Real understanding too.	ona li... pilin e jan ante li sona pona mute kin.
line:8e9e0f98	Heard about you and the big blue guy. Ryan was it?	mi kute e sina e jan suli laso. ona li jan Wajan anu seme?
line:ca4a9672	Heeeey Ryan.	tokiii, jan Wajan o.
line:24ce37ec	Heeeey.	tokiii.
line:bb70c1ed	Heh. Yeah.	a a. lon.
line:3fa80829	Heh. Yeah. I like you too.	a a. lon. mi kin li olin e sina.
line:20393ff6	Heh. Yeah. That's me.	a. lon. mi ni.
line:ac769d93	heh.. yea.. sorry..	a a.. lon.. mi pakala..
line:5246ceea	Heh... alright.	a a... pona.
line:75fef5cb	Heh... Damn right.	a a... lon a.
line:5f0edcb2	Heh... Handsy today, huh?	a a... tenpo suno ni la, sina wile luka, anu seme?
line:2f55b3aa	Hehe	a a
line:7e991330	Hehe yeah.	a a, lon.
line:3223473f	Hehe, I'm excited to get into the dating scene again.	a a, mi wile wawa pona e ni: mi alasa sin e jan olin.
line:4a137220	Hehe, thanks. It has stuff that should be good for both of us.	a a, sina pona. poki li jo e moku pi ken pona tawa mi tu.
line:1a3e2a73	Hell yea	pona a
line:93f67490	Hell yeah	pakala, pona.
line:389e4033	Hell yeah I did!	pakala, mi pilin pona!
line:17dbb9b7	Hell yeah.	pona a.
line:4b7b33d9	Hello!	toki!
line:c3d3da41	Hello!	toki!
line:4183ca7e	Hello, <i>'Drag'n wash franchise 223'...</i> Have you figured out how to interact yet?	toki, <i>tomo esun Drag'n'wash nanpa 223...</i> sina sona ala sona e nasin pi kepeken ijo?
line:a99c515c	Hello, <i>'Drag'n wash franchise 223'...</i> Have you spoken to your first customer yet?	toki, <i>tomo esun Drag'n'wash nanpa 223...</i> sina toki ala toki tawa jan esun nanpa wan?
line:b7cce838	Hello.	toki.
line:a8779ebf	Hello?	jan li lon ala lon?
line:dd4b34ae	Hello?	jan li lon ala lon?
line:1954aab7	Help the developers out please..	o pana e sona tawa jan pali musi..
line:db9c3a5c	Help the developers out please..	o pana e sona tawa jan pali musi..
line:f7f7f5a1	Help the developers out please..	o pana e sona tawa jan pali musi..
line:fc461784	Help the developers out please..	o pana e sona tawa jan pali musi..
line:ee3398a6	Hey big guy.	toki, jan suli o.
line:0090c7b0	Hey Conrad!	toki, jan Konwa o!
line:3d0a5aeb	Hey Conrad!	toki, jan Konwa o!
line:a2b4acea	Hey conrad!	toki jan Konwa o!
line:975a629f	Hey Conrad.	toki, jan Konwa o.
line:21235886	Hey could you come up front where I can see you?	a, sina ken kama tawa sinpin anu seme? mi ken lukin e sina lon ona.
line:533532c4	Hey fine by me!	a, ni li pona tawa mi!
line:1538bc7e	Hey good lookin'	toki, jan pi lukin pona o.
line:0121c874	Hey hey. Glad you're open.	toki toki. sina open la mi pilin pona.
line:71b651dd	Hey I have something to say!	o, mi wile toki e ijo!
line:0d4e0ecf	Hey kobold!	toki, jan akesi lili o!
line:af3f02c9	Hey Ryan, what do you have there?	jan Wajan o, sina jo e seme?
line:6374414d	Hey thanks for being here for me...	a, sina awen pona e mi la, sina pona...
line:bf5ff483	Hey there, happy to be back.	toki. kama sin li pona tawa mi.
line:c38b7fa6	Hey there, Ryan!	toki, jan Wajan o!
line:2d5fc8a2	Hey there- Maybe you can get 'hands on' later?	o... ken la luka sina li ken musi lon tenpo kama?
line:1b6c7f75	Hey there.	toki.
line:5dacf226	Hey there.	toki.
line:82698bd1	Hey there.	toki.
line:ab3a5d9c	Hey there.	toki.
line:3d2bc74e	Hey uh, do you think Ryan and I will <i>actually</i> work out?	a mmm, sina pilin e seme? mi en jan Wajan li ken jo e olin pona <i>lon</i>?
line:04501155	Hey uh, I just need a cleaning.	toki mmm, mi wile e weka jaki taso.
line:2a29842a	Hey uh... Not now.	o... tenpo ni la ala.
line:8caa3196	Hey uhm, thanks once again.	a mmm, sina pona sin.
line:5c7a9105	Hey!	toki!
line:eed2cc64	Hey!	toki!
line:2f3f5508	Hey! He's just... 'vertically challenged'.	a! ona li... 'jo e ike tan sewi' taso.
line:55bb78d1	Hey! I'm here for a wash.	toki! mi lon ni tawa telo.
line:33480903	Hey, Alexander!	toki, jan Aleksanta o!
line:21fcef4f	Hey, Alexander.	toki, jan Aleksanta o.
line:14598ca6	Hey, big guy!	toki, jan suli o!
line:e7353d24	Hey, I've got a question for you.	a, mi jo e wile sona tawa sina.
line:674877e5	Hey, nothin' wrong with asking!	a, wile sona li ike ala!
line:d2589856	Hey, welcome back!	toki! o kama pona sin!
line:0d3e4054	Hey.	o.
line:aa0dda7b	Hey.	o.
line:7f2e2736	Hey... little guy!	toki... jan lili o!
line:933efa6d	Hi again!	toki sin!
line:873a2b9a	Hi again..	toki sin..
line:83ac5b68	Hi Conrad.	jan Konwa o, toki.
line:050efd1a	Hi, Ryan!	jan Wajan o, toki!
line:06ed6aea	Hiiiii! Hiii!	tokiii! tokiii!
line:5a632b75	His physical form is currently reconstituting in the staff lounge.	sijelo ona li kama sin lon tomo lape pi jan pana sona.
line:6bd91ca7	Hm, I think I'll pass on the mount.	mi pilin e ni: mi wile ala kepeken ilo unpa.
line:370d719b	Hm?	seme?
line:3c3ddd0c	Hm?	seme?
line:44658d73	Hmm...	mmm...
line:bf059ff3	Hmm...	mmm...
line:730b1ca4	Hmm?	seme?
line:fc571337	Hmmm, maybe something else?	mmm, ken la ijo ante?
line:19207e44	Hold on a little longer for me?	sina ken awen lili sin tawa mi anu seme?
line:f2ae89c4	Honestly, I'm surprised how nice this is.	mi pilin pona mute! mi sona ala e ni lon tenpo pini.
line:a2ff0176	Hope it went well.	mi wile e ni: ona li pona.
line:b17360a0	Hope that's alright?	ni li pona tawa sina anu seme?
line:ae08853f	Hope you're doing alright!	mi wile e ni: sina pona!
line:e1fa2461	Hopefully! I'll go get the gate.	mi wile e ni! mi tawa open e lupa suli.
line:99931b37	Hopefully.	mi wile e ni.
line:d9c91bca	How about you though? have you been seeing anyone?	taso sina? sina lukin e jan olin anu seme?
line:4ec92454	How about you? Anyone exciting?	sina? jan pi pona wawa li lon anu seme?
line:86bde306	How are you with seafood?	moku telo li pona tawa sina anu seme?
line:7fb611c9	How come you brought this all in?	sina pana e ni ale tan seme?
line:af0d0972	How come you're covered in ink?	tan seme la telo sitelen li lon sina?
line:e385b7f3	How did it go?	ni li seme?
line:c0161bbc	How did it taste?	ona li seme tawa uta?
line:262b262e	how do I get in?	mi ken kama insa kepeken nasin seme?
line:676b0638	how do I get in?	mi ken kama insa kepeken nasin seme?
line:8308bb09	How do I look?	mi lukin seme?
line:4f172746	How do you even digest that?	insa sina li pakala e ni kepeken nasin seme?
line:28d390ac	How so?	ona li pona tawa sina kepeken nasin seme?
line:4ef9fe65	How so?	sina toki insa e seme?
line:ea66b5af	How so?	sina toki insa e seme?
line:4b29790b	How was the sex.	unpa li seme?
line:7736270c	How was your date with Conrad?	tenpo olin sina lon poka pi jan Konwa li seme?
line:18d418ab	However, it's ornamental! My family crest. You see...	taso ona li ijo pi pona lukin! sitelen pi kulupu mama mi. ni la...
line:1f250062	However, My <i>image</i> is far more permanent than Igwyx's fleeting physical forms.	taso <i>nimi pona</i> mi li awen lon tenpo suli. sijelo pi jan Ikuwi li awen lili taso.
line:ae34381b	However, that respect comes with an expectation to act as I look. It's incredibly stressful.	taso lukin suli ni la jan li wile e ni: pali mi li sama lukin mi. ni li pana e ike pilin mute.
line:d2baf9e2	However...	taso...
line:fb8401c3	Huff...	haa...
line:b54ee04d	huff... Thank you for that.	haa... sina pona tan ni.
line:16420ca7	Huff... Thanks for that.	haa... sina pona tan ni.
line:45507089	Huff... That was nice... Made a bit of a mess though.	haa... ni li pona... taso mi pana e jaki lili.
line:ae83cfb6	huh...?	seme...?
line:0c78b56b	Huh?	seme?
line:e96114a2	Huh? ofcourse not!	seme? ala a!
line:836c079c	I <i>think </i> I must've spilled an inkwell <i>on the way here</i>. Rather clumsy of me!	mi <i>pilin </i>e ni: <i>mi tawa ma ni</i> la mi pana ike e telo tan poki telo sitelen. mi pakala!
line:d37175c7	I act tough but am a small dragon...	mi pana e lukin wawa, taso mi akesi lili...
line:b4e27683	I agree	mi pilin sama
line:68ebf07b	I allowed him, as my stature provides ample height.	mi toki e ken. suli mi li pana e sewi pona tawa ona.
line:a051821a	I already feel a lot better.	mi pilin pona mute lon tenpo ni.
line:49bfbfbe	I already have spot at the club reserved.	mi pini awen e ma mi lon tomo musi.
line:14ff4edd	I always do~	mi pali wawa lon tenpo ale~
line:b05c6259	I always look forward to seeing you. I'll go get the gate.	tenpo ale la, mi wile lukin e sina. mi tawa open e lupa suli.
line:52bf5ede	I am THE kobold. Yip!	mi jan akesi lili NI a. wi!
line:141c006f	I am too.	mi kin.
line:363f6f6a	I am too.	mi kin.
line:405b9622	I am too.	mi kin.
line:d4c5faea	I am too.	mi kin.
line:556897bf	I am! Even better now that you're here.	mi pona! sina lon ni la, mi pona sin.
line:e499b2cc	I am.	mi pilin pona.
line:5ec8bb55	I believe that's in part because of you.	mi pilin e ni: ni li tan sina kin.
line:9883786d	I booked the night.	mi esun e pimeja ale.
line:eae85bf9	I broke up with my partner...	mi pini e poka olin mi...
line:ffcfee20	I brought watermelon, bread, grapes, and some other stuff.	mi pana e kili suli e pan e kili lili e ijo ante.
line:e8aa18f4	I can digest pretty much anything.	insa mi li ken pakala e ijo ale lili.
line:7f543c2a	I can let loose whenever you are ready	sina ken la, mi ken pana
line:c83a6a0d	I can't believe Igwix would make a mistake like this!	mi ken ala pilin e ni: jan Ikuwi li pakala sama ni!
line:e051a79e	I consider you a good friend too	mi kin li pilin e ni: sina jan pona mi.
line:f382336f	I could get us the <i>nicest</i> spots for their show.	mi ken kama jo e ma pi pona <i>nanpa wan</i> tawa mi tu tawa musi ona.
line:2602b8c6	I could use a wash.	mi wile e telo.
line:c66153d3	I couldn't help but notice the... device over there.	mi lukin e... ilo lon ma ni. mi ken ala weka e ona tan lawa.
line:b71f0756	I decided to try baking.	mi wile alasa seli e pan.
line:e62b989c	I decided to try baking.	mi wile alasa seli e pan.
line:efea7148	I decided to try baking.	mi wile alasa seli e pan.
line:98f800d3	I didn't know anyone could like me that much so easily.	mi sona ala e ni: jan li ken kama olin e mi kepeken pali lili.
line:4116f001	I didn't know what the button did.	mi sona ala e pali nena.
line:7a5c7f54	I didn't mean to fluster you!	mi wile ala nasa e pilin sina!
line:55542a9b	I do enjoy the color. Though I believe its unrelated to my own hue.	kule ni li pona tawa mi. taso pilin ni li tan kule mi ala.
line:f9c800f2	I do!	mi pilin e ni!
line:ad9c1ada	I do. But, what happened?	mi jo. taso seme li kama?
line:a45ccf3a	I don't believe I can hold back any longer	mi pilin e ni: mi ken ala awen sin
line:8c6e1cd3	I don't get it! Why do I have to act this way?	mi sona ala! tan seme la mi o pali sama ni?
line:cc4e48a3	I don't know where they went but I feel dirty again.	mi sona ala e ma tawa ona. taso mi pilin jaki sin.
line:71127249	I don't mean to be rude, but I must decline	mi wile ala toki ike, taso mi wile ala
line:f5696cc4	I don't need to tell you.	mi wile ala toki e ni tawa sina.
line:878fc94c	I don't understand..	mi sona ala..
line:4f3d31f8	I don't want your pitty!	mi wile ala e pilin ike sina tawa mi!
line:8fc36ab7	I enjoy being a part of so many individuals lives in a positive way.	mi ken pona e lon pi jan mute. ni li pona tawa mi.
line:14653182	I enjoy parts of it. The respect is pleasant...	ijo wan li pona. jan li lukin suli e mi. ni li pona...
line:bd4bb1b9	I enjoy that I do not fear failure around you.	lon poka sina la mi monsuta ala e pakala. ni li pona.
line:c108ed4f	I enjoy when you tell me what to do with a pat of your hand.	sina luka e mi la mi sona e pali wile sina. ni li pona tawa mi.
line:6db406b4	I enjoyed this quite a lot.	ni li pona mute tawa mi.
line:e838533b	I feel as I could say anything to you.	mi pilin e ni: mi ken toki e ijo ale tawa sina.
line:9b9567ec	I feel much better.	mi pilin pona suli sin.
line:ed6be68f	I feel spotless as always.	mi pilin pi jaki ala sama tenpo ale.
line:938be2fb	I forget the ignorance of a layman. I apologize.	mi weka sona e ni: jan pi sona nasa ala li sona ala. mi pakala.
line:63837f22	I forgot to bite into it so... Nothing?	mi weka sona e ni: o uta e ona. ni la... pilin ala?
line:fe3484ea	I get how you'd feel that way after a breakup, yeah.	olin sina li pini la, mi ken sona e tan pi pilin ni.
line:adf1550f	I give my other bipedal friends rides all the time.	tenpo mute la, jan pona ante mi pi noka tu li tawa lon monsi mi.
line:9a68366f	I got a mount.	mi kama jo e ilo unpa.
line:78a54cae	I got back home a bit dirty. And she yelled at me.	mi kama tawa tomo lon jaki lili. ona li toki wawa ike tawa mi.
line:22a9094a	I guess so!	mi pilin e ni!
line:28d6c0aa	I hate that I'm always getting into situations like this.	mi kama tawa ike sama ni lon tenpo mute. mi wile ala e ni.
line:366a7f73	I have a question.	mi wile sona.
line:82b63c18	I have something to say!	mi jo e ijo toki!
line:fd68807c	I have to say, you did as good a job as private washers.	mi toki e ni: pali sina li pona sama pali pi jan telo pi tomo mi.
line:761f413a	I heard a loud bang	mi kute e kalama pakala suli
line:9d7cc63c	I heard a loud bang, I don't think Igwix made it.	mi kute e kalama pakala suli. mi pilin e ni: jan Ikuwi li moli.
line:7ede5030	I heard there was kobolds down here that could wash me up?	mi kute e ni: jan akesi lili pi ken telo mi li lon anpa ni?
line:efb2d4af	I heard there were kobolds down here that could wash me up?	mi kute e ni: jan akesi lili li lon ni li ken telo e mi.
line:2f9b499a	I honestly don't know how you are doing that.	mi toki lon la, mi sona ala e ni: sina ken ni kepeken nasin seme?
line:6f5dbc90	I hope he's okay too.	mi kin li wile e ni: ona li pona.
line:cd0197ed	I hope I can learn from that.	mi wile kama sona tan ni.
line:cf50dbcc	I hope it all works out.	mi wile e ni: ale li kama pona.
line:b2dfad3e	I hope so.	mi wile e ni.
line:0477b0d7	I hope so. I really want a fresh start with someone.	mi wile e ni. mi wile open sin lon poka jan.
line:7429dab7	I hope that you'll help me prove them wrong!	mi wile e ni: sina pona e mi tawa pana e sona ni: ona li toki lon ala!
line:be5feb3e	I hope things get better.	mi wile e ni: ijo li kama pona.
line:114ac9a0	I hope you're right.	mi wile e ni: toki sina li lon.
line:06744c7e	I just don't like that she takes it out on me.	taso mi wile ala e ni: ona li pana e ike ni tawa mi.
line:1fb02179	I just don't like that she takes it out on me.	taso mi wile ala e ni: ona li pana e ike ni tawa mi.
line:c8a1e7d0	I Just need a quick wash... Maybe the mount would be nice too.	mi wile e telo pi tenpo lili taso... ken la, ilo unpa kin li pona.
line:95ff1bed	I just wish for you to ask me a question. Any question.	mi wile taso e ni: sina wile sona tan mi. ijo seme ale li ken.
line:f716a163	I knew you were too busy, so I figured I'd bring the date to you!	mi sona e ni: sina pali mute ike. ni la mi wile pana e tenpo olin tawa sina!
line:2461773d	I knew you'd have my back	mi sona e ni: sina awen pona e mi
line:6a671440	I know a decent equine-kin place by the pier.	mi sona e tomo moku pona pi jan soweli tawa lon poka pi supa telo.
line:50102b85	I know he can be a bit hot headed and forget to thank folks.	mi sona e ni: ona li ken pilin utala li weka sona e toki pona tawa jan.
line:83c55e2e	I know things can be tough.	mi sona e ni: tenpo li ken ike.
line:2ffb026d	I know you need to close down shop. I'll make sure you get the address and we can meet up there, yeah?	mi sona e ni: sina wile pini e tomo esun. mi pana e nimi ma tawa sina la, mi tu li ken kama wan lon ona, anu seme?
line:ded99a0c	I know, I'll reserve your spot!	mi sona. mi awen e ma sina!
line:59e503b2	I know. But the ability to open up to someone, even occasionally-	mi sona. taso mi ken toki e pilin len tawa jan, lon tenpo lili kin la...
line:d30ffec9	I know. I know I shouldn't be dumping this on you.	mi sona. mi o pana ala e ike ni tawa sina.
line:875048ca	I know. I know.	mi sona. mi sona.
line:7b59e4d6	I like how sure of yourself you are. Even if it just has to do with washing.	sina sona wawa e pali sina la, ni li pona tawa mi. sina telo taso la kin.
line:46061aae	I like it! I think you'd enjoy it too.	ni li pona tawa mi! mi pilin e ni: ona li pona tawa sina kin.
line:f4ad8ea6	I like taking care of you.	mi wile awen pona e sina.
line:8ffedb47	I like the mount you chose. Mind grabbing it?	ilo unpa sina li pona tawa mi. o kama jo e ona.
line:5c86951f	I like you a lot.	mi olin mute e sina.
line:a91980fc	I like you for who you are.	sina lon li pona tawa mi.
line:bdca3e1b	I like... him.	mi olin e... ona.
line:2b65bf83	I love bubbles, they tickle!	mi olin e sike kon. ona li musi e selo!
line:f8a4f404	I mean it. Really.	ni li lon. lon a.
line:ae719afc	I need to be better. I <i>want </i>to be better.	mi o kama pona. mi <i>wile </i>kama pona.
line:a0373456	I need to be spotless. Seems that's what you're for. <size=70%> Ha.	mi wile weka e jaki ale. ni li pali sina. <size=70%>a.
line:3da2dd1d	I never expected myself to confide such embarrassing things in someone.	mi sona ala e ni: tenpo kama la mi toki e ijo len ike ni tawa jan.
line:0c986dec	I never expected you to be the type to be so messy!	mi sona ala e ni: sina ken kama jaki mute!
line:95db900b	I never miss a spot.	mi weka e jaki ale lon tenpo ale.
line:d620d41a	I never thought someone like him would be my type...	tenpo pini la, mi pilin ala e ni: mi ken olin e jan sama ona...
line:67592de1	I probably need to head out though.	taso mi o weka.
line:e41c6dc5	I really do hope it all works out!	mi wile mute a e ni: ale li kama pona!
line:a722aada	I really think it was this time...	tenpo ni la mi pilin e ni: mi mama e ike...
line:e80e5edd	I see what you're doing, thank you.	mi sona e pali sina. sina pona.
line:cc6ec337	I see..	mi sona..
line:d57520b1	I seem to have gotten myself covered in ink!	telo sitelen li lon mi ale!
line:3b161cf3	I still need more!	mi wile e sin!
line:47dc71f3	I suppose I understand disliking the mess it may cause.	mi ken sona e ni: ona li pana e jaki la, ni li ike tawa jan.
line:234ccfda	I suppose it depends on the circumstances.	mi pilin e ni: tenpo li ante la, ni li ante.
line:910706c0	I think a movie could be fun!	mi pilin e ni: sitelen tawa li ken musi!
line:99bbb171	I think he was in a bad environment. He's doing better now.	mi pilin e ni: ma ona li ike. tenpo ni la ona li pona sin.
line:9247b7a0	I think he'd like the new you!	mi pilin e ni: sina sin li pona tawa ona!
line:f4982dcd	I think he's got a crush on me.	mi pilin e ni: ona li olin e mi.
line:fc6fdd10	I think I can still feel some explosion grime on me...	mi pilin e ni: jaki pakala li awen lili lon mi...
line:4efc873f	I think I like being taken care of?	jan li awen pona e mi la, mi pilin e ni: mi wile e ona?
line:f5d36d9a	I think I might be close..	mi pilin e ni: mi ken poka e pana..
line:52fc4e08	I think I'd like that!	mi pilin e ni: ni li pona tawa mi!
line:5c78099a	I think I'd like to meet him!	mi wile lukin e ona!
line:14e0edf6	I think I'd like to try!	mi pilin e ni: mi wile alasa!
line:164df75a	I think I'd like to use it?	mi pilin e ni: mi wile kepeken ona?
line:4f6168aa	I think I'd like to use it?	mi pilin e ni: mi wile kepeken ona?
line:ab314624	I think I'd like to?	mi pilin e ni: mi wile?
line:170c6aa3	I think I'd like you to be that someone aswell.	mi kin li wile e ni: sina o jan ni.
line:8f46bb17	I think I've got it!	mi pilin e ni: mi sona!
line:a5e128e0	I think she's upset about something else...	mi pilin e ni: ijo ante li ike tawa ona...
line:bc2545e7	I think she's upset about something else...	mi pilin e ni: ijo ante li ike tawa ona...
line:335c5156	I think so!	mi pilin e ni!
line:3292625e	I think that would make a decent place! They put on good shows every night.	mi pilin e ni: ma ni li pona! tenpo pimeja ale la, ona li pana e musi pona.
line:eaafe671	I think you got every spot!	mi pilin e ni: sina telo e ma ale!
line:1760e5d5	I think you got every spot.	mi pilin e ni: sina telo e ma ale.
line:341175f7	I think you got every spot.	mi pilin e ni: sina telo e ma ale.
line:770e7473	I think you got every spot.	mi pilin e ni: sina telo e ma ale.
line:f4a8f7fc	I think you helped him a lot more than you realize.	mi pilin e ni: sina pona mute e ona. sina sona ala e mute pi pona ni.
line:f28fd15d	I think you missed a few spots still...	mi pilin e ni: ma lili li awen jaki...
line:77509e74	I think you're cool too. Self improvement is hard.	sina kin li pona. kama pona pi jan sama li pali suli.
line:763c6a82	I think you're good looking.	mi pilin e ni: sina lukin pona.
line:69e7dbb3	I think you're pretty cool, Conrad.	jan Konwa o, sina pona tawa mi.
line:9c393f61	I think you're special too.	mi kin li pilin e ni: sina suli ante.
line:7d5ae3b4	I usually make do with a hose down at home...	tenpo mute la mi telo e mi kepeken linja telo lon tomo mi...
line:c4fc9b28	I wanna talk face to face!	mi wile toki sinpin tawa sinpin!
line:548dc375	I want to be more open. It feels good.	mi wile len lili e pilin mi. ni li pona.
line:e02f464d	I was helping the alchemist reach a high shelf	mi pona e jan pi ante ijo: ona li wile kama tawa supa sewi
line:fa97376e	I was helping the alchemist reach a high shelf	mi pona e jan pi ante ijo: ona li wile kama tawa supa sewi
line:bb015b1b	I was romping around the forest	mi tawa musi lon ma pi kasi mute
line:78e2cb13	I was thinking about what you said,	mi toki insa e toki sina,
line:b8282714	I was thinking.	mi toki insa.
line:ca616238	I was thinking. We could go out some time next week?	mi toki insa e ni: tenpo esun kama la, mi tu li ken tawa lon tenpo wan?
line:a13d76ec	I was thinking...	mi toki insa...
line:c1a4edf0	I wasn't making her happy either.	mi kin li pana ala e pilin pona tawa ona.
line:a4214fe6	I went out of my way for a discrete washing, I was sure I wasn't followed.	mi pali mute tawa ni: jan ante li sona ala e telo mi. mi pilin e ni: jan ala li kama monsi mi.
line:db5cd152	I went out with some friends.	mi tawa musi lon poka pi jan pona.
line:b6b9dc33	I will pay double. Triple- This is a job only you can do!	mi pana e mani pi suli tu. suli tu wan! sina taso li ken pali e ni!
line:0c31345e	I will, thanks.	mi kama sin. sina pona.
line:fa41daf4	I will. I just need a quick wash, and wouldn't mind using the mount today.	mi toki. tenpo ni la mi wile e telo pi tenpo lili taso. ilo unpa kin li pona tawa mi.
line:399457b7	I wish it was easy as it is in movies.	mi wile e ni: ale li pona sama sitelen tawa.
line:2185f08c	I won't.	mi toki ala.
line:45950848	I would like that!	mi wile e ni!
line:099ec7fd	I would love to.	mi wile mute.
line:e6006cd6	I wouldn't mind!	ni li pona tawa mi!
line:81905be1	I'd like to go out to eat.	mi wile tawa moku.
line:75b152eb	I'd love to talk more, truly, but class is soon.	mi wile toki sin. taso tenpo pana sona li kama lon tenpo lili.
line:2fe8a558	I'd love to!	mi wile mute a!
line:87ba56cc	I'll be back again, yeah?	mi kama sin, anu seme?
line:ca035ef2	I'll be back again. It's nice having you as a friend.	mi kama sin. sina jan pona mi la ni li pona.
line:0fcd9c26	I'll be back soon, yeah? Thanks for the wash.	mi kama sin lon tenpo poka, lon? sina pona tan telo.
line:d9f422eb	I'll be waiting at the bar for you tonight!	pimeja ni la, mi awen e sina lon tomo pi telo nasa!
line:69dff2ec	I'll be waiting for the gate!	mi awen. o open e lupa suli!
line:ae4d09f6	I'll be waiting for the gate!	mi awen. o open e lupa suli!
line:ab616aac	I'll definitely keep this place in mind.	mi awen sona e tomo ni.
line:b122441b	I'll get one ordered I promise!	mi pana e nimi mi: mi esun e wan!
line:1642b6f1	I'll get out of your scales now. Thank you for the wash.	tenpo ni la, mi tawa. sina pona tan telo.
line:707d2693	I'll get out of your scales...	mi pana e tenpo sina tawa sina...
line:ca480eed	I'll get you two in contact then.	ni la, mi pana e nasin toki tawa sina tu.
line:59416000	I'll go get the gate for ya'	mi tawa open e lupa suli tawa sina.
line:6aa7ad03	I'll go get the gate for ya'	mi tawa open e lupa suli tawa sina.
line:2a6d7e7d	I'll go get the gate for you.	mi tawa open e lupa suli tawa sina.
line:8107858d	I'll go get the gate for you.	mi tawa open e lupa suli tawa sina.
line:d1755010	I'll go get the gate for you.	mi tawa open e lupa suli tawa sina.
line:4d692a01	I'll go get the gate.	mi tawa open e lupa suli.
line:a75bb519	I'll go get the gate.	mi tawa open e lupa suli.
line:8689a124	I'll happily get that for you.	mi pilin pona li kama jo e ni tawa sina.
line:48e99d7b	I'll have to close up shop first-	nanpa wan la, mi wile pini e tomo esun-
line:f2b894e2	I'll have to reserve your spot while you close up.	sina pini la, mi wile awen e ma sina.
line:6c5e2459	I'll keep that in mind. I'm used to things being transactional.	mi awen sona e ni. mi kama sona e ni: ijo ale li wile e esun.
line:956a0f47	I'll make sure to ask him next time I see him.	mi lukin sin e ona la mi wile sona tan ona.
line:e64d21e4	I'll make sure to come back.	mi kama sin.
line:7c9fe106	I'll make sure to get out of your scales.	mi tawa. mi wile ala awen pakala e pali sina.
line:87006442	I'll make sure to tell others about this place	mi toki e tomo ni tawa jan ante.
line:1db78e06	I'll make sure to tell you how it goes, yeah?	tenpo ni li pini la, mi toki tawa sina e ona, lon?
line:49b6a167	I'll make sure you're <i>spotless.	mi weka e jaki <i>ale a.
line:96981b61	I'll manage.	mi ken awen.
line:9aa97614	I'll need this to be swift, students won't teach themselves.	mi wile e tenpo lili taso. jan kama sona li ken ala pana e sona tawa sama.
line:9ef857c8	I'll need to resurrect Igwix, oh how embarrassing!	mi wile lon sin e jan Ikuwi. a, ni li pana e pilin pi wile len!
line:90a9a98e	I'll see you next time I come in, yeah?	mi kama sin tawa telo la, mi lukin e sina, anu seme?
line:d0f6a49a	I'll see you next time I come in, yeah?	mi kama sin tawa telo la, mi lukin e sina, anu seme?
line:160bf40f	I'll start prepping for it.	mi open kama pona tawa ni.
line:8af64cb8	I'll take care of this, don't you worry.	mi awen pona e ni. o pilin ike ala.
line:e20c6391	I'll tell you in a bit. Could you just get the gate for now?	mi toki lon tenpo kama lili. tenpo ni la o open taso e lupa suli.
line:04c62f9b	I'm <i>spotless</i>.	mi jo e <i>jaki ala</i>.
line:629f8cff	I'm a bit of a big deal around there.	mi jan suli lili lon ma ni.
line:d9272031	I'm a dragon.	mi akesi.
line:675e7284	I'm a rule breaker!	mi pakala e lawa!
line:afcd5586	I'm a... kobold.	mi... jan akesi lili.
line:5d41b5d6	I'm all dirty still!	jaki li awen ale lon mi!
line:2f6eb3c3	I'm all soapy still!	ko telo li awen lon mi!
line:18707b19	I'm always happy to give you a wash!	tenpo ale la, mi pilin pona li telo e sina!
line:3b01eb3b	I'm always happy to give you a wash!	tenpo ale la, mi pilin pona li telo e sina!
line:d82b1a7d	I'm always happy to help. <i><size=70%> especially a big dragon.	mi wile pona e jan lon tenpo ale. <i><size=70%>akesi suli li pona nanpa wan.
line:46c6a3ed	I'm always happy to see you Ryan.	jan Wajan o, tenpo ale la mi pilin pona li lukin e sina.
line:75206eee	I'm always happy to see you Ryan.	jan Wajan o, tenpo ale la mi pilin pona li lukin e sina.
line:fa6e232e	I'm always happy to see you. I'll go get the gate for you.	mi lukin e sina la mi pilin pona lon tenpo ale. mi open e lupa suli tawa sina.
line:07e5fc05	I'm amazed!	ni li pona mute tawa mi!
line:4586d55d	I'm an asshole. I know I am.	mi jan ike. mi sona.
line:a6d46685	I'm certain he also finds you pleasant!	mi sona e ni: sina kin li pona tawa ona!
line:ef399e26	I'm doing good!	mi pona!
line:a6c1f2f4	I'm excited for you!	mi pilin pona tan sina!
line:94fbdbf0	I'm excited for you. I'll get the gate!	mi pilin wawa pona tan sina. mi open e lupa suli!
line:f83e4966	I'm excited to hear about it!	mi wile a kute e ni!
line:bd55b8f4	I'm excited to see them washing down the drain though.	taso mi wile a lukin e ni: ona li telo tawa lupa weka.
line:24832f01	I'm excited.	mi pilin wawa pona.
line:69f406a6	I'm excited.	mi pilin wawa pona.
line:a00f681d	I'm excited.	mi pilin wawa pona.
line:a0479425	I'm excited.	mi pilin wawa pona.
line:b5d7d26f	I'm excited.	mi pilin wawa pona.
line:d66b9155	I'm excited.	mi pilin wawa pona.
line:4e1b1d0a	I'm glad you derive enjoyment from this as well.	sina kin li pilin pona tan ni. ni li pona.
line:5db47405	I'm glad you enjoy him. I'm certain he finds you pleasant.	ona li pona tawa sina la, mi pilin pona. mi sona e ni: sina pona tawa ona.
line:c56ee060	I'm glad you enjoy my crest.	sitelen kulupu mi li pona tawa sina la mi pilin pona.
line:f44a1493	I'm glad you trust me.	sina pilin awen lon mi la mi pilin pona.
line:3a2ed5ef	I'm glad you two are working out though.	taso olin sina tu li pona la, mi pilin pona.
line:c0972e81	I'm glad you two are working out.	olin sina tu li pona la, mi pilin pona.
line:34ba77b1	I'm glad you were able to make the choice that was best for you.	sina ken alasa e nasin pona tawa sina. ni li pona tawa mi.
line:d5a90e1c	I'm glad!	mi pilin pona!
line:286fec49	I'm glad.	mi pilin pona.
line:42f5fd9d	I'm glad.	mi pilin pona.
line:99b6dc81	I'm glad.	mi pilin pona.
line:570d4953	I'm happy for you!	mi pilin pona tan sina!
line:ac6d5bd3	I'm happy for you!	mi pilin pona tan sina!
line:ed5c40ca	I'm happy for you!	mi pilin pona tan sina!
line:79099951	I'm happy to be here too.	mi kin li pilin pona tan lon ni.
line:99fd9b51	I'm happy to give you a place you can relax.	mi ken pana e ma lape tawa sina la, mi pilin pona.
line:5d36d5c8	I'm happy to have met you.	mi kama sona e sina la, mi pilin pona.
line:ce21622a	I'm happy to hear that.	mi kute e ni la mi pilin pona.
line:69963a6c	I'm happy you feel comfy here.	sina pilin awen pona lon ni la mi pilin pona.
line:38388248	I'm here for a wash.	mi lon ni tawa telo.
line:a6974256	I'm here if you need someone to talk to.	sina wile toki tawa jan la, mi lon ni.
line:6690512d	I'm impressed.	sina wawa tawa mi.
line:2e424b13	I'm in need of another wash.	mi wile e telo sin.
line:ef91a572	I'm Jealous!	mi wile e sama!
line:a79b8639	I'm just happy I don't feel judged here.	mi pilin pona tan ni: sina alasa ala e ike mi lon ni.
line:8076eb95	I'm just here for a wash though.	taso mi lon ni tawa telo taso.
line:c2caa0b7	I'm just here to bring you food!	mi lon ni tawa pana moku tawa sina taso!
line:ec6c7823	I'm just... Happy.	mi... pilin pona taso.
line:ed4b0d48	I'm kind of excited.	mi pilin wawa pona.
line:266c652e	I'm looking forward to seeing you again	mi wile lukin sin e sina lon tenpo kama
line:e91e2041	I'm not <i>that</i> little-	mi lili ala <i>ni</i> a-
line:cf05a364	I'm not certain why I suddenly understand your 'Yips'	mi sona ala e tan ni: tenpo ni la mi kama sona e 'wi' sina.
line:dcc4774b	I'm not too sure. It was on sale at WingCo.	mi sona ala. ona li mani lili lon tomo WingCo.
line:5b31909a	I'm only doing what I think is right.	mi pali taso e ni: mi pilin e ona lon.
line:7fe349d7	I'm profoundly embarrassed by this whole ordeal.	mi wile weka tan lukin jan tan ijo ale ni.
line:cfaffc52	I'm pumped.	mi pilin wawa pona.
line:c0a140f8	I'm really fond of letting folks ride on my back.	jan li lon monsi mi li tawa la, ni li pona mute tawa mi.
line:1a5e6184	I'm really looking forward to this.	mi wile mute a e ni.
line:8b43a434	I'm really sorry you got hurt. Who did this?	sina pakala la mi pilin ike mute. jan seme li pali e ni?
line:69ffe957	I'm so excited about this date!	mi pilin wawa pona mute tan tenpo olin ni!
line:e6290003	I'm so excited. I'll get you two in contact!	mi pilin wawa pona a. mi pana e nasin toki tawa sina tu!
line:e8611ad0	I'm sorry for dumping that all on you earlier.	mi pakala tan pana pi ike ale ni tawa sina.
line:e613b1c3	I'm sorry I snapped at you earlier.	mi toki utala tawa sina lon tenpo pini lili. mi pakala.
line:de208e68	I'm sorry you got hurt...	jan li pakala e sina la mi pilin ike...
line:4843bb47	I'm still very muddy, if you could soap me up that'd be great.	mi awen jo e ko ma mute. sina pana e ko telo tawa mi la, ni li pona mute.
line:51d4e418	I'm such an idiot.	mi jan nasa ike.
line:32114891	I'm sure nobody will know...	mi sona e ni: jan ala li kama sona...
line:17a05c96	I'm sure we'll figure something out! just meet me at the pier!	mi sona e ni: mi tu li ken alasa e nasin! o kama wan lon supa pi poka telo!
line:8136ef1a	I'm surprised how nice it is.	ni li pona mute la, mi pilin nasa.
line:722c6ab2	I'm thinking a date soon.	mi pilin e ni: tenpo olin li kama lon tenpo poka.
line:3471e9b1	I'm trying my best.	mi pali kepeken wawa ale mi.
line:01492e5e	I'm trying not to be pushy.	mi alasa weka e nasin pi wawa ike.
line:4d6cd625	I'm trying to get away from the house for a bit.	mi wile weka lili tan tomo mi.
line:c1ef777a	I'm unsure why speaking with you is so easy.	mi sona ala e tan ni: toki tawa sina li pali lili taso.
line:822c0718	I'm very excited.	mi pilin wawa pona mute.
line:ddab3d34	I'm very satisfied with these results..	pini ni li pona mute tawa mi..
line:03eb977c	I'm well aware. A deep clean has a distinct feel!	mi sona pona. telo suli li jo e pilin ante!
line:f9193c0d	I'm willing to do it. But I'd like something new.	mi wile pali e ni. taso mi wile e ijo sin.
line:63981253	I'm... Happy.	mi... pilin pona.
line:f80bd44b	I'm... not certain I'd like to use this today.	mi... sona ala e wile mi pi ilo ni lon tenpo suno ni.
line:d422462e	I'm... not sure I can answer that for you.	mi... sona ala e ken mi pi toki ni tawa sina.
line:8f107933	I'm... Rather close now	mi... poka e pana telo unpa lon tenpo ni
line:24c52c54	I'm... wondering...	mi... wile sona...
line:6bbd7f1d	I've always hated the rain.	tenpo ale la, telo sewi li ike tawa mi.
line:b4353808	I've always loved giving my biped friends rides...	jan pona mi pi noka tu li tawa lon monsi mi la, tenpo ale la ni li pona tawa mi...
line:9541fceb	I've been considering asking you this for a while now.	tenpo suli lili la, mi toki insa e ni: mi o wile sona e ni tan sina.
line:505154a4	I've been thinking...	mi toki insa...
line:58b4f5fb	I've been told it's polite to talk to smaller folk face to face.	jan li toki tawa mi e ni: sina toki tawa jan lili la, toki sinpin tawa sinpin li nasin suwi.
line:2c560e29	I've been trying to get into the social sciences aswell.	mi alasa kama sona e nasin pi kulupu jan kin.
line:b4a29141	I've got a guy who can drop a gift by tomorrow that would spruce things up.	mi sona e jan. tenpo suno kama la, ona li ken pana e ijo pona tawa ni tawa pona e ma.
line:212f0021	I've had a lot of free time lately.	tenpo pini poka la, mi jo e tenpo pi pali ala mute.
line:701b9feb	I've had a lot of free time lately.	tenpo pini poka la, mi jo e tenpo pi pali ala mute.
line:79da763f	I've had a lot of free time lately.	tenpo pini poka la, mi jo e tenpo pi pali ala mute.
line:3c4443fd	I've seen bigger	mi lukin e suli mute sin lon tenpo pini
line:d7a90078	I...	mi...
line:393d0e05	I... hm.	mi... a.
line:0da5609b	I... Know this is unprompted.	mi... sona e ni: mi toki e ijo ante lon tenpo ni.
line:5cfb94b9	If a relationship is <i>so</i> bumpy and you know its going to end.	poka olin li ike <i>mute</i>. sina sona e ni: ona li pini lon tenpo kama.
line:b2f52b23	If I could uhm...	mi ken anu... mmm...
line:b4990e3d	If I'm honest. I've had a crush on you for a bit.	mi toki lon la, tenpo lili pini la mi open olin e sina.
line:7c13c28e	If only.	lon la...
line:a56c5621	If someone like Ryan is interested, you're doing great.	jan sama jan Wajan li wile e sina la, pali sina li pona mute.
line:52f28749	If we're caught violating another policy my reputation would be in ruins!	jan li lukin e mi pi pakala lawa sin la, nimi pona mi li pakala ale!
line:83f511d2	If ya' place the mount for me I'll have at it.	sina pana e ilo unpa tawa mi la mi open kepeken ona.
line:7ead92b1	If you could come up front so I could talk.	o kama tawa sinpin tawa ni: mi ken toki.
line:e78656aa	If you could come up to where I can see you.	o kama tawa ma pi lukin mi.
line:9a013329	If you wanna talk about it more, I've got a minute.	sina wile toki sin la mi jo e tenpo lili.
line:3d014153	If you want to use it that's fine!	sina wile kepeken ona la, ni li pona!
line:a9eb9a76	if you're seeing this please grab nael or submit a bug report	sina lukin e ni la o toki tawa jan Nael anu o pana e lipu pakala.
line:b9ab4eed	Im not complaining though.	taso mi toki ike ala.
line:27340362	In a bad way?	ante ike?
line:2019bb85	In a good way?	ante pona?
line:91d5fb72	Incredible!	ni li wawa mute!
line:61c8781b	Indeed! You're the only kobold I wish to wash me now.	lon! tenpo ni la mi wile e telo tan sina taso.
line:a5979ac9	Indeed, you must know of my crest! I teach alchemy.	lon. sina sona e sitelen kulupu mi! mi pana e sona pi ante nasa ijo.
line:dd9d30d2	Indeed. I'm glad you were able to help.	lon. sina ken pona e mi la mi pilin pona.
line:fd5ddfcb	Indeed. You're an excellent person to be around.	lon. lon poka sina li pona mute.
line:78c9b5cc	Is everything okay?	ale li pona ala pona?
line:bea8f1f7	Is something on your mind?	sina toki insa e ijo anu seme?
line:6b6dd8bc	Is that a good thing...?	ni li pona...?
line:848727f2	Is that a threat...?	sina toki ala toki e ike kama tawa mi...?
line:db302830	Is that why you came in the first time?	tan ni la sina kama tawa ni lon tenpo nanpa wan?
line:00e41343	Is this good?	ni li pona anu seme?
line:7982d3d8	Is this the right place?	ma ni li pona ala pona?
line:c48f59a9	Is this the right place?	ma ni li pona ala pona?
line:b05f6eea	Isn't that... Wood?	ni li... kasi kiwen anu seme?
line:bf137cb4	It arrived this morning, it should be near the gate.	ona li kama lon tenpo suno sin ni. ona li lon poka lupa suli.
line:5080b6dd	It depends! Dragon thing.	ijo li ante la, ni li ante! nasin akesi.
line:34cf0601	It did! Thanks for asking.	ona li pona! sina wile sona la, sina pona.
line:900dca3c	It does wonders.	ni li pona suli e mi.
line:cfd504c5	It does wonders.	ni li pona suli e mi.
line:ac13bf68	It is indeed rather cool.	ona li wawa pona lon.
line:ea445b46	It is rather novel isn't it?	ni li sin nasa, anu seme?
line:56d34a41	It is? Good to know...	lon anu seme? ni li pona tawa sona...
line:b058318f	It means you're doing a good job in kobold.	toki pi jan akesi lili la ni li toki e ni: sina pali pona.
line:13c906c7	It really has been. You're wonderful.	lon a. sina pona mute.
line:b032bfb1	It turns out baking is messy!	mi kama sona e ni: seli pan li pana e jaki!
line:da4f12a1	It turns out baking is messy!	mi kama sona e ni: seli pan li pana e jaki!
line:e106207b	It turns out baking is messy!	mi kama sona e ni: seli pan li pana e jaki!
line:e0c8c57b	It was good. We had sex.	ona li pona. mi tu li unpa.
line:681117ec	It was great. Conrad is wild. Good wild.	ona li pona mute. jan Konwa li wawa nasa. nasa pona.
line:28eee9f5	It went great!	ona li pona mute!
line:92bfe06c	It went great!	ona li pona mute!
line:a5d2b991	It went well.	ona li pona.
line:1ab5969b	It would be a... date. As most would say.	ni li... tenpo olin. jan mute li toki e ni.
line:8440a3f4	It's a regrettable state I find myself in...	sijelo mi li lon nasin ike a...
line:1706e86d	It's also new to me...	ni li sin tawa mi kin...
line:c1b8e62b	It's always good when a kobold knows what they like.	jan akesi lili li sona e wile ona la ni li pona.
line:deffce5c	It's crazy how much your neck can handle.	noka lawa sina li ken kama suli mute a. nasa.
line:2e182063	It's difficult to find folks that are outside of my current bubble.	mi wile kama sona e jan pi kulupu ante la, ni li pali suli.
line:48cfc92b	It's endearing!	ni li suwi!
line:5b6f00bd	It's fine.	ike ala.
line:13dc0f15	It's fine. I close in about an hour.	ike ala. tenpo ilo wan poka la, mi pini.
line:23ac92c8	It's freeing. I'll be back, yeah?	ni li weka e awen ike. mi kama sin, lon?
line:de9fdb93	It's hard to hold back..	awen li pali suli..
line:9ebea3d0	It's hard to not be nervous after everything...	ijo ale ni li kama la... awen pi monsuta ala li pali suli.
line:ec8243d8	It's interesting; you bipeds tend to savor your meals.	ni li nasa pona: jan pi noka tu li moku lili lon tenpo suli tawa pilin uta.
line:d50cb509	It's just that something happened to Conrad, I hope he's okay.	ijo li kama tawa jan Konwa taso. mi wile e ni: ona li pona.
line:bee6c7dd	It's just that...	taso...
line:3b76093c	It's made for eating things whole.	noka lawa li ken ni tawa moku e ijo ale lon tenpo sama.
line:19f36dc0	It's my dream.	ni li wile suli mi.
line:18db795f	It's never easy to end things.	pini poka li pali suli lon tenpo ale.
line:049fb01f	It's nice to have friends to rely on.	mi ken wile e pona tan jan pona la, ni li pona.
line:ed69e3a1	It's nice to relinquish control, even for a moment.	pana e wawa lawa tawa jan ante li pona. tenpo lili taso la kin.
line:e9d34ea0	It's no biggie. It sounds like everyone is fine.	ni li suli ala. jan ale li pona, sama kute mi.
line:7e511da7	It's okay!	ike li lon ala!
line:b14d8520	It's okay, you sound like you need it.	ike ala. sina sama ni: sina wile toki.
line:50b95260	It's okay. I needed to. She wasn't making me happy.	mi ken. mi o pali e ni. ona li pana ala e pilin pona tawa mi.
line:47455767	It's okay. I'll figure something out.	mi ken. mi kama sona e nasin.
line:9287c933	It's starting to feel like it's <i>my</i> fault.	mi open pilin e ni: ike li kama tan <i>mi</i>.
line:7ab244af	It's the best way to enjoy food.	nasin ni li pona nanpa wan tawa pilin pona tan moku.
line:0b7589ff	It's the mount you asked for.	ni li ilo unpa pi wile sina.
line:a5780e74	It's wonderful to be back!	kama sin li pona mute!
line:649e8eb3	Its a nice get away from everything out there.	mi ken weka lili tan ijo ale pi ma selo. ni li pona.
line:d0361dd9	Its like an equine fusion thing...	ona li wan e nasin moku pi jan soweli tawa e nasin ante...
line:df86a610	Jokes aside, your wash is definitely the best.	mi toki musi ala la, telo sina li pona nanpa wan a.
line:7fe40d2b	Just a rough day. Hoping this helps!	tenpo suno li ike taso. mi wile e ni: telo li pona e mi!
line:ce77a00e	Just did!	mi toki lon tenpo pini lili!
line:7c93c604	Just doing my job!	mi pali taso e pali mi!
line:fa0a9fbb	Just having fun.	mi musi taso.
line:9e9425cd	Just possibly...	ken lili la...
line:1d73a343	Just some drake at the bar. Was stupid... Couldn't shut my mouth.	akesi lon tomo pi telo nasa taso. mi nasa ike... mi ken ala pini e uta mi.
line:ecb9a15d	Just touch me with your hand and I'll try to help.	o luka e mi taso. mi alasa pona.
line:14209365	Just uhm... Don't tell anyone I'm saying all this.	taso... o toki ala e toki mi ni tawa jan ante.
line:3bac1dad	Just... open the gate.	o... open taso e lupa suli.
line:4f826403	Keep going a little longer please	o awen lili sin
line:087039ba	Keep going.	o awen pali.
line:d8f92323	Kinda! I've been getting out more.	lili! mi tawa kulupu jan lon tenpo mute sin.
line:b965b4dd	Knock that off, we're not done yet. Right?	o pini e ni. mi tu li pini ala, anu seme?
line:d9d276bb	Kobolds always seem enamored by me eating.	mi moku la, jan akesi lili li pilin wawa lon tenpo ale.
line:0274cacd	Kobolds are very flexible. It will fit.	sijelo pi jan akesi lili li ken kama suli mute. ona li ken kama insa.
line:20cb68b9	lemme in?	mi ken kama insa anu seme?
line:41d5085a	Let go whenever you are ready.	sina ken la, o pana.
line:29a77d09	Let me give it a try!	o pana e ken kepeken tawa mi!
line:265e14cb	Let me know when you're finished rinsing.	sina pini weka e ko telo kepeken telo la, o toki tawa mi.
line:0e1fd4b0	Let the <i>big C</i> out of this place!	o pana e <i>K suli</i> tan ma ni!
line:f7382398	Let's get going~!	o open~!
line:c50535b3	Let's have it!	o pana a!
line:9accd60e	Lets wash it off for our date tonight then.	ni la, o telo e ni tawa tenpo olin mi tu pi pimeja ni.
line:7ce1b833	Like what?	sama seme?
line:cb91e703	Like, I love those around me, but there's a lot of baggage there.	mi olin e jan poka mi, taso kulupu ni li jo e ike mute tan tenpo pini.
line:aa1c54ab	Like, in general.	mi toki e ale.
line:bbe51f87	Like, in general.	mi toki e ale.
line:7b7b0a3f	Like, the future of my relationships.	e tenpo kama pi kulupu olin mi.
line:db79a905	Like... a lemon?	sama... kili Lemon?
line:ffd7dcc4	Like... An asshole? I know I'm miserable to be around.	sama... jan ike? mi sona: lon poka mi la jan li pilin ike.
line:a0a0a49c	Like... sexual stuff?	sina toki e... unpa?
line:9becd177	Look at me! I'll be the laughing stock of my students.	o lukin e mi! jan pi kama sona mi li musi e ike mi.
line:9711cf03	Lookin' for a hose down. Wouldn't mind using the mount aswell.	mi wile e telo pi palisa telo. mi wile kepeken ilo unpa kin.
line:abdb5822	Looking forward to seeing ya'	mi wile lukin sin e sina.
line:5c335985	Looking forward to seeing you soon.	mi wile lukin e sina lon tenpo kama lili.
line:1d0abc80	Looking forward to the wash.	mi wile e telo kama.
line:646279a0	Looks like it.	mi lukin e ni.
line:b6093881	Looks like ya' got a shipment, eh?	ijo esun li kama tawa sina, anu seme?
line:f1fc3e3c	Luckily death via spontaneous combustion is a concept we have thoroughly curtailed in the modern world.	pona la tenpo sin ni la moli tan seli pi open ona sama li lili mute.
line:d2ba8ba9	Made a bit of a mess... Still worth it.	mi pana e jaki lili... taso ni li pona.
line:301e8665	Make haste! My reputation is on the line.	o pali lon tenpo lili! nimi pona mi li ken pakala.
line:5072cc60	Make sure you're very clean. <size=70%><i>hehe.	o weka e jaki ale a. <size=70%><i>a a.
line:da21cf49	Makes sense! Yeah tiny drakes are fun.	mi sona! lon, akesi lili li musi.
line:22b2643b	Makes sense.	ni li pona tawa sona.
line:e7f0e9ed	Makes sense.	ni li pona tawa sona.
line:89c9a73b	Many think it's part of my body.	jan mute li pilin e ni: ona li sijelo mi.
line:d7bcbe29	Max says I'm a clumsy dragon,	jan Maku li toki e ni: mi akesi pi tawa pakala,
line:db986d0d	May you open the gate?	sina ken ala ken open e lupa suli?
line:76a97730	Maybe later...?	ken la, tenpo kama...?
line:08a422ba	Maybe like...	ken la...
line:6f293b7a	Maybe someone new...	anu jan sin...
line:d2558a04	Maybe someone?	anu jan sin?
line:67a46ddc	Maybe we can hang out later?	ken la, mi tu li ken musi lon tenpo kama?
line:5691478f	Maybe we could just... Walk?	ken la mi tu li ken... tawa noka taso?
line:7734bf93	Me too, thanks!	mi kin. sina pona!
line:627a13e4	Me too.	mi kin.
line:d3c733f5	Me too.	mi kin.
line:ffa63d1b	Me too.	mi kin.
line:040ee2a7	me too.	mi kin.
line:d13cd125	Me.	sama mi.
line:14e7b293	Me?	mi?
line:b9cb051a	Means I'm ready to go on a date with a certain kobold.	kon ni li ni: mi ken tawa tenpo olin lon poka pi jan akesi lili wan.
line:e5da247d	Means you know how to get hands on!	ni la sina sona e pali luka!
line:171707d2	Mhm!	lon a!
line:11306335	Mhm! Come back anytime.	lon! o kama sin lon tenpo pi wile sina.
line:69dd6a73	Mhm! he's trying to meet new people.	lon! ona li alasa kama sona e jan sin.
line:da17b746	Mhm! I'm <i>the</i> kobold!	lon! <i>mi</i> jan akesi lili ni!
line:a0cb3f78	Mhm! that's him.	lon! ona a.
line:164fdb01	Mhm, he's trying.	lon, ona li alasa.
line:1a663dcf	Mhm, right this way.	lon. o kama tawa ni.
line:3cd8a8bd	Mhm... Thank you.	mmm... sina pona.
line:4546abce	Might seem kinda weird to ask now. Buuuut.	wile sona ni li ken nasa lon tenpo ni. tasoo...
line:57d8b72a	Mind opening the gate to let me out?	o open e lupa suli tawa weka mi.
line:b2a507ab	Mind opening the gate to let me out?	o open e lupa suli tawa weka mi.
line:6d726280	Mind washing more?	sina ken telo sin anu seme?
line:c8281b83	Mmm, I understand that to mean you'll get the gate?	mmm, mi sona e ni: sina open e lupa suli, anu seme?
line:dd0c77ae	Mmm, Yeah I know the type.	mmm, lon. mi sona e jan sama.
line:d8cafcc7	mmm..	mmm..
line:729cea0c	Mmmhm, I always do my best.	lon. mi alasa e pona suli lon pali mi.
line:f36b8b76	Mmmhm. I'll work on my sleep schedule...	mmm. mi alasa pona e tenpo lape mi...
line:d38efb75	Mmmmhm, gotta prep for a date with him.	mmm, mi wile kama pona tawa tenpo olin lon poka ona.
line:a78dd44b	mmph! (Yea!)	mmm! (lon!)
line:b132719c	Mmph- Hm?	mmm- seme?
line:16ee6b14	Money... mmm...	mani... mmm...
line:d8cc8048	Most people do!	jan mute li wile e ni!
line:3d723db0	Must mean you two are a good match.	ni la, sina tu li pona tawa olin wan.
line:9ca994a5	My bad	mi pakala
line:aaecba3d	My bad	mi pakala
line:fedbf70c	My colleague, professor Igwyx, wished to use me as a platform.	jan pana sona Ikuwi li jan pali poka mi. ona li wile kepeken mi sama supa.
line:08af3902	My date with Ryan was...	tenpo olin mi lon poka pi jan Wajan li...
line:116b5405	My date with Ryan was...	tenpo olin mi lon poka pi jan Wajan li...
line:e26c3b65	My first ever Yarn script in Unity!	ni li lipu Yarn nanpa wan mi lon ilo Unity!
line:f15b014f	My names Ryan. So...	mi jan Wajan. ni la...
line:e4aced7b	My students could learn a thing or two from your work ethic!	jan kama sona mi o kama jo e wawa pali sina!
line:dfe74420	My-	a-
line:9b915bf2	Nah.	ala.
line:c3642dec	Nah.	ala.
line:393c128a	Never cleaned a teacher dragon... woah.	mi telo ala e akesi pi pana sona lon tenpo pini... a.
line:a99b03ed	Never tried it.	mi alasa ala moku e ona lon tenpo pini.
line:6df809e1	Nevermind. Could you get the gate?	o weka e ni. sina ken ala ken open e lupa suli?
line:d3a50f3f	Next time I come in for a wash we'll go.	mi kama sin tawa telo la, mi tu li tawa.
line:ac5afd96	Next time I come in I'll have reservations!	mi kama sin la, mi pini awen e ma mi!
line:8990fcc9	Nice! Whats with all the... Gloop?	pona! ko ale ni li... seme?
line:1d4b8528	Nice. Gotta open the gate though. Let Conrad in!	pona. taso o open e lupa suli. o pana e ken pi kama insa tawa jan Konwa!
line:acab92d4	Nnf... I believe I needed that. Thank you.	nn... mi pilin e ni: mi wile e ni. sina pona.
line:8fe11008	Nnnf... That was way better than those berries.	nnn... ni li pona mute tawa kili lili ni.
line:b251704a	No	ala
line:e05c2dca	No	ala
line:dc86c2de	no	ala
line:5794ea87	No amount of justification makes it feel good though.	taso tan ale li ken ala weka e ike pilin.
line:5a5ec440	No I actually just got it	ala, mi kama jo e ona lon tenpo pini poka taso
line:cd5f07ca	No more excuses.	mi toki ala e tan pi pona ike mi.
line:4b38230f	No need for thanks. I'll get the gate.	sina wile ala toki e pona mi. mi open e lupa suli.
line:11604fbd	No need to be nervous, Alexander!	jan Aleksanta o, sina wile ala monsuta!
line:eefef647	No need to be.	sina wile ala pilin ike tan ni.
line:73ea230a	No no, you're a certified cleaner yeah?	ala, ala. lipu lawa li toki e ni: sina jan telo, anu seme?
line:743c64e6	No not really.	ala. lon la ala.
line:50feefe8	No problem!	ike ala!
line:1a9a36e1	No problem! Can't wait for you to meet Conrad.	ike ala! mi wile a e ni: sina lukin e jan Konwa.
line:0a9993d2	No problem, thanks!	ike ala, sina pona!
line:10bdb3a4	No problem, thanks!	ike ala, sina pona!
line:3a8f65fa	No problem.	ike li lon ala.
line:ee3d0ee4	No problem. Let me get that gate for ya'!	ike li lon ala. mi open e lupa suli tawa sina!
line:eedccaec	No way.	ken ala.
line:f0351f0c	No way.	ken ala.
line:d726f776	No worries,	o pilin ike ala,
line:12b7a5b3	No! I mean, yes, but for the sake of my reputation could you please keep my incursion here to yourself.	ala! mi toki e... lon. taso o awen e nimi pona mi. o toki ala tawa jan ante e kama mi tawa ni.
line:f7f963e3	No, I am.	ala. jaki li suli.
line:54faa7c0	No, I don't think I do.	ala, mi pilin ala e ni.
line:38419d8b	No, it's not. No more excuses.	ala. ike li lon. mi toki ala e tan pi pona ike mi.
line:cd9b2a8f	No, thank you. I'm... Really excited.	ala, sina pona. mi... pilin wawa pona a.
line:1af1ad05	No, we don't offer things like that here.	ala. mi mute li pali ala e ni lon tomo ni.
line:cb7e94e5	no.	ala.
line:6128a09c	No. A lime that is yellow.	ala. kili Lajun pi kule jelo.
line:de25dacd	No. I'm not. Do you have a medkit or not?	ala. mi ike. poki pi pona sijelo li lon ala lon?
line:1cc64bcf	No.. No it's fine... thank you.	ala.. ala, ni li pona... sina pona.
line:525f5744	Nope	ala
line:fbd2c3e7	Nope.	mi sona ala.
line:5406ba8e	Normally I'd say yes to a mount. But, not right now.	tenpo mute la mi wile kepeken ilo unpa. taso tenpo ni la ala.
line:ab92da6a	Not anymore at least!	tenpo ni la ni li lon ala!
line:0cfcd179	Not for a date though.	taso tawa tenpo olin ala.
line:d1b90e2c	Not sure yet.	mi sona ala lon tenpo ni.
line:e9643b5d	Not yet.	tenpo ni ala.
line:326cc84d	Not yet. a little longer.	tenpo ni ala. lili sin.
line:56a729f6	Nothing more attractive than a man who can improve!	jan mije li ken kama pona la, jan ante ala li sama pona olin!
line:b5dabf9f	Nothing more attractive than a man who can improve!	jan mije li ken kama pona la, jan ante ala li sama pona olin!
line:8a321997	Now I'm eyeballing the mount...	tenpo ni la mi lukin wile e ilo unpa...
line:5e0a6d7a	Now I'm out here, agh!	tenpo ni la mi lon ma ni, a!
line:564a9606	Now they'll never need to know!	tenpo ni la, ona li wile sona ala lon tenpo ale!
line:d66b7986	Now!	tenpo ni la!
line:63596bb3	Now, do you have a medkit or not?	poki pi pona sijelo li lon anu seme?
line:eefc4e9f	Now, lemme in! I want to try that thing out!	o pana e ken pi kama insa tawa mi! mi wile lukin pali e ilo ni!
line:0554966a	Now, more food?	ni la, moku sin anu seme?
line:3fb3f8d4	Now, round two!	tenpo ni la nanpa tu!
line:12e6043e	Now... Food?	tenpo ni la... moku?
line:5f8b2de4	oah. <size=70%>okay.	a. <size=70%>pona.
line:13223129	Of course	lon.
line:283e56d8	Of course I am! I know I'm very...	lon a! mi sona e ni: mi...
line:5788e15c	Of course I do. I'm a <i>professional</i>.	lon a. mi <i>jan sona pali</i>.
line:0b226939	Of course it is!	lon a!
line:f21dd9d4	Of course it is!	lon a!
line:642255fc	Of course!	lon a!
line:76f8c20c	Of course!	lon a!
line:877aced7	Of course!	lon a!
line:d2401e75	Of course!	lon a!
line:f9eb2b4a	Of course! Right this way!	ken a! o tawa ni!
line:0d20d327	Of course! Thank you for the food.	lon a! sina pana e moku la, sina pona.
line:4da976f5	Of course! You run a fine establishment.	lon a! tomo sina li pona.
line:b629bcf2	Of course! You're wonderful.	lon a! sina pona mute.
line:b6c96475	Of course, you run a fine establishment.	lon a. tomo sina li pona.
line:dd082478	Of course.	lon a.
line:203cc3d2	Of course. One moment!	ken. o awen lili!
line:fd145efe	Of course. Sorry you're going through all this.	ken. ike ni li lon sina la mi pilin ike kin.
line:7305cdbc	Oh cool!	a, pona!
line:eb6ae4c3	Oh cool!	a, pona!
line:77c996e8	Oh damn! You really are adventurous!	a pakala! sina wile a alasa e ijo sin!
line:3fdb9d01	Oh fcuk something went wrong	pakala, ijo li pakala.
line:9e403ecd	Oh fuck yeah.	a, pakala, pona.
line:13c39c50	Oh fudge, forget I said that!	a pakala, o weka sona e toki ni mi!
line:e722753e	Oh goodness no..	a, ala a..
line:55e3dd36	Oh hi! um..	a, toki! mi...
line:e8ee5747	Oh hi! um..	a, toki! mi...
line:b90f527f	Oh huh, that's the tiny drake I saw coming in a bit back yeah?	a, ona li akesi lili ni anu seme? mi lukin e ona lon tenpo pini lili?
line:001ab950	Oh I heard good things about that.	a, mi kute e toki pona pi ona ni.
line:0a4a28c0	Oh I see the button there, gotcha!	a, mi lukin e nena lon ni. mi sona!
line:c6b0b1aa	Oh like, swallowing things whole?	a, pana e ijo ale tawa insa lon tenpo sama?
line:10254d13	Oh my	a pakala
line:39f6c77d	Oh my bad	a, mi pakala.
line:79511a66	Oh my bad	a, mi pakala.
line:8cfbd75d	Oh my bad	a, mi pakala.
line:cb71b2a1	Oh my bad	a, mi pakala.
line:7d13eca0	Oh my- I didn't expect you to be so... hands on	a... mi sona ala e ni: sina... luka wawa.
line:c60c65e8	Oh my. I suppose I could use the mount!	a. mi ken kepeken ilo unpa!
line:433cb27e	Oh no! Do you want to talk about it?	a, ike! sina wile toki e ona anu seme?
line:d908622a	Oh no, Conrad. are you okay?	a, jan Konwa o. sina pona ala pona?
line:bf977a7e	Oh okay. I'll go grab it.	a, pona. mi kama jo e ona.
line:7428755b	Oh so it's new for both of us!	a, ni la ni li sin tawa mi tu!
line:513bed5a	Oh so it's new to both of us!	ni li sin tawa mi tu!
line:4bad37a5	Oh that's good. I'm happy he's okay.	a, pona. ona li pona la mi pilin pona.
line:7d791906	Oh this is better, but I still feel dirty.	a, ni li pona sin. taso mi awen pilin jaki.
line:63926ecd	Oh we're done?	a, mi tu li pini?
line:546d1bf2	Oh wow, you're really covered in it!	a, selo sina ale li jo e ona!
line:b2d99a43	Oh wow..	a pakala..
line:e8052272	Oh yeah I liked the first one.	a lon, nanpa wan li pona tawa mi.
line:a4a26529	Oh yeah, there's this nice place downtown called wings.	a lon, tomo pona ni li lon insa ma tomo. nimi ona li Wings.
line:d4d3ecd5	Oh yeah.	a lon.
line:059142a3	Oh Yeah?	a, lon?
line:71053a53	Oh Yeah?	a, lon?
line:1121309c	Oh yeah?	lon anu seme?
line:2b560f59	Oh yeah?	lon anu seme?
line:2d2820b0	Oh yeah?	lon anu seme?
line:6e82e54c	Oh yeah?	lon anu seme?
line:b9d8a22f	Oh yeah?	lon anu seme?
line:d8ce8566	Oh yeah?	lon anu seme?
line:f103a4a8	Oh yeah?	lon anu seme?
line:4f6344f1	Oh yeah? He sounds like a bit of a hothead.	lon anu seme? ona li pilin utala kute.
line:60cdf456	Oh yeah? The little red drake?	a lon? akesi loje lili ni anu seme?
line:a9253dd8	Oh yeah? The sky blue drake I've seen around?	a lon? akesi laso sewi ni anu seme? mi lukin e ona lon poka?
line:762882b4	Oh yeeeaaah?	a, looon?
line:5d737ca7	Oh yes	a lon
line:1c90fb6d	Oh you. Gonna make me blush.	a sina... sina kama loje e sinpin mi.
line:7e3e59aa	Oh!	a!
line:3605a48a	Oh! I think I've seen him. The tiny one, yeah?	a! mi pilin e ni: mi lukin e ona. ona lili a, anu seme?
line:3bc15278	Oh! No it wouldn't be. It's fun!	a! ni li anpa ala. ona li musi!
line:c95a153d	Oh! nothing. I'll get the gate.	a! ala. mi open e lupa suli.
line:b6fb6fce	Oh! Okay. I'll get the gate!	a! pona. mi open e lupa suli!
line:4d3233a1	Oh! That's cold!	a! ni li lete!
line:403f2ab7	Oh! Then I better let you in. I'll go get the gate.	a! mi o pana e ken pi kama insa tawa sina. mi open e lupa suli.
line:0f2dc134	Oh! Yeah that makes sense...	a! lon, ni li pona tawa sona...
line:1270a483	Oh, and I apologize for being absolutely filthy.	mi toki e pakala mi: jaki mute li lon mi.
line:7b5be1f8	Oh, and I've figured it where to go.	a, mi pini alasa sona e ma tawa.
line:52fb116d	Oh, and seems I got some on my face. woops.	a, kili lili li lon sinpin mi. pakala.
line:73a37947	Oh, awesome. I'm a big salmon guy.	a, pona. mi jan ni: mi olin mute e kala loje.
line:74c9c07b	Oh, like... working class?	a, sama... kulupu pi jan pali?
line:e048566b	Oh, no.	a, ala.
line:1a9e6537	Oh, no. Ryan is a sweetheart.	a, ala. jan Wajan li suwi.
line:5f6a124a	Oh, okay. Thanks.	a, pona. sina pona.
line:17716b05	Oh, right. Sorry.	a, lon. mi pakala.
line:82ba64bf	Oh, sorry-	a, mi pakala-
line:956e5c91	Oh, sorry.	a, mi pakala.
line:54a8bb22	Oh, sure. Come on in.	a, ken. o kama insa.
line:270276eb	Oh, that's my favorite part!	a, kipisi ni li pona nanpa wan tawa mi!
line:1ff9a04c	Oh, the crest around my head?	a, sitelen kulupu lon poka lawa mi?
line:ffed6d04	Oh, wonderful. Seem's we're similar.	a, pona. mi tu li sama.
line:30e6b801	Oh, yeah!	a, lon!
line:bedeee82	Oh- Eager!	a- sina wile wawa!
line:38b3c8c1	Oh- I mean. I'll go open the gate!	a... mi toki e ni: mi tawa open e lupa suli!
line:714c180e	Oh- I'm glad!	a, pona!
line:ccf87ea9	Oh- I'm not too interested in using that right now.	a- tenpo ni la, mi wile ala kepeken ona.
line:963981e4	Oh- I'm sorry for making a mess...	a- mi pana e jaki la, mi pakala...
line:8e407c6e	Oh- Not just the wash.	a- telo taso ala.
line:ad31ec4c	Oh- Not just the wash.	a- telo taso ala.
line:6866c2c9	Oh- Right now? 'aight I'm down.	a- tenpo ni? pona, mi wile.
line:9a6dca4b	Oh- Ya. On it.	a, lon. mi pali.
line:3b6d644d	Oh.	a.
line:4399096b	Oh.	a.
line:8441bf7b	Oh.	a.
line:87233429	Oh.	a.
line:e90fee8e	Oh.	a.
line:ebd9b4d3	Oh.	a.
line:8a79f72c	Oh. And one other thing.	a. ijo sin wan li lon.
line:e8289be5	Oh. good.	a, pona.
line:5442e228	Oh. Okay I'll go get the gate.	a. pona, mi tawa open e lupa suli.
line:0da15c85	Oh. Okay.	a. pona.
line:73f7f13d	OH. RIGHT.	a. lon a.
line:c35890c8	Oh. That's... Wonderful!	a. ni li... pona mute!
line:0ce8d5aa	Oh. Then yeah, we're open.	a. ni la mi open.
line:52ed140c	Oh. Uhm. <size=70%>Good.	a. mmm. <size=70%>pona.
line:780d0993	Oh. yeah. Sorry.	a. lon. mi pakala.
line:7f5113d5	OH. You're not used to eating them whole.	a. sina moku ala e sike mama ale lon tenpo sama.
line:45bc649d	Oh...	a...
line:0a093816	Oh... hah. I like that.	a... a. ni li pona.
line:f885f11d	Oh... I suppose this is alright~	a... mi pilin e ni: ni li pona~
line:7cd85c8e	Oh... I'm so sorry.	a... mi pilin ike tan ni.
line:8cc1aa72	Oh... yeah we don't have one.	a... mi mute li jo ala e ona.
line:f16d7940	Oh... Yeah, tinier dragons tend to... Compensate.	a... lon, akesi lili li jo e... palisa suli.
line:1d491283	Oh?	a?
line:21c46e75	Oh?	a?
line:fd8d786a	Oh?	a?
line:0ce8d3c2	ohmygod I thought the egg was decorative.	a pakala, mi pilin e ni: sike mama li pona lukin taso.
line:d9b26374	Ok I can do that	pona, mi ken ni
line:1777121d	Ok I got this..	pona, mi ken ni..
line:f3af3ce8	Ok just tell me if you get uncomfortable or anything.	pona. sina pilin ike anu seme la, o toki tawa mi.
line:6c3a98cc	Ok lets wash it off for our date tonight then.	pona, ni la o telo e ni tawa tenpo olin mi tu pi pimeja ni.
line:7a54a1e1	Okay	pona
line:f64a5b30	Okay	pona
line:249500dc	Okay!	pona!
line:a327b5f9	Okay!	pona!
line:ccaabca3	Okay!	pona!
line:82d0ea81	Okay! I'll be back later then.	pona! mi kama sin lon tenpo kama.
line:3deb5f55	Okay! I'll go get the gate for you.	pona! mi open e lupa suli tawa sina.
line:9c3d6cb7	Okay! I'll see you soon.	pona! mi lukin e sina lon tenpo kama poka.
line:72e0348e	Okay, bye!	pona. o awen pona!
line:255362b9	Okay, Conrad.	pona, jan Konwa o.
line:0d16ab28	Okay, I'll be waiting. Thanks.	pona. mi awen. sina pona.
line:155d1c64	Okay, I'll open the gate!	pona. mi open e lupa suli!
line:886f5df2	Okay, I'll see you later!	pona, mi lukin e sina lon tenpo kama!
line:585d6a08	Okay, thank you.	pona. sina pona.
line:c298bc55	Okay, thank you.	pona. sina pona.
line:6acf71a3	Okay, thanks.	pona. sina pona.
line:8ed5a204	Okay- okay. I'll go get the gate.	pona- pona. mi tawa open e lupa suli.
line:10b9a653	Okay- Thanks.	pona- sina pona.
line:00a81c16	Okay. I hope you're doing alright though.	pona. taso mi wile e ni: sina awen pona.
line:118a51bb	Okay. I should probably get out of your scales.	pona. mi o pana e tenpo sina tawa sina.
line:a62e8112	Okay. I'll open up shop. Give me a sec.	pona. mi open e tomo telo. o awen lili.
line:9d434af5	Okay. I'll order a mount.	pona. mi esun e ilo unpa.
line:2f3b06de	Okay. Then I think I'd like to try.	pona. ni la mi wile alasa.
line:54ad4706	Okay...	pona...
line:28311fbb	Omg you're hurt!	a pakala, sina pakala!
line:8b3abbf7	On it!	mi pali!
line:42e3eba2	Once I'm cleaned up I'm gonna head out and get our spot ready.	jaki mi li weka la, mi tawa li kama pona e ma mi tu.
line:1d4b8a1c	One thing led to another...	ijo wan li pana e ijo sin...
line:c70bea2d	Only been cleaning for a few weeks now!	mi open e pali ni lon tenpo poka taso!
line:5188bd4a	Only If that's alright-	ni li pona tawa sina la taso-
line:01505282	Only realized how much of a mess I made after Max yelled at me, haha.	jan Maku li toki wawa tawa mi la, mi sona e ni lon tenpo ni taso: mi pana e jaki mute a. a a.
line:828eed25	Oof... Needed that. Thank you.	haa... mi wile e ni. sina pona.
line:2d40c69a	Oooh, alrighty.	aaa, pona.
line:99ff9e7f	Ooooh must be a big deal then.	aaa, ni la sina suli a.
line:e8ad4791	Ooooh.	aaa.
line:64bfd62a	Oops, my bad.	a, mi pakala.
line:0fa31c40	Our first meeting went great though!	taso tenpo pi kama sona nanpa wan mi tu li pona mute!
line:77cebc41	People tell me I've got a fat cock, is that true?	jan li toki e ni: palisa unpa mi li suli. ni li lon anu seme?
line:80de6c63	Perfectly clean again. Thank you for taking me in at this hour.	jaki ale li weka sin. sina kama jo e mi lon tenpo ni. sina pona.
line:f212528b	Phew! I had an accident that needs to be taken care of... discretely.	haa! mi jo e pakala. mi wile pona e ona... lon nasin pi sona jan ala.
line:b3c35166	Phew, I was worried I'd make another mess of things.	haa, mi monsuta e ni: mi jaki sin e ijo.
line:314c3d8a	physically or emotionally?	lon sijelo anu lon pilin?
line:156e0b50	Picnic bathket-	poki pi moku ma-
line:0d9de1a1	player hooked up with conrad	jan musi li olin e jan Konwa
line:2cf1c95e	player hooked up with conrad	jan musi li olin e jan Konwa
line:c2529648	player hooked up with conrad	jan musi li olin e jan Konwa
line:f7fd34b2	player hooked up with conrad	jan musi li olin e jan Konwa
line:66e08b22	player hooked up with ryan	jan musi li olin e jan Wajan
line:78039fd1	player hooked up with ryan	jan musi li olin e jan Wajan
line:96a0c0c7	player hooked up with ryan	jan musi li olin e jan Wajan
line:9bade6d6	player hooked up with ryan	jan musi li olin e jan Wajan
line:0ddcd600	Please scrub Igwix off my back would you?	o weka e jan Ikuwi tan monsi mi kepeken telo wawa, ken?
line:0632acbf	Plus they feel really nice.	kin la ona li pona mute tawa sijelo.
line:c7b8ba3d	Possibly...?	ken...?
line:637629a8	Pretty sure I can digest anything.	mi pilin e ni: insa mi li ken pakala e ijo ale.
line:65a41bc5	Pretty sure I'm all clean!	mi pilin e ni: jaki li weka ale tan mi!
line:3750bbf0	Pretty sure that was everything.	mi pilin e ni: ale li pini.
line:960707b0	Primarily alchemy. Occasionally world history.	sona pi ante nasa ijo li suli. tenpo ante la mi pana e sona pi tenpo pini ale.
line:1475f95c	Professor Igwyx- My colleague who self-immolated earlier.	jan pana sona Ikuwi, jan pali poka mi pi kama seli.
line:26e9d692	Professor, but yes. You have.	mi jan pi pana sona suli. taso lon. sina pana.
line:af0c15fd	Professor- But, yes. I usually don't go to public washes.	mi jan pi pana sona suli. taso lon. tenpo mute la mi kama ala tawa tomo telo pi jan ale.
line:962abe27	Project Scale mary	Project Scale mary
line:e5d47feb	prole- <i><size=70%>wuh?	jan pa... <i><size=70%>seme?
line:c7b73162	Psst..!	pss..!
line:9addfb4a	Ready!	mi ken!
line:875b5372	Really damn good!	pona mute a!
line:9e9f3e75	Really damn good!	pona mute a!
line:9364911d	Really looking forward to finding new people.	mi wile a kama sona e jan sin.
line:8b0b222c	Really sets the mood.	ona li pana a e pilin pona.
line:4010d36d	Really well honestly.	mi toki lon la, ni li pona mute.
line:cfcb40c7	Really?	lon anu seme?
line:0ec807a4	Really? Aw, That's really sweet.	lon ala lon? a, ni li suwi mute.
line:630fed1b	Remove this barrier at once so I may enter.	o weka e sinpin ni lon tenpo ni a tawa ni: mi ken kama insa.
line:65deb150	Right after this wash!	telo ni li pini la, mi tawa a!
line:0caa6657	Right, I'll get that for you ASAP.	pona. mi open e ona kepeken tenpo lili a.
line:1271b80c	Right.	lon.
line:3ede5541	Right.	lon.
line:6a2e4e0d	Right. I'll get to it.	lon. mi open pali.
line:29daeb62	Right. Phoenix feather. Obviously.	lon. lipu pi waso seli pi kama lon sin. lon a.
line:51d1b41e	Ryan is a sweetheart	jan Wajan li jan suwi
line:202fce0c	RYAN THE BONE!	jan WAJAN o, kiwen sijelo a!
line:93bd9a2b	Ryan!	jan Wajan o!
line:9b7e09b8	Ryan!	jan Wajan o!
line:b76f49cd	Ryan!	jan Wajan o!
line:1fa0fbbe	Ryan! I met him.	jan Wajan a! mi lukin e ona.
line:f0427bb9	Ryan! this is so sweet.	jan Wajan o! ni li suwi mute.
line:92829935	Ryan's such a nice dragon.	jan Wajan li akesi pona mute.
line:13ca0a74	Ryan, you're not supposed to eat the stems-	jan Wajan o, sina o moku ala e palisa kasi-
line:7a01d265	Ryan: I guess it is pretty exciting	Ryan: mi pilin e ni: ona li pana e pilin wawa pona
line:e1526934	Ryan: I like that a lot	Ryan: ni li pona mute tawa mi
line:a430a2ff	Ryan: I think I am close too..	Ryan: mi pilin e ni: mi kin li poka e pana..
line:77626e43	Ryan: I would say it is going great	Ryan: mi la ni li pona mute
line:f5f5b815	Ryan: I've never done this outside before	Ryan: tenpo pini la mi pali ala e ni lon ma pi tomo ala
line:6dd86b71	Ryan: This was nice	Ryan: ni li pona
line:41b9659f	Ryan: Wow.. Your stature is really the only thing small about you.	Ryan: a.. sijelo sina li lili lon sewi taso a.
line:aad89688	Ryan: Yea definitely. Worried about me?	Ryan: lon a. sina pilin monsuta tan mi anu seme?
line:ce6d6d7f	Ryan? you sure everything is okay...?	jan Wajan o, ale li pona lon ala lon...?
line:1d3b255b	Save your mood setting for tonight!	o awen e pana pi pilin pona tawa pimeja ni!
line:3ed6ab5d	Say do you remember the name of the college I work at?	a, sina awen sona e nimi pi tomo sona suli mi anu seme?
line:a05a7804	Say...	o...
line:82d7b5e4	Says who?	jan seme li toki e ni?
line:6c193ba9	Scales different today? <size=70%><i>is that a thing...? </i><size=100%>You look good today.	selo sina? <size=70%><i>jan li ken ni anu seme...? </i><size=100%>tenpo suno ni la sina lukin pona.
line:426f40ff	See you again soon, yeah?	mi lukin sin e sina lon tenpo kama poka, anu seme?
line:3112d78d	See you soon.	mi lukin e sina lon tenpo kama poka.
line:8072b186	See you tonight.	mi lukin e sina lon pimeja ni.
line:0d3b23da	Sheesh.	a suli.
line:48435b12	Shh! I'm not from around here...	ss! mi tan ma ante...
line:0f86dbf6	So am I!	mi kin!
line:3063100e	So am I.	mi kin.
line:a241eec6	So far so good though, yeah?	taso tenpo ni la, ni li pona, anu seme?
line:813c6dd4	So is this like... our first date?	ni la... ni li tenpo olin nanpa wan mi anu seme?
line:9b10d450	So this Conrad guy, seems like you like him?	ni la, jan Konwa ni... sina olin e ona anu seme?
line:0c5dcd3c	So uh, gate?	ni la... lupa suli?
line:84d8a935	So uh, mind opening the gate?	ni la sina ken ala ken open e lupa suli?
line:7da41ecd	So uhh, let me know if you need me to move.	ni la mmm, sina wile e ni: mi o tawa, la o toki.
line:3a469ae4	So yeah, I had a mishap..	ni la, mi jo e pakala..
line:a6d6bf76	So you and Ryan huh?	ni la, sina en jan Wajan?
line:31fa3bdf	So you came in just to...	ni la sina kama tan...
line:5f64c352	So you're a certified dragon washer huh?	lipu lawa li toki e ni: sina ken telo e akesi, anu seme?
line:c9e7bb1e	So you're a certified dragon washer huh?	lipu lawa li toki e ni: sina ken telo e akesi, anu seme?
line:aedb6a51	So, coming in for a wash?	ni la, sina kama tawa telo anu seme?
line:1c856f1c	So, how was your date?	ni la, tenpo olin sina li seme?
line:3cda84e6	So, tell me more about conrad!	ni la, o toki sin tawa mi e jan Konwa!
line:c10d9415	So, thanks on his behalf for caring.	ni la, mi toki e ni tawa sina tan ona: sina awen pona la sina pona.
line:e6aa9d20	So, with... relationships.	ni li lon... poka olin.
line:a99c5c88	So. How about a date?	ni la o kama tawa tenpo olin?
line:c2f44537	So. My girlfriend was home before me. she's a work-from-home dragon.	meli olin mi li lon tomo lon tenpo ni: mi kama ala kin. ona li akesi pi pali lon tomo.
line:d9652dff	So. Our date tonight...	ni la. tenpo olin mi tu pi pimeja ni...
line:b983f922	So. Tonight.	ni la. pimeja ni.
line:28c51dbf	So... A date. I think I'd like to go on one soon!	ni la... tenpo olin. mi wile jo e ona lon tenpo kama poka!
line:7c56b2d8	So... I was thinking about my relationships.	ni la... mi toki insa e kulupu olin mi.
line:5a5e7f21	So<size=90%>o<size=80%>o<size=70%>o<size=60%>o... <size=100%>I 'aint dirty. But I am <i>~dirty~</i> y'know?	ni<size=90%>i<size=80%>i<size=70%>i<size=60%>i la... <size=100%>jaki li lon ala selo mi. taso pilin mi li <i>~jaki~</i>. sina sona?
line:8a35fb7b	So<size=90%>o<size=80%>o<size=70%>o<size=60%>o... <size=100%>Was wonderin'	ni<size=90%>i<size=80%>i<size=70%>i<size=60%>i la... <size=100%>mi wile sona.
line:5230bdfd	Soap, then rinse!	ko telo li pini la, telo taso!
line:c374e532	Somehow that feels more honest than anything anyone else says.	toki ni li sama lon mute tawa toki pi jan ante ale.
line:2898f680	Something happened last night	ijo li kama lon pimeja pini
line:4dac3d2b	Something went wrong with flags!	sona nasin musi li pakala!
line:61c7f2d6	Something went wrong with flags!	sona nasin musi li pakala!
line:6d5ba814	Something went wrong with flags!	sona nasin musi li pakala!
line:8f64adc0	Something went wrong with flags!	sona nasin musi li pakala!
line:19cedc30	Sooo. You gonna jerk me off?	ni la... sina unpa ala unpa e mi kepeken luka?
line:1646ece2	Sorry for coming in late. My sleeps borked.	mi pakala tan kama mi pi tenpo monsi. tenpo lape mi li pakala.
line:b2b32876	Sorry I'm bad at flirting. Could you get the gate?	mi pakala. mi ken ala toki olin pona. sina ken open e lupa suli anu seme?
line:13ba93ef	sorry!	mi pakala!
line:e2f9c70c	Sorry, I meant to say I enjoy your wash.	mi pakala. mi wile toki e ni: tomo telo sina li pona tawa mi.
line:78ca8d95	Sorry...	mi pakala...
line:4af15fc3	Sounds good to me!	ni li pona tawa mi!
line:8c6e66f3	Sounds good!	ni li pona kute!
line:1ef36cb0	Sounds like a date then!	ni la, ni li tenpo olin!
line:d71ba53e	Sounds like a date then!	ni la, ni li tenpo olin!
line:5fc277a9	Sounds like a date then! Seafood then we play it by ear.	ni la, ni li tenpo olin! moku telo li pini la, mi tu li alasa e pali kama.
line:0e643191	Sounds like a date then, I'm excited.	ni la ni li tenpo olin. mi pilin wawa pona.
line:c4642c9c	Sounds like a date then. I'm excited.	ni la ni li tenpo olin. mi pilin wawa pona.
line:ffc401d1	Sounds like a plan.	ni li nasin pona.
line:c4dd137b	Sounds like it was good then.	ni la, ona li pona kute.
line:7b6c47bd	Sounds like it.	mi kute e ni.
line:5c51654f	Sounds nice.	ni li pona kute.
line:3a23b81f	Sounds really cool.	ni li wawa pona mute kute.
line:1dbf50b3	Sure	ken
line:c14ceb34	Sure is!	lon a!
line:de7cd73a	Sure it is. Thanks to Conrad for having me get it.	lon a. jan Konwa li wile e ni: mi kama jo e ona. pona tawa ona.
line:05c673e7	Sure!	ken!
line:52542beb	Sure!	ken!
line:67f14802	Sure!	ken!
line:a2dc4ac0	Sure! I'll go get the gate.	ken! mi tawa open e lupa suli.
line:dbb68858	Sure! I'll go get the gate.	ken! mi tawa open e lupa suli.
line:601e1b38	Sure! I'm excited to tell you about Conrad.	ken! mi wile a toki tawa sina e jan Konwa.
line:7b5c9d8c	Sure, but he needed someone who cared in that moment.	lon, taso tenpo ni la ona li wile e jan pi awen pona.
line:709a9a57	Sure.	ken.
line:4af4703c	Tasted real good though!	taso ona li pona a tawa uta!
line:048fe71b	TELL ME ABOUT YOU AND CONRAD!	o toki tawa mi e sina e jan KONWA a!
line:2b84f2eb	Test line 1	toki pi alasa pakala 1
line:7a22b4d3	Test line 10	toki pi alasa pakala 10
line:ec12b3a4	Test line 11	toki pi alasa pakala 11
line:4f87d73a	Test line 12	toki pi alasa pakala 12
line:d9b7d04d	Test line 13	toki pi alasa pakala 13
line:63e6d9d4	Test line 14	toki pi alasa pakala 14
line:f5d6dea3	Test line 15	toki pi alasa pakala 15
line:64cb6133	Test line 16	toki pi alasa pakala 16
line:f2fb6644	Test line 17	toki pi alasa pakala 17
line:1772a124	Test line 18	toki pi alasa pakala 18
line:88119675	Test line 2	toki pi alasa pakala 2
line:1e219102	Test line 3	toki pi alasa pakala 3
line:a470989b	Test line 4	toki pi alasa pakala 4
line:32409fec	Test line 5	toki pi alasa pakala 5
line:a35d207c	Test line 6	toki pi alasa pakala 6
line:356d270b	Test line 7	toki pi alasa pakala 7
line:5643ba3d	Test line 8	toki pi alasa pakala 8
line:c073bd4a	Test line 9	toki pi alasa pakala 9
line:394db643	Thank the stars you're open.	mun sewi li pona. sina open.
line:f1946aab	Thank you for cleaning me!!	sina weka e jaki mi la, sina pona a!!
line:75b5b084	Thank you for getting me and Ryan in contact.	sina pana e nasin toki tawa mi tawa jan Wajan la, sina pona.
line:189d999e	Thank you for listening.	sina kute la sina pona.
line:3398aea2	Thank you for that.	sina pona tan ni.
line:875f0961	Thank you for the clean!	sina pona tan weka jaki!
line:acb8a5aa	Thank you for the quick clean!	sina pona tan weka jaki pi tenpo lili!
line:8512365e	Thank you!	sina pona mute!
line:bbca8a46	Thank you!	sina pona mute!
line:e449156d	Thank you!	sina pona!
line:bb4e1dc1	Thank you, Ryan. I'm happy I got to meet you too	jan Wajan o, sina pona. mi kin li pilin pona tan kama sona sina.
line:3b568c14	Thank you.	sina pona.
line:6b245989	Thank you.	sina pona.
line:836d1b13	Thank you.	sina pona.
line:d60f2dc0	Thank you.	sina pona.
line:035a0830	Thank you. I'd really appreciate it	sina pona. ni li pona mute tawa mi.
line:f3e7a8fe	Thank you. Look good feel good!	sina pona. sina lukin pona la, sina pilin pona!
line:d2d97c90	Thank you. You make this a whole lot easier to go through.	sina pona. sina lon la ike ale ni li lili.
line:3027bcf7	Thanks for asking. It's enjoyable to be asked personal questions.	sina wile sona la sina pona. wile sona pi ijo mi li pona.
line:aaf3066d	Thanks for cleaning me!	sina weka e jaki mi la, sina pona!
line:8150e2a2	Thanks for helping me out.	sina pona e mi la, sina pona.
line:a2217280	Thanks for helping me out.	sina pona e mi la, sina pona.
line:7db0baf0	Thanks for introducing me to him.	sina pana e ona tawa mi la, sina pona.
line:c6cee89f	Thanks for letting me in so late.	tenpo monsi la, sina open tawa mi. sina pona.
line:079b3782	Thanks for sharing food with me, You're a great friend.	sina moku lon poka mi la, sina pona. sina jan pona pona a.
line:85f901b0	Thanks for sharing food with me...	sina moku lon poka mi la, sina pona...
line:a39fd5a9	Thanks for that. Felt pretty damn good.	sina pona tan ni. ni li pona mute tawa sijelo.
line:505e150f	Thanks for the clean.	sina pona tan weka jaki.
line:a40e531c	Thanks for the food! I'll go get the gate.	sina pona tan moku! mi tawa open e lupa suli.
line:f1692a96	Thanks for the suggestion!	sina pona tan nasin ni!
line:81ebbec0	Thanks for the wash so late in the night.	pimeja li suli la, sina telo e mi. sina pona.
line:a9df4c5e	Thanks I'll be waiting!	sina pona. mi awen!
line:f73a3fc7	Thanks mate, see you tomorrow then.	sina pona, jan pona o. mi tu li kama poka lon tenpo suno kama.
line:30f1f583	Thanks!	sina pona!
line:3484ab9d	Thanks!	sina pona!
line:44701902	Thanks!	sina pona!
line:4d868f2f	Thanks!	sina pona!
line:70190774	Thanks!	sina pona!
line:8b8f57c4	Thanks!	sina pona!
line:ab5b2574	Thanks!	sina pona!
line:b588bf4c	Thanks!	sina pona!
line:bc5d790a	Thanks!	sina pona!
line:c07a9171	Thanks!	sina pona!
line:e7e57d9c	Thanks!	sina pona!
line:fa293cde	Thanks! Whats with all the... Gloop?	sina pona! ko ale ni li... seme?
line:e1609903	Thanks, but I'll be better. I promise.	sina pona. taso mi kama pona. mi pana e nimi mi.
line:02cbdc87	Thanks, I'm excited too.	sina pona. mi kin li pilin wawa pona.
line:37c9d915	Thanks, You're pleasant too!	sina pona. sina kin li pona tawa mi!
line:cb847372	Thanks, You're pleasant too!	sina pona. sina kin li pona tawa mi!
line:188d4359	Thanks.	sina pona.
line:316bb26e	Thanks.	sina pona.
line:34ec4db7	Thanks.	sina pona.
line:5183a6f2	Thanks.	sina pona.
line:c642cb17	Thanks.	sina pona.
line:cf716777	Thanks.	sina pona.
line:e00c6df5	Thanks.	sina pona.
line:e521db76	Thanks.	sina pona.
line:f62e1c4f	Thanks.	sina pona.
line:fbba1293	Thanks.	sina pona.
line:8bfa88d7	Thanks. I like being around you too.	sina pona. mi kin li wile lon poka sina.
line:df0a8598	Thanks. I'm always happy to be here.	sina pona. mi lon ni la mi pilin pona lon tenpo ale.
line:084e3cbc	Thanks. See you soon.	sina pona. mi tu li kama poka lon tenpo kama lili.
line:71d57aeb	Thanks. That's kind of you to say.	sina pona. toki ni li suwi.
line:a1f9de62	Thanks. That's kind of you to say.	sina pona. toki ni li suwi.
line:9a9a6120	Thankth!	po'na!
line:e721d512	That brings me to my next question...	ni la, mi jo e wile sona kama...
line:215a2d34	That felt <i>good</i>.	ni li <i>pona</i>.
line:89150715	That is rather kind of you to say.	toki sina ni li pona mute.
line:a57409fb	That is the source of my worry...	ni li mama e pilin ike mi...
line:ad261b84	That just makes it harder!	ni li suli sin e pali awen!
line:7111d265	That makes me feel a lot more sure of myself then.	ni li wawa mute e sona mi pi pona mi.
line:3fac5bff	That makes me feel good to hear.	kute ni li pana e pilin pona tawa mi.
line:1c49f05b	That makes me happy to hear.	mi kute e ni la mi pilin pona.
line:a8b70da7	That must mean it is! I'm glad.	ni la, ona li pona a! mi pilin pona.
line:5738ea38	That nice to hear... But, I mean being taken care of more... Primally?	ni li pona tawa kute... taso mi toki e awen pona pi... insa pi lawa sona ala?
line:8f598864	That one was almost too big-	ni li suli ike poka a-
line:5960dcbb	That should be all though, could you go get the gate?	taso mi pilin e ni: ale li pini. sina ken tawa open e lupa suli anu seme?
line:116f0e16	That should be every spot.	mi pilin e ni: ma ale li pini.
line:90444b09	That sounds like an over-reaction on her part.	mi kute la pilin ike ona li suli ike.
line:f07c9e39	That sounds like an over-reaction on her part.	mi kute la pilin ike ona li suli ike.
line:c78cf81f	That sounds lovely!	ni li pona mute kute!
line:eaa3c173	That they are...	ni li lon...
line:f4b9a455	That was much nicer than a hose.	ni li pona mute tawa linja telo.
line:78cef130	That was never a concern. I'm a rather risk averse dragon.	mi monsuta ala e ni. mi akesi pi wile weka tan ken ike.
line:22d271f4	That was really fun.	ni li musi mute.
line:019b83df	That was wonderful! I feel so much better about dating.	ni li pona mute! tenpo ni la, mi pilin pona sin tan alasa olin.
line:d7bf167b	That was... Nicer than I expected.	ni li... pona suli tawa pilin mi pi tenpo pini.
line:577cec43	That's a mount, no?	ni li ilo unpa, anu seme?
line:825536f5	That's a tricky question to answer.	toki ni li wile e pali sona suli.
line:66fb84fe	That's all I want to ask.	mi wile sona e ni taso.
line:ac1ed298	That's all you can ask for, right?	sina ken wile e ni taso tan jan, anu seme?
line:6605187b	That's an appeal to authority fallacy. But, yes. I'm correct.	ni li nasin ike pi kepeken nimi sona. taso lon, mi lon.
line:52f81dde	That's cute!	ni li suwi!
line:45befc02	That's exciting!	ni li pana e pilin wawa pona!
line:13cd5511	That's fast... But I think so!	ni li kama lon tenpo lili... taso mi wile!
line:4ff91cbd	That's fine!	ni li pona!
line:163c524a	That's good to hear.	ni li pona tawa kute.
line:33e2bee6	That's good to hear.	ni li pona tawa kute.
line:30e461f2	That's good. You deserve a decent man.	ni li pona. sina o jo e mije pona.
line:aeae4744	That's good... Now what?	pona... tenpo ni la seme?
line:f3eeb627	That's great! whens your first date?	ni li pona a! tenpo olin nanpa wan sina li lon tenpo seme?
line:215f4eba	That's me.	mi ni.
line:cf8c5f37	That's not a thing... But thank you!	jan li ken ala ni... taso sina pona!
line:3f29878b	That's rather nice of you to say.	toki ni li pona mute.
line:d38c63ea	That's really cute.	ni li suwi a.
line:6474d7f7	That's really nice!	ni li pona mute!
line:c5001a4c	That's the best way to eat'em!	nasin ni li pona nanpa wan tawa moku ona!
line:2a5cc3a5	That's very sweet.	ni li suwi.
line:7052576b	That's what I like to hear.	mi wile kute e ni.
line:2a154290	That's what I thought too.	mi kin li pilin e ni.
line:33d12f97	That's what I thought too.	mi kin li pilin e ni.
line:2b7bb6ce	That's what's terrifying.	ni li monsuta.
line:36fb380f	That's wonderful, he's cute!	ni li pona a. ona li suwi!
line:266836f8	That's... the first time you've yipped for me.	ni... li wi nanpa wan sina tawa mi.
line:9b0b24ad	That.	ni.
line:6ff80785	That... makes me feel a lot more sure of myself then.	ni li... wawa mute e sona mi pi pona mi.
line:cc6d631b	That... makes me feel a lot more sure of myself then.	ni li... wawa mute e sona mi pi pona mi.
line:ecf6206f	Thats awesome. I'm glad you two are working out.	ni li pona a. olin sina tu li pona la, mi pilin pona.
line:0f8bb606	Thats good to hear.	ni li pona tawa kute.
line:f5324d68	Thats really good to hear.	ni li pona mute tawa kute.
line:063dcd4b	The ability to open up to someone, even occasionally...	mi ken toki e pilin len tawa jan, lon tenpo lili kin la...
line:8919009a	The ambiance is nice.	pilin pi ma ni li pona.
line:08c850bf	The apothecary will tarnish my name for months.	jan pi pana misikeke li pakala e nimi mi lon tenpo mun mute.
line:01b4161e	The breakup I went through earlier was rough.	olin mi pi tenpo pini poka li pini. ni li ike.
line:c932c99d	The breakup I went through earlier was rough.	olin mi pi tenpo pini poka li pini. ni li ike.
line:dd06ed39	The Burnswick Community College of Thaumaturgy, of course!	tomo sona suli pi kulupu ma pi wawa nasa lon ma Panwi a!
line:515099ec	The button on the wall, I mean.	mi toki e nena lon sinpin.
line:7fe73572	The clean was fine.	telo sina li pona.
line:e8a38ed0	The college cannot find out about this okay?	tomo sona suli o sona ala e ni, lon?
line:1a169dbc	The lights in the area are great too.	suno pi ma ni li pona kin.
line:610dd8cb	The markers were fun.	mi mute li musi pona kepeken ilo sitelen.
line:4b36ea4e	The most prestigious college hosting prestigious professors like me:	tomo sona suli pi nimi pona nanpa wan! jan pi pana sona pi nimi pona sama mi li lon ona:
line:ec00a1fe	The mount? I... suppose!	ilo unpa? mi... ken!
line:94e04dcf	The mount? Sure!	ilo unpa? ken!
line:d8273d7f	The night 'aint gonna start itself!	tenpo pimeja li open ala sama!
line:1f2907ed	The rain has been unrelenting today!	tenpo suno ni la, telo sewi li awen a!
line:1804bf0a	The rain is nice.	telo sewi li pona.
line:7e9a1f83	The stem is just extra food.	palisa kasi li moku sin taso.
line:c88244b5	The vibe at night is fuckin' great.	tenpo pimeja la, pilin ma li pona wawa a.
line:d8a2002e	Then I better let you out!	ni la, mi o open e lupa suli tawa sina!
line:d7b3cd09	Then- Have a productive day.	ni la o pali pona lon tenpo suno ni.
line:448afe95	There was a fault in his method.	nasin ona li jo e pakala.
line:48d4a45a	There's this one red dragon, Conrad. He's... Hot headed, but cute.	akesi loje wan li lon. jan Konwa. ona li... pilin utala, taso ona li suwi.
line:f4af8b88	Theres this club downtown. 'Wings'. It's an old favorite of mine.	tomo musi wan li lon insa ma tomo. 'Wings'. tenpo pini mute la, ona li pona mute tawa mi.
line:972f132f	These washes really make things easier.	telo ni li pona e ijo ale.
line:352d1d6f	They cum	ona tu li pana e telo unpa
line:d78962e8	They cum	ona tu li pana e telo unpa
line:3200a588	They keep going	ona tu li awen unpa
line:a31d1a18	They keep going	ona tu li awen unpa
line:035e5be6	They seem cute!	ona li suwi lukin!
line:454172b0	They took it too far.	ona li pali e ike mute ike.
line:d7b49fb8	They were! The stem is my favorite part though.	ona li pona a! taso palisa kasi li pona nanpa wan tawa mi.
line:d156a87f	Think that's every spot.	mi pilin e ni: mi telo e ma ale.
line:fa1a1e76	Think that's it.	mi pilin e ni: mi pini.
line:3112adad	This drake at the bar... I was stupid. Couldn't shut my mouth.	akesi lon tomo pi telo nasa... mi nasa ike. mi ken ala pini e uta mi.
line:bfd70320	This feels scandalous	mi pilin e ni: jan li ken toki ike tan ni
line:cb437bd0	This is a common practice?	jan li pali e ni lon tenpo mute anu seme?
line:831cbfda	This is a job only you can do.	sina taso li ken pali e ni.
line:4944dbda	This is delicious!	ni li pona mute tawa uta!
line:088893da	This is my first time with a Kobold.	ni li tenpo unpa nanpa wan mi lon poka pi jan akesi lili.
line:e218722c	This is my first time, actually!	lon la, ni li tenpo nanpa wan mi!
line:9eb894ad	This is really nice..	ni li pona mute..
line:c7e4e36f	This is the kind of shit I try to avoid!	mi alasa weka tan jaki sama ni!
line:22929636	This place could use a makeover, I know would it could use!	ma ni li wile e lukin sin. mi sona e ijo pona tawa ona!
line:b06e13bc	This soap isn't fitting for a professor don't you think?	sina pilin e ni anu seme: ko telo ni li pona ala tawa jan pi pana sona suli?
line:97841169	This was a nice escape.	ma ni li ma pi weka ike pona.
line:5f02ceea	This was a wonderful escape...	ma ni li ma pi weka ike pona mute...
line:d45f4788	This was nice...	ni li pona...
line:418498cf	Those grapes looked good.	kili lili ni li pona lukin.
line:e9d73205	Though every other wash I've been to at least has a mount	taso tomo telo ante ale pi tawa mi li jo e ilo unpa.
line:29e70457	Though I can't say I am not curious	taso mi ken ala toki e ni: mi wile sona ala
line:9c3e6004	Though you probably shouldn't eat them.	taso sina o moku ala e ona.
line:f1ca33da	title: Alexander_Done	title: Alexander_Done
line:3ed2f649	title: Conrad_OutroDone	title: Conrad_OutroDone
line:74c28add	title: ConradBeatup_OutroDone	title: ConradBeatup_OutroDone
line:722243c8	title: RyanDate_OutroDone	title: RyanDate_OutroDone
line:b4eee981	title: RyanExploded_OutroDone	title: RyanExploded_OutroDone
line:6298f08b	Told me about the time he got beat up.	ona li toki e tenpo ni tawa mi: jan li utala e ona.
line:ee954bd9	Told me to go to a wash, and was acting extremely offended.	ona li toki e ni: o tawa tomo telo. ona li sama ni: mi ike suli e ona.
line:c66e1278	Tonight- on campus. The library is the large blue spire building.	pimeja ni- lon ma pi tomo sona suli. tomo lipu li tomo suli pi lawa palisa laso.
line:434527c6	Truly terrible, no?	ike suli, anu seme?
line:5a5d646c	Truly?	lon a anu seme?
line:e3aa4e29	Truth be told, I got dirty to come here.	lon la mi jaki e mi tan wile pi kama ni.
line:0979dea3	Uh, I'm still really soapy!	mmm, mi awen jo e ko telo mute!
line:05bbe58c	Uh-huh, I'll go get the gate	lon. mi tawa open e lupa suli.
line:7de638fb	Uh... Hello?	mmm... toki?
line:7de9b3a4	Uh... uhm...	mmm... mmm...
line:159c5c1f	Uh... Yeah.	a... lon.
line:2089db44	Uhhhm we're not exactly.	mi... open lon ala.
line:3ed62e6b	Uhm, no, I'll just be REALLY upset.	a, ala. mi pilin ike suli taso.
line:f0a579a5	Uhm...	mmm...
line:cc295885	uhm... <size=60%>no?	mi... <size=60%>ala?
line:29237bc3	Use the crowbar to open and place it in storage, would you?	o kepeken palisa wawa o open e poki. o pana e ilo tawa tomo awen.
line:1ec0dc6a	Use the sprayer on the wall to wash me off.	o kepeken ilo telo lon sinpin tawa weka e jaki mi.
line:a716d3b8	Uunf. T-that was... Rather undignified.	a. n-ni li... pali pi suli sewi ala.
line:a37177dd	V-very well. I'll try.	po-pona. mi alasa.
line:209ddf97	Very cool	wawa pona mute
line:2f10f572	Very well. Don't let me interrupt the wash then!	pona. ni la, mi o pini ala e telo sina!
line:7678511c	Wah- huh- <size=80%>oah. <size=60%>we don't-	seme... a... <size=80%>a. <size=60%>mi mute li pali ala...
line:82e2c158	Wait a sec, I need to open the gate.	o awen lili. mi open e lupa suli.
line:9c7a2fb7	Wait a sec, I need to open the gate.	o awen lili. mi open e lupa suli.
line:8ab5686b	Was great! Ryan is a sweetheart.	pona mute! jan Wajan li jan suwi.
line:d8c9f912	Was just doing my job!	mi pali e pali mi taso!
line:148a63c8	Was just trying to play along. Happy to see you!	mi wile musi lon poka sina taso. mi lukin e sina la mi pilin pona!
line:56261ccb	Was still good though! I like how it feels sliding down.	taso ni li pona! ona li tawa anpa lon insa la, mi pilin pona.
line:4d002f47	Was... <i>Really</i> upset I was muddy.	ona li pilin ike <i>suli</i> tan ko ma lon mi.
line:014b5da5	Watch where those paws are going would you?	o lukin e ma tawa pi luka ni, ken?
line:3028feb5	We also had sex after our date.	tenpo olin mi tu li pini la, mi tu li unpa kin.
line:d132db41	We can just lay here...	mi tu li ken supa taso lon ni...
line:4da8b942	We can make an opening.	mi ken pana e ma tawa sina.
line:8c563ab8	We can make an opening.	mi ken pana e ma tawa sina.
line:33a79dbe	We do! Are you... from the college...?	ken! sina tan... tomo sona suli...?
line:b83ec453	We got your request for the mount!	mi mute li kama jo e wile esun sina pi ilo unpa!
line:8b7b8d6b	We went out to eat. Had some good conversation.	mi tu li tawa moku li toki pona.
line:74706bb3	We will need to clean the floors...	mi tu li wile weka e jaki pi anpa tomo...
line:df8fb8c9	We'll be going out to this seafood place-	mi tu li tawa tomo moku pi moku telo-
line:110a2ced	Welcome back!	o kama pona sin!
line:b042f12a	Welcome back!	o kama pona sin!
line:c46f5033	Well great, I appreciate your discretion, I'll be headed off to the apothecary.	a, pona. sina awen e sona la mi pilin pona. mi tawa jan pi pana misikeke.
line:08f40e32	Well I had a good time, see you later then!	mi pilin pona. o awen pona!
line:c1e8b05d	Well I had a good time, see you later then!	mi pilin pona. o awen pona!
line:fcff7b00	Well, go to the window and speak with your customer.	o tawa lupa toki. o toki tawa jan esun sina.
line:fc1e497a	Well, good luck getting your hands around all of me.	pona tawa sina. o alasa sike e palisa mi kepeken luka sina.
line:60f14972	Well, I do enjoy the color. But I believe that is unrelated to my hue.	kule ni li pona tawa mi. taso mi pilin e ni: kule mi li mama ala e pilin ni.
line:c9f270de	Well, I'm a dragon- but... You know what I mean.	a, mi akesi- taso... sina sona e kon toki mi.
line:f7f87f6c	Well, That's why I'm here!	taso tan ni la mi lon!
line:629d89d1	Well, yes. I mean more... Primally?	a, lon. taso toki mi li... tan insa pi lawa sona ala?
line:8aa0fc1a	Well, you are one hell of a catch.	a, jan li kama jo e olin sina la, ona li pona mute a.
line:5d34e715	Well, you better get one then!	ni la o kama jo e ona!
line:f16e75f3	Well...	taso...
line:a71a8385	Went to the bar... Things got spicy. You can imagine what happened next... <size=70%>Hah...	mi tu li tawa tomo pi telo nasa... pilin li kama seli. sina ken sona e kama poka... <size=70%>a a...
line:2e0ec324	Wha..?	seme...?
line:29ec93b2	Whaaat. Nothing wrong with it! figured you'd like to know.	semee. ni li ike ala! mi pilin e ni: sina wile sona.
line:18e5a573	Whaaat? It's good to make sure you're warmed up!	semeee? o pini kama wawa! ni li pona!
line:bd66082e	What about a movie?	sitelen tawa li seme tawa sina?
line:ee3c126b	What about your private washers?	jan telo pi tomo sina li seme?
line:871137eb	What about?	e seme?
line:bb3b6c71	What brings you in so late?	sina kama lon tenpo monsi ni tan seme?
line:2dd518f0	What do you mean?	toki sina li seme?
line:2fae1274	What do you mean?	toki sina li seme?
line:3c2c53dc	What do you mean?	toki sina li seme?
line:838cdf1b	What do you think of me?	sina pilin e seme tawa mi?
line:c2bdc402	What does the number 7 taste like?	nanpa luka tu li jo e pilin uta seme?
line:56fc085a	What happened!?	seme li kama?!
line:0bc56d4d	what happened?	seme li kama?
line:8c3b76ea	What is it?	seme?
line:44b711a0	What is..	ni li..
line:53301d3b	What kind of egg was that?	sike mama ni li tan seme?
line:073701b7	What kind of movie are you thinking?	sina toki insa e sitelen tawa seme?
line:03cf1c9a	What kind of question?	wile sona pi ijo seme?
line:003700c7	What kinds of classes do you teach?	sina pana e sona seme?
line:e2406cc4	What now?	tenpo ni la seme?
line:0c583118	What was in those opened crates?	poki suli open ni li jo e seme?
line:5a195ff2	What!? that's terrible! You don't even have a mount...?	seme?! ike a! ilo unpa li lon ala kin...?
line:8ebd442e	What's got you looking so happy?	sina lukin pilin pona tan seme?
line:fc7aaaa0	What's teaching like?	pana sona li seme tawa sina?
line:f99840cd	What's that?	ni li seme?
line:1a0b719d	What's up?	sina wile sona e seme?
line:29359884	What's up?	seme li lon?
line:8d5c7802	What's up?	seme li lon?
line:712f9d7c	what?	seme?
line:766c2abd	What? All the best places do it!	seme? tomo pona ale li pali e ni!
line:159a1d54	What? I'm a professor! Can't you tell from my crest?	seme? mi jan pi pana sona suli! sitelen kulupu mi li pana ala pana e sona ni tawa sina?
line:9aa86a9b	What? There is no harm caused by a genuine compliment!	seme? toki pona lon li ike ala e jan!
line:b2fe309b	Whats got you in a good mood?	sina pilin pona tan seme?
line:93a145d4	Whats up, big guy?	seme li lon, jan suli o?
line:4efe8211	Whats up?	seme li lon?
line:866cd495	Whats up?	seme li lon?
line:bfc04b3a	Whats up?	seme li lon?
line:e01885c3	Whats up?	seme li lon?
line:f7d786b6	Whats with all the... Gloop?	ko ale ni li... seme?
line:c4c81aa9	Whats your favorite part about him?	ijo seme ona li pona nanpa wan tawa sina?
line:ff6ef027	When do you actually end the relationship?	ni la tenpo seme la sina pini e poka olin?
line:2ffe284b	When I met him at first I was falling back on my old script.	mi kama sona e ona la, mi open pali sin kepeken nasin majuna mi.
line:eb019075	When you're done go ahead and hit the button.	sina pini la, o nena e nena.
line:5d4e9392	Where did he go...?	ona li tawa seme...?
line:7af04961	Where would you like to go?	sina wile tawa ma seme?
line:7e9389a7	Which college?	tomo sona suli seme?
line:2d315c6c	Who knew a dragon could get so dirty, huh?	jan seme li sona e ni: akesi li ken kama jaki mute ni, a?
line:a97338b0	Who knew places such as this existed so readily available to the public!	mi sona ala e ni: tomo sama ni li lon; jan ale li ken kama tawa ona kepeken pali lili!
line:8b7915f4	Who's that?	ona li jan seme?
line:ebd63f8c	Who's there?	jan seme li lon?
line:eea7573f	Whoa! Cold!	a! lete!
line:1acbd02a	Whoops	a.
line:5a6c0d31	Whoops	a.
line:afc6c00a	Whoops	a.
line:c30013ff	Whoops	a.
line:9df56a3a	why are you here so late?	tan seme la sina kama lon tenpo monsi ni?
line:bb8583c1	With Ryan, I'm pretty sure we're gonna go on a date tonight.	mi en jan Wajan... mi pilin wawa e ni: mi tu li jo e tenpo olin lon pimeja ni.
line:c236bdf9	Woah. Uhm.	a... mi...
line:390f05be	Woah... What is that in your mouth?	a... ijo seme li lon uta sina?
line:4b93b009	Woah... You want me to use that? Even with the food? Alright!	a... sina wile e ni: mi kepeken ona? lon poka moku kin? pona!
line:4cacfab8	Wonderful to hear you're seeing someone!	sina jo e jan olin la, ni li pona mute tawa kute!
line:f6fdf321	Wonderful to hear you're seeing someone!	sina jo e jan olin la, ni li pona mute tawa kute!
line:7e2421b6	Wonderful to hear.	ni li pona mute tawa kute.
line:36d49875	Wonderful!	pona a!
line:6046bedf	Wonderful!	pona a!
line:ab423ac7	Wonderful!	pona a!
line:5a9abbd4	Wonderful. Have a <i>productive</i> day.	pona mute. o pali <i>pona</i> lon tenpo suno ni.
line:ec771552	Woops.	pakala.
line:51bcff68	Would that interest you?	sina wile e ni anu seme?
line:8c8591ec	Would you care to join me at the college library this evening...?	tenpo pimeja ni la, sina wile kama poka mi lon tomo lipu pi tomo sona suli anu seme...?
line:985436e6	Wouldn't that be degrading?	ni li anpa e sina anu seme?
line:1e027369	Wow thanks, that feels good.	a, sina pona. ni li pilin pona.
line:737184f5	Wow!	a!
line:ead1bf44	Wow, it's an experience seeing you eat like that.	a, mi lukin e sina pi moku sama ni la, ni li nasa wawa.
line:5da1e074	Y'know?	sina sona anu seme?
line:79352475	Ya.	lon.
line:f6c14e05	Ya.	lon.
line:b6add8e0	Yea! I do!	lon! mi pona!
line:b44edd29	Yeaaah I'm not sticking with that one.	looon, mi awen ala kepeken nimi ni.
line:7a471225	Yeaaah.	looon.
line:5483c5fd	Yeah	lon
line:3a5d5ca4	Yeah he seems like he'd push some buttons.	lon, ona li ken a pana e pilin wawa.
line:63024a1f	Yeah he's improved a lot.	lon, ona li kama pona mute.
line:5847a779	Yeah I have.	lon, mi toki tawa ona.
line:f3b5952a	Yeah I'm happy too.	lon, mi kin li pilin pona.
line:fb47f998	Yeah it go BRRT haha.	lon, ona li kalama PRRT a a.
line:eef9b2bb	Yeah It's fine. Sorry.	lon. mi pakala.
line:fbc80e96	Yeah let me get that for you.	ken. mi open tawa sina.
line:f212b2de	Yeah so I'm all muddy and stuff, love romping around in the public park.	lon, mi jo e ko ma e jaki. mi olin e tawa musi lon ma kasi pi jan ale.
line:108de471	Yeah that sounds pretty good.	lon, ni li pona kute.
line:fdd800c2	Yeah! clean as always.	lon! jaki li weka sama tenpo ale.
line:dee4a32d	Yeah! Conrad, he's adorable. Though he'd hate I said that.	lon! jan Konwa. ona li suwi a. taso ona li wile ala kute e ni tan mi.
line:ab1bc039	Yeah! I feel clean.	lon! mi pilin pi jaki ala.
line:6733a3df	Yeah! I'm going on a date with him soon.	lon! mi tawa tenpo olin lon poka ona lon tenpo kama poka.
line:66727cce	Yeah! It has food that should be good for both of us.	lon! poki li jo e moku pi ken pona tawa mi tu.
line:b482634c	Yeah! its useful.	lon! ni li pona pali.
line:da9cfdcf	Yeah! Just went on a date with Conrad.	lon! tenpo pini poka la, mi jo e tenpo olin lon poka pi jan Konwa.
line:3f153aaf	Yeah! Just went on a date with Ryan.	lon! tenpo pini poka la, mi jo e tenpo olin lon poka pi jan Wajan.
line:77ca2316	Yeah! Thanks for the food. I'll go get the gate.	lon! sina pona tan moku. mi tawa open e lupa suli.
line:c87d632b	Yeah! That would be amazing.	lon! ni li pona mute a.
line:71c0ee9a	Yeah, ever since the breakup I've been looking for something new.	lon. olin ni li pini la, mi alasa e ijo sin.
line:bee397db	Yeah, he's so kind to me.	lon, ona li suwi mute tawa mi.
line:4815ddba	Yeah, I've got one.	lon. mi jo e wan.
line:24efaa49	Yeah, me too. He's real nice.	lon, mi kin. ona li pona a.
line:6fa847ba	Yeah, nah. Mate you gotta get in on this. I'll pay good!	lon, ala. jan pona o, sina o kama pali e ni. mi pana e mani pona!
line:266f699d	Yeah, taste good!	lon, ona li pona tawa uta!
line:67cc394b	Yeah, that was scary at first.	lon, open la mi monsuta.
line:a9980f5e	Yeah, this has been super nice.	lon, ni li pona mute a.
line:54c44240	Yeah, you're right.	lon. sina lon.
line:bb1827c7	Yeah- Though only if you want!	lon- taso sina wile la taso!
line:7311dc01	Yeah.	lon.
line:95e2f7cc	Yeah.	lon.
line:9fd5b834	Yeah. <size=90%>Oh- <size=80%>you know. I'm like... <size=70%>Haha. Yeah. Mhm!	lon. <size=90%>a- <size=80%>sina sona. mi... <size=70%>a a. lon. lon a!
line:a28a70c6	Yeah. At least I got to meet you because of it.	lon. taso tan ni la mi kama sona e sina.
line:e5937e30	Yeah. I like fish!	lon. kala li pona tawa mi!
line:0372e0d1	Yeah. It wasn't too expensive.	lon. mani suli li wile ala.
line:6804839d	Yeah. It's hard to unwind groups after something like that.	lon. olin li pini la, ante e kulupu jan li pali suli.
line:6e0e4e11	Yeah. You two will be cute.	lon. sina tu li suwi.
line:616121a9	Yeah...	lon...
line:f244d080	Yeah... He's really great.	lon... ona li pona mute.
line:5bab2df8	Yeah... I've never gone on a date with a kobold before.	lon... tenpo pini la, mi jo ala e tenpo olin lon poka pi jan akesi lili.
line:8eeb7e28	Yeah... It really isn't.	lon... pali li suli.
line:039a0c83	Yeah?	seme?
line:2fb3fe55	Yeah?	seme?
line:92bd78f3	Yeah?	seme?
line:3690a3eb	Yeah? I don't even see a mount.	lon? mi lukin ala e ilo unpa.
line:ea2adb20	Yeah? tell me about it!	lon? o toki e ona tawa mi!
line:78eccd9b	Yellow lime.	kili Lajun jelo.
line:5fd7bc69	Yep!	lon!
line:b6c878fa	Yep!	lon!
line:fcff76d4	Yep! I'll get the gate.	lon! mi open e lupa suli.
line:3cdcbd4a	Yes	lon
line:991dc643	Yes	lon
line:e535cacb	Yes	lon
line:fb4265f7	Yes	lon
line:4ab6c5a9	yes	lon
line:db98be35	Yes right this way.	lon, o tawa ni.
line:52010e35	YES!	lon a!
line:c4310942	Yes!	lon!
line:d5f94e23	Yes!	lon!
line:5592e639	Yes, welcome to Drag'N Wash!	lon! o kama pona tawa tomo telo Drag'N Wash!
line:f676b9a8	Yes, welcome to Drag'n wash!	lon! o kama pona tawa tomo telo Drag'N Wash!
line:a610ce0b	YES.	lon a.
line:85fd5266	Yes.	lon.
line:152cb8ad	Yes. I'm in need of a clean. The situation is rather dire!	lon. mi wile e telo. ike li wile e pona lon tenpo lili!
line:c4595dd5	Yes. It's invigorating to be so candid.	lon. toki len ala li pana e wawa sin.
line:d7e50f2d	Yes..	lon..
line:5811655d	Yes... But I believe we need to clean the floors.	lon... taso mi pilin e ni: mi tu li wile weka e jaki pi anpa tomo.
line:9444cdba	Yip	wi
line:14d2c62f	Yip!	wi!
line:296ff3f4	Yip!	wi!
line:3d516ddb	Yip!	wi!
line:3e870ad0	Yip!	wi!
line:5544e245	Yip!	wi!
line:5efde4e2	Yip!	wi!
line:c3e1f198	Yip!	wi!
line:e662501c	Yip!	wi!
line:5e181cf4	Yip! <size=70%>(Gate)	wi! <size=70%>(lupa suli)
line:b12a3f31	Yip! <size=70%>(idk)	wi! <size=70%>(mi sona ala)
line:a8ee5236	Yip! <size=70%>(It's because the dormant part of your draconic mind is remembering the deep set language bridge between your kind and mine. Which carries the deep meaning and intention of kobold 'Yips' within it. This sudden understanding of yours is simply from our connection growing over time and activating that part of your mind.)	wi! <size=70%>(tan ni: kipisi lape pi lawa akesi sina li kama sona sin e nasin toki pi kulupu sina pi kulupu mi. nasin ni li lon insa lawa li jo e kon sona e kon wile pi kalama 'wi' pi jan akesi lili. tenpo li tawa la, wan mi tu li wawa sin li open e kipisi lawa ni. tan ni taso la sina kama sona.)
line:5935a413	Yip! <size=70%>(Yes)	wi! <size=70%>(lon)
line:f1c14f75	Yip-Man - The Final Yip	jan Wi - wi pi pini ale
line:4b9046ec	Yip-Man movies are real corny...	sitelen tawa pi jan Wi li musi pi nasa ike...
line:3d6b2203	You again?	sina sin?
line:81416c72	You already are, whats up?	sina wile sona lon tenpo ni. ijo li seme?
line:6fbc3c1b	You also do <i>special endings</i> here, yeah?	sina pana ala pana e <i>pini musi nasa</i> lon ni?
line:e553c773	You also introduced me to Conrad.	sina pana e jan Konwa tawa mi kin.
line:feb8727e	You always make me feel welcomed.	sina pana e pilin pona pi kama mi lon tenpo ale.
line:563d71ba	You are too!	sina kin!
line:4efafbb0	You are very skilled with your hands	sina sona pona mute e kepeken luka
line:0dd63830	You brought food in?	sina pana e moku tawa insa?
line:38043f6c	You can act however you like around me.	lon poka mi la sina ken pali kepeken wile sina.
line:3fbd01fb	You can come in whenever!	sina ken kama lon tenpo ale!
line:0eb37f1a	You can stay here if you want.	sina wile la, sina ken awen lon ni.
line:ecc04e16	You decide!	sina o lawa!
line:19698f13	You didn't even open the watermelon.	sina open ala kin e kili suli.
line:7e8c1ae2	You do know how to use your hands pretty well.	sina sona pona e kepeken luka.
line:7023b6b4	You don't deserve that.	ike ni li pona ala tawa sina.
line:c0cc0f2d	You got a medkit?	poki pi pona sijelo li lon ala lon sina?
line:c2b3c28a	you know about getting back into the dating scene...	sina sona: alasa sin e jan olin...
line:512df07c	You know what that means.	sina sona e kon ni.
line:e613cbe3	You know what that means...	sina sona e kon ni...
line:73e4789c	You know... This environment is rather pleasant. Very... proletarian.	ma ni li pona. ona li... sama ma pi jan pali mani.
line:404b17ef	You look good this clean!	jaki li weka la, sina lukin pona!
line:780c151c	You needn't worry. The washer's union is... More powerful than I.	o pilin ike ala. kulupu lawa pi jan telo li wawa mute. mi wawa lili.
line:3fab049a	You probably shouldn't.	sina o alasa ala.
line:0bc044da	You ready for this?	sina ken e ni anu seme?
line:f0a0565a	You ready to go back in to the club?	sina ken tawa sin tawa insa pi tomo musi anu seme?
line:c0e34d36	You really ate that entire thing... Woah.	sina moku e ona ALE... a.
line:82cf49aa	You seemed to enjoy yourself.	sina lukin sama ni: sina pilin pona.
line:ba66095e	You set a good example.	jan li ken kama pona kepeken lukin sina.
line:6c2a1901	You should be all clean!	mi pilin e ni: jaki sina ale li weka!
line:36779352	You should be.	sina o wile.
line:86154a64	You should feel it and check for me	sina o luka e ona li sona tawa mi
line:20503ab0	You sure? It's not like... fun stuff.	sina sona pona? ni li... musi ala.
line:0a0d6bc0	You too! I'll go get the gate.	mi kin! mi tawa open e lupa suli.
line:e3106999	You too. Thanks for the wash.	mi kin. sina pona tan telo.
line:fc97aa74	You too. Thanks for the wash.	mi kin. sina pona tan telo.
line:5e4d645c	You two are really cute together...	sina tu li suwi mute lon poka...
line:b76a2a43	You were really going at it.	sina pali kepeken wawa mute.
line:83aa1a23	You work at a college?	sina pali lon tomo sona suli?
line:85fa0d03	You'd need a dragon stomach first!	nanpa wan la, sina wile e insa moku akesi!
line:ebd2af6b	You'll have to give me all the Ryan details soon.	tenpo kama poka la, o toki tawa mi e ale pi jan Wajan.
line:6c71dd83	You'll have to tell me all about it.	o toki e ona ale tawa mi.
line:91ab30f5	You'll have to tell me how you two work out!	o toki tawa mi e kama pi olin sina tu!
line:ffeff59b	You'll have to tell me more inside.	mi lon insa la, o toki e sona sin tawa mi.
line:5eb243c2	You'll like it.	ona li pona tawa sina.
line:6acf7c77	You'll need to let them in afterwards of course.	ni li pini la o pana e ken pi kama insa tawa ona.
line:6b63d2d8	You'll take care of everything?	sina awen pona e ale anu seme?
line:f2527ed7	You're <i>spotless.	sina jo e jaki <i>ala a.
line:23ae97e6	You're a big deal	sina jan suli
line:323e546b	You're a good friend too, I'll go get the gate.	sina kin li jan pona pona. mi tawa open e lupa suli.
line:44e97be7	You're always welcome here, Ryan.	jan Wajan o, sina ken kama pona lon tenpo ale.
line:09e5bf43	You're cute by the way.	a, sina suwi lukin.
line:277d8257	You're fine. Thank you.	sina pona. sina pona tawa mi.
line:8c269acb	You're going to love it.	ni li pona mute tawa sina.
line:173782fa	You're good at it.	sina pali pona e ona.
line:1dca8fa0	You're just a very comfortable person to be around.	taso lon poka sina la mi pilin pona mute.
line:42124159	You're just a very comfortable person to be around.	taso lon poka sina la mi pilin pona mute.
line:d3b6d22a	You're kind. It's more than I deserve.	sina pona. pona ni li suli tawa pali mi.
line:ca72bf2d	You're okay. You're clearly going through a lot.	sina ken. mi sona: ijo ike mute li lon sina.
line:68887509	You're one of my favorite clients!	sina jan esun pi pona suli tawa mi!
line:c4cc497f	You're pretty hot.	sina pana e wile unpa.
line:b6603dc7	You're right. I shouldn't pry.	sina lon. mi o lukin ala e insa sina.
line:31ab814e	You're right... Theres no way you could.	sina toki lon... sina ken sona ala.
line:470cd652	You're the first person I've met who's only expectation is for me to be...	jan ante ala li sama sina. sina wile taso e ni: mi o awen...
line:f718a7eb	You're the professor here. Must be correct.	sina jan pana sona suli. ni la sina lon.
line:15f55959	You're very sweet.	sina suwi.
line:bc6cc4d2	You're very sweet.	sina suwi.
line:6289a322	You're very welcome.	pali ni li pona tawa mi.
line:39ddd682	You're...	sina...
line:6e94f373	You're... cool.	sina... pona.
line:61c96494	You're... Not that dirty.	jaki li suli ala... lon sina.
line:8bab3246	You're... very forward.	sina... toki len ala.
line:3bbab759	You've gotta keep me updated on you and Ryan, yeah?	o awen toki tawa mi e sina e jan Wajan, lon?
line:a5a8a9d5	Your crest is cool. What is it?	sitelen kulupu sina li pona. ona li seme?
line:3890b91c	Your date with Ryan.	tenpo olin sina lon poka pi jan Wajan.
line:82109412	Your secret's safe with me.	mi awen e sona len sina.
line:ed8e7994	Yours doesn't. It's nice.	lukin sina li sama ala ni. ni li pona.
line:016a65e8	Yuh, that's me.	lon, ni li mi.
line:38eb6d26	Yup!	lon!
line:7ac62718	Yup. I like it.	lon. ni li pona tawa mi.
