# line ID	exact English source	translation (English A-Z then ID)
line:39fd52f1	'Ey big dog.	ไง เจ้าหมาตัวโต
line:918d7820	'Ey big kobold.	ไง เจ้าโคโบลด์ตัวโต
line:155c00eb	'think', 'On the way here'? Then you weren't covered in ink before...	“คิดว่า” “ระหว่างทางมานี่”? งั้นก่อนหน้านี้ก็ไม่ได้เปื้อนหมึก...
line:15bcd86c	'Yes way', There is nothing I am more certain of.	“มีทางสิ” ไม่มีอะไรที่ผมมั่นใจมากกว่านี้แล้ว
line:4d49ae72	'Yes way', There is nothing I am more certain of.	“มีทางสิ” ไม่มีอะไรที่ผมมั่นใจมากกว่านี้แล้ว
line:25f35611	---	---
line:4b9b3a43	---	---
line:97ab84a8	---	---
line:db5b3129	---	---
line:e2f28daa	---	---
line:3d2df033	..	..
line:8c0e2d04	..	..
line:b36eb839	..	..
line:03d2f0bb	...	...
line:045f5836	...	...
line:1113335e	...	...
line:227eda5e	...	...
line:30a74521	...	...
line:4810891f	...	...
line:4da86a7a	...	...
line:610824ef	...	...
line:6757e4a0	...	...
line:695ef750	...	...
line:7426a997	...	...
line:759a495e	...	...
line:7e189c92	...	...
line:812700a5	...	...
line:848f5cd8	...	...
line:85f39b27	...	...
line:9504ba33	...	...
line:a6531779	...	...
line:b59e9091	...	...
line:b7f0551c	...	...
line:c272e55f	...	...
line:cdb8d8db	...	...
line:cfe4b91d	...	...
line:d6483230	...	...
line:d90d368f	...	...
line:d9516fdd	...	...
line:dd197e7c	...	...
line:decf872a	...	...
line:e9d40a5c	...	...
line:20f87f8d	... A class which I'm teaching rather soon.	...และอีกไม่นานก็ต้องไปสอน
line:4815d919	... Being a bit of a jerk honestly.	...พูดจริงๆ ก็เป็นไอ้เวรหน่อยๆ
line:11bfce3b	... I thought we were good friends, we have sex all the time!	...ฉันนึกว่าเราเป็นเพื่อนสนิทกัน เรามีเซ็กซ์กันตลอด!
line:1bebf328	... Thank you..	...ขอบคุณ...
line:a8eb78ed	... you're done? I'm still dirty..	...เสร็จแล้วเหรอ? ฉันยังสกปรก...
line:ef611d11	... you're done? I'm still soapy..	...เสร็จแล้วเหรอ? ฉันยังมีสบู่...
line:496134bc	...!	...!
line:7cc45755	...!	...!
line:6585925d	...<i><size=70%>I have one on him at least.	...<i><size=70%>อย่างน้อยฉันก็แอบชอบเขา
line:e2ea4ead	...A wash for our date tonight.	...อาบน้ำเตรียมไปเดตของเราคืนนี้
line:048d7f84	...About what I said earlier.	...เรื่องที่ผมพูดเมื่อกี้
line:55d1f6ef	...and nice.	...แล้วก็ใจดี
line:79a1a205	...But not in like a bad weird way.	...แต่ไม่ได้แบบร้ายๆ หรือแปลกๆ นะ
line:3592632e	...It's intimidating knowing how much they look up to me.	...แต่รู้ว่าพวกเขายกย่องผมแค่ไหนก็น่ากลัว
line:7e08544c	...It's odd being able to speak so freely with someone.	...แปลกดีที่ได้คุยกับใครอย่างอิสระขนาดนี้
line:f0cb8389	...No	...ไม่
line:92601622	...Okay, come in	...ได้ เข้ามาสิ
line:e381559c	...Thank you for this.	...ขอบคุณสำหรับเรื่องนี้
line:b7b5f7fb	...Thanks.	...ขอบคุณ
line:dbab7a39	<b><i><size=130%>Did you suggest Ryan to Conrad?	<b><i><size=130%>คุณแนะนำไรอันให้คอนราดหรือเปล่า?
line:36ff6bd9	<gradient="gold"><b> I know a dragon, Ryan. I could get you two in contact? </b></gradient><size=70%>(Unlocks Conrad/Ryan hookup OR Ryan romance)	<gradient="gold"><b> ผมรู้จักมังกรชื่อไรอัน ให้แนะนำพวกคุณไหม? </b></gradient><size=70%>(ปลดล็อกคู่คอนราด/ไรอัน หรือเส้นทางรักกับไรอัน)
line:7e9d40e6	<gradient="gold"><b> I wouldn't mind hanging out... </b></gradient><size=70%> (Unlocks Conrad romance)	<gradient="gold"><b> ผมก็อยากไปเที่ยวด้วยนะ... </b></gradient><size=70%> (ปลดล็อกเส้นทางรักกับคอนราด)
line:a0e49f02	<gradient="gold"><b> I wouldn't mind! </b></gradient><size=70%> (Will lead to Alexander romance!)	<gradient="gold"><b> ผมยินดี! </b></gradient><size=70%> (นำไปสู่เส้นทางรักกับอเล็กซานเดอร์!)
line:0371fb9c	<gradient="gold"><b> I'm going to be busy tonight. Sorry. </b></gradient><size=70%> (Will lead to no romance!)	<gradient="gold"><b> คืนนี้ผมไม่ว่าง ขอโทษนะ </b></gradient><size=70%> (นำไปสู่ตอนจบที่ไม่มีคู่รัก!)
line:f5a81524	<gradient="gold"><b>I don't have anyone off the top of my head.</b></gradient><size=70%> (Locks in Conrad romance!)	<gradient="gold"><b>ตอนนี้ยังนึกไม่ออกว่ามีใคร</b></gradient><size=70%> (ยืนยันเส้นทางรักกับคอนราด!)
line:bedc761d	<gradient="gold"><b>I know this one red dragon. I think you'd like him! </b></gradient><size=70%> (Hooks up Ryan with Conrad!)	<gradient="gold"><b>ผมรู้จักมังกรสีแดงตัวหนึ่ง คิดว่าคุณต้องชอบเขา! </b></gradient><size=70%> (จับคู่ไรอันกับคอนราด!)
line:e104b8e4	<gradient="gold"><b>Oh. Uhm. <size=70%> I wouldn't mind... If I was that someone. </b></gradient><size=70%> (Locks in Ryan romance!)	<gradient="gold"><b>อ๋อ เอ่อ <size=70%> ผมก็อยากนะ... ถ้าคนคนนั้นเป็นผม </b></gradient><size=70%> (ยืนยันเส้นทางรักกับไรอัน!)
line:36073321	<gradient="yellow - orange"><size=140%>HEY! </gradient><size=100%>This is the cleaning place, ya?	<gradient="yellow - orange"><size=140%>เฮ้! </gradient><size=100%>ที่นี่รับอาบน้ำใช่ไหม?
line:c777ce0c	<i> that feels nice...</i>	<i>สบายจัง...</i>
line:e56dd423	<i><size=70%>uh oh.. and the books	<i><size=70%>อุ๊ย... แล้วก็หนังสือ
line:d67b1098	<i>I like spraying you with water.	<i>ผมชอบฉีดน้ำใส่คุณ
line:ad5d633a	<i>Oh...	<i>อ๋อ...
line:22b5941e	<i>Oh.</i> I don't think I'm ready for that just yet.	<i>อ๋อ</i> ผมคิดว่ายังไม่พร้อมกับเรื่องนั้น
line:cacbff51	<i>Ooooh. </i>The mount? Hell yeah, man.	<i>โอ้ </i>แท่นเหรอ? แม่ง เอาสิเพื่อน
line:04b7ce44	<i>This</i> isn't your fault, Conrad.	<i>เรื่องนี้</i>ไม่ใช่ความผิดคุณ คอนราด
line:72b244b7	<size=100%> That felt damn good!	<size=100%> โคตรดีเลย!
line:78cc49e8	<size=100%>I mean- Cool.	<size=100%>หมายถึง... เจ๋ง
line:e48243c0	<size=140%> FUCK YEAH!	<size=140%> แม่ง ใช่เลย!
line:f474ffa9	<size=140%>HEY, <size=100%>lookin' for a wash.	<size=140%>เฮ้ <size=100%>ฉันอยากอาบน้ำ
line:9d458e88	<size=160%>HELL YEAH!	<size=160%>เย็ดเข้ เยี่ยมเลย!
line:f5462edf	<size=60%> that's hot.	<size=60%>เซ็กซี่จัง
line:7c745c31	<size=70%> A big dragon giving me control. Woah.	<size=70%>มังกรตัวใหญ่ให้ผมควบคุม โห
line:53d71f27	<size=70%> And for me.	<size=70%> แล้วก็เพื่อผม
line:4fe271cc	<size=70%> woah.	<size=70%>โห
line:e53b1bd3	<size=70%><i> holy shit, I just bagged a date with a dragon.	<size=70%><i>โคตรเจ๋ง เพิ่งได้นัดเดตกับมังกร
line:c4384e8e	<size=70%><i>but it was nice... Thank you.	<size=70%><i>แต่สบายดี... ขอบคุณ
line:ec0e5330	<size=70%><i>feel free to continue-</i>	<size=70%><i>ทำต่อได้เลยนะ...</i>
line:e77c1f79	<size=70%><i>oah-</i> no that's really cool actually.	<size=70%><i>อ๊ะ...</i> ไม่เลย จริงๆ ดีมากเลยนะ
line:a618f9c2	<size=70%><i>Woah...	<size=70%><i>โห...
line:ad460e4b	<size=70%><i>Yeah?	<size=70%><i>จริงเหรอ?
line:c25d1c85	<size=70%>They're still on my payroll.	<size=70%>ผมยังจ่ายเงินเดือนให้พวกเขาอยู่
line:22deeef6	==	==
line:67fa34ad	==	==
line:a8e2f13e	==	==
line:ce938344	==	==
line:e41244bf	==	==
line:497d3f67	A few days ago...	เมื่อไม่กี่วันก่อน...
line:c570a462	A rather good excuse to see my favorite kobold.	เป็นข้ออ้างที่ดีในการมาเจอโคโบลด์คนโปรด
line:5d2d16e0	A really good friend?	เพื่อนที่ดีมากๆ?
line:df4d3810	About earlier.	เรื่องเมื่อกี้น่ะ
line:1a5e1ba4	Act what way?	ทำตัวแบบไหน?
line:cc532c02	After his spontaneous conflagration, I made sure to give him privacy.	หลังจากเขาลุกไหม้ขึ้นมาเอง ผมก็ให้เขาอยู่เป็นส่วนตัว
line:a983ffa3	Again...?	อีกแล้วเหรอ...?
line:8e34b87d	Agreed, though I'd still like to be let in as soon as convenient.	เห็นด้วย แต่ก็อยากเข้าไปทันทีที่สะดวก
line:934a1d5a	Ah yeah, that's the stuff.. keep at it.	อา ใช่ แบบนั้นแหละ ทำต่อไป
line:e216aee0	Ah, good.	อ๋อ ดี
line:9b26ac5f	Ah, I see the button there, gotcha!	อ๋อ เห็นปุ่มตรงนั้นแล้ว เข้าใจแล้ว!
line:7f3fe9f9	Ah, sorry, I'm passionate about such things.	อ๋อ ขอโทษ ผมหลงใหลเรื่องพวกนี้
line:bf2a8309	Ah, the grime did sting a little, thank you.	อา คราบนั่นแสบหน่อย ขอบคุณ
line:ebdb9888	Ah, yeah, those types are pretty cute.	อ๋อ ใช่ คนแบบนั้นน่ารักดี
line:b920f205	Ah. Do not worry.	อ๋อ ไม่ต้องห่วง
line:a98d068c	Ah. Okay nevermind I'm not sorry then.	อ๋อ งั้นช่างเถอะ ไม่ขอโทษแล้ว
line:6de2c490	Ah...	อ๋อ...
line:4d6b365e	Ahh, all cleaned and with a lighter load.	อา สะอาดแล้วก็เบาตัวขึ้นเยอะ
line:20f96302	Alexander!	อเล็กซานเดอร์!
line:f167e3d7	Alexander!	อเล็กซานเดอร์!
line:fe3996b8	Alexander!	อเล็กซานเดอร์!
line:af7db134	Alexander...?	อเล็กซานเดอร์...?
line:eb7cf9e5	All clean...	สะอาดแล้ว...
line:f57fc630	All done!	เสร็จแล้ว!
line:0b734d82	All self respecting washers know how to please a dragon.	คนอาบน้ำที่เคารพตัวเองย่อมรู้วิธีเอาใจมังกร
line:599ffb25	Already got seats at that bar I mentioned earlier.	ได้ที่นั่งในบาร์ที่บอกไปแล้ว
line:642ddea3	Alright alright... Then I think I'd like to use it?	ได้ๆ... งั้นคิดว่าผมอยากใช้?
line:c7b3a185	Alright! I'll go get the gate.	ได้! ผมจะเปิดประตู
line:7279121a	Alright! I'll go get you the gate.	ได้! ผมจะเปิดประตูให้
line:4fc4259c	Alright! I'm ready to go.	เอาล่ะ! พร้อมไปแล้ว
line:a722d0fa	Alright, go get the gate and I'll head out to the spot!	ได้ ไปเปิดประตู แล้วผมจะไปที่นัด!
line:d04df8f8	Alright, I'll cya!	ได้ แล้วเจอกัน!
line:4766af08	Alrighty! That should be it.	เอาล่ะ! น่าจะครบแล้ว
line:797ca540	Alrighty. All clean.	เอาล่ะ สะอาดแล้ว
line:c4cb161a	Although grapes have always hit a specific craving.	แต่องุ่นตอบสนองความอยากบางอย่างได้พอดีเสมอ
line:dc237557	Although, the portions might be a bit... dragon sized.	แต่ปริมาณอาจจะ... ขนาดมังกรหน่อย
line:655b8c01	Always happy to have you, Conrad.	ยินดีต้อนรับคุณเสมอ คอนราด
line:afedd1f5	An anomaly.	สิ่งแปลกจากธรรมดา
line:0de4fe62	And I'm glad you have a medkit... You're very prepared.	ดีที่นายมีกล่องปฐมพยาบาล... เตรียมพร้อมจริงๆ
line:0699aef9	And I'm really happy for you and Conrad.	แล้วผมก็ดีใจแทนคุณกับคอนราดจริงๆ
line:a3a26459	And not just physically.	และไม่ได้แค่เงยหน้ามองเพราะความสูง
line:507bd2b9	And that's why I'm here! Going to be heading out after this wash to go see him.	เพราะงั้นถึงมานี่! อาบน้ำเสร็จจะไปเจอเขาเลย
line:33440e8c	And why you are perfect for this job!	และเป็นเหตุผลว่าทำไมคุณเหมาะกับงานนี้ที่สุด!
line:cacb93ce	And you've tried everything.	ทั้งที่ลองทุกทางแล้ว
line:8cae6240	Another dragon? Usually I don't really get along...	มังกรอีกตัวเหรอ? ปกติฉันเข้ากันไม่ค่อยได้...
line:5a7e4fd4	Any chance you can clean me up again?	ช่วยอาบน้ำให้อีกครั้งได้ไหม?
line:92d2a30a	Anything. I'm just curious.	อะไรก็ได้ ผมแค่สงสัย
line:52695aa2	Anything?	ทุกเรื่องเลย?
line:8ead9ee9	Anytime, Ryan.	ได้เสมอ ไรอัน
line:6d77feef	Anyway glad you're not finished, lets keep at it!	ว่าแต่ดีใจที่ยังไม่เสร็จ ทำต่อกันเถอะ!
line:bdb4f59c	Anyway, time to get writing!	เอาล่ะ ได้เวลาเริ่มเขียนแล้ว!
line:75dd56ae	Anyways,	ช่างเถอะ
line:8980260e	Anyways-	ช่างเถอะ...
line:a8e6291c	Anyways- Let me out.	ช่างเถอะ ปล่อยฉันออกไป
line:493a82ef	Anyways. Could you go get the gate?	ช่างเถอะ ช่วยเปิดประตูให้หน่อย?
line:926f5f41	Anyways. Gonna use this thing now!	ช่างเถอะ จะใช้ไอ้นี่แล้ว!
line:ad8ab02e	Anyways...	ช่างเถอะ...
line:e767dc51	Anywho, I'll get out of your scales now.	ว่าแต่ ผมจะไม่เกะกะแล้ว
line:e81426c1	Anywho, I'm in need of a clean.	ว่าแต่ ผมต้องทำความสะอาดหน่อย
line:23e7d518	Approach the dragon entrance, and I will let you in.	มาที่ทางเข้าสำหรับมังกร แล้วผมจะให้เข้ามา
line:72a9b5bb	Are you happy?	คุณมีความสุขไหม?
line:be0118cc	Are you okay?	คุณโอเคไหม?
line:de735c65	Are you open right now?	ตอนนี้เปิดอยู่ไหม?
line:9369755d	Are you sure it will fit?	แน่ใจเหรอว่าจะใส่ได้?
line:c35b717a	Are you sure...? In front of the food?	แน่ใจเหรอ...? ต่อหน้าอาหารเลย?
line:cb06d2bf	As am I.	ผมก็เช่นกัน
line:9a48b21c	As in you're unique.	หมายถึงคุณไม่เหมือนใคร
line:1c021ee0	At getting hand jobs.	มืออาชีพด้านให้คนชักให้
line:e861b464	At least that's what I've heard anyway.	อย่างน้อยก็ได้ยินมาแบบนั้น
line:2f54ceec	At least you can still use your hands. Heh.	อย่างน้อยนายก็ยังใช้มือได้ หึ
line:cb04e062	At least you can still use your hands. Heh.	อย่างน้อยนายก็ยังใช้มือได้ หึ
line:97792929	Aw, I'll go get you the gate.	อ๋า เดี๋ยวผมเปิดประตูให้
line:c6895517	Aw, Ryan.	โธ่ ไรอัน
line:db997182	Aw, thank you Alexander.	อ๋า ขอบคุณ อเล็กซานเดอร์
line:7157db26	Aw, thanks Alexander.	อ๋า ขอบคุณ อเล็กซานเดอร์
line:011f1458	Aw, thanks.	อ๋า ขอบคุณ
line:aea0be6b	Aw, thanks.	อ๋า ขอบคุณ
line:c00d76cd	Aw, thanks. I only look so good 'cause of your washes!	อ๋า ขอบคุณ ผมดูดีได้ก็เพราะคุณอาบน้ำให้!
line:453ff9be	Aw- Ryan...	โธ่ ไรอัน...
line:5340a315	Aw... Thanks!	อ๋า... ขอบคุณ!
line:c6202cf2	Aw... Thanks.	อ๋า... ขอบคุณ
line:cb1d1197	Aw... Thanks. Is it weird I consider you...	อ๋า... ขอบคุณ จะแปลกไหมถ้าผมคิดว่าคุณเป็น...
line:2bfa396c	Aw... That's really sweet	อ๋า... น่ารักจริงๆ
line:22053f7f	Awesome!	เยี่ยม!
line:6fdb2c3d	Awesome!	เยี่ยม!
line:70306ba1	Awesome!	เยี่ยม!
line:6126a614	Awesome! Come on in..	เยี่ยม! เข้ามาเลย...
line:e85007ac	Awesome! See you later then!	เยี่ยม! งั้นเจอกัน!
line:4c7f15d6	Awesome, I'll go get the gate.	เยี่ยม ผมจะเปิดประตู
line:9d126e4e	Awesome, I'm glad.	เยี่ยม ดีใจจัง
line:b60cc4a5	Awesome.	เยี่ยม
line:59fb47b0	Awww. You don't need to be coverd in ink to say hi!	อ๋า ไม่ต้องเปื้อนหมึกก็แวะมาทักได้!
line:8e20e028	Be yourself!	เป็นตัวเองสิ!
line:cd18f73f	Been looking forward to this.	ตั้งตารอเรื่องนี้อยู่
line:8f1fccf9	Being muddy is really fun up until it starts drying.	เปื้อนโคลนสนุกนะ จนมันเริ่มแห้ง
line:40783547	Berries.	เบอร์รี
line:59d4be6a	Berries.	เบอร์รี
line:61e781c1	Berries.	เบอร์รี
line:18ae08ef	Bet you had fun.	ต้องสนุกแน่เลย
line:982fd3c7	big C...?	บิ๊กซี...?
line:4b3f7c6a	Biology...? <size=70%> <i>I think?	ชีววิทยา...? <size=70%> <i>มั้ง?
line:9be63f47	Bleh. Thank you for grabbing that.	แหวะ ขอบคุณที่หยิบให้
line:66957ed2	Blue...?	สีฟ้า...?
line:a77c3afd	Both.	ทั้งคู่
line:78975048	Brrr! Cold water!	บรื๋อ! น้ำเย็น!
line:8487a2c4	Burnswick Community College of Thaumaturgy	วิทยาลัยชุมชนเวทมนตร์เบิร์นสวิก
line:f75126de	But honestly you've helped me a lot.	แต่พูดจริงๆ คุณช่วยผมมากเลย
line:cab69268	But I already know I'm liking this a lot.	แต่รู้แล้วว่าผมชอบแบบนี้มาก
line:d9534386	But I know the type... They tend to be big softies on the inside.	แต่ผมรู้จักคนแบบนี้... ข้างในมักใจอ่อนมาก
line:f73ddfbc	But I think its time to get cleaned up.	แต่คงถึงเวลาล้างออกแล้ว
line:088ea4a7	But I'm hot shit, so I'll be fine.	แต่ฉันหล่อโคตรๆ คงไม่เป็นไรหรอก
line:c8f8bc22	But I'm only your washer?	แต่ผมเป็นแค่คนอาบน้ำให้คุณ?
line:dda0419b	But I'm sure I'd enjoy it with you!	แต่ดูกับคุณต้องสนุกแน่!
line:aa74448a	But not in this sized package, right??	แต่ไม่ใช่บนร่างขนาดนี้ใช่ไหม??
line:7d9ffc48	But nothing beats a large gulp!	แต่ไม่มีอะไรสู้กลืนคำโตๆ ได้!
line:d1ec7684	But that is why I am here!	แต่นั่นคือเหตุผลที่ผมมาที่นี่!
line:b0d9d1e5	But you're the teacher dragon.	แต่คุณเป็นมังกรครูนี่
line:2d7e1ab6	But, at least I got to meet you!	แต่อย่างน้อยผมก็ได้เจอคุณ!
line:b7f46902	But, I think you've taught me something.	แต่คิดว่าคุณสอนอะไรผมอย่างหนึ่ง
line:b1040415	By the stars! No no. You're excellent.	ให้ตายสิ! ไม่ๆ คุณดีมาก
line:3a88a2dd	By the way would you be mad if your partner made a mess at home?	ว่าแต่คุณจะโกรธไหมถ้าแฟนทำบ้านเลอะ?
line:4199070f	Came in for another wash.	มาอาบน้ำอีกครั้ง
line:105cd3e2	Can I ask you a question?	ขอถามอะไรหน่อยได้ไหม?
line:535ee717	Can you repeat that?	พูดอีกทีได้ไหม?
line:835e0c27	Can't sthpeak well.	พูดไม่ถนัดเยย
line:afa450c0	Come back whenever, Ryan.	กลับมาได้ทุกเมื่อ ไรอัน
line:0cedfc3d	Conrad can go as long as he needs	คอนราดทำได้นานเท่าที่ต้องการ
line:5462913f	conrad hooked up with ryan	คอนราดคบกับไรอัน
line:61cd33c5	conrad hooked up with ryan	คอนราดคบกับไรอัน
line:6a7610f3	conrad hooked up with ryan	คอนราดคบกับไรอัน
line:bac1ce29	conrad hooked up with ryan	คอนราดคบกับไรอัน
line:61c9b7ac	Conrad needs a cleaning, got a slot for 'im?	คอนราดต้องอาบน้ำ มีคิวให้ไหม?
line:405b7ef1	Conrad needs a wash!	คอนราดต้องอาบน้ำ!
line:803c8f0c	Conrad was talking about you during our date.	คอนราดพูดถึงคุณตอนเราเดตกัน
line:f1787092	Conrad!	คอนราด!
line:fd6c6213	Conrad!	คอนราด!
line:484cd04d	Conrad...?	คอนราด...?
line:5b0360ad	Conrad: Actually.. I mean..	Conrad: จริงๆ แล้ว... หมายถึง...
line:3ce891ff	Conrad: Conrad just enjoys himself	Conrad: คอนราดก็แค่กำลังสนุก
line:fbe86c06	Conrad: Damn right!	Conrad: แน่นอนอยู่แล้ว!
line:5660dc8b	Conrad: Don't worry about it!	Conrad: ไม่ต้องห่วงเรื่องนั้น!
line:c050dbfc	Conrad: I do it all the time	Conrad: ฉันทำประจำ
line:cd3367da	Conrad: I want this to go well	Conrad: ฉันอยากให้มันไปได้ดี
line:194c1381	Conrad: I'm ready to blow	Conrad: ฉันพร้อมแตกแล้ว
line:ce4d0fef	Conrad: Yea	Conrad: อืม
line:42c70daa	Conrad: You feel good	Conrad: นายทำให้รู้สึกดี
line:3bc52918	Conrad: You having a good time?	Conrad: สนุกไหม?
line:be0e51af	Cool.	เจ๋ง
line:88c36bc7	Could do that, then get a hotel room... Hmm.	ไปที่นั่นแล้วหาห้องโรงแรม... อืม
line:b99e1503	Could you ask <i>me</i> a question?	คุณช่วยถามคำถาม<i>ผม</i>หน่อยได้ไหม?
line:12bf5baf	Could you get the gate...?	ช่วยเปิดประตูได้ไหม...?
line:3a6afae1	Could you go get the gate?	ช่วยไปเปิดประตูหน่อยได้ไหม?
line:9f49d9d4	Could you wash it away?	ช่วยล้างออกหน่อย?
line:7661a0e9	D'aw... thanks.	อ๋า... ขอบคุณ
line:59bc5840	Damn right I do!	แน่นอน ฉันดูดี!
line:64889395	Damn right!	แน่นอนอยู่แล้ว!
line:95aa0bf4	Damn right!	แน่นอนอยู่แล้ว!
line:db592d76	Damn right!	แน่นอนอยู่แล้ว!
line:0fcf9908	Damn right.	แน่นอนอยู่แล้ว
line:b964c99b	Damn shame then. Better change that.	น่าเสียดายชะมัด เปลี่ยนซะดีกว่า
line:c6955ecc	Damn, you know how to use your hands.	แม่ง นายใช้มือเก่งนะ
line:eaf45022	Damn, you know how to use your hands.	แม่ง นายใช้มือเก่งนะ
line:684fb29a	Damn... Always feels good.	แม่ง... สบายเสมอเลย
line:7023cc94	DATE NIGHT!	คืนเดต!
line:c71df70b	Date night!	คืนเดต!
line:b57cc8ad	Depends	แล้วแต่
line:07bd7f57	Did you do your uh...	วันนี้นายทำ เอ่อ...
line:4f38655d	Do I look like I'm okay?	ดูเหมือนฉันโอเคเหรอ?
line:8147156a	Do it!	ปล่อยเลย!
line:9ab6ddfb	Do you also do "special endings" here?	ที่นี่มี “บริการส่งท้ายพิเศษ” ด้วยไหม?
line:4c90479c	Do you ask because I'm lavender?	ถามเพราะผมสีลาเวนเดอร์เหรอ?
line:3020c97c	Do you believe I am attractive?	คุณคิดว่าผมน่าดึงดูดไหม?
line:c5e71850	Do you even need a wash?	คุณต้องอาบน้ำจริงๆ เหรอ?
line:1810e75f	Do you have any advice?	มีคำแนะนำไหม?
line:6be807b5	Do you have any plans with ryan?	มีแผนอะไรกับไรอันไหม?
line:a0cf6cae	Do you know any cool places, people, I could hang around?	รู้จักที่เจ๋งๆ หรือคนที่ฉันจะไปเที่ยวด้วยได้ไหม?
line:412ba249	Do you know any good bars?	รู้จักบาร์ดีๆ ไหม?
line:28ec716a	Do you know anyone I could talk to? Y'know... about relationship stuffs?	รู้จักใครที่ผมพอจะคุยด้วยได้ไหม? แบบ... เรื่องความสัมพันธ์น่ะ?
line:21c0526b	Do you like being big?	คุณชอบที่ตัวใหญ่ไหม?
line:daa040eb	Do you like purple?	คุณชอบสีม่วงไหม?
line:ef052302	Do you like purple?	คุณชอบสีม่วงไหม?
line:d5ed3582	Do you make big dragons, <size=60%>like me, <size=100%>cum here?	ที่นี่ทำให้มังกรตัวใหญ่ <size=60%>อย่างฉัน <size=100%>แตกได้ไหม?
line:ec64a696	Do you mind double checking if I'm clean?	ช่วยเช็กอีกทีได้ไหมว่าสะอาดแล้ว?
line:647187f1	Do you want to say what happened...?	อยากเล่าไหมว่าเกิดอะไรขึ้น...?
line:807df02d	Do you want to use it?	อยากใช้ไหม?
line:5c42b85a	Doesn't mean I need to yell at you.	แต่ก็ไม่ได้แปลว่าต้องตะโกนใส่นาย
line:eefa8ae2	Don't be sorry! Get a mount!	ไม่ต้องขอโทษ! หาแท่นมาสิ!
line:dd0f7b1d	Don't worry, dragons are made to eat anything.	ไม่ต้องห่วง มังกรเกิดมาให้กินได้ทุกอย่าง
line:b90b01a9	Don't worry, he's real nice.	ไม่ต้องห่วง เขานิสัยดีจริงๆ
line:7de2a81c	Don't worry. I will.	ไม่ต้องห่วง จะเล่า
line:c29d4071	Don't... make it sound like that.	อย่า... พูดเสียงแบบนั้น
line:31bdd33c	Dont talk with your mouth full	อย่าพูดตอนปากเต็ม
line:8ee41fdc	Dragon history is complex. Ornamental crest <size=85%> are often <size=70%> worn by dragons to <size=55%>signify what family they belong to! <size=40%> It's an interesting mark of their culutral <size=35%> and familial heritage. I've often wondered if I should continue to wear mine. <size=20%> But culutural and familiar ties are considered important within the lore of dragons! so I must adhere to such things. <size=10%> Water. Earth. Fire. Air. Long ago, the four nations lived together in harmony. Then everything changed when the Fire Nation attacked.	ประวัติศาสตร์มังกรซับซ้อน ตราประดับ <size=85%> มักถูกสวม <size=70%> โดยมังกรเพื่อ <size=55%>แสดงว่าอยู่ตระกูลไหน! <size=40%> เป็นสัญลักษณ์มรดกทางวัฒนธรรม <size=35%> และครอบครัวที่น่าสนใจ ผมเคยคิดบ่อยๆ ว่าควรใส่ของตัวเองต่อไหม <size=20%> แต่สายสัมพันธ์ทางวัฒนธรรมและครอบครัวสำคัญในตำนานมังกร! ผมจึงต้องทำตาม <size=10%> น้ำ ดิน ไฟ ลม นานมาแล้ว สี่ชนชาติอยู่ร่วมกันอย่างสงบ แล้วทุกอย่างก็เปลี่ยนไปเมื่อชาติอัคคีบุกโจมตี
line:0a0e6773	Dragon stomachs are a bit more... robust than yours.	กระเพาะมังกร... ทนกว่าของคุณหน่อย
line:7e352505	Dragons of the galaxy 2	มังกรพิทักษ์จักรวาล 2
line:c2c659d1	Eep!	อี๊!
line:0bd1699e	Ehh..	เอ่อ...
line:43dd32f5	Er... That's not-	เอ่อ... ไม่ใช่...
line:93b60dce	Even so. Not this time	ถึงอย่างนั้น ครั้งนี้ไม่
line:573d9362	Even though you were just doing your job... I think it helped him a lot.	ถึงคุณจะแค่ทำงาน... ผมว่าก็ช่วยเขามาก
line:a2ba222e	Evening. This establishment takes walk ins, correct?	สวัสดีตอนเย็น ที่นี่รับลูกค้าที่ไม่ได้นัดใช่ไหม?
line:f98c3b6c	Every ending here is special!	ที่นี่ทุกตอนจบพิเศษหมด!
line:bfeaec15	Every self respecting wizard has a phoenix feather handy.	พ่อมดที่เคารพตัวเองทุกคนย่อมมีขนนกฟีนิกซ์ติดตัว
line:57df700d	Everyone's gaze carries an immense weight.	สายตาของทุกคนหนักอึ้งเหลือเกิน
line:9ad8d2dd	Excellent!	เยี่ยมมาก!
line:0c997163	Excellent.	ดีมาก
line:1976bc60	Excellent. Then make sure to go greet your customer at the window.	เยี่ยม งั้นอย่าลืมไปทักลูกค้าที่หน้าต่าง
line:7bbe7ee3	Expectations are laaaame.	ความคาดหวังนี่น่าเบื่อออ
line:f99eb2ff	Ey! The mount! Fuck yeah.	เฮ้! แท่น! แม่ง เยี่ยม
line:d376acb9	Ey, so. Was thinkin'	นี่ คือฉันคิดว่า
line:85ec0862	Ey, sorry for coming in late.	นี่ โทษทีที่มาดึก
line:12e8ae42	Ey, Use your hands on my cock- it feels good!	เฮ้ ใช้มือกับควยฉันสิ สบายดี!
line:271a3846	Fair enough. I'll be waiting!	ก็สมเหตุสมผล ผมจะรอ!
line:4789095b	Fair enough. You two do seem cute together.	ก็ได้ พวกนายดูน่ารักด้วยกันนะ
line:f5b37855	Felt good sliding down though!	แต่ตอนกลืนลงไปสบายดี!
line:274367d7	Figured I'd bring in something nice after all you've done.	คิดว่าอยากเอาของดีๆ มาให้ หลังจากคุณช่วยผมมากมาย
line:aae8afca	Fine with me!	ผมไม่ว่าอะไร!
line:e98616be	For you!	เพื่อคุณ!
line:62a82aba	Found this one gryphon. About my size...	เจอกริฟฟินตัวหนึ่ง ขนาดพอๆ กับฉัน...
line:807fdc76	From what I've heard he sounds like he's improved a lot recently, yeah?	เท่าที่ได้ยิน ช่วงนี้เขาดีขึ้นเยอะใช่ไหม?
line:803bf378	Fuck man, I'm so pumped.	แม่ง ฉันตื่นเต้นโคตร
line:f2418086	Fuck no! Shit's embarrassing.	ไม่เอาแม่ง! โคตรน่าอาย
line:a7ca3ca8	Fuck something and then get a handjob hopefully.	เย็ดอะไรสักอย่าง แล้วหวังว่าจะมีคนชักให้
line:203bce10	Fuuuck. You really know how to work a dragon!	เชี่ยยย นายรู้วิธีจัดการมังกรจริงๆ!
line:f7f9b0db	G'day mate!	ไงเพื่อน!
line:664c994e	Gave me time to think.	ทำให้ผมมีเวลาคิด
line:1d9b3531	Get a handjob and fuck this mount.	ให้คนชักให้ แล้วเย็ดแท่นนี่
line:48afdce4	Give it to me!	ให้ผมเลย!
line:9df043ad	Give me a bit	ขอเวลาอีกหน่อย
line:e5c7f64a	Glad I'm here to remind you then.	งั้นดีที่ผมมาเตือนนะ
line:354170aa	Go for it!	ปล่อยได้เลย!
line:2d0b6b06	Goin' downtown tonight. Needed to be spotless. Say...	คืนนี้จะเข้าเมือง ต้องสะอาดเอี่ยม นี่...
line:dcb506d2	Good as!	ดีมาก!
line:bcbc6373	Good evening!	สวัสดีตอนเย็น!
line:607a5c47	Good, I can't be having the Burnswick Community College of Thaumaturgy know that their best professor Alexander has caused another incident.	ดี ผมยอมให้วิทยาลัยชุมชนเวทมนตร์เบิร์นสวิกรู้ไม่ได้ว่าศาสตราจารย์อเล็กซานเดอร์ผู้เก่งที่สุดก่อเรื่องอีกแล้ว
line:12b72085	Good, you better. If I come back and there isn't one...	ดี อย่าให้พลาดล่ะ ถ้าฉันกลับมาแล้วยังไม่มี...
line:2c851dad	Good.	ดี
line:2712436c	Good. 'Aight, let me out.	ดี เอาล่ะ ปล่อยฉันออกไป
line:bab51ada	Good... That'd be correct.	ดี... คำนั้นถูกต้องเลย
line:44f2b8cf	Goodbye!	ลาก่อน!
line:a8e6ac2a	Goodness, thanks to you I have a chance at redeeming this situation.	โอ้ ขอบคุณคุณ ผมยังมีโอกาสกู้สถานการณ์
line:745c3c12	Gosh!	ตายจริง!
line:6b5c6564	Gotta <i>practice</i> for Ryan if you catch what I mean.	ต้อง<i>ซ้อม</i>ให้ไรอันไง ถ้ารู้ว่าหมายถึงอะไร
line:e3cef2bc	Gotta make sure you're spotless!	ต้องให้คุณสะอาดเอี่ยม!
line:b01b2159	Great, so uh,	เยี่ยม งั้น เอ่อ...
line:43c94954	Grouse as! Excited to see you work!	โคตรเจ๋ง! อยากเห็นนายทำงานแล้ว!
line:9de16ee9	Ha!	ฮะ!
line:88d7e1e2	Haah. This is the best fuckin' wash.	ฮ่า... ร้านอาบน้ำนี้โคตรดีที่สุด
line:cc6e7856	Hah! There's the mount!	ฮะ! แท่นมาแล้ว!
line:90dd6d9d	Hah, eager as always.	ฮะ กระตือรือร้นเหมือนเดิม
line:9542e7a6	Hah, good. Let's break this thing in!	ฮะ ดี มาประเดิมกัน!
line:fe21109b	Hah, he seems like the wild type.	ฮะ เขาดูเป็นคนดุเดือดจริงๆ
line:e8bc1d95	Hah, I imagine it would be.	ฮะ ก็คิดอยู่แล้ว
line:acbf628d	Hah, it is a motivator.	ฮะ มันเป็นแรงจูงใจจริงๆ
line:65b23418	Hah, okay. I'm game.	ฮะ ได้ ผมเอาด้วย
line:058d9d5c	Hah, yeah. Conrad is definitely experienced...	ฮะ ใช่ คอนราดมีประสบการณ์แน่ๆ...
line:8b878971	Hah, yeah. He sounds fun.	ฮะ ใช่ ฟังดูเขาน่าสนุก
line:e3ed51d9	Hah. Conrad, you look good too.	ฮะ คอนราด คุณก็ดูดี
line:f8b2e23b	Hah. Fine.	ฮะ ได้
line:ea23c5f9	Hah. If only there was a kobold that could clean me.	ฮะ ถ้ามีโคโบลด์อาบน้ำให้ฉันได้ก็ดีสินะ
line:c9bb2a93	Hah. Yeah. <size=70%><i>It's cool that you learn to jerk off dragons in cleaning school...	ฮะ ใช่ <size=70%><i>ดีนะที่โรงเรียนอาบน้ำสอนชักให้มังกรด้วย...
line:50a559bb	Hah... <size=70%> yeah.	ฮะ... <size=70%>ใช่
line:4d4d9986	Hah... Gonna jerk me off now? That's fine.	ฮะ... จะชักให้ฉันตอนนี้เหรอ? ได้เลย
line:4e920759	Hah... Yeah I'm excited.	ฮะ... ใช่ ฉันตื่นเต้น
line:b36365ce	Hah... Yeah...	ฮะ... อืม...
line:b8724c64	Hah... you do like that noise.	ฮะ... คุณชอบเสียงนั้นจริงๆ
line:c8cde395	Haha, 'Yip' indeed.	ฮ่าๆ “ยิป” จริงๆ ด้วย
line:680991cf	Haha, yes. Happy to see you.	ฮ่าๆ ใช่ ดีใจที่ได้พบ
line:4c27b031	Haha, you certainly are!	ฮ่าๆ ใช่คุณจริงๆ ด้วย!
line:c3a2e14e	Haha, you certainly are!	ฮ่าๆ ใช่คุณจริงๆ ด้วย!
line:9ec40945	Haha. 'Yip' to you too.	ฮ่าๆ “ยิป” กลับให้คุณด้วย
line:5e91e0a7	Haha... Yeah. I'm not really used to complimenting.	ฮ่าๆ ใช่ ไม่ค่อยชินกับการชมคนอื่น
line:44689f21	Happy to be back.	ดีใจที่ได้กลับมา
line:2672f65d	Happy to be here.	ดีใจที่ได้มานะ
line:192fcb8e	Happy to get it off.	ดีใจที่ได้ล้างออก
line:3517b28e	Have a productive day.	ขอให้ทำงานได้ราบรื่น
line:7c1adc57	He called me, we met up. He's really damn nice.	เขาโทรมาแล้วเราก็เจอกัน เขาใจดีชะมัด
line:e71f9a0b	HE DIED!?	เขาตายแล้วเหรอ!?
line:ed6c9afb	He hadn't been... Well, cared about in a long time from what I could gather.	เท่าที่เข้าใจ เขาไม่ได้... มีใครใส่ใจมานานแล้ว
line:de25de6e	He just... Knew what to say to snap me out of all that.	เขาแค่... รู้ว่าควรพูดอะไรให้ฉันได้สติ
line:a035a3fd	He prefers 'vertically challenged'... But yes.	เขาชอบให้เรียก “เสียเปรียบด้านความสูง” มากกว่า... แต่ใช่
line:04b29e42	He really is.	เขาดีจริงๆ
line:c7e1b369	He really is.	เขาดีจริงๆ
line:c64bd5ce	He said I was chill, we planned a date...	เขาบอกว่าฉันสบายๆ ดี แล้วเราก็นัดเดต...
line:e8a91447	He's a lot. But, I like it.	เขาจัดเต็มมาก แต่ผมชอบ
line:a7181b1a	He's a red dragon. I think you two would like eachother!	เขาเป็นมังกรสีแดง ผมว่าคุณสองคนต้องชอบกัน!
line:8245fe2b	He's already back to work. Thanks for helping with all that.	กลับไปทำงานแล้ว ขอบคุณที่ช่วยจัดการเรื่องนั้น
line:aaea8391	He's been way nicer recently.	ช่วงนี้เขาใจดีขึ้นมาก
line:7363c004	He's great.	เขาดีมาก
line:c13d4e24	He's hot.	เขาเซ็กซี่มาก
line:675d7e37	He's like. SUPER hung.	ของเขาแบบว่า ใหญ่มาก
line:7deb9fff	He's like... a big softy surrounded by sharp pointy bits.	เขาเหมือน... คนใจอ่อนที่ห่อด้วยหนามแหลม
line:800c553d	He's my dream dragon.	เขาเป็นมังกรในฝันของผม
line:4b3c70d9	He's snappy, but tender too!	เขาปากจัด แต่ก็อ่อนโยน!
line:31281c6d	He's this REALLY cute red drake who goes to the wash!	มังกรสีแดงที่มาร้านนี้ น่ารักมากๆ เลย!
line:4c11c83e	He's tiny, I like being eye level with him.	เขาตัวเล็ก ผมชอบที่สายตาอยู่ระดับเดียวกัน
line:b9ce2f3c	He's... Considerate. Real understanding too.	เขา... เอาใจใส่ แล้วก็เข้าใจคนดี
line:8e9e0f98	Heard about you and the big blue guy. Ryan was it?	ได้ยินเรื่องนายกับตัวใหญ่สีฟ้าแล้ว ไรอันใช่ไหม?
line:ca4a9672	Heeeey Ryan.	ไงงง ไรอัน
line:24ce37ec	Heeeey.	ไงงง
line:bb70c1ed	Heh. Yeah.	หึ ใช่
line:3fa80829	Heh. Yeah. I like you too.	หึ อืม ผมก็ชอบคุณ
line:20393ff6	Heh. Yeah. That's me.	หึ ใช่ ฉันเอง
line:ac769d93	heh.. yea.. sorry..	หึ... ใช่... ขอโทษ...
line:5246ceea	Heh... alright.	หึ... ก็ได้
line:75fef5cb	Heh... Damn right.	หึ... แน่นอนอยู่แล้ว
line:5f0edcb2	Heh... Handsy today, huh?	หึ... วันนี้ชอบใช้มือสินะ?
line:2f55b3aa	Hehe	ฮิๆ
line:7e991330	Hehe yeah.	ฮิๆ ใช่
line:3223473f	Hehe, I'm excited to get into the dating scene again.	ฮิๆ ผมตื่นเต้นที่จะได้กลับไปเดตอีกครั้ง
line:4a137220	Hehe, thanks. It has stuff that should be good for both of us.	ฮิๆ ขอบคุณ มีของที่น่าจะเหมาะกับเราทั้งคู่
line:1a3e2a73	Hell yea	แม่ง เยี่ยม!
line:93f67490	Hell yeah	แม่ง ใช่เลย
line:389e4033	Hell yeah I did!	แน่นอนอยู่แล้วแม่ง!
line:17dbb9b7	Hell yeah.	แม่ง เยี่ยม
line:4b7b33d9	Hello!	สวัสดี!
line:c3d3da41	Hello!	สวัสดี!
line:4183ca7e	Hello, <i>'Drag'n wash franchise 223'...</i> Have you figured out how to interact yet?	สวัสดี <i>“Drag'n'wash สาขา 223”...</i> รู้วิธีโต้ตอบหรือยัง?
line:a99c515c	Hello, <i>'Drag'n wash franchise 223'...</i> Have you spoken to your first customer yet?	สวัสดี <i>“Drag'n'wash สาขา 223”...</i> ได้คุยกับลูกค้าคนแรกหรือยัง?
line:b7cce838	Hello.	สวัสดี
line:a8779ebf	Hello?	มีใครอยู่ไหม?
line:dd4b34ae	Hello?	มีใครอยู่ไหม?
line:1954aab7	Help the developers out please..	ช่วยนักพัฒนาหน่อยนะ...
line:db9c3a5c	Help the developers out please..	ช่วยนักพัฒนาหน่อยนะ...
line:f7f7f5a1	Help the developers out please..	ช่วยนักพัฒนาหน่อยนะ...
line:fc461784	Help the developers out please..	ช่วยนักพัฒนาหน่อยนะ...
line:ee3398a6	Hey big guy.	ไง เจ้าตัวโต
line:0090c7b0	Hey Conrad!	สวัสดี คอนราด!
line:3d0a5aeb	Hey Conrad!	สวัสดี คอนราด!
line:a2b4acea	Hey conrad!	ไง คอนราด!
line:975a629f	Hey Conrad.	สวัสดี คอนราด
line:21235886	Hey could you come up front where I can see you?	นี่ เดินมาข้างหน้าให้ผมเห็นหน่อยได้ไหม?
line:533532c4	Hey fine by me!	เฮ้ ฉันไม่ว่าอะไร!
line:1538bc7e	Hey good lookin'	ไง คนหน้าตาดี
line:0121c874	Hey hey. Glad you're open.	ไงๆ ดีที่ยังเปิด
line:71b651dd	Hey I have something to say!	นี่ ผมมีอะไรจะพูด!
line:0d4e0ecf	Hey kobold!	ไง โคโบลด์!
line:af3f02c9	Hey Ryan, what do you have there?	นี่ ไรอัน เอาอะไรมาด้วย?
line:6374414d	Hey thanks for being here for me...	นี่ ขอบคุณที่อยู่ข้างฉัน...
line:bf5ff483	Hey there, happy to be back.	สวัสดี ดีใจที่ได้กลับมา
line:c38b7fa6	Hey there, Ryan!	สวัสดีนะ ไรอัน!
line:2d5fc8a2	Hey there- Maybe you can get 'hands on' later?	นี่... เรื่อง “ลงมือ” เอาไว้ทีหลังได้ไหม?
line:1b6c7f75	Hey there.	สวัสดีนะ
line:5dacf226	Hey there.	สวัสดีครับ
line:82698bd1	Hey there.	สวัสดีนะ
line:ab3a5d9c	Hey there.	ไง
line:3d2bc74e	Hey uh, do you think Ryan and I will <i>actually</i> work out?	นี่ เอ่อ นายคิดว่าฉันกับไรอันจะไปกันรอด<i>จริงๆ</i> ไหม?
line:04501155	Hey uh, I just need a cleaning.	นี่ เอ่อ ฉันแค่ต้องอาบน้ำ
line:2a29842a	Hey uh... Not now.	นี่ เอ่อ... ไม่ใช่ตอนนี้
line:8caa3196	Hey uhm, thanks once again.	นี่ เอ่อ ขอบคุณอีกครั้งนะ
line:5c7a9105	Hey!	ไง!
line:eed2cc64	Hey!	ไง!
line:2f3f5508	Hey! He's just... 'vertically challenged'.	เฮ้! เขาแค่... “เสียเปรียบด้านความสูง”
line:55bb78d1	Hey! I'm here for a wash.	ไง! ผมมาอาบน้ำ
line:33480903	Hey, Alexander!	สวัสดี อเล็กซานเดอร์!
line:21fcef4f	Hey, Alexander.	สวัสดี อเล็กซานเดอร์
line:14598ca6	Hey, big guy!	ไง เจ้าตัวโต!
line:e7353d24	Hey, I've got a question for you.	นี่ มีคำถามหน่อย
line:674877e5	Hey, nothin' wrong with asking!	เฮ้ ถามก็ไม่ผิดนี่!
line:d2589856	Hey, welcome back!	สวัสดี ยินดีต้อนรับกลับมา!
line:0d3e4054	Hey.	นี่
line:aa0dda7b	Hey.	นี่
line:7f2e2736	Hey... little guy!	ไง... เจ้าตัวเล็ก!
line:933efa6d	Hi again!	สวัสดีอีกครั้ง!
line:873a2b9a	Hi again..	สวัสดีอีกแล้ว...
line:83ac5b68	Hi Conrad.	สวัสดี คอนราด
line:050efd1a	Hi, Ryan!	สวัสดี ไรอัน!
line:06ed6aea	Hiiiii! Hiii!	สวัสดีคร้าบบบ! สวัสดี!
line:5a632b75	His physical form is currently reconstituting in the staff lounge.	ตอนนี้ร่างกายเขากำลังก่อตัวใหม่ในห้องพักอาจารย์
line:6bd91ca7	Hm, I think I'll pass on the mount.	อืม ผมขอไม่ใช้แท่นผสมพันธุ์นะ
line:370d719b	Hm?	หืม?
line:3c3ddd0c	Hm?	หืม?
line:44658d73	Hmm...	อืม...
line:bf059ff3	Hmm...	อืม...
line:730b1ca4	Hmm?	หืม?
line:fc571337	Hmmm, maybe something else?	อืม อย่างอื่นดีไหม?
line:19207e44	Hold on a little longer for me?	ช่วยอดทนให้ผมอีกนิดได้ไหม?
line:f2ae89c4	Honestly, I'm surprised how nice this is.	พูดตามตรง ไม่คิดว่าจะสบายขนาดนี้
line:a2ff0176	Hope it went well.	หวังว่าไปได้ดีนะ
line:b17360a0	Hope that's alright?	หวังว่าไม่เป็นไรนะ?
line:ae08853f	Hope you're doing alright!	หวังว่าคุณสบายดี!
line:e1fa2461	Hopefully! I'll go get the gate.	หวังอย่างนั้น! ผมจะเปิดประตู
line:99931b37	Hopefully.	หวังว่านะ
line:d9c91bca	How about you though? have you been seeing anyone?	แล้วคุณล่ะ? กำลังคบใครอยู่ไหม?
line:4ec92454	How about you? Anyone exciting?	แล้วคุณล่ะ? มีใครน่าสนใจไหม?
line:86bde306	How are you with seafood?	คุณชอบอาหารทะเลไหม?
line:7fb611c9	How come you brought this all in?	ทำไมเอามาทั้งหมดนี้ล่ะ?
line:af0d0972	How come you're covered in ink?	ทำไมเปื้อนหมึกเต็มตัว?
line:e385b7f3	How did it go?	เป็นยังไงบ้าง?
line:c0161bbc	How did it taste?	รสชาติเป็นยังไง?
line:262b262e	how do I get in?	จะเข้าไปยังไงเหรอ?
line:676b0638	how do I get in?	จะเข้าไปยังไงเหรอ?
line:8308bb09	How do I look?	ฉันดูเป็นไง?
line:4f172746	How do you even digest that?	คุณย่อยนั่นได้ยังไง?
line:28d390ac	How so?	เขาใจดีกับคุณยังไงเหรอ?
line:4ef9fe65	How so?	ผมช่วยเขายังไงเหรอ?
line:ea66b5af	How so?	คิดยังไงเหรอ?
line:4b29790b	How was the sex.	เซ็กซ์เป็นไง?
line:7736270c	How was your date with Conrad?	เดตกับคอนราดเป็นยังไง?
line:18d418ab	However, it's ornamental! My family crest. You see...	แต่เป็นของประดับ! ตราประจำตระกูลผม คือว่า...
line:1f250062	However, My <i>image</i> is far more permanent than Igwyx's fleeting physical forms.	แต่<i>ภาพลักษณ์</i>ผมอยู่ยาวนานกว่าร่างกายชั่วคราวของอิกวิกซ์มาก
line:ae34381b	However, that respect comes with an expectation to act as I look. It's incredibly stressful.	แต่ความเคารพนั้นมาพร้อมความคาดหวังให้ทำตัวสมกับรูปลักษณ์ เครียดมากเลย
line:d2baf9e2	However...	แต่...
line:fb8401c3	Huff...	ฟู่...
line:b54ee04d	huff... Thank you for that.	ฟู่... ขอบคุณสำหรับเมื่อกี้
line:16420ca7	Huff... Thanks for that.	ฟู่... ขอบคุณนะ
line:45507089	Huff... That was nice... Made a bit of a mess though.	ฟู่... สบายดีนะ... แต่ทำเลอะหน่อย
line:ae83cfb6	huh...?	หือ...?
line:0c78b56b	Huh?	หือ?
line:e96114a2	Huh? ofcourse not!	หือ? ไม่ใช่อยู่แล้ว!
line:836c079c	I <i>think </i> I must've spilled an inkwell <i>on the way here</i>. Rather clumsy of me!	ผม<i>คิดว่า</i>คงทำขวดหมึกหกใส่ตัว<i>ระหว่างทางมานี่</i> ซุ่มซ่ามจริงๆ!
line:d37175c7	I act tough but am a small dragon...	ฉันทำตัวแกร่ง แต่เป็นมังกรตัวเล็ก...
line:b4e27683	I agree	เห็นด้วย
line:68ebf07b	I allowed him, as my stature provides ample height.	ผมอนุญาต เพราะรูปร่างผมสูงพอ
line:a051821a	I already feel a lot better.	รู้สึกดีขึ้นมากแล้ว
line:49bfbfbe	I already have spot at the club reserved.	ฉันจองที่ในคลับไว้แล้ว
line:14ff4edd	I always do~	ฉันใส่เต็มที่เสมอแหละ~
line:b05c6259	I always look forward to seeing you. I'll go get the gate.	ผมรอเจอคุณเสมอ เดี๋ยวเปิดประตูให้
line:52bf5ede	I am THE kobold. Yip!	ผมนี่แหละโคโบลด์คนนั้น ยิป!
line:141c006f	I am too.	ผมก็เหมือนกัน
line:363f6f6a	I am too.	ผมก็เหมือนกัน
line:405b9622	I am too.	ฉันก็เหมือนกัน
line:d4c5faea	I am too.	ฉันก็เหมือนกัน
line:556897bf	I am! Even better now that you're here.	สบายดี! คุณมาแล้วก็ยิ่งดี
line:e499b2cc	I am.	ผมมีความสุข
line:5ec8bb55	I believe that's in part because of you.	คิดว่าส่วนหนึ่งเป็นเพราะคุณ
line:9883786d	I booked the night.	ผมจองไว้ทั้งคืน
line:eae85bf9	I broke up with my partner...	ผมเลิกกับแฟนแล้ว...
line:ffcfee20	I brought watermelon, bread, grapes, and some other stuff.	เอาแตงโม ขนมปัง องุ่น แล้วก็อย่างอื่นมา
line:e8aa18f4	I can digest pretty much anything.	ผมย่อยได้แทบทุกอย่าง
line:7f543c2a	I can let loose whenever you are ready	ฉันปล่อยได้ทันทีที่นายพร้อม
line:c83a6a0d	I can't believe Igwix would make a mistake like this!	ไม่อยากเชื่อว่าอิกวิกซ์จะทำพลาดแบบนี้!
line:e051a79e	I consider you a good friend too	ผมก็คิดว่าคุณเป็นเพื่อนที่ดี
line:f382336f	I could get us the <i>nicest</i> spots for their show.	จองที่<i>ดีที่สุด</i>ดูการแสดงให้เราได้
line:2602b8c6	I could use a wash.	คงต้องอาบน้ำหน่อย
line:c66153d3	I couldn't help but notice the... device over there.	อดสังเกต... อุปกรณ์ตรงนั้นไม่ได้
line:b71f0756	I decided to try baking.	ผมตัดสินใจลองอบขนม
line:e62b989c	I decided to try baking.	ผมตัดสินใจลองอบขนม
line:efea7148	I decided to try baking.	ผมตัดสินใจลองอบขนม
line:98f800d3	I didn't know anyone could like me that much so easily.	ไม่รู้เลยว่าจะมีใครชอบผมมากได้ง่ายขนาดนี้
line:4116f001	I didn't know what the button did.	ไม่รู้ว่าปุ่มนั้นทำอะไร
line:7a5c7f54	I didn't mean to fluster you!	ไม่ได้ตั้งใจทำให้เขินนะ!
line:55542a9b	I do enjoy the color. Though I believe its unrelated to my own hue.	ผมชอบสีนั้น แต่คงไม่เกี่ยวกับสีของผม
line:f9c800f2	I do!	คิดสิ!
line:ad9c1ada	I do. But, what happened?	มี แต่เกิดอะไรขึ้น?
line:a45ccf3a	I don't believe I can hold back any longer	คิดว่าคงกลั้นต่อไม่ไหวแล้ว
line:8c6e1cd3	I don't get it! Why do I have to act this way?	ไม่เข้าใจเลย! ทำไมต้องทำตัวแบบนี้?
line:cc4e48a3	I don't know where they went but I feel dirty again.	ไม่รู้ว่านักเล่นแร่แปรธาตุคนนั้นไปไหน แต่ผมรู้สึกสกปรกอีกแล้ว
line:71127249	I don't mean to be rude, but I must decline	ไม่ได้ตั้งใจเสียมารยาท แต่ผมต้องปฏิเสธ
line:f5696cc4	I don't need to tell you.	ฉันไม่ต้องเล่าให้นายฟัง
line:878fc94c	I don't understand..	ฉันไม่เข้าใจ...
line:4f3d31f8	I don't want your pitty!	ไม่ต้องมาสงสารฉัน!
line:8fc36ab7	I enjoy being a part of so many individuals lives in a positive way.	ผมชอบที่ได้มีส่วนร่วมในชีวิตของผู้คนมากมายและสร้างสิ่งดีๆ ให้พวกเขา
line:14653182	I enjoy parts of it. The respect is pleasant...	บางส่วนก็ดี การได้รับความเคารพน่ะดี...
line:bd4bb1b9	I enjoy that I do not fear failure around you.	ผมชอบที่อยู่กับคุณแล้วไม่กลัวล้มเหลว
line:c108ed4f	I enjoy when you tell me what to do with a pat of your hand.	ผมชอบเวลาคุณใช้มือตบตัวผมเบาๆ เพื่อบอกให้ผมทำอะไร
line:6db406b4	I enjoyed this quite a lot.	ผมชอบแบบนี้มาก
line:e838533b	I feel as I could say anything to you.	รู้สึกเหมือนบอกคุณได้ทุกเรื่อง
line:9b9567ec	I feel much better.	ผมรู้สึกดีขึ้นมาก
line:ed6be68f	I feel spotless as always.	สะอาดเอี่ยมเหมือนเดิม
line:938be2fb	I forget the ignorance of a layman. I apologize.	ผมลืมว่าคนนอกวงการไม่รู้เรื่องนี้ ขอโทษด้วย
line:63837f22	I forgot to bite into it so... Nothing?	ลืมกัดน่ะ ก็เลย... ไม่รู้รส?
line:fe3484ea	I get how you'd feel that way after a breakup, yeah.	เข้าใจว่าหลังเลิกกันคงรู้สึกแบบนั้น
line:adf1550f	I give my other bipedal friends rides all the time.	ผมให้เพื่อนสองขาคนอื่นขี่หลังบ่อยๆ
line:9a68366f	I got a mount.	ผมได้แท่นมาแล้ว
line:78a54cae	I got back home a bit dirty. And she yelled at me.	ผมกลับบ้านตัวเปื้อนนิดหน่อย แล้วเธอก็ตะโกนใส่
line:22a9094a	I guess so!	คงใช่!
line:28d6c0aa	I hate that I'm always getting into situations like this.	เกลียดที่ตัวเองเจอเรื่องแบบนี้ตลอด
line:366a7f73	I have a question.	ผมมีคำถาม
line:82b63c18	I have something to say!	ผมมีเรื่องจะพูด!
line:fd68807c	I have to say, you did as good a job as private washers.	ต้องบอกว่าคุณทำได้ดีพอๆ กับคนอาบน้ำส่วนตัว
line:761f413a	I heard a loud bang	ได้ยินเสียงระเบิดดัง
line:9d7cc63c	I heard a loud bang, I don't think Igwix made it.	ได้ยินเสียงระเบิดดังมาก คิดว่าอิกวิกซ์ไม่รอด
line:7ede5030	I heard there was kobolds down here that could wash me up?	ได้ยินว่ามีโคโบลด์ข้างล่างนี้ช่วยอาบน้ำให้ได้?
line:efb2d4af	I heard there were kobolds down here that could wash me up?	ได้ยินว่าข้างล่างนี้มีโคโบลด์ที่ช่วยอาบน้ำให้ผมได้?
line:2f9b499a	I honestly don't know how you are doing that.	ไม่รู้จริงๆ ว่านายทำได้ยังไง
line:6f5dbc90	I hope he's okay too.	ผมก็หวังว่าเขาจะโอเค
line:cd0197ed	I hope I can learn from that.	หวังว่าฉันจะเรียนรู้จากเรื่องนั้นได้
line:cf50dbcc	I hope it all works out.	หวังว่าทุกอย่างจะไปได้ดี
line:b2dfad3e	I hope so.	หวังอย่างนั้น
line:0477b0d7	I hope so. I really want a fresh start with someone.	หวังอย่างนั้น อยากเริ่มต้นใหม่กับใครสักคนจริงๆ
line:7429dab7	I hope that you'll help me prove them wrong!	หวังว่าคุณจะช่วยพิสูจน์ว่าไม่จริง!
line:be5feb3e	I hope things get better.	หวังว่าทุกอย่างจะดีขึ้น
line:114ac9a0	I hope you're right.	หวังว่านายพูดถูก
line:06744c7e	I just don't like that she takes it out on me.	ผมแค่ไม่ชอบที่เธอมาลงกับผม
line:1fb02179	I just don't like that she takes it out on me.	ผมแค่ไม่ชอบที่เธอมาลงกับผม
line:c8a1e7d0	I Just need a quick wash... Maybe the mount would be nice too.	ขออาบน้ำเร็วๆ... แล้วก็อาจใช้แท่นด้วย
line:95ff1bed	I just wish for you to ask me a question. Any question.	แค่อยากให้คุณถามผมสักคำถาม อะไรก็ได้
line:f716a163	I knew you were too busy, so I figured I'd bring the date to you!	รู้ว่าคุณยุ่งมาก เลยคิดว่าจะเอาเดตมาหาคุณเอง!
line:2461773d	I knew you'd have my back	รู้ว่าคุณต้องเข้าข้างผม
line:6a671440	I know a decent equine-kin place by the pier.	ผมรู้จักร้านของเผ่าม้าแถวท่าเรือที่ใช้ได้
line:50102b85	I know he can be a bit hot headed and forget to thank folks.	รู้ว่าเขาใจร้อนบ้างจนลืมขอบคุณคนอื่น
line:83c55e2e	I know things can be tough.	ผมรู้ว่าบางเรื่องมันยาก
line:2ffb026d	I know you need to close down shop. I'll make sure you get the address and we can meet up there, yeah?	รู้ว่าคุณต้องปิดร้าน ผมจะส่งที่อยู่ให้ แล้วเราเจอกันที่นั่นนะ?
line:ded99a0c	I know, I'll reserve your spot!	รู้แล้ว จะจองที่ให้นาย!
line:59e503b2	I know. But the ability to open up to someone, even occasionally-	ผมรู้ แต่การได้เปิดใจกับใครสักคน แม้แค่บางครั้ง...
line:d30ffec9	I know. I know I shouldn't be dumping this on you.	ผมรู้ รู้ว่าไม่ควรเอาเรื่องนี้มาเทใส่คุณ
line:875048ca	I know. I know.	รู้แล้ว รู้แล้ว
line:7b59e4d6	I like how sure of yourself you are. Even if it just has to do with washing.	ผมชอบความมั่นใจของคุณ แม้จะแค่เรื่องอาบน้ำ
line:46061aae	I like it! I think you'd enjoy it too.	ผมชอบนะ คิดว่าคุณก็น่าจะชอบ!
line:f4ad8ea6	I like taking care of you.	ผมชอบดูแลคุณ
line:8ffedb47	I like the mount you chose. Mind grabbing it?	ชอบแท่นที่นายเลือกนะ หยิบมาหน่อยสิ
line:5c86951f	I like you a lot.	ผมชอบคุณมาก
line:a91980fc	I like you for who you are.	ผมชอบคุณที่เป็นคุณ
line:bdca3e1b	I like... him.	ผมชอบ... เขา
line:2b65bf83	I love bubbles, they tickle!	ชอบฟองสบู่จัง จั๊กจี้ดี!
line:f8a4f404	I mean it. Really.	พูดจริง จริงๆ นะ
line:ae719afc	I need to be better. I <i>want </i>to be better.	ฉันต้องดีกว่านี้ ฉัน<i>อยาก</i>ดีกว่านี้
line:a0373456	I need to be spotless. Seems that's what you're for. <size=70%> Ha.	ฉันต้องสะอาดเอี่ยม ดูท่านั่นคืองานนายสินะ <size=70%>ฮะ
line:3da2dd1d	I never expected myself to confide such embarrassing things in someone.	ไม่คิดเลยว่าตัวเองจะเล่าเรื่องน่าอายแบบนี้ให้ใครฟัง
line:0c986dec	I never expected you to be the type to be so messy!	ไม่คิดเลยว่าคุณจะเป็นคนทำตัวเลอะเทอะขนาดนี้!
line:95db900b	I never miss a spot.	ผมไม่พลาดสักจุด
line:d620d41a	I never thought someone like him would be my type...	ไม่เคยคิดว่าคนแบบเขาจะเป็นสเปกฉัน...
line:67592de1	I probably need to head out though.	แต่ฉันคงต้องไปแล้ว
line:e41c6dc5	I really do hope it all works out!	หวังจริงๆ ว่าทุกอย่างจะไปได้ดี!
line:a722aada	I really think it was this time...	ครั้งนี้ฉันว่าฉันผิดจริงๆ...
line:e80e5edd	I see what you're doing, thank you.	เข้าใจแล้วว่าคุณทำอะไร ขอบคุณ
line:cc6ec337	I see..	เข้าใจแล้ว...
line:d57520b1	I seem to have gotten myself covered in ink!	ดูเหมือนผมจะเปื้อนหมึกทั้งตัว!
line:3b161cf3	I still need more!	ผมยังต้องการอีก!
line:47dc71f3	I suppose I understand disliking the mess it may cause.	เข้าใจว่าคงไม่ชอบความเลอะเทอะจากฝน
line:234ccfda	I suppose it depends on the circumstances.	คงขึ้นอยู่กับสถานการณ์
line:910706c0	I think a movie could be fun!	ผมว่าดูหนังก็น่าสนุก!
line:99bbb171	I think he was in a bad environment. He's doing better now.	ผมว่าเขาเคยอยู่ในสภาพแวดล้อมที่ไม่ดี ตอนนี้ดีขึ้นแล้ว
line:9247b7a0	I think he'd like the new you!	ผมว่าเขาต้องชอบคุณคนใหม่แน่!
line:f4982dcd	I think he's got a crush on me.	คิดว่าเขาแอบชอบฉัน
line:fc6fdd10	I think I can still feel some explosion grime on me...	คิดว่ายังมีคราบจากระเบิดอยู่บนตัว...
line:4efc873f	I think I like being taken care of?	คิดว่าผมชอบให้คนดูแล?
line:f5d36d9a	I think I might be close..	คิดว่าผมใกล้แล้ว...
line:52fc4e08	I think I'd like that!	คิดว่าคงชอบนะ!
line:5c78099a	I think I'd like to meet him!	คิดว่าอยากเจอเขานะ!
line:14e0edf6	I think I'd like to try!	คิดว่าฉันอยากลอง!
line:164df75a	I think I'd like to use it?	ผมคิดว่าอยากใช้มัน?
line:4f6168aa	I think I'd like to use it?	ผมคิดว่าอยากใช้มัน?
line:ab314624	I think I'd like to?	คิดว่าอยากใช้นะ?
line:170c6aa3	I think I'd like you to be that someone aswell.	ผมก็คิดว่าอยากให้คนคนนั้นเป็นคุณ
line:8f46bb17	I think I've got it!	คิดว่าเข้าใจแล้ว!
line:a5e128e0	I think she's upset about something else...	ผมว่าเธอคงหงุดหงิดเรื่องอื่น...
line:bc2545e7	I think she's upset about something else...	ผมว่าเธอคงหงุดหงิดเรื่องอื่น...
line:335c5156	I think so!	ผมว่าใช่!
line:3292625e	I think that would make a decent place! They put on good shows every night.	ผมว่าน่าจะเหมาะ มีการแสดงดีๆ ทุกคืน
line:eaafe671	I think you got every spot!	คิดว่านายล้างครบทุกจุดแล้ว!
line:1760e5d5	I think you got every spot.	คิดว่าคุณล้างครบทุกจุดแล้ว
line:341175f7	I think you got every spot.	คิดว่าคุณล้างครบทุกจุดแล้ว
line:770e7473	I think you got every spot.	คิดว่าคุณล้างครบทุกจุดแล้ว
line:f4a8f7fc	I think you helped him a lot more than you realize.	ผมว่าคุณช่วยเขามากกว่าที่ตัวเองคิดนะ
line:f28fd15d	I think you missed a few spots still...	คิดว่ายังพลาดไปสองสามจุดนะ...
line:77509e74	I think you're cool too. Self improvement is hard.	ผมว่าคุณก็เจ๋ง การพัฒนาตัวเองมันยาก
line:763c6a82	I think you're good looking.	ผมว่าคุณดูดี
line:69e7dbb3	I think you're pretty cool, Conrad.	ผมว่าคุณเจ๋งนะ คอนราด
line:9c393f61	I think you're special too.	ผมก็ว่าคุณพิเศษนะ
line:7d5ae3b4	I usually make do with a hose down at home...	ปกติผมก็แค่ฉีดสายยางล้างตัวที่บ้าน...
line:c4fc9b28	I wanna talk face to face!	อยากคุยกันต่อหน้า!
line:548dc375	I want to be more open. It feels good.	ผมอยากเปิดใจมากขึ้น มันรู้สึกดี
line:e02f464d	I was helping the alchemist reach a high shelf	ผมช่วยนักเล่นแร่แปรธาตุเอื้อมชั้นสูง
line:fa97376e	I was helping the alchemist reach a high shelf	ผมช่วยนักเล่นแร่แปรธาตุเอื้อมชั้นสูง
line:bb015b1b	I was romping around the forest	ผมวิ่งเล่นในป่า
line:78e2cb13	I was thinking about what you said,	ผมคิดเรื่องที่คุณพูด
line:b8282714	I was thinking.	ผมคิดว่า
line:ca616238	I was thinking. We could go out some time next week?	ฉันคิดว่าเราไปเที่ยวกันสักวันในสัปดาห์หน้าได้ไหม?
line:a13d76ec	I was thinking...	ผมคิดว่า...
line:c1a4edf0	I wasn't making her happy either.	เธออยู่กับผมก็ไม่มีความสุขเหมือนกัน
line:a4214fe6	I went out of my way for a discrete washing, I was sure I wasn't followed.	ผมอุตส่าห์จัดแจงมาอาบน้ำอย่างเงียบๆ แน่ใจแล้วว่าไม่มีใครตาม
line:db5cd152	I went out with some friends.	ผมไปเที่ยวกับเพื่อนมา
line:b6b9dc33	I will pay double. Triple- This is a job only you can do!	ผมจ่ายสองเท่า สามเท่า! งานนี้มีแค่คุณที่ทำได้!
line:0c31345e	I will, thanks.	จะกลับมานะ ขอบคุณ
line:fa41daf4	I will. I just need a quick wash, and wouldn't mind using the mount today.	จะเล่า ขออาบน้ำเร็วๆ แล้ววันนี้ก็อยากใช้แท่นด้วย
line:399457b7	I wish it was easy as it is in movies.	อยากให้ง่ายเหมือนในหนังจัง
line:2185f08c	I won't.	ผมไม่บอกหรอก
line:45950848	I would like that!	ผมชอบแบบนั้น!
line:099ec7fd	I would love to.	ผมยินดีมาก
line:e6006cd6	I wouldn't mind!	ผมไม่ขัดเลย!
line:81905be1	I'd like to go out to eat.	ผมอยากออกไปกินข้าว
line:75b152eb	I'd love to talk more, truly, but class is soon.	ผมอยากคุยต่อจริงๆ แต่ใกล้ถึงเวลาเรียนแล้ว
line:2fe8a558	I'd love to!	ผมยินดีมาก!
line:87ba56cc	I'll be back again, yeah?	เดี๋ยวผมกลับมาอีกนะ?
line:ca035ef2	I'll be back again. It's nice having you as a friend.	ผมจะกลับมาอีก ดีใจที่มีคุณเป็นเพื่อน
line:0fcd9c26	I'll be back soon, yeah? Thanks for the wash.	ผมจะกลับมาเร็วๆ นี้นะ ขอบคุณที่อาบน้ำให้
line:d9f422eb	I'll be waiting at the bar for you tonight!	คืนนี้จะรอนายที่บาร์!
line:69dff2ec	I'll be waiting for the gate!	ผมจะรอให้เปิดประตู!
line:ae4d09f6	I'll be waiting for the gate!	ผมจะรอให้เปิดประตู!
line:ab616aac	I'll definitely keep this place in mind.	ผมจะจำที่นี่ไว้แน่นอน
line:b122441b	I'll get one ordered I promise!	ผมจะสั่งมาให้ สัญญา!
line:1642b6f1	I'll get out of your scales now. Thank you for the wash.	ผมจะไม่เกะกะแล้ว ขอบคุณที่อาบน้ำให้
line:707d2693	I'll get out of your scales...	จะไม่เกะกะนายแล้ว...
line:ca480eed	I'll get you two in contact then.	งั้นผมจะแนะนำให้รู้จักกัน
line:59416000	I'll go get the gate for ya'	ผมจะไปเปิดประตูให้นะ
line:6aa7ad03	I'll go get the gate for ya'	ผมจะไปเปิดประตูให้นะ
line:2a6d7e7d	I'll go get the gate for you.	เดี๋ยวผมไปเปิดประตูให้นะ
line:8107858d	I'll go get the gate for you.	ผมจะไปเปิดประตูให้คุณครับ
line:d1755010	I'll go get the gate for you.	เดี๋ยวผมไปเปิดประตูให้นะ
line:4d692a01	I'll go get the gate.	ผมจะไปเปิดประตู
line:a75bb519	I'll go get the gate.	ผมจะไปเปิดประตู
line:8689a124	I'll happily get that for you.	ยินดีหยิบมาให้เลย
line:48e99d7b	I'll have to close up shop first-	ผมต้องปิดร้านก่อน...
line:f2b894e2	I'll have to reserve your spot while you close up.	ฉันจะจองที่ให้นายระหว่างปิดร้าน
line:6c5e2459	I'll keep that in mind. I'm used to things being transactional.	จะจำไว้นะ ผมชินกับการที่ทุกอย่างต้องมีสิ่งแลกเปลี่ยน
line:956a0f47	I'll make sure to ask him next time I see him.	เจอเขาครั้งหน้าจะถามให้นะ
line:e64d21e4	I'll make sure to come back.	ฉันจะกลับมาแน่นอน
line:7c9fe106	I'll make sure to get out of your scales.	จะไม่เกะกะนายแล้ว
line:87006442	I'll make sure to tell others about this place	ผมจะบอกคนอื่นเรื่องที่นี่ด้วย
line:1db78e06	I'll make sure to tell you how it goes, yeah?	แล้วจะเล่าให้ฟังนะว่าเป็นยังไง?
line:49b6a167	I'll make sure you're <i>spotless.	ผมจะทำให้คุณ<i>สะอาดหมดจด
line:96981b61	I'll manage.	ผมจะผ่านไปให้ได้
line:9aa97614	I'll need this to be swift, students won't teach themselves.	ต้องขอให้เร็วหน่อย นักศึกษาสอนตัวเองไม่ได้หรอก
line:9ef857c8	I'll need to resurrect Igwix, oh how embarrassing!	ผมต้องคืนชีพอิกวิกซ์ น่าอายจริงๆ!
line:90a9a98e	I'll see you next time I come in, yeah?	ไว้เจอกันครั้งหน้าที่ผมมานะ?
line:d0f6a49a	I'll see you next time I come in, yeah?	ไว้เจอกันครั้งหน้าที่ผมมานะ?
line:160bf40f	I'll start prepping for it.	จะเริ่มเตรียมตัวแล้ว
line:8af64cb8	I'll take care of this, don't you worry.	ผมจะจัดการให้ ไม่ต้องห่วง
line:e20c6391	I'll tell you in a bit. Could you just get the gate for now?	เดี๋ยวเล่าให้ฟัง ตอนนี้ช่วยเปิดประตูก่อนได้ไหม?
line:04c62f9b	I'm <i>spotless</i>.	ผม<i>สะอาดหมดจด</i>
line:629f8cff	I'm a bit of a big deal around there.	ฉันมีชื่ออยู่พอสมควรแถวนั้น
line:d9272031	I'm a dragon.	ผมเป็นมังกร
line:675e7284	I'm a rule breaker!	ผมชอบแหกกฎ!
line:afcd5586	I'm a... kobold.	ผมเป็น... โคโบลด์
line:5d41b5d6	I'm all dirty still!	ฉันยังสกปรกทั้งตัว!
line:2f6eb3c3	I'm all soapy still!	ฉันยังมีสบู่เต็มตัว!
line:18707b19	I'm always happy to give you a wash!	ผมยินดีอาบน้ำให้คุณเสมอ!
line:3b01eb3b	I'm always happy to give you a wash!	ผมยินดีอาบน้ำให้คุณเสมอ!
line:d82b1a7d	I'm always happy to help. <i><size=70%> especially a big dragon.	ผมยินดีช่วยเสมอ <i><size=70%>โดยเฉพาะมังกรตัวใหญ่
line:46c6a3ed	I'm always happy to see you Ryan.	ผมดีใจที่เจอคุณเสมอ ไรอัน
line:75206eee	I'm always happy to see you Ryan.	ผมดีใจที่เจอคุณเสมอ ไรอัน
line:fa6e232e	I'm always happy to see you. I'll go get the gate for you.	ผมดีใจที่ได้เจอคุณเสมอ เดี๋ยวเปิดประตูให้
line:07e5fc05	I'm amazed!	ฉันทึ่งเลย!
line:4586d55d	I'm an asshole. I know I am.	ฉันมันไอ้เวร ฉันรู้
line:a6d46685	I'm certain he also finds you pleasant!	มั่นใจว่าเขาก็ชอบอยู่กับคุณ!
line:ef399e26	I'm doing good!	ผมสบายดี!
line:a6c1f2f4	I'm excited for you!	ผมตื่นเต้นแทนคุณเลย!
line:94fbdbf0	I'm excited for you. I'll get the gate!	ตื่นเต้นแทนเลย ผมเปิดประตูให้!
line:f83e4966	I'm excited to hear about it!	ตั้งตารอฟังเลย!
line:bd55b8f4	I'm excited to see them washing down the drain though.	แต่ก็ตื่นเต้นที่จะเห็นมันไหลลงท่อ
line:24832f01	I'm excited.	ฉันตื่นเต้นนะ
line:69f406a6	I'm excited.	ฉันตื่นเต้นนะ
line:a00f681d	I'm excited.	ผมตื่นเต้นนะ
line:a0479425	I'm excited.	ผมตื่นเต้นนะ
line:b5d7d26f	I'm excited.	ผมตื่นเต้นนะ
line:d66b9155	I'm excited.	ผมตื่นเต้นนะ
line:4e1b1d0a	I'm glad you derive enjoyment from this as well.	ดีใจที่คุณเองก็สนุกกับมัน
line:5db47405	I'm glad you enjoy him. I'm certain he finds you pleasant.	ดีใจที่คุณชอบเขา ผมมั่นใจว่าเขาก็ชอบอยู่กับคุณ
line:c56ee060	I'm glad you enjoy my crest.	ดีใจที่คุณชอบตราผม
line:f44a1493	I'm glad you trust me.	ดีใจที่คุณไว้ใจผม
line:3a2ed5ef	I'm glad you two are working out though.	แต่ดีใจที่คุณสองคนไปได้ดีนะ
line:c0972e81	I'm glad you two are working out.	ดีใจที่คุณสองคนไปได้ดี
line:34ba77b1	I'm glad you were able to make the choice that was best for you.	ดีใจที่คุณเลือกสิ่งที่ดีที่สุดให้ตัวเองได้
line:d5a90e1c	I'm glad!	ดีใจจัง!
line:286fec49	I'm glad.	ดีใจนะ
line:42f5fd9d	I'm glad.	ดีใจนะ
line:99b6dc81	I'm glad.	ดีใจนะ
line:570d4953	I'm happy for you!	ดีใจด้วยนะ!
line:ac6d5bd3	I'm happy for you!	ดีใจด้วยนะ!
line:ed5c40ca	I'm happy for you!	ดีใจด้วยนะ!
line:79099951	I'm happy to be here too.	ผมก็ดีใจที่ได้มาที่นี่
line:99fd9b51	I'm happy to give you a place you can relax.	ดีใจที่ให้คุณมีที่ผ่อนคลายได้
line:5d36d5c8	I'm happy to have met you.	ดีใจที่ได้รู้จักคุณ
line:ce21622a	I'm happy to hear that.	ดีใจที่ได้ยินนะ
line:69963a6c	I'm happy you feel comfy here.	ดีใจที่คุณสบายใจที่นี่
line:38388248	I'm here for a wash.	ผมมาอาบน้ำ
line:a6974256	I'm here if you need someone to talk to.	ผมอยู่นี่ ถ้าคุณต้องการคนคุยด้วย
line:6690512d	I'm impressed.	ฉันประทับใจนะ
line:2e424b13	I'm in need of another wash.	ผมต้องอาบน้ำอีกแล้ว
line:ef91a572	I'm Jealous!	ฉันอิจฉา!
line:a79b8639	I'm just happy I don't feel judged here.	ผมแค่ดีใจที่อยู่ที่นี่แล้วไม่ถูกตัดสิน
line:8076eb95	I'm just here for a wash though.	แต่ฉันแค่มาอาบน้ำ
line:c2caa0b7	I'm just here to bring you food!	ผมแค่เอาอาหารมาให้คุณ!
line:ec6c7823	I'm just... Happy.	ผมแค่... มีความสุข
line:ed4b0d48	I'm kind of excited.	ผมตื่นเต้นนิดหน่อย
line:266c652e	I'm looking forward to seeing you again	ผมรอที่จะได้เจอคุณอีก
line:e91e2041	I'm not <i>that</i> little-	ผมไม่ได้เล็ก<i>ขนาดนั้น</i>...
line:cf05a364	I'm not certain why I suddenly understand your 'Yips'	ไม่แน่ใจว่าทำไมอยู่ๆ ถึงเข้าใจเสียง “ยิป” ของคุณ
line:dcc4774b	I'm not too sure. It was on sale at WingCo.	ก็ไม่ค่อยแน่ใจ มันลดราคาที่ WingCo
line:5b31909a	I'm only doing what I think is right.	ผมแค่ทำสิ่งที่คิดว่าถูก
line:7fe349d7	I'm profoundly embarrassed by this whole ordeal.	เรื่องทั้งหมดนี้ทำให้ผมอับอายอย่างมาก
line:cfaffc52	I'm pumped.	ฉันตื่นเต้นมาก
line:c0a140f8	I'm really fond of letting folks ride on my back.	ผมชอบให้คนอื่นขี่หลังมาก
line:1a5e6184	I'm really looking forward to this.	ผมตั้งตารอจริงๆ
line:8b43a434	I'm really sorry you got hurt. Who did this?	เสียใจจริงๆ ที่คุณเจ็บ ใครทำ?
line:69ffe957	I'm so excited about this date!	ผมตื่นเต้นกับเดตนี้มาก!
line:e6290003	I'm so excited. I'll get you two in contact!	ตื่นเต้นจัง ผมจะแนะนำให้รู้จักกัน!
line:e8611ad0	I'm sorry for dumping that all on you earlier.	ขอโทษที่เมื่อกี้เอาเรื่องทั้งหมดมาระบายใส่คุณ
line:e613b1c3	I'm sorry I snapped at you earlier.	ขอโทษที่เมื่อกี้ใส่อารมณ์กับนาย
line:de208e68	I'm sorry you got hurt...	เสียใจด้วยที่คุณบาดเจ็บ...
line:4843bb47	I'm still very muddy, if you could soap me up that'd be great.	ยังมีโคลนเยอะเลย ถ้าถูสบู่ให้จะดีมาก
line:51d4e418	I'm such an idiot.	ฉันมันโง่จริงๆ
line:32114891	I'm sure nobody will know...	มั่นใจว่าไม่มีใครรู้...
line:17a05c96	I'm sure we'll figure something out! just meet me at the pier!	เราต้องคิดอะไรได้แน่ มาเจอกันที่ท่าเรือก็พอ!
line:8136ef1a	I'm surprised how nice it is.	ไม่คิดว่าจะสบายขนาดนี้
line:722c6ab2	I'm thinking a date soon.	คิดว่าจะไปเดตเร็วๆ นี้
line:3471e9b1	I'm trying my best.	ฉันพยายามเต็มที่
line:01492e5e	I'm trying not to be pushy.	ฉันพยายามไม่บังคับใคร
line:4d6cd625	I'm trying to get away from the house for a bit.	อยากออกห่างจากบ้านสักพัก
line:c1ef777a	I'm unsure why speaking with you is so easy.	ไม่รู้ทำไมคุยกับคุณถึงง่ายนัก
line:822c0718	I'm very excited.	ผมตื่นเต้นมาก
line:ddab3d34	I'm very satisfied with these results..	ผมพอใจผลลัพธ์มาก...
line:03eb977c	I'm well aware. A deep clean has a distinct feel!	ผมรู้ดี การทำความสะอาดอย่างล้ำลึกให้ความรู้สึกต่างออกไป!
line:f9193c0d	I'm willing to do it. But I'd like something new.	ผมพร้อมจะจัดการนะ แต่ก็อยากมีอะไรใหม่ๆ
line:63981253	I'm... Happy.	ผม... มีความสุข
line:f80bd44b	I'm... not certain I'd like to use this today.	ผม... ไม่แน่ใจว่าวันนี้อยากใช้นี่ไหม
line:d422462e	I'm... not sure I can answer that for you.	ผม... ไม่แน่ใจว่าจะตอบแทนคุณได้
line:8f107933	I'm... Rather close now	ผม... ใกล้แล้ว
line:24c52c54	I'm... wondering...	ผม... สงสัยว่า...
line:6bbd7f1d	I've always hated the rain.	ผมเกลียดฝนมาตลอด
line:b4353808	I've always loved giving my biped friends rides...	ผมชอบให้เพื่อนสองขาขี่หลังมาตลอด...
line:9541fceb	I've been considering asking you this for a while now.	ผมคิดว่าจะชวนคุณแบบนี้มาสักพักแล้ว
line:505154a4	I've been thinking...	ผมคิดว่า...
line:58b4f5fb	I've been told it's polite to talk to smaller folk face to face.	มีคนบอกว่าคุยกับคนตัวเล็กกว่าแบบต่อหน้าถึงจะสุภาพ
line:2c560e29	I've been trying to get into the social sciences aswell.	ผมกำลังพยายามศึกษาสังคมศาสตร์ด้วย
line:b4a29141	I've got a guy who can drop a gift by tomorrow that would spruce things up.	ฉันรู้จักคนที่จะเอาของขวัญมาส่งพรุ่งนี้ ช่วยให้ที่นี่ดีขึ้น
line:212f0021	I've had a lot of free time lately.	ช่วงนี้มีเวลาว่างเยอะ
line:701b9feb	I've had a lot of free time lately.	ช่วงนี้มีเวลาว่างเยอะ
line:79da763f	I've had a lot of free time lately.	ช่วงนี้มีเวลาว่างเยอะ
line:3c4443fd	I've seen bigger	ผมเคยเห็นใหญ่กว่านี้
line:d7a90078	I...	ผม...
line:393d0e05	I... hm.	ผม... อืม
line:0da5609b	I... Know this is unprompted.	ผม... รู้ว่านี่พูดขึ้นมาลอยๆ
line:5cfb94b9	If a relationship is <i>so</i> bumpy and you know its going to end.	ถ้าความสัมพันธ์มีปัญหา<i>ขนาดนั้น</i> และรู้ว่ามันต้องจบ
line:b2f52b23	If I could uhm...	ถ้าผมจะ เอ่อ...
line:b4990e3d	If I'm honest. I've had a crush on you for a bit.	พูดจริงๆ ผมแอบชอบคุณมาสักพักแล้ว
line:7c13c28e	If only.	ถ้ามีล่ะนะ
line:a56c5621	If someone like Ryan is interested, you're doing great.	ถ้าคนอย่างไรอันสนใจคุณ ก็ทำได้ดีแล้ว
line:52f28749	If we're caught violating another policy my reputation would be in ruins!	ถ้าถูกจับได้ว่าฝ่าฝืนกฎอีก ชื่อเสียงผมจะพัง!
line:83f511d2	If ya' place the mount for me I'll have at it.	ถ้านายวางแท่นให้ ฉันจะจัดเลย
line:7ead92b1	If you could come up front so I could talk.	ช่วยมาข้างหน้าให้ผมคุยหน่อย
line:e78656aa	If you could come up to where I can see you.	ช่วยเดินมาที่ที่ผมเห็นคุณได้หน่อย
line:9a013329	If you wanna talk about it more, I've got a minute.	ถ้าอยากคุยต่อ ผมยังมีเวลานิดหน่อย
line:3d014153	If you want to use it that's fine!	ถ้าอยากใช้ก็ได้เลย!
line:a9eb9a76	if you're seeing this please grab nael or submit a bug report	ถ้าเห็นข้อความนี้ โปรดติดต่อ nael หรือส่งรายงานบั๊ก
line:b9ab4eed	Im not complaining though.	แต่ฉันไม่บ่นหรอก
line:27340362	In a bad way?	ในทางที่ไม่ดี?
line:2019bb85	In a good way?	ในทางที่ดี?
line:91d5fb72	Incredible!	เหลือเชื่อ!
line:61c8781b	Indeed! You're the only kobold I wish to wash me now.	ใช่! ตอนนี้มีโคโบลด์คนเดียวที่ผมอยากให้อาบน้ำให้ คือคุณ
line:a5979ac9	Indeed, you must know of my crest! I teach alchemy.	ใช่ คงจำตราประจำตระกูลผมได้! ผมสอนเล่นแร่แปรธาตุ
line:dd9d30d2	Indeed. I'm glad you were able to help.	ใช่ ดีใจที่คุณช่วยได้
line:fd5ddfcb	Indeed. You're an excellent person to be around.	ใช่ อยู่ใกล้คุณแล้วดีมาก
line:78c9b5cc	Is everything okay?	ทุกอย่างโอเคไหม?
line:bea8f1f7	Is something on your mind?	มีเรื่องอะไรในใจไหม?
line:6b6dd8bc	Is that a good thing...?	เป็นเรื่องดีเหรอ...?
line:848727f2	Is that a threat...?	นี่ขู่เหรอ...?
line:db302830	Is that why you came in the first time?	นี่เป็นเหตุผลที่คุณมาครั้งแรกเหรอ?
line:00e41343	Is this good?	แบบนี้ดีไหม?
line:7982d3d8	Is this the right place?	มาถูกที่แล้วใช่ไหม?
line:c48f59a9	Is this the right place?	มาถูกที่แล้วใช่ไหม?
line:b05f6eea	Isn't that... Wood?	นั่นไม่ใช่... ไม้เหรอ?
line:bf137cb4	It arrived this morning, it should be near the gate.	ของมาถึงเช้านี้ น่าจะอยู่ใกล้ประตู
line:5080b6dd	It depends! Dragon thing.	แล้วแต่! เรื่องของมังกรน่ะ
line:34cf0601	It did! Thanks for asking.	ดีเลย! ขอบคุณที่ถาม
line:900dca3c	It does wonders.	ก็สร้างปาฏิหาริย์ได้
line:cfd504c5	It does wonders.	ก็สร้างปาฏิหาริย์ได้
line:ac13bf68	It is indeed rather cool.	มันเจ๋งทีเดียว
line:ea445b46	It is rather novel isn't it?	เป็นอะไรที่แปลกใหม่ใช่ไหม?
line:56d34a41	It is? Good to know...	จริงเหรอ? ดีที่ได้รู้...
line:b058318f	It means you're doing a good job in kobold.	ภาษาโคโบลด์แปลว่าคุณทำได้ดี
line:13c906c7	It really has been. You're wonderful.	ดีจริงๆ คุณยอดเยี่ยม
line:b032bfb1	It turns out baking is messy!	ปรากฏว่าอบขนมแล้วเลอะมาก!
line:da4f12a1	It turns out baking is messy!	ปรากฏว่าอบขนมแล้วเลอะมาก!
line:e106207b	It turns out baking is messy!	ปรากฏว่าอบขนมแล้วเลอะมาก!
line:e0c8c57b	It was good. We had sex.	ดีนะ เรามีเซ็กซ์กัน
line:681117ec	It was great. Conrad is wild. Good wild.	ดีมาก คอนราดดุเดือด ในทางที่ดี
line:28eee9f5	It went great!	ดีมากเลย!
line:92bfe06c	It went great!	ดีมากเลย!
line:a5d2b991	It went well.	ไปได้ดีนะ
line:1ab5969b	It would be a... date. As most would say.	มันจะเป็น... เดต อย่างที่คนทั่วไปเรียกกัน
line:8440a3f4	It's a regrettable state I find myself in...	เป็นสภาพที่น่าละอายจริงๆ...
line:1706e86d	It's also new to me...	สำหรับผมก็ใหม่เหมือนกัน...
line:c1b8e62b	It's always good when a kobold knows what they like.	โคโบลด์ที่รู้ว่าตัวเองชอบอะไรน่ะดีเสมอ
line:deffce5c	It's crazy how much your neck can handle.	เหลือเชื่อที่คอคุณรับได้ขนาดนั้น
line:2e182063	It's difficult to find folks that are outside of my current bubble.	หาคนที่อยู่นอกวงสังคมเดิมยากจัง
line:48cfc92b	It's endearing!	น่าเอ็นดูดี!
line:5b6f00bd	It's fine.	ไม่เป็นไรหรอก
line:13dc0f15	It's fine. I close in about an hour.	ไม่เป็นไร อีกประมาณชั่วโมงค่อยปิด
line:23ac92c8	It's freeing. I'll be back, yeah?	รู้สึกเป็นอิสระดี ผมจะกลับมานะ?
line:de9fdb93	It's hard to hold back..	กลั้นยากจัง...
line:9ebea3d0	It's hard to not be nervous after everything...	หลังจากทุกเรื่องที่ผ่านมา มันอดกังวลไม่ได้...
line:ec8243d8	It's interesting; you bipeds tend to savor your meals.	น่าสนใจนะ พวกสองขาอย่างคุณมักค่อยๆ ละเลียดอาหาร
line:d50cb509	It's just that something happened to Conrad, I hope he's okay.	แค่มีอะไรเกิดขึ้นกับคอนราด หวังว่าเขาจะโอเค
line:bee6c7dd	It's just that...	แค่...
line:3b76093c	It's made for eating things whole.	มันถูกสร้างมาให้กลืนทั้งชิ้น
line:19f36dc0	It's my dream.	มันคือความฝันของผม
line:18db795f	It's never easy to end things.	การจบความสัมพันธ์ไม่เคยง่าย
line:049fb01f	It's nice to have friends to rely on.	ดีนะที่มีเพื่อนให้พึ่งพา
line:ed69e3a1	It's nice to relinquish control, even for a moment.	การปล่อยการควบคุมให้คนอื่นบ้างก็ดี แม้เพียงชั่วครู่
line:e9d34ea0	It's no biggie. It sounds like everyone is fine.	ไม่ใช่เรื่องใหญ่ ฟังดูทุกคนปลอดภัยดี
line:7e511da7	It's okay!	ไม่เป็นไร!
line:b14d8520	It's okay, you sound like you need it.	ไม่เป็นไร ดูเหมือนคุณต้องการคนรับฟัง
line:50b95260	It's okay. I needed to. She wasn't making me happy.	ไม่เป็นไร ผมจำเป็นต้องทำ อยู่กับเธอแล้วผมไม่มีความสุข
line:47455767	It's okay. I'll figure something out.	ไม่เป็นไร ผมจะหาทางเอง
line:9287c933	It's starting to feel like it's <i>my</i> fault.	เริ่มรู้สึกว่าเป็นความผิด<i>ฉัน</i>
line:7ab244af	It's the best way to enjoy food.	นี่เป็นวิธีกินอาหารให้อร่อยที่สุด
line:0b7589ff	It's the mount you asked for.	แท่นที่คุณขอไง
line:a5780e74	It's wonderful to be back!	ได้กลับมานี่ยอดเยี่ยมจริงๆ!
line:649e8eb3	Its a nice get away from everything out there.	ได้หลบจากเรื่องวุ่นๆ ข้างนอกบ้างก็ดี
line:d0361dd9	Its like an equine fusion thing...	เป็นอาหารฟิวชันแบบเผ่าม้าน่ะ...
line:df86a610	Jokes aside, your wash is definitely the best.	เลิกเล่นมุกก่อน ที่นี่อาบน้ำดีที่สุดจริงๆ
line:7fe40d2b	Just a rough day. Hoping this helps!	แค่วันนี้หนักหน่อย หวังว่าอาบน้ำแล้วจะดีขึ้น!
line:ce77a00e	Just did!	เพิ่งคุยเสร็จ!
line:7c93c604	Just doing my job!	แค่ทำงานของผม!
line:fa0a9fbb	Just having fun.	แค่สนุกน่ะ
line:9e9425cd	Just possibly...	อาจเป็นไปได้ว่า...
line:1d73a343	Just some drake at the bar. Was stupid... Couldn't shut my mouth.	ก็แค่มังกรตัวหนึ่งที่บาร์ ฉันโง่เอง... หุบปากไม่เป็น
line:ecb9a15d	Just touch me with your hand and I'll try to help.	แค่แตะด้วยมือ ผมจะพยายามช่วย
line:14209365	Just uhm... Don't tell anyone I'm saying all this.	แค่ เอ่อ... อย่าบอกใครว่าฉันพูดเรื่องพวกนี้นะ
line:3bac1dad	Just... open the gate.	แค่... เปิดประตูเถอะ
line:4f826403	Keep going a little longer please	ช่วยทำต่ออีกนิดนะ
line:087039ba	Keep going.	ทำต่อสิ
line:d8f92323	Kinda! I've been getting out more.	ก็มี! ฉันออกไปข้างนอกมากขึ้น
line:b965b4dd	Knock that off, we're not done yet. Right?	หยุดก่อน เรายังไม่เสร็จใช่ไหม?
line:d9d276bb	Kobolds always seem enamored by me eating.	โคโบลด์ดูจะหลงใหลตอนผมกินเสมอ
line:0274cacd	Kobolds are very flexible. It will fit.	โคโบลด์ยืดหยุ่นมาก ใส่ได้แน่
line:20cb68b9	lemme in?	ให้เข้าไปหน่อย?
line:41d5085a	Let go whenever you are ready.	พร้อมเมื่อไรก็ปล่อยได้เลย
line:29a77d09	Let me give it a try!	ให้ฉันลองสิ!
line:265e14cb	Let me know when you're finished rinsing.	บอกด้วยเมื่อล้างน้ำเสร็จ
line:0e1fd4b0	Let the <i>big C</i> out of this place!	ปล่อย<i>บิ๊กซี</i>ออกไปได้แล้ว!
line:f7382398	Let's get going~!	เริ่มกันเลย~!
line:c50535b3	Let's have it!	เอามาเลย!
line:9accd60e	Lets wash it off for our date tonight then.	งั้นล้างออกก่อนเดตคืนนี้กัน
line:7ce1b833	Like what?	แบบไหน?
line:cb91e703	Like, I love those around me, but there's a lot of baggage there.	ผมรักคนรอบตัวนะ แต่มีเรื่องเก่าๆ พัวพันกันเยอะ
line:aa1c54ab	Like, in general.	หมายถึงทุกเรื่อง
line:bbe51f87	Like, in general.	หมายถึงทุกเรื่อง
line:7b7b0a3f	Like, the future of my relationships.	แบบว่า อนาคตของความสัมพันธ์น่ะ
line:db79a905	Like... a lemon?	แบบ... เลมอน?
line:ffd7dcc4	Like... An asshole? I know I'm miserable to be around.	แบบ... ไอ้เวรไง? รู้ว่าอยู่กับฉันแล้วไม่มีความสุข
line:a0a0a49c	Like... sexual stuff?	หมายถึง... เรื่องเซ็กซ์เหรอ?
line:9becd177	Look at me! I'll be the laughing stock of my students.	ดูผมสิ! นักศึกษาต้องหัวเราะเยาะแน่
line:9711cf03	Lookin' for a hose down. Wouldn't mind using the mount aswell.	อยากให้ฉีดน้ำล้างตัว ใช้แท่นด้วยก็ดี
line:abdb5822	Looking forward to seeing ya'	รอเจอคุณอยู่นะ
line:5c335985	Looking forward to seeing you soon.	หวังว่าจะได้พบคุณเร็วๆ นี้
line:1d0abc80	Looking forward to the wash.	รอที่จะได้อาบน้ำแล้ว
line:646279a0	Looks like it.	ดูเหมือนงั้น
line:b6093881	Looks like ya' got a shipment, eh?	ดูเหมือนมีของมาส่งนะ?
line:f1fc3e3c	Luckily death via spontaneous combustion is a concept we have thoroughly curtailed in the modern world.	โชคดีที่โลกยุคใหม่ของเราลดการตายจากการลุกไหม้เองได้มากแล้ว
line:d2ba8ba9	Made a bit of a mess... Still worth it.	ทำเลอะนิดหน่อย... แต่คุ้ม
line:301e8665	Make haste! My reputation is on the line.	เร็วเข้า! ชื่อเสียงผมเป็นเดิมพัน
line:5072cc60	Make sure you're very clean. <size=70%><i>hehe.	ต้องสะอาดมากๆ นะ <size=70%><i>ฮิๆ
line:da21cf49	Makes sense! Yeah tiny drakes are fun.	เข้าใจได้! มังกรตัวเล็กสนุกดี
line:22b2643b	Makes sense.	ก็สมเหตุสมผลนะ
line:e7f0e9ed	Makes sense.	ก็สมเหตุสมผลนะ
line:89c9a73b	Many think it's part of my body.	หลายคนคิดว่าเป็นส่วนหนึ่งของร่างกาย
line:d7bcbe29	Max says I'm a clumsy dragon,	แม็กซ์บอกว่าผมเป็นมังกรซุ่มซ่าม
line:db986d0d	May you open the gate?	ช่วยเปิดประตูได้ไหม?
line:76a97730	Maybe later...?	ไว้ทีหลังไหม...?
line:08a422ba	Maybe like...	บางทีแบบว่า...
line:6f293b7a	Maybe someone new...	อาจเป็นคนใหม่...
line:d2558a04	Maybe someone?	อาจเป็นใครสักคน?
line:67a46ddc	Maybe we can hang out later?	ไว้เราไปเที่ยวกันไหม?
line:5691478f	Maybe we could just... Walk?	หรือเราแค่... เดินเล่น?
line:7734bf93	Me too, thanks!	ผมด้วย ขอบคุณ!
line:627a13e4	Me too.	ผมด้วย
line:d3c733f5	Me too.	ผมด้วย
line:ffa63d1b	Me too.	ผมด้วย
line:040ee2a7	me too.	ผมด้วย
line:d13cd125	Me.	ตัวเอง
line:14e7b293	Me?	ผม?
line:b9cb051a	Means I'm ready to go on a date with a certain kobold.	แปลว่าพร้อมไปเดตกับโคโบลด์คนหนึ่งแล้ว
line:e5da247d	Means you know how to get hands on!	แปลว่ารู้จักใช้มือสิ!
line:171707d2	Mhm!	อื้ม!
line:11306335	Mhm! Come back anytime.	อื้ม! แวะมาได้ทุกเมื่อ
line:69dd6a73	Mhm! he's trying to meet new people.	อื้ม! เขากำลังพยายามรู้จักคนใหม่ๆ
line:da17b746	Mhm! I'm <i>the</i> kobold!	อื้ม! ผมนี่แหละ<i>โคโบลด์คนนั้น</i>!
line:a0cb3f78	Mhm! that's him.	อื้ม! คนนั้นแหละ
line:164fdb01	Mhm, he's trying.	อื้ม เขาพยายามอยู่
line:1a663dcf	Mhm, right this way.	อื้ม เชิญทางนี้
line:3cd8a8bd	Mhm... Thank you.	อืม... ขอบคุณ
line:4546abce	Might seem kinda weird to ask now. Buuuut.	อาจจะแปลกที่ถามตอนนี้ แต่ก็...
line:57d8b72a	Mind opening the gate to let me out?	ช่วยเปิดประตูให้ผมออกหน่อยได้ไหม?
line:b2a507ab	Mind opening the gate to let me out?	ช่วยเปิดประตูให้ผมออกหน่อยได้ไหม?
line:6d726280	Mind washing more?	ช่วยล้างเพิ่มหน่อยได้ไหม?
line:c8281b83	Mmm, I understand that to mean you'll get the gate?	อืม ผมเข้าใจว่าแปลว่าคุณจะเปิดประตู?
line:dd0c77ae	Mmm, Yeah I know the type.	อืม ใช่ ผมรู้จักแบบนั้น
line:d8cafcc7	mmm..	อืม...
line:729cea0c	Mmmhm, I always do my best.	อื้ม ผมตั้งใจเต็มที่เสมอ
line:f36b8b76	Mmmhm. I'll work on my sleep schedule...	อื้ม จะปรับเวลานอนให้ดีขึ้น...
line:d38efb75	Mmmmhm, gotta prep for a date with him.	อื้ม ต้องเตรียมตัวไปเดตกับเขา
line:a78dd44b	mmph! (Yea!)	อื้มฟ์! (ใช่!)
line:b132719c	Mmph- Hm?	อืมฟ์... หืม?
line:16ee6b14	Money... mmm...	เงิน... อืม...
line:d8cc8048	Most people do!	คนส่วนใหญ่ก็ชอบ!
line:3d723db0	Must mean you two are a good match.	คงแปลว่าคุณสองคนเหมาะกัน
line:9ca994a5	My bad	ผมผิดเอง
line:aaecba3d	My bad	ผมผิดเอง
line:fedbf70c	My colleague, professor Igwyx, wished to use me as a platform.	ศาสตราจารย์อิกวิกซ์ เพื่อนร่วมงานผม อยากใช้ผมเป็นแท่นยืน
line:08af3902	My date with Ryan was...	เดตกับไรอันของฉัน...
line:116b5405	My date with Ryan was...	เดตกับไรอันของฉัน...
line:e26c3b65	My first ever Yarn script in Unity!	สคริปต์ Yarn แรกของฉันใน Unity!
line:f15b014f	My names Ryan. So...	ผมชื่อไรอัน คือว่า...
line:e4aced7b	My students could learn a thing or two from your work ethic!	นักศึกษาของผมน่าจะเรียนรู้ความขยันจากคุณบ้าง!
line:dfe74420	My-	โอ้...
line:9b915bf2	Nah.	ไม่ชอบ
line:c3642dec	Nah.	ไม่
line:393c128a	Never cleaned a teacher dragon... woah.	ไม่เคยอาบน้ำให้มังกรอาจารย์เลย... โห
line:a99b03ed	Never tried it.	ไม่เคยลองเลย
line:6df809e1	Nevermind. Could you get the gate?	ช่างเถอะ เปิดประตูให้หน่อยได้ไหม?
line:d3a50f3f	Next time I come in for a wash we'll go.	ฉันมาอาบน้ำครั้งหน้า เราค่อยไปกัน
line:ac5afd96	Next time I come in I'll have reservations!	ครั้งหน้าที่มาจะจองไว้เรียบร้อย!
line:8990fcc9	Nice! Whats with all the... Gloop?	ดีเลย! แล้วอะไรที่... เละๆ นี่?
line:1d4b8528	Nice. Gotta open the gate though. Let Conrad in!	ดี แต่เปิดประตูก่อน ให้คอนราดเข้าไปสิ!
line:acab92d4	Nnf... I believe I needed that. Thank you.	อึฟ... คิดว่าผมต้องการแบบนั้น ขอบคุณ
line:8fe11008	Nnnf... That was way better than those berries.	อื๊อ... ดีกว่าเบอร์รีพวกนั้นเยอะ
line:b251704a	No	ไม่โกรธ
line:e05c2dca	No	ไม่
line:dc86c2de	no	ไม่
line:5794ea87	No amount of justification makes it feel good though.	แต่มีเหตุผลแค่ไหนก็ไม่ได้ทำให้รู้สึกดีขึ้น
line:5a5ec440	No I actually just got it	ไม่ จริงๆ ผมเพิ่งได้มา
line:cd5f07ca	No more excuses.	ไม่แก้ตัวแล้ว
line:4b38230f	No need for thanks. I'll get the gate.	ไม่ต้องขอบคุณหรอก ผมเปิดประตูให้
line:11604fbd	No need to be nervous, Alexander!	ไม่ต้องกังวล อเล็กซานเดอร์!
line:eefef647	No need to be.	ไม่ต้องอายหรอก
line:73ea230a	No no, you're a certified cleaner yeah?	ไม่ๆ นายเป็นคนอาบน้ำมีใบรับรองใช่ไหม?
line:743c64e6	No not really.	ไม่ คงไม่ค่อยโอเค
line:50feefe8	No problem!	ไม่มีปัญหา!
line:1a9a36e1	No problem! Can't wait for you to meet Conrad.	ไม่มีปัญหา! รอให้คุณได้เจอคอนราดไม่ไหวแล้ว
line:0a9993d2	No problem, thanks!	ไม่มีปัญหา ขอบคุณ!
line:10bdb3a4	No problem, thanks!	ไม่มีปัญหา ขอบคุณ!
line:3a8f65fa	No problem.	ไม่มีปัญหา
line:ee3d0ee4	No problem. Let me get that gate for ya'!	ไม่มีปัญหา เดี๋ยวเปิดประตูให้!
line:eedccaec	No way.	ไม่มีทาง
line:f0351f0c	No way.	ไม่มีทาง
line:d726f776	No worries,	ไม่ต้องห่วง
line:12b7a5b3	No! I mean, yes, but for the sake of my reputation could you please keep my incursion here to yourself.	ไม่! หมายถึงใช่ แต่เพื่อชื่อเสียงผม ช่วยเก็บการมาที่นี่เป็นความลับ
line:f7f963e3	No, I am.	ไม่ ผมสกปรกจริงๆ
line:54faa7c0	No, I don't think I do.	ไม่ ผมว่าไม่ต้อง
line:38419d8b	No, it's not. No more excuses.	ไม่ มันไม่โอเค ไม่แก้ตัวแล้ว
line:cd9b2a8f	No, thank you. I'm... Really excited.	ไม่ ผมต่างหากที่ต้องขอบคุณ ผม... ตื่นเต้นมาก
line:1af1ad05	No, we don't offer things like that here.	ไม่ ที่นี่ไม่ได้ให้บริการแบบนั้น
line:cb7e94e5	no.	ไม่
line:6128a09c	No. A lime that is yellow.	ไม่ มะนาวที่เปลือกเป็นสีเหลือง
line:de25dacd	No. I'm not. Do you have a medkit or not?	ไม่ ไม่โอเค มีหรือไม่มีกล่องปฐมพยาบาล?
line:1cc64bcf	No.. No it's fine... thank you.	ไม่... ไม่เป็นไร... ขอบคุณ
line:525f5744	Nope	ไม่
line:fbd2c3e7	Nope.	ยังเลย
line:5406ba8e	Normally I'd say yes to a mount. But, not right now.	ปกติฉันเอาแท่นนะ แต่ตอนนี้ไม่
line:ab92da6a	Not anymore at least!	อย่างน้อยตอนนี้ก็ไม่แล้ว!
line:0cfcd179	Not for a date though.	แต่ไม่เหมาะกับไปเดต
line:d1b90e2c	Not sure yet.	ยังไม่แน่ใจ
line:e9643b5d	Not yet.	ยังไม่พร้อม
line:326cc84d	Not yet. a little longer.	ยัง อีกนิด
line:56a729f6	Nothing more attractive than a man who can improve!	ไม่มีอะไรน่าดึงดูดกว่าผู้ชายที่พัฒนาตัวเองได้!
line:b5dabf9f	Nothing more attractive than a man who can improve!	ไม่มีอะไรน่าดึงดูดกว่าผู้ชายที่พัฒนาตัวเองได้!
line:8a321997	Now I'm eyeballing the mount...	ตอนนี้ฉันเหล่มองแท่นอยู่...
line:5e0a6d7a	Now I'm out here, agh!	ทีนี้ผมเลยต้องมานี่ โอ๊ย!
line:564a9606	Now they'll never need to know!	ทีนี้ก็ไม่ต้องให้ใครรู้แล้ว!
line:d66b7986	Now!	ทีนี้!
line:63596bb3	Now, do you have a medkit or not?	ตกลงมีกล่องปฐมพยาบาลหรือไม่มี?
line:eefc4e9f	Now, lemme in! I want to try that thing out!	งั้นให้ฉันเข้าไป! อยากลองไอ้นั่นแล้ว!
line:0554966a	Now, more food?	ทีนี้ กินต่อไหม?
line:3fb3f8d4	Now, round two!	ตอนนี้รอบสอง!
line:12e6043e	Now... Food?	ทีนี้... กินกันไหม?
line:5f8b2de4	oah. <size=70%>okay.	อ๋อ <size=70%>ได้
line:13223129	Of course	แน่นอน
line:283e56d8	Of course I am! I know I'm very...	แน่นอน! ฉันรู้ว่าตัวเอง...
line:5788e15c	Of course I do. I'm a <i>professional</i>.	แน่นอน ผมเป็น<i>มืออาชีพ</i>
line:0b226939	Of course it is!	ไม่เป็นไรอยู่แล้ว!
line:f21dd9d4	Of course it is!	ไม่เป็นไรอยู่แล้ว!
line:642255fc	Of course!	แน่นอน!
line:76f8c20c	Of course!	แน่นอน!
line:877aced7	Of course!	แน่นอน!
line:d2401e75	Of course!	แน่นอน!
line:f9eb2b4a	Of course! Right this way!	แน่นอน! ทางนี้เลย!
line:0d20d327	Of course! Thank you for the food.	แน่นอน! ขอบคุณสำหรับอาหาร
line:4da976f5	Of course! You run a fine establishment.	แน่นอน! คุณดูแลกิจการได้ดี
line:b629bcf2	Of course! You're wonderful.	แน่นอน! คุณยอดเยี่ยม
line:b6c96475	Of course, you run a fine establishment.	แน่นอน คุณดูแลกิจการได้ดี
line:dd082478	Of course.	ได้แน่นอน
line:203cc3d2	Of course. One moment!	ได้เลย สักครู่!
line:fd145efe	Of course. Sorry you're going through all this.	แน่นอน เสียใจด้วยที่คุณต้องเจอเรื่องพวกนี้
line:7305cdbc	Oh cool!	อ๋อ เจ๋งเลย!
line:eb6ae4c3	Oh cool!	อ๋อ เจ๋งเลย!
line:77c996e8	Oh damn! You really are adventurous!	โอ้ แม่ง! นายกล้าลองจริงๆ!
line:3fdb9d01	Oh fcuk something went wrong	เชี่ย มีอะไรผิดพลาดแล้ว
line:9e403ecd	Oh fuck yeah.	โอ้ แม่ง ใช่เลย
line:13c39c50	Oh fudge, forget I said that!	ตายจริง ลืมที่ผมพูดไปซะ!
line:e722753e	Oh goodness no..	โอ้ ไม่เลย...
line:55e3dd36	Oh hi! um..	อ๋อ สวัสดี! เอ่อ...
line:e8ee5747	Oh hi! um..	อ๋อ สวัสดี! เอ่อ...
line:b90f527f	Oh huh, that's the tiny drake I saw coming in a bit back yeah?	อ๋อ มังกรตัวจิ๋วที่ผมเห็นเข้ามาก่อนหน้านี้ใช่ไหม?
line:001ab950	Oh I heard good things about that.	อ๋อ ได้ยินคำชมเรื่องนี้เยอะ
line:0a4a28c0	Oh I see the button there, gotcha!	อ๋อ เห็นปุ่มตรงนั้นแล้ว เข้าใจแล้ว!
line:c6b0b1aa	Oh like, swallowing things whole?	อ๋อ กลืนทั้งชิ้นเหรอ?
line:10254d13	Oh my	โอ้โห
line:39f6c77d	Oh my bad	อ๋อ ผมผิดเอง
line:79511a66	Oh my bad	อ๋อ ผมผิดเอง
line:8cfbd75d	Oh my bad	อ๋อ ผมผิดเอง
line:cb71b2a1	Oh my bad	อ๋อ ผมผิดเอง
line:7d13eca0	Oh my- I didn't expect you to be so... hands on	โอ้... ไม่คิดว่าคุณจะ... ลงมือขนาดนี้
line:c60c65e8	Oh my. I suppose I could use the mount!	โอ้ ผมคิดว่าใช้แท่นก็ได้นะ!
line:433cb27e	Oh no! Do you want to talk about it?	ไม่นะ! อยากเล่าไหม?
line:d908622a	Oh no, Conrad. are you okay?	ไม่นะ คอนราด คุณโอเคไหม?
line:bf977a7e	Oh okay. I'll go grab it.	อ๋อ ได้ เดี๋ยวไปหยิบมา
line:7428755b	Oh so it's new for both of us!	อ๋อ งั้นใหม่สำหรับเราทั้งคู่!
line:513bed5a	Oh so it's new to both of us!	งั้นก็เป็นเรื่องใหม่สำหรับเราทั้งคู่!
line:4bad37a5	Oh that's good. I'm happy he's okay.	อ๋อ ดีเลย ดีใจที่เขาไม่เป็นไร
line:7d791906	Oh this is better, but I still feel dirty.	อ๋อ ดีขึ้นนะ แต่ยังรู้สึกสกปรก
line:63926ecd	Oh we're done?	อ๋อ เสร็จแล้วเหรอ?
line:546d1bf2	Oh wow, you're really covered in it!	โห เปื้อนเต็มเลยจริงๆ!
line:b2d99a43	Oh wow..	โอ้ โห...
line:e8052272	Oh yeah I liked the first one.	อ๋อ ใช่ ผมชอบภาคแรก
line:a4a26529	Oh yeah, there's this nice place downtown called wings.	อ๋อ มีร้านดีๆ ในเมืองชื่อ Wings
line:d4d3ecd5	Oh yeah.	อ๋อ ใช่
line:059142a3	Oh Yeah?	อ๋อ เหรอ?
line:71053a53	Oh Yeah?	อ๋อ เหรอ?
line:1121309c	Oh yeah?	อ๋อ เหรอ?
line:2b560f59	Oh yeah?	อ๋อ เหรอ?
line:2d2820b0	Oh yeah?	อ๋อ เหรอ?
line:6e82e54c	Oh yeah?	อ๋อ เหรอ?
line:b9d8a22f	Oh yeah?	อ๋อ เหรอ?
line:d8ce8566	Oh yeah?	อ๋อ เหรอ?
line:f103a4a8	Oh yeah?	อ๋อ เหรอ?
line:4f6344f1	Oh yeah? He sounds like a bit of a hothead.	อ๋อ เหรอ? ฟังดูใจร้อนหน่อยนะ
line:60cdf456	Oh yeah? The little red drake?	อ๋อ เหรอ? มังกรสีแดงตัวเล็ก?
line:a9253dd8	Oh yeah? The sky blue drake I've seen around?	อ๋อ เหรอ? มังกรสีฟ้าที่ผมเห็นแถวนี้?
line:762882b4	Oh yeeeaaah?	โอ้ เหรอออ?
line:5d737ca7	Oh yes	อ๋อ ใช่
line:1c90fb6d	Oh you. Gonna make me blush.	คุณนี่นะ เดี๋ยวผมก็เขินหรอก
line:7e3e59aa	Oh!	อ๋อ!
line:3605a48a	Oh! I think I've seen him. The tiny one, yeah?	อ๋อ! คิดว่าเคยเห็น ตัวจิ๋วๆ ใช่ไหม?
line:3bc15278	Oh! No it wouldn't be. It's fun!	อ๋อ! ไม่เลย มันสนุก!
line:c95a153d	Oh! nothing. I'll get the gate.	อ๋อ! ไม่มีอะไร ผมเปิดประตูให้
line:b6fb6fce	Oh! Okay. I'll get the gate!	อ๋อ! ได้ ผมจะเปิดประตู!
line:4d3233a1	Oh! That's cold!	โอ้! เย็น!
line:403f2ab7	Oh! Then I better let you in. I'll go get the gate.	อ๋อ! งั้นให้เข้ามาก่อนดีกว่า ผมจะเปิดประตู
line:0f2dc134	Oh! Yeah that makes sense...	อ๋อ! ใช่ สมเหตุสมผล...
line:1270a483	Oh, and I apologize for being absolutely filthy.	อ้อ ขอโทษด้วยที่ตัวสกปรกมอมแมมขนาดนี้
line:7b5be1f8	Oh, and I've figured it where to go.	อ๋อ ฉันคิดออกแล้วว่าจะไปไหน
line:52fb116d	Oh, and seems I got some on my face. woops.	อ๋อ ดูเหมือนติดหน้าหน่อย อุ๊ย
line:73a37947	Oh, awesome. I'm a big salmon guy.	อ๋อ เยี่ยม ผมเป็นหนุ่มสายแซลมอน
line:74c9c07b	Oh, like... working class?	อ๋อ แบบ... ชนชั้นแรงงาน?
line:e048566b	Oh, no.	อ๋อ ไม่มี
line:1a9e6537	Oh, no. Ryan is a sweetheart.	โอ้ ไม่ ไรอันใจดีมาก
line:5f6a124a	Oh, okay. Thanks.	อ๋อ ได้ ขอบคุณ
line:17716b05	Oh, right. Sorry.	อ๋อ จริงด้วย ขอโทษ
line:82ba64bf	Oh, sorry-	อ๋อ ขอโทษ...
line:956e5c91	Oh, sorry.	อ๋อ ขอโทษ
line:54a8bb22	Oh, sure. Come on in.	อ๋อ ได้ เข้ามาสิ
line:270276eb	Oh, that's my favorite part!	อ๋อ นั่นส่วนโปรดเลย!
line:1ff9a04c	Oh, the crest around my head?	อ๋อ ตรารอบหัวผมเหรอ?
line:ffed6d04	Oh, wonderful. Seem's we're similar.	โอ้ ดีเลย ดูเหมือนเราจะคล้ายกัน
line:30e6b801	Oh, yeah!	อ๋อ ใช่!
line:bedeee82	Oh- Eager!	โอ้ ใจร้อนจัง!
line:38b3c8c1	Oh- I mean. I'll go open the gate!	อ๋อ หมายถึง... ผมจะไปเปิดประตูให้!
line:714c180e	Oh- I'm glad!	อ๋อ ดีใจจัง!
line:ccf87ea9	Oh- I'm not too interested in using that right now.	อ๋อ ตอนนี้ยังไม่ค่อยสนใจใช้นั่น
line:963981e4	Oh- I'm sorry for making a mess...	อ๋อ ขอโทษที่ทำเลอะ...
line:8e407c6e	Oh- Not just the wash.	อ๋อ ไม่ใช่แค่อาบน้ำ
line:ad31ec4c	Oh- Not just the wash.	อ๋อ ไม่ใช่แค่อาบน้ำ
line:6866c2c9	Oh- Right now? 'aight I'm down.	อ๋อ ตอนนี้เลย? ได้ ฉันเอาด้วย
line:9a6dca4b	Oh- Ya. On it.	อ๋อ ใช่ ไปแล้ว
line:3b6d644d	Oh.	อ๋อ
line:4399096b	Oh.	อ๋อ
line:8441bf7b	Oh.	อ๋อ
line:87233429	Oh.	อ๋อ
line:e90fee8e	Oh.	อ๋อ
line:ebd9b4d3	Oh.	อ๋อ
line:8a79f72c	Oh. And one other thing.	อ๋อ อีกเรื่องหนึ่ง
line:e8289be5	Oh. good.	อ๋อ ดี
line:5442e228	Oh. Okay I'll go get the gate.	อ๋อ ได้ ผมจะเปิดประตู
line:0da15c85	Oh. Okay.	อ๋อ เข้าใจแล้ว
line:73f7f13d	OH. RIGHT.	อ๋อ จริงด้วย
line:c35890c8	Oh. That's... Wonderful!	อ๋อ นั่น... เยี่ยมเลย!
line:0ce8d5aa	Oh. Then yeah, we're open.	อ๋อ งั้นก็ใช่ เราเปิด
line:52ed140c	Oh. Uhm. <size=70%>Good.	อ๋อ เอ่อ <size=70%>ดี
line:780d0993	Oh. yeah. Sorry.	อ๋อ ได้ ขอโทษ
line:7f5113d5	OH. You're not used to eating them whole.	อ๋อ คุณไม่ชินกับการกินทั้งฟอง
line:45bc649d	Oh...	อ๋อ...
line:0a093816	Oh... hah. I like that.	อ๋อ... ฮะ ชอบนะ
line:f885f11d	Oh... I suppose this is alright~	โอ้... คิดว่าแบบนี้ก็โอเคนะ~
line:7cd85c8e	Oh... I'm so sorry.	อ๋อ... เสียใจด้วยจริงๆ
line:8cc1aa72	Oh... yeah we don't have one.	อ๋อ... ใช่ เราไม่มี
line:f16d7940	Oh... Yeah, tinier dragons tend to... Compensate.	อ๋อ... ใช่ มังกรตัวเล็กมักจะ... มีอย่างอื่นชดเชย
line:1d491283	Oh?	อ๋อ?
line:21c46e75	Oh?	อ๋อ?
line:fd8d786a	Oh?	อ๋อ?
line:0ce8d3c2	ohmygod I thought the egg was decorative.	โห ผมนึกว่าไข่นั่นเอาไว้ประดับ
line:d9b26374	Ok I can do that	ได้ ผมทำได้
line:1777121d	Ok I got this..	ได้ ผมไหว...
line:f3af3ce8	Ok just tell me if you get uncomfortable or anything.	ได้ บอกด้วยนะถ้าอึดอัดหรืออะไร
line:6c3a98cc	Ok lets wash it off for our date tonight then.	ได้ งั้นล้างออกก่อนเดตคืนนี้กัน
line:7a54a1e1	Okay	ตกลง
line:f64a5b30	Okay	ตกลง
line:249500dc	Okay!	ได้เลย!
line:a327b5f9	Okay!	ได้เลย!
line:ccaabca3	Okay!	ได้เลย!
line:82d0ea81	Okay! I'll be back later then.	ได้! งั้นเดี๋ยวกลับมา
line:3deb5f55	Okay! I'll go get the gate for you.	ได้! ผมจะไปเปิดประตูให้
line:9c3d6cb7	Okay! I'll see you soon.	ได้! แล้วเจอกันเร็วๆ นี้
line:72e0348e	Okay, bye!	ได้ บ๊ายบาย!
line:255362b9	Okay, Conrad.	ได้ คอนราด
line:0d16ab28	Okay, I'll be waiting. Thanks.	ได้ ผมจะรอนะ ขอบคุณ
line:155d1c64	Okay, I'll open the gate!	ได้ ผมจะเปิดประตู!
line:886f5df2	Okay, I'll see you later!	ได้ แล้วเจอกัน!
line:585d6a08	Okay, thank you.	ได้ ขอบคุณ
line:c298bc55	Okay, thank you.	ได้ ขอบคุณ
line:6acf71a3	Okay, thanks.	ตกลง ขอบคุณ
line:8ed5a204	Okay- okay. I'll go get the gate.	ได้ๆ ผมจะเปิดประตู
line:10b9a653	Okay- Thanks.	ได้ ขอบคุณ
line:00a81c16	Okay. I hope you're doing alright though.	ได้ แต่หวังว่าคุณยังไหวนะ
line:118a51bb	Okay. I should probably get out of your scales.	เอาล่ะ ผมคงควรเลิกเกะกะคุณแล้ว
line:a62e8112	Okay. I'll open up shop. Give me a sec.	ได้ ผมจะเปิดร้าน ขอแป๊บ
line:9d434af5	Okay. I'll order a mount.	ได้ ผมจะสั่งแท่นมา
line:2f3b06de	Okay. Then I think I'd like to try.	ได้ งั้นฉันว่าอยากลอง
line:54ad4706	Okay...	ได้...
line:28311fbb	Omg you're hurt!	โห คุณบาดเจ็บ!
line:8b3abbf7	On it!	จัดให้!
line:42e3eba2	Once I'm cleaned up I'm gonna head out and get our spot ready.	พอสะอาดแล้วจะออกไปเตรียมที่ให้เรา
line:1d4b8a1c	One thing led to another...	แล้วเรื่องหนึ่งก็นำไปสู่อีกเรื่อง...
line:c70bea2d	Only been cleaning for a few weeks now!	ผมเพิ่งทำงานอาบน้ำได้ไม่กี่สัปดาห์เอง!
line:5188bd4a	Only If that's alright-	ถ้าไม่เป็นไรนะ...
line:01505282	Only realized how much of a mess I made after Max yelled at me, haha.	เพิ่งรู้ว่าทำเลอะขนาดไหนหลังแม็กซ์ตะโกนใส่ ฮ่าๆ
line:828eed25	Oof... Needed that. Thank you.	อูฟ... ต้องการแบบนี้เลย ขอบคุณ
line:2d40c69a	Oooh, alrighty.	โอ้ ได้เลย
line:99ff9e7f	Ooooh must be a big deal then.	โอ้ งั้นต้องมีชื่อจริงๆ
line:e8ad4791	Ooooh.	โอ้...
line:64bfd62a	Oops, my bad.	อุ๊ย ผมผิดเอง
line:0fa31c40	Our first meeting went great though!	แต่เจอกันครั้งแรกดีมาก!
line:77cebc41	People tell me I've got a fat cock, is that true?	คนบอกว่าควยฉันอ้วน จริงไหม?
line:80de6c63	Perfectly clean again. Thank you for taking me in at this hour.	สะอาดหมดจดอีกครั้ง ขอบคุณที่รับผมเวลานี้
line:f212528b	Phew! I had an accident that needs to be taken care of... discretely.	ฟู่! ผมเกิดอุบัติเหตุที่ต้องจัดการ... อย่างเงียบๆ
line:b3c35166	Phew, I was worried I'd make another mess of things.	ฟู่ กลัวว่าจะทำเลอะอีก
line:314c3d8a	physically or emotionally?	ร่างกายหรือจิตใจ?
line:156e0b50	Picnic bathket-	ตะกร้าปิกนิก...
line:0d9de1a1	player hooked up with conrad	ผู้เล่นคบกับคอนราด
line:2cf1c95e	player hooked up with conrad	ผู้เล่นคบกับคอนราด
line:c2529648	player hooked up with conrad	ผู้เล่นคบกับคอนราด
line:f7fd34b2	player hooked up with conrad	ผู้เล่นคบกับคอนราด
line:66e08b22	player hooked up with ryan	ผู้เล่นคบกับไรอัน
line:78039fd1	player hooked up with ryan	ผู้เล่นคบกับไรอัน
line:96a0c0c7	player hooked up with ryan	ผู้เล่นคบกับไรอัน
line:9bade6d6	player hooked up with ryan	ผู้เล่นคบกับไรอัน
line:0ddcd600	Please scrub Igwix off my back would you?	ช่วยขัดอิกวิกซ์ออกจากหลังผมหน่อยได้ไหม?
line:0632acbf	Plus they feel really nice.	แถมยังสบายมากด้วย
line:c7b8ba3d	Possibly...?	อาจจะ...?
line:637629a8	Pretty sure I can digest anything.	ค่อนข้างมั่นใจว่าย่อยได้ทุกอย่าง
line:65a41bc5	Pretty sure I'm all clean!	คิดว่าผมสะอาดหมดแล้ว!
line:3750bbf0	Pretty sure that was everything.	คิดว่าครบหมดแล้ว
line:960707b0	Primarily alchemy. Occasionally world history.	หลักๆ คือเล่นแร่แปรธาตุ บางครั้งก็ประวัติศาสตร์โลก
line:1475f95c	Professor Igwyx- My colleague who self-immolated earlier.	ศาสตราจารย์อิกวิกซ์ เพื่อนร่วมงานที่ลุกไหม้ไปก่อนหน้านี้
line:26e9d692	Professor, but yes. You have.	ศาสตราจารย์ แต่ใช่ คุณสอนผม
line:af0c15fd	Professor- But, yes. I usually don't go to public washes.	ศาสตราจารย์ต่างหาก แต่ใช่ ปกติผมไม่ไปร้านอาบน้ำสาธารณะ
line:962abe27	Project Scale mary	Project Scale mary
line:e5d47feb	prole- <i><size=70%>wuh?	ชนชั้น... <i><size=70%>อะไรนะ?
line:c7b73162	Psst..!	ชู่ว...!
line:9addfb4a	Ready!	พร้อม!
line:875b5372	Really damn good!	โคตรดีเลย!
line:9e9f3e75	Really damn good!	โคตรดีเลย!
line:9364911d	Really looking forward to finding new people.	ตั้งตารอที่จะได้เจอคนใหม่ๆ
line:8b0b222c	Really sets the mood.	สร้างบรรยากาศสุดๆ
line:4010d36d	Really well honestly.	พูดจริงๆ ดีมาก
line:cfcb40c7	Really?	จริงเหรอ?
line:0ec807a4	Really? Aw, That's really sweet.	จริงเหรอ? อ๋า น่ารักจัง
line:630fed1b	Remove this barrier at once so I may enter.	เอาสิ่งกีดขวางออกเดี๋ยวนี้ ให้ผมเข้าไป
line:65deb150	Right after this wash!	ทันทีที่อาบน้ำเสร็จ!
line:0caa6657	Right, I'll get that for you ASAP.	เข้าใจแล้ว จะเปิดให้เร็วที่สุด
line:1271b80c	Right.	จริงสิ
line:3ede5541	Right.	จริงสิ
line:6a2e4e0d	Right. I'll get to it.	เข้าใจแล้ว ผมจะเริ่มเลย
line:29daeb62	Right. Phoenix feather. Obviously.	จริงสิ ขนนกฟีนิกซ์ แน่นอนอยู่แล้ว
line:51d1b41e	Ryan is a sweetheart	ไรอันใจดีมาก
line:202fce0c	RYAN THE BONE!	ไรอัน กระดูก!
line:93bd9a2b	Ryan!	ไรอัน!
line:9b7e09b8	Ryan!	ไรอัน!
line:b76f49cd	Ryan!	ไรอัน!
line:1fa0fbbe	Ryan! I met him.	ไรอัน! ฉันเจอเขาแล้ว
line:f0427bb9	Ryan! this is so sweet.	ไรอัน! ใจดีจัง
line:92829935	Ryan's such a nice dragon.	ไรอันเป็นมังกรที่ดีมาก
line:13ca0a74	Ryan, you're not supposed to eat the stems-	ไรอัน เขาไม่กินก้านกัน...
line:7a01d265	Ryan: I guess it is pretty exciting	Ryan: ก็ตื่นเต้นดีเหมือนกัน
line:e1526934	Ryan: I like that a lot	Ryan: ผมชอบแบบนั้นมาก
line:a430a2ff	Ryan: I think I am close too..	Ryan: ผมก็คิดว่าใกล้แล้ว...
line:77626e43	Ryan: I would say it is going great	Ryan: ผมว่ามันไปได้ดีมากแล้ว
line:f5f5b815	Ryan: I've never done this outside before	Ryan: ผมไม่เคยทำข้างนอกมาก่อน
line:6dd86b71	Ryan: This was nice	Ryan: เมื่อกี้ดีจัง
line:41b9659f	Ryan: Wow.. Your stature is really the only thing small about you.	Ryan: โห... ความสูงเป็นสิ่งเดียวที่เล็กในตัวคุณจริงๆ
line:aad89688	Ryan: Yea definitely. Worried about me?	Ryan: สนุกแน่นอน เป็นห่วงผมเหรอ?
line:ce6d6d7f	Ryan? you sure everything is okay...?	ไรอัน? แน่ใจนะว่าทุกอย่างโอเค...?
line:1d3b255b	Save your mood setting for tonight!	เก็บเรื่องสร้างบรรยากาศไว้คืนนี้เถอะ!
line:3ed6ab5d	Say do you remember the name of the college I work at?	จำชื่อวิทยาลัยที่ผมทำงานได้ไหม?
line:a05a7804	Say...	นี่...
line:82d7b5e4	Says who?	ใครบอก?
line:6c193ba9	Scales different today? <size=70%><i>is that a thing...? </i><size=100%>You look good today.	เกล็ดต่างจากเดิมเหรอ? <size=70%><i>มันทำได้ไหมนะ...? </i><size=100%>วันนี้นายดูดี
line:426f40ff	See you again soon, yeah?	แล้วเจอกันเร็วๆ นี้นะ?
line:3112d78d	See you soon.	แล้วเจอกันเร็วๆ นี้
line:8072b186	See you tonight.	เจอกันคืนนี้
line:0d3b23da	Sheesh.	โห
line:48435b12	Shh! I'm not from around here...	ชู่ว! ผมไม่ใช่คนแถวนี้...
line:0f86dbf6	So am I!	ผมก็เหมือนกัน!
line:3063100e	So am I.	ฉันก็เหมือนกัน
line:a241eec6	So far so good though, yeah?	ตอนนี้ก็ไปได้ดีใช่ไหม?
line:813c6dd4	So is this like... our first date?	งั้นนี่ก็เหมือน... เดตแรกของเรา?
line:9b10d450	So this Conrad guy, seems like you like him?	คนชื่อคอนราดนี่ ดูเหมือนคุณจะชอบเขานะ?
line:0c5dcd3c	So uh, gate?	งั้น เอ่อ ประตู?
line:84d8a935	So uh, mind opening the gate?	งั้น เอ่อ เปิดประตูหน่อยได้ไหม?
line:7da41ecd	So uhh, let me know if you need me to move.	เอ่อ บอกนะถ้าต้องการให้ผมขยับ
line:3a469ae4	So yeah, I had a mishap..	คือผมเกิดเรื่องพลาดนิดหน่อย...
line:a6d6bf76	So you and Ryan huh?	นายกับไรอันสินะ?
line:31fa3bdf	So you came in just to...	งั้นคุณมาแค่เพื่อ...
line:5f64c352	So you're a certified dragon washer huh?	คุณเป็นคนอาบน้ำมังกรที่มีใบรับรองสินะ?
line:c9e7bb1e	So you're a certified dragon washer huh?	คุณเป็นคนอาบน้ำมังกรที่มีใบรับรองสินะ?
line:aedb6a51	So, coming in for a wash?	มาอาบน้ำเหรอ?
line:1c856f1c	So, how was your date?	แล้วเดตคุณเป็นยังไง?
line:3cda84e6	So, tell me more about conrad!	เล่าเรื่องคอนราดเพิ่มสิ!
line:c10d9415	So, thanks on his behalf for caring.	ผมเลยอยากขอบคุณแทนเขาที่คุณใส่ใจ
line:e6aa9d20	So, with... relationships.	คือเรื่อง... ความสัมพันธ์
line:a99c5c88	So. How about a date?	งั้น ไปเดตกันไหม?
line:c2f44537	So. My girlfriend was home before me. she's a work-from-home dragon.	คือแฟนผมอยู่บ้านก่อนผมกลับ เธอเป็นมังกรที่ทำงานจากบ้าน
line:d9652dff	So. Our date tonight...	งั้น เดตของเราคืนนี้...
line:b983f922	So. Tonight.	งั้น คืนนี้
line:28c51dbf	So... A date. I think I'd like to go on one soon!	งั้น... เดต ฉันว่าอยากไปเดตเร็วๆ นี้!
line:7c56b2d8	So... I was thinking about my relationships.	คือ... ผมคิดเรื่องความสัมพันธ์ของตัวเอง
line:5a5e7f21	So<size=90%>o<size=80%>o<size=70%>o<size=60%>o... <size=100%>I 'aint dirty. But I am <i>~dirty~</i> y'know?	คือ<size=90%>อ<size=80%>อ<size=70%>อ<size=60%>อ... <size=100%>ตัวฉันไม่สกปรก แต่ความคิด<i>~สกปรก~</i> เข้าใจไหม?
line:8a35fb7b	So<size=90%>o<size=80%>o<size=70%>o<size=60%>o... <size=100%>Was wonderin'	คือ<size=90%>อ<size=80%>อ<size=70%>อ<size=60%>อ... <size=100%>อยากถามหน่อย
line:5230bdfd	Soap, then rinse!	ถูสบู่แล้วล้างน้ำ!
line:c374e532	Somehow that feels more honest than anything anyone else says.	ฟังดูจริงใจกว่าทุกอย่างที่คนอื่นพูดเสียอีก
line:2898f680	Something happened last night	เมื่อคืนมีเรื่องเกิดขึ้น
line:4dac3d2b	Something went wrong with flags!	มีข้อผิดพลาดกับแฟล็กเนื้อเรื่อง!
line:61c7f2d6	Something went wrong with flags!	มีข้อผิดพลาดกับแฟล็กเนื้อเรื่อง!
line:6d5ba814	Something went wrong with flags!	มีข้อผิดพลาดกับแฟล็กเนื้อเรื่อง!
line:8f64adc0	Something went wrong with flags!	มีข้อผิดพลาดกับแฟล็กเนื้อเรื่อง!
line:19cedc30	Sooo. You gonna jerk me off?	งั้นนน นายจะชักให้ฉันไหม?
line:1646ece2	Sorry for coming in late. My sleeps borked.	โทษทีที่มาดึก เวลานอนฉันพังหมด
line:b2b32876	Sorry I'm bad at flirting. Could you get the gate?	โทษที จีบไม่เก่ง เปิดประตูหน่อยได้ไหม?
line:13ba93ef	sorry!	ขอโทษด้วย!
line:e2f9c70c	Sorry, I meant to say I enjoy your wash.	ขอโทษ หมายถึงผมชอบร้านอาบน้ำของคุณ
line:78ca8d95	Sorry...	ขอโทษ...
line:4af15fc3	Sounds good to me!	ผมว่าโอเคเลย!
line:8c6e66f3	Sounds good!	ฟังดูดี!
line:1ef36cb0	Sounds like a date then!	งั้นตกลงเดตนะ!
line:d71ba53e	Sounds like a date then!	งั้นตกลงเดตนะ!
line:5fc277a9	Sounds like a date then! Seafood then we play it by ear.	งั้นตกลงเดตนะ! กินอาหารทะเลแล้วค่อยว่ากัน
line:0e643191	Sounds like a date then, I'm excited.	งั้นตกลงเดตตามนี้นะ ผมตื่นเต้น
line:c4642c9c	Sounds like a date then. I'm excited.	งั้นตกลงเดตตามนี้ ผมตื่นเต้น
line:ffc401d1	Sounds like a plan.	ตกลงตามนั้น
line:c4dd137b	Sounds like it was good then.	งั้นก็ฟังดูดีนะ
line:7b6c47bd	Sounds like it.	ฟังดูใช่เลย
line:5c51654f	Sounds nice.	ฟังดูดี
line:3a23b81f	Sounds really cool.	ฟังดูเจ๋งมาก
line:1dbf50b3	Sure	แน่นอน
line:c14ceb34	Sure is!	ใช่เลย!
line:de7cd73a	Sure it is. Thanks to Conrad for having me get it.	ได้อยู่แล้ว ต้องขอบคุณคอนราดที่ให้ผมซื้อมา
line:05c673e7	Sure!	ได้สิ!
line:52542beb	Sure!	ได้สิ!
line:67f14802	Sure!	ได้สิ!
line:a2dc4ac0	Sure! I'll go get the gate.	ได้! ผมจะเปิดประตู
line:dbb68858	Sure! I'll go get the gate.	ได้! ผมจะเปิดประตู
line:601e1b38	Sure! I'm excited to tell you about Conrad.	ได้! อยากเล่าเรื่องคอนราดให้ฟังแล้ว
line:7b5c9d8c	Sure, but he needed someone who cared in that moment.	ใช่ แต่ตอนนั้นเขาต้องการคนที่ใส่ใจ
line:709a9a57	Sure.	ได้สิ
line:4af4703c	Tasted real good though!	แต่อร่อยมากนะ!
line:048fe71b	TELL ME ABOUT YOU AND CONRAD!	เล่าเรื่องคุณกับคอนราดมาเลย!
line:2b84f2eb	Test line 1	บททดสอบ 1
line:7a22b4d3	Test line 10	บททดสอบ 10
line:ec12b3a4	Test line 11	บททดสอบ 11
line:4f87d73a	Test line 12	บททดสอบ 12
line:d9b7d04d	Test line 13	บททดสอบ 13
line:63e6d9d4	Test line 14	บททดสอบ 14
line:f5d6dea3	Test line 15	บททดสอบ 15
line:64cb6133	Test line 16	บททดสอบ 16
line:f2fb6644	Test line 17	บททดสอบ 17
line:1772a124	Test line 18	บททดสอบ 18
line:88119675	Test line 2	บททดสอบ 2
line:1e219102	Test line 3	บททดสอบ 3
line:a470989b	Test line 4	บททดสอบ 4
line:32409fec	Test line 5	บททดสอบ 5
line:a35d207c	Test line 6	บททดสอบ 6
line:356d270b	Test line 7	บททดสอบ 7
line:5643ba3d	Test line 8	บททดสอบ 8
line:c073bd4a	Test line 9	บททดสอบ 9
line:394db643	Thank the stars you're open.	ขอบคุณดวงดาวที่คุณยังเปิดอยู่
line:f1946aab	Thank you for cleaning me!!	ขอบคุณที่อาบน้ำให้!!
line:75b5b084	Thank you for getting me and Ryan in contact.	ขอบคุณที่ทำให้ฉันกับไรอันติดต่อกัน
line:189d999e	Thank you for listening.	ขอบคุณที่ฟังนะ
line:3398aea2	Thank you for that.	ขอบคุณสำหรับเรื่องนั้น
line:875f0961	Thank you for the clean!	ขอบคุณที่ทำความสะอาดให้!
line:acb8a5aa	Thank you for the quick clean!	ขอบคุณที่อาบน้ำให้เร็วๆ!
line:8512365e	Thank you!	ขอบคุณนะ!
line:bbca8a46	Thank you!	ขอบคุณนะ!
line:e449156d	Thank you!	ขอบคุณครับ!
line:bb4e1dc1	Thank you, Ryan. I'm happy I got to meet you too	ขอบคุณ ไรอัน ผมก็ดีใจที่ได้เจอคุณ
line:3b568c14	Thank you.	ขอบคุณครับ
line:6b245989	Thank you.	ขอบคุณนะ
line:836d1b13	Thank you.	ขอบคุณครับ
line:d60f2dc0	Thank you.	ขอบคุณครับ
line:035a0830	Thank you. I'd really appreciate it	ขอบคุณ จะซึ้งใจมากเลย
line:f3e7a8fe	Thank you. Look good feel good!	ขอบคุณ ดูดีก็รู้สึกดี!
line:d2d97c90	Thank you. You make this a whole lot easier to go through.	ขอบคุณ คุณทำให้ผ่านเรื่องทั้งหมดนี้ง่ายขึ้นมาก
line:3027bcf7	Thanks for asking. It's enjoyable to be asked personal questions.	ขอบคุณที่ถาม การถูกถามเรื่องส่วนตัวก็รู้สึกดี
line:aaf3066d	Thanks for cleaning me!	ขอบคุณที่อาบน้ำให้!
line:8150e2a2	Thanks for helping me out.	ขอบคุณที่ช่วยผม
line:a2217280	Thanks for helping me out.	ขอบคุณที่ช่วยผม
line:7db0baf0	Thanks for introducing me to him.	ขอบคุณที่แนะนำให้รู้จักเขา
line:c6cee89f	Thanks for letting me in so late.	ขอบคุณที่ให้เข้ามาดึกขนาดนี้
line:079b3782	Thanks for sharing food with me, You're a great friend.	ขอบคุณที่แบ่งอาหารให้ คุณเป็นเพื่อนที่ดีมาก
line:85f901b0	Thanks for sharing food with me...	ขอบคุณที่แบ่งอาหารให้ผม...
line:a39fd5a9	Thanks for that. Felt pretty damn good.	ขอบคุณสำหรับเมื่อกี้ โคตรดีเลย
line:505e150f	Thanks for the clean.	ขอบคุณที่ทำความสะอาดให้
line:a40e531c	Thanks for the food! I'll go get the gate.	ขอบคุณสำหรับอาหาร! ผมจะเปิดประตู
line:f1692a96	Thanks for the suggestion!	ขอบคุณที่แนะนำ!
line:81ebbec0	Thanks for the wash so late in the night.	ขอบคุณที่อาบน้ำให้ดึกขนาดนี้
line:a9df4c5e	Thanks I'll be waiting!	ขอบคุณ ผมจะรอ!
line:f73a3fc7	Thanks mate, see you tomorrow then.	ขอบใจเพื่อน งั้นเจอกันพรุ่งนี้
line:30f1f583	Thanks!	ขอบคุณ!
line:3484ab9d	Thanks!	ขอบใจ!
line:44701902	Thanks!	ขอบคุณ!
line:4d868f2f	Thanks!	ขอบใจ!
line:70190774	Thanks!	ขอบคุณ!
line:8b8f57c4	Thanks!	ขอบคุณ!
line:ab5b2574	Thanks!	ขอบคุณ!
line:b588bf4c	Thanks!	ขอบคุณนะ!
line:bc5d790a	Thanks!	ขอบใจ!
line:c07a9171	Thanks!	ขอบคุณ!
line:e7e57d9c	Thanks!	ขอบคุณ!
line:fa293cde	Thanks! Whats with all the... Gloop?	ขอบคุณ! แล้วอะไรที่... เละๆ นี่?
line:e1609903	Thanks, but I'll be better. I promise.	ขอบคุณ แต่ฉันจะดีกว่านี้ สัญญา
line:02cbdc87	Thanks, I'm excited too.	ขอบคุณ ฉันก็ตื่นเต้น
line:37c9d915	Thanks, You're pleasant too!	ขอบคุณ อยู่กับคุณก็ดีเหมือนกัน!
line:cb847372	Thanks, You're pleasant too!	ขอบคุณ อยู่กับคุณก็ดีเหมือนกัน!
line:188d4359	Thanks.	ขอบใจ
line:316bb26e	Thanks.	ขอบคุณ
line:34ec4db7	Thanks.	ขอบใจ
line:5183a6f2	Thanks.	ขอบใจ
line:c642cb17	Thanks.	ขอบคุณ
line:cf716777	Thanks.	ขอบคุณนะ
line:e00c6df5	Thanks.	ขอบคุณ
line:e521db76	Thanks.	ขอบคุณนะ
line:f62e1c4f	Thanks.	ขอบคุณนะ
line:fbba1293	Thanks.	ขอบคุณนะ
line:8bfa88d7	Thanks. I like being around you too.	ขอบคุณ ผมก็ชอบอยู่ใกล้คุณ
line:df0a8598	Thanks. I'm always happy to be here.	ขอบคุณ อยู่ที่นี่แล้วสบายใจเสมอ
line:084e3cbc	Thanks. See you soon.	ขอบคุณ แล้วเจอกันเร็วๆ นี้
line:71d57aeb	Thanks. That's kind of you to say.	ขอบคุณ พูดแบบนั้นใจดีจัง
line:a1f9de62	Thanks. That's kind of you to say.	ขอบคุณ พูดแบบนั้นใจดีจัง
line:9a9a6120	Thankth!	ขอบคุง!
line:e721d512	That brings me to my next question...	งั้นคำถามต่อไป...
line:215a2d34	That felt <i>good</i>.	นั่น<i>ดีจริงๆ</i>
line:89150715	That is rather kind of you to say.	คุณพูดแบบนั้นใจดีมาก
line:a57409fb	That is the source of my worry...	นั่นแหละคือสิ่งที่ผมห่วง...
line:ad261b84	That just makes it harder!	นั่นยิ่งทำให้กลั้นยาก!
line:7111d265	That makes me feel a lot more sure of myself then.	นั่นทำให้ผมมั่นใจขึ้นมาก
line:3fac5bff	That makes me feel good to hear.	ได้ยินแล้วรู้สึกดีเลย
line:1c49f05b	That makes me happy to hear.	ได้ยินแล้วดีใจนะ
line:a8b70da7	That must mean it is! I'm glad.	คงแปลว่าได้สินะ! ดีใจจัง
line:5738ea38	That nice to hear... But, I mean being taken care of more... Primally?	ดีใจที่ได้ยิน... แต่ผมหมายถึงการดูแลแบบ... สัญชาตญาณมากกว่า?
line:8f598864	That one was almost too big-	ลูกนั้นเกือบใหญ่ไปแล้ว...
line:5960dcbb	That should be all though, could you go get the gate?	แต่คงหมดแล้วล่ะ เปิดประตูหน่อยได้ไหม?
line:116f0e16	That should be every spot.	น่าจะครบทุกจุดแล้ว
line:90444b09	That sounds like an over-reaction on her part.	ฟังดูเธอตอบสนองแรงเกินไปนะ
line:f07c9e39	That sounds like an over-reaction on her part.	ฟังดูเธอตอบสนองแรงเกินไปนะ
line:c78cf81f	That sounds lovely!	ฟังดูดีมาก!
line:eaa3c173	That they are...	เป็นเช่นนั้นจริงๆ...
line:f4b9a455	That was much nicer than a hose.	สบายกว่าฉีดสายยางเยอะเลย
line:78cef130	That was never a concern. I'm a rather risk averse dragon.	เรื่องนั้นไม่เคยเป็นปัญหา ผมเป็นมังกรที่ไม่ชอบเสี่ยง
line:22d271f4	That was really fun.	เมื่อกี้สนุกมาก
line:019b83df	That was wonderful! I feel so much better about dating.	ดีมากเลย! รู้สึกดีกับการเดตขึ้นเยอะ
line:d7bf167b	That was... Nicer than I expected.	นั่น... ดีกว่าที่คาดไว้
line:577cec43	That's a mount, no?	นั่นแท่นผสมพันธุ์ใช่ไหม?
line:825536f5	That's a tricky question to answer.	เป็นคำถามที่ตอบยาก
line:66fb84fe	That's all I want to ask.	ผมอยากถามแค่นี้
line:ac1ed298	That's all you can ask for, right?	ก็ขอได้แค่นั้นแหละเนอะ?
line:6605187b	That's an appeal to authority fallacy. But, yes. I'm correct.	นั่นคือตรรกะวิบัติแบบอ้างผู้มีอำนาจ แต่ใช่ ผมถูก
line:52f81dde	That's cute!	น่ารักจัง!
line:45befc02	That's exciting!	น่าตื่นเต้นจัง!
line:13cd5511	That's fast... But I think so!	เร็วเหมือนกัน... แต่ผมว่าได้!
line:4ff91cbd	That's fine!	ไม่เป็นไร!
line:163c524a	That's good to hear.	ดีใจที่ได้ยินนะ
line:33e2bee6	That's good to hear.	ดีใจที่ได้ยินนะ
line:30e461f2	That's good. You deserve a decent man.	ดีแล้ว คุณควรได้คบผู้ชายดีๆ
line:aeae4744	That's good... Now what?	ดีแล้ว... แล้วต่อไปล่ะ?
line:f3eeb627	That's great! whens your first date?	ดีเลย! เดตแรกเมื่อไร?
line:215f4eba	That's me.	ผมเอง
line:cf8c5f37	That's not a thing... But thank you!	มันทำแบบนั้นไม่ได้... แต่ขอบคุณ!
line:3f29878b	That's rather nice of you to say.	คุณพูดแบบนั้นใจดีมาก
line:d38c63ea	That's really cute.	น่ารักจริงๆ
line:6474d7f7	That's really nice!	ดีมากเลย!
line:c5001a4c	That's the best way to eat'em!	แบบนั้นอร่อยที่สุด!
line:2a5cc3a5	That's very sweet.	น่ารักจัง
line:7052576b	That's what I like to hear.	นั่นแหละที่ผมชอบฟัง
line:2a154290	That's what I thought too.	ผมก็คิดแบบนั้น
line:33d12f97	That's what I thought too.	ผมก็คิดแบบนั้น
line:2b7bb6ce	That's what's terrifying.	นั่นแหละที่น่ากลัว
line:36fb380f	That's wonderful, he's cute!	ดีเลย เขาน่ารัก!
line:266836f8	That's... the first time you've yipped for me.	นี่... ครั้งแรกที่นายยิปให้ฉัน
line:9b0b24ad	That.	นั่น
line:6ff80785	That... makes me feel a lot more sure of myself then.	นั่น... ทำให้ผมมั่นใจขึ้นมาก
line:cc6d631b	That... makes me feel a lot more sure of myself then.	นั่น... ทำให้ผมมั่นใจขึ้นมาก
line:ecf6206f	Thats awesome. I'm glad you two are working out.	เยี่ยมเลย ดีใจที่คุณสองคนไปได้ดี
line:0f8bb606	Thats good to hear.	ดีใจที่ได้ยิน
line:f5324d68	Thats really good to hear.	ดีใจมากที่ได้ยิน
line:063dcd4b	The ability to open up to someone, even occasionally...	การได้เปิดใจกับใครสักคน แม้แค่บางครั้ง...
line:8919009a	The ambiance is nice.	บรรยากาศดีนะ
line:08c850bf	The apothecary will tarnish my name for months.	เภสัชกรจะเอาชื่อผมไปนินทาหลายเดือน
line:01b4161e	The breakup I went through earlier was rough.	เรื่องเลิกกันก่อนหน้านี้หนักมาก
line:c932c99d	The breakup I went through earlier was rough.	เรื่องเลิกกันก่อนหน้านี้หนักมาก
line:dd06ed39	The Burnswick Community College of Thaumaturgy, of course!	วิทยาลัยชุมชนเวทมนตร์เบิร์นสวิก แน่นอน!
line:515099ec	The button on the wall, I mean.	หมายถึงปุ่มบนกำแพงนะ
line:7fe73572	The clean was fine.	อาบน้ำก็ใช้ได้
line:e8a38ed0	The college cannot find out about this okay?	อย่าให้วิทยาลัยรู้เรื่องนี้นะ?
line:1a169dbc	The lights in the area are great too.	ไฟแถวนั้นก็ดีด้วย
line:610dd8cb	The markers were fun.	เล่นปากกาเมจิกกันสนุกดี
line:4b36ea4e	The most prestigious college hosting prestigious professors like me:	วิทยาลัยที่มีชื่อเสียงที่สุด มีศาสตราจารย์ผู้ทรงเกียรติอย่างผม:
line:ec00a1fe	The mount? I... suppose!	แท่นเหรอ? ผม... คงได้!
line:94e04dcf	The mount? Sure!	แท่นเหรอ? ได้เลย!
line:d8273d7f	The night 'aint gonna start itself!	ค่ำคืนไม่เริ่มเองหรอกนะ!
line:1f2907ed	The rain has been unrelenting today!	วันนี้ฝนไม่ยอมหยุดเลย!
line:1804bf0a	The rain is nice.	ฝนดีนะ
line:7e9a1f83	The stem is just extra food.	ก้านก็แค่อาหารเพิ่ม
line:c88244b5	The vibe at night is fuckin' great.	บรรยากาศตอนกลางคืนโคตรดี
line:d8a2002e	Then I better let you out!	งั้นรีบให้คุณออกไปดีกว่า!
line:d7b3cd09	Then- Have a productive day.	ถ้าอย่างนั้น... ขอให้ทำงานได้ราบรื่น
line:448afe95	There was a fault in his method.	วิธีการของเขามีข้อผิดพลาด
line:48d4a45a	There's this one red dragon, Conrad. He's... Hot headed, but cute.	มีมังกรสีแดงชื่อคอนราด เขา... ใจร้อน แต่น่ารัก
line:f4af8b88	Theres this club downtown. 'Wings'. It's an old favorite of mine.	มีคลับชื่อ Wings ในเมือง เป็นร้านโปรดเก่าแก่ของฉัน
line:972f132f	These washes really make things easier.	การมาอาบน้ำช่วยให้ผมรับมือได้ง่ายขึ้นมาก
line:352d1d6f	They cum	พวกเขาถึงจุดสุดยอด
line:d78962e8	They cum	พวกเขาถึงจุดสุดยอด
line:3200a588	They keep going	พวกเขาทำต่อ
line:a31d1a18	They keep going	พวกเขาทำต่อ
line:035e5be6	They seem cute!	ดูน่ารักดีนะ!
line:454172b0	They took it too far.	พวกเขาทำเกินไป
line:d7b49fb8	They were! The stem is my favorite part though.	อร่อยนะ! แต่ผมชอบก้านที่สุด
line:d156a87f	Think that's every spot.	คิดว่าครบทุกจุดแล้ว
line:fa1a1e76	Think that's it.	คิดว่าหมดแล้ว
line:3112adad	This drake at the bar... I was stupid. Couldn't shut my mouth.	มังกรตัวหนึ่งที่บาร์... ฉันโง่เอง หุบปากไม่เป็น
line:bfd70320	This feels scandalous	รู้สึกอื้อฉาวจัง
line:cb437bd0	This is a common practice?	นี่เป็นบริการทั่วไปเหรอ?
line:831cbfda	This is a job only you can do.	งานนี้มีแค่คุณที่ทำได้
line:4944dbda	This is delicious!	อร่อยจัง!
line:088893da	This is my first time with a Kobold.	นี่ครั้งแรกของผมกับโคโบลด์
line:e218722c	This is my first time, actually!	จริงๆ นี่ครั้งแรกของผม!
line:9eb894ad	This is really nice..	สบายมากเลย...
line:c7e4e36f	This is the kind of shit I try to avoid!	เรื่องเหี้ยนี่แหละที่ฉันพยายามเลี่ยง!
line:22929636	This place could use a makeover, I know would it could use!	ที่นี่น่าปรับปรุงหน่อย ฉันรู้ว่าขาดอะไร!
line:b06e13bc	This soap isn't fitting for a professor don't you think?	สบู่นี่ไม่เหมาะกับศาสตราจารย์เท่าไรว่าไหม?
line:97841169	This was a nice escape.	ที่นี่ช่วยให้ผมหลบพักได้
line:5f02ceea	This was a wonderful escape...	ที่นี่เป็นที่หลบพักที่ดีมาก...
line:d45f4788	This was nice...	เมื่อกี้ดีจัง...
line:418498cf	Those grapes looked good.	องุ่นดูน่าอร่อย
line:e9d73205	Though every other wash I've been to at least has a mount	แต่ร้านอื่นที่ฉันเคยไปอย่างน้อยก็มีแท่น
line:29e70457	Though I can't say I am not curious	แต่ก็พูดไม่ได้ว่าไม่อยากรู้
line:9c3e6004	Though you probably shouldn't eat them.	แต่คุณคงไม่ควรกินนะ
line:f1ca33da	title: Alexander_Done	title: Alexander_Done
line:3ed2f649	title: Conrad_OutroDone	title: Conrad_OutroDone
line:74c28add	title: ConradBeatup_OutroDone	title: ConradBeatup_OutroDone
line:722243c8	title: RyanDate_OutroDone	title: RyanDate_OutroDone
line:b4eee981	title: RyanExploded_OutroDone	title: RyanExploded_OutroDone
line:6298f08b	Told me about the time he got beat up.	เล่าเรื่องตอนเขาถูกซ้อม
line:ee954bd9	Told me to go to a wash, and was acting extremely offended.	บอกให้ผมไปร้านอาบน้ำ แล้วทำเหมือนถูกลบหลู่อย่างแรง
line:c66e1278	Tonight- on campus. The library is the large blue spire building.	คืนนี้ ที่วิทยาลัย ห้องสมุดคือตึกใหญ่ที่มียอดแหลมสีฟ้า
line:434527c6	Truly terrible, no?	ช่างเลวร้ายจริงไหม?
line:5a5d646c	Truly?	จริงเหรอ?
line:e3aa4e29	Truth be told, I got dirty to come here.	พูดตามตรง ผมทำให้ตัวเองเปื้อนเพื่อมาที่นี่
line:0979dea3	Uh, I'm still really soapy!	เอ่อ ผมยังมีสบู่เยอะเลย!
line:05bbe58c	Uh-huh, I'll go get the gate	อือฮึ ผมจะไปเปิดประตู
line:7de638fb	Uh... Hello?	เอ่อ... สวัสดี?
line:7de9b3a4	Uh... uhm...	เอ่อ... อืม...
line:159c5c1f	Uh... Yeah.	เอ่อ... อืม
line:2089db44	Uhhhm we're not exactly.	เอ่อ จริงๆ เรายังไม่ได้...
line:3ed62e6b	Uhm, no, I'll just be REALLY upset.	เอ่อ เปล่า แค่จะหงุดหงิดมากๆ
line:f0a579a5	Uhm...	เอ่อ...
line:cc295885	uhm... <size=60%>no?	เอ่อ... <size=60%>ไม่มี?
line:29237bc3	Use the crowbar to open and place it in storage, would you?	ใช้ชะแลงเปิดลังแล้วเก็บไว้ในห้องเก็บของด้วยนะ
line:1ec0dc6a	Use the sprayer on the wall to wash me off.	ใช้หัวฉีดบนกำแพงล้างตัวให้ผม
line:a716d3b8	Uunf. T-that was... Rather undignified.	อึฟ น-นั่น... ไม่ค่อยสมเกียรติเท่าไร
line:a37177dd	V-very well. I'll try.	ด-ได้ ผมจะพยายาม
line:209ddf97	Very cool	เจ๋งมาก
line:2f10f572	Very well. Don't let me interrupt the wash then!	ดีมาก งั้นผมไม่ขัดจังหวะอาบน้ำแล้ว!
line:7678511c	Wah- huh- <size=80%>oah. <size=60%>we don't-	อะ... หะ... <size=80%>อ๋อ <size=60%>เราไม่ได้...
line:82e2c158	Wait a sec, I need to open the gate.	รอเดี๋ยวนะ ผมต้องเปิดประตูก่อน
line:9c7a2fb7	Wait a sec, I need to open the gate.	รอเดี๋ยวนะ ผมต้องเปิดประตูก่อน
line:8ab5686b	Was great! Ryan is a sweetheart.	ดีมาก! ไรอันใจดีสุดๆ
line:d8c9f912	Was just doing my job!	ผมแค่ทำหน้าที่!
line:148a63c8	Was just trying to play along. Happy to see you!	แค่อยากเล่นมุกด้วย ดีใจที่ได้เจอ!
line:56261ccb	Was still good though! I like how it feels sliding down.	แต่ก็ยังดีนะ! ผมชอบตอนมันไหลลงไป
line:4d002f47	Was... <i>Really</i> upset I was muddy.	เธอ... โมโห<i>มาก</i>ที่ผมเปื้อนโคลน
line:014b5da5	Watch where those paws are going would you?	ดูหน่อยสิว่าอุ้งเท้าจะไปโดนไหน?
line:3028feb5	We also had sex after our date.	เรามีเซ็กซ์กันหลังเดตด้วย
line:d132db41	We can just lay here...	เรานอนอยู่ตรงนี้เฉยๆ ก็ได้...
line:4da8b942	We can make an opening.	จัดคิวให้ได้
line:8c563ab8	We can make an opening.	จัดคิวให้ได้
line:33a79dbe	We do! Are you... from the college...?	รับ! คุณ... มาจากวิทยาลัย...?
line:b83ec453	We got your request for the mount!	เราได้รับคำขอแท่นผสมพันธุ์แล้ว!
line:8b7b8d6b	We went out to eat. Had some good conversation.	เราออกไปกินข้าว คุยกันสนุกดี
line:74706bb3	We will need to clean the floors...	เราต้องทำความสะอาดพื้น...
line:df8fb8c9	We'll be going out to this seafood place-	เราจะไปร้านอาหารทะเล...
line:110a2ced	Welcome back!	ยินดีต้อนรับกลับมา!
line:b042f12a	Welcome back!	ยินดีต้อนรับกลับมา!
line:c46f5033	Well great, I appreciate your discretion, I'll be headed off to the apothecary.	ดีมาก ขอบคุณที่เก็บเงียบ ผมจะไปหาเภสัชกร
line:08f40e32	Well I had a good time, see you later then!	สนุกดีนะ แล้วเจอกัน!
line:c1e8b05d	Well I had a good time, see you later then!	สนุกดีนะ แล้วเจอกัน!
line:fcff7b00	Well, go to the window and speak with your customer.	งั้นไปที่หน้าต่างแล้วคุยกับลูกค้า
line:fc1e497a	Well, good luck getting your hands around all of me.	งั้นขอให้โชคดี กำให้รอบทั้งหมดของฉันล่ะ
line:60f14972	Well, I do enjoy the color. But I believe that is unrelated to my hue.	ผมชอบสีนั้นนะ แต่คิดว่าไม่เกี่ยวกับสีตัวเอง
line:c9f270de	Well, I'm a dragon- but... You know what I mean.	ที่จริงเป็นมังกร แต่... เข้าใจใช่ไหม
line:f7f87f6c	Well, That's why I'm here!	ก็เพราะแบบนี้ถึงมีผมไง!
line:629d89d1	Well, yes. I mean more... Primally?	อืม ใช่ หมายถึงในแง่... สัญชาตญาณมากกว่า?
line:8aa0fc1a	Well, you are one hell of a catch.	ก็คุณเป็นคนที่ใครๆ ต้องอยากคบ
line:5d34e715	Well, you better get one then!	งั้นก็หามาซะ!
line:f16e75f3	Well...	ก็...
line:a71a8385	Went to the bar... Things got spicy. You can imagine what happened next... <size=70%>Hah...	ไปบาร์... เริ่มร้อนแรงขึ้น คงเดาได้ว่าเกิดอะไรต่อ... <size=70%>ฮะ...
line:2e0ec324	Wha..?	อะไร...?
line:29ec93b2	Whaaat. Nothing wrong with it! figured you'd like to know.	อะไรเล่า? ไม่เห็นผิดอะไร! คิดว่าคุณคงอยากรู้
line:18e5a573	Whaaat? It's good to make sure you're warmed up!	อะไรเล่า? อุ่นเครื่องไว้ก่อนก็ดีนี่!
line:bd66082e	What about a movie?	ดูหนังเป็นไง?
line:ee3c126b	What about your private washers?	แล้วคนอาบน้ำส่วนตัวล่ะ?
line:871137eb	What about?	เรื่องอะไร?
line:bb3b6c71	What brings you in so late?	อะไรทำให้มาดึกขนาดนี้?
line:2dd518f0	What do you mean?	หมายความว่ายังไง?
line:2fae1274	What do you mean?	หมายความว่ายังไง?
line:3c2c53dc	What do you mean?	หมายความว่ายังไง?
line:838cdf1b	What do you think of me?	คุณคิดยังไงกับผม?
line:c2bdc402	What does the number 7 taste like?	เลข 7 รสชาติเป็นยังไง?
line:56fc085a	What happened!?	เกิดอะไรขึ้น!?
line:0bc56d4d	what happened?	เกิดอะไรขึ้น?
line:8c3b76ea	What is it?	อะไรเหรอ?
line:44b711a0	What is..	นี่คือ...
line:53301d3b	What kind of egg was that?	ไข่อะไรเหรอ?
line:073701b7	What kind of movie are you thinking?	คิดถึงหนังเรื่องไหน?
line:03cf1c9a	What kind of question?	คำถามแบบไหน?
line:003700c7	What kinds of classes do you teach?	คุณสอนวิชาอะไรบ้าง?
line:e2406cc4	What now?	แล้วต่อไปล่ะ?
line:0c583118	What was in those opened crates?	ในลังที่เปิดแล้วมีอะไร?
line:5a195ff2	What!? that's terrible! You don't even have a mount...?	อะไรนะ!? แย่ชะมัด! ไม่มีแม้แต่แท่นผสมพันธุ์เลยเหรอ...?
line:8ebd442e	What's got you looking so happy?	อะไรทำให้อารมณ์ดีขนาดนี้?
line:fc7aaaa0	What's teaching like?	การสอนเป็นยังไงบ้าง?
line:f99840cd	What's that?	นั่นอะไร?
line:1a0b719d	What's up?	มีเรื่องอะไร?
line:29359884	What's up?	มีเรื่องอะไร?
line:8d5c7802	What's up?	มีเรื่องอะไร?
line:712f9d7c	what?	อะไรนะ?
line:766c2abd	What? All the best places do it!	อะไร? ร้านดีๆ มีทั้งนั้น!
line:159a1d54	What? I'm a professor! Can't you tell from my crest?	อะไร? ผมเป็นศาสตราจารย์! ดูตราผมไม่ออกเหรอ?
line:9aa86a9b	What? There is no harm caused by a genuine compliment!	อะไร? คำชมจากใจไม่ได้ทำร้ายใครสักหน่อย!
line:b2fe309b	Whats got you in a good mood?	อะไรทำให้อารมณ์ดี?
line:93a145d4	Whats up, big guy?	มีอะไร เจ้าตัวโต?
line:4efe8211	Whats up?	มีอะไรเหรอ?
line:866cd495	Whats up?	มีอะไรเหรอ?
line:bfc04b3a	Whats up?	มีอะไรเหรอ?
line:e01885c3	Whats up?	มีอะไรเหรอ?
line:f7d786b6	Whats with all the... Gloop?	อะไรที่... เละๆ นี่?
line:c4c81aa9	Whats your favorite part about him?	ชอบอะไรในตัวเขาที่สุด?
line:ff6ef027	When do you actually end the relationship?	ควรยุติความสัมพันธ์จริงๆ ตอนไหน?
line:2ffe284b	When I met him at first I was falling back on my old script.	ตอนเจอเขาแรกๆ ฉันกลับไปทำตัวแบบเดิม
line:eb019075	When you're done go ahead and hit the button.	เสร็จแล้วกดปุ่มได้เลย
line:5d4e9392	Where did he go...?	เขาหายไปไหน...?
line:7af04961	Where would you like to go?	อยากไปไหน?
line:7e9389a7	Which college?	วิทยาลัยไหน?
line:2d315c6c	Who knew a dragon could get so dirty, huh?	ใครจะรู้ว่ามังกรสกปรกได้ขนาดนี้เนอะ?
line:a97338b0	Who knew places such as this existed so readily available to the public!	ใครจะรู้ว่ามีที่แบบนี้เปิดให้คนทั่วไปมาใช้ได้ง่ายๆ!
line:8b7915f4	Who's that?	ใครเหรอ?
line:ebd63f8c	Who's there?	ใครน่ะ?
line:eea7573f	Whoa! Cold!	โห! เย็น!
line:1acbd02a	Whoops	อุ๊ย
line:5a6c0d31	Whoops	อุ๊ย
line:afc6c00a	Whoops	อุ๊ย
line:c30013ff	Whoops	อุ๊ย
line:9df56a3a	why are you here so late?	ทำไมมาดึกขนาดนี้?
line:bb8583c1	With Ryan, I'm pretty sure we're gonna go on a date tonight.	ฉันกับไรอันน่าจะไปเดตกันคืนนี้
line:c236bdf9	Woah. Uhm.	โห เอ่อ
line:390f05be	Woah... What is that in your mouth?	โห... ในปากนั่นอะไร?
line:4b93b009	Woah... You want me to use that? Even with the food? Alright!	โห... อยากให้ผมใช้นั่นเหรอ? ทั้งที่มีอาหารด้วย? ได้เลย!
line:4cacfab8	Wonderful to hear you're seeing someone!	ดีใจที่ได้ยินว่าคุณกำลังคบใครอยู่!
line:f6fdf321	Wonderful to hear you're seeing someone!	ดีใจที่ได้ยินว่าคุณกำลังคบใครอยู่!
line:7e2421b6	Wonderful to hear.	ดีใจที่ได้ยิน
line:36d49875	Wonderful!	เยี่ยมเลย!
line:6046bedf	Wonderful!	เยี่ยมเลย!
line:ab423ac7	Wonderful!	เยี่ยมเลย!
line:5a9abbd4	Wonderful. Have a <i>productive</i> day.	ดีมาก ขอให้เป็นวันที่<i>ได้งาน</i>
line:ec771552	Woops.	อุ๊ยตาย
line:51bcff68	Would that interest you?	คุณสนใจไหม?
line:8c8591ec	Would you care to join me at the college library this evening...?	คืนนี้อยากมาที่ห้องสมุดวิทยาลัยกับผมไหม...?
line:985436e6	Wouldn't that be degrading?	ไม่เป็นการดูถูกคุณเหรอ?
line:1e027369	Wow thanks, that feels good.	โห ขอบคุณ สบายดี
line:737184f5	Wow!	ว้าว!
line:ead1bf44	Wow, it's an experience seeing you eat like that.	โห ดูคุณกินแบบนั้นเปิดโลกเลย
line:5da1e074	Y'know?	เข้าใจไหม?
line:79352475	Ya.	ชอบ
line:f6c14e05	Ya.	อืม
line:b6add8e0	Yea! I do!	ใช่! ฉันเจ๋ง!
line:b44edd29	Yeaaah I'm not sticking with that one.	อืม... ฉันไม่ใช้ชื่อนี้ต่อหรอก
line:7a471225	Yeaaah.	ใช่...
line:5483c5fd	Yeah	อืม
line:3a5d5ca4	Yeah he seems like he'd push some buttons.	อืม ดูเหมือนเขาน่าจะยั่วคุณได้ดี
line:63024a1f	Yeah he's improved a lot.	อืม เขาพัฒนาขึ้นเยอะ
line:5847a779	Yeah I have.	คุยแล้วครับ
line:f3b5952a	Yeah I'm happy too.	อืม ผมก็ดีใจ
line:fb47f998	Yeah it go BRRT haha.	ใช่ มันดังบรื้ด ฮ่าๆ
line:eef9b2bb	Yeah It's fine. Sorry.	อืม ไม่เป็นไร ขอโทษนะ
line:fbc80e96	Yeah let me get that for you.	ได้ เดี๋ยวเปิดให้
line:f212b2de	Yeah so I'm all muddy and stuff, love romping around in the public park.	อืม ผมเปื้อนโคลนไปหมด ชอบวิ่งเล่นในสวนสาธารณะ
line:108de471	Yeah that sounds pretty good.	อืม ฟังดูดี
line:fdd800c2	Yeah! clean as always.	ใช่! สะอาดเหมือนทุกที
line:dee4a32d	Yeah! Conrad, he's adorable. Though he'd hate I said that.	ใช่! คอนราด เขาน่าเอ็นดูมาก แต่คงไม่ชอบที่ผมพูดแบบนั้น
line:ab1bc039	Yeah! I feel clean.	ใช่! รู้สึกสะอาดดี
line:6733a3df	Yeah! I'm going on a date with him soon.	ใช่! อีกไม่นานจะไปเดตกับเขา
line:66727cce	Yeah! It has food that should be good for both of us.	ใช่! มีอาหารที่น่าจะเหมาะกับเราทั้งคู่
line:b482634c	Yeah! its useful.	ใช่! มีประโยชน์มาก
line:da9cfdcf	Yeah! Just went on a date with Conrad.	สบายดี! เพิ่งไปเดตกับคอนราดมา
line:3f153aaf	Yeah! Just went on a date with Ryan.	สบายดี! เพิ่งไปเดตกับไรอันมา
line:77ca2316	Yeah! Thanks for the food. I'll go get the gate.	อื้ม! ขอบคุณสำหรับอาหาร ผมจะเปิดประตู
line:c87d632b	Yeah! That would be amazing.	อื้ม! คงเยี่ยมมาก
line:71c0ee9a	Yeah, ever since the breakup I've been looking for something new.	อืม ตั้งแต่เลิกกันผมก็มองหาอะไรใหม่ๆ
line:bee397db	Yeah, he's so kind to me.	ใช่ เขาใจดีกับฉันมาก
line:4815ddba	Yeah, I've got one.	มี ผมมี
line:24efaa49	Yeah, me too. He's real nice.	อืม ฉันก็หวัง เขานิสัยดีจริงๆ
line:6fa847ba	Yeah, nah. Mate you gotta get in on this. I'll pay good!	ไม่ได้สิ เพื่อน นายต้องลองเรื่องนี้ ฉันจ่ายงาม!
line:266f699d	Yeah, taste good!	ใช่ อร่อย!
line:67cc394b	Yeah, that was scary at first.	ใช่ ตอนแรกน่ากลัวนะ
line:a9980f5e	Yeah, this has been super nice.	อืม นี่ดีมากเลย
line:54c44240	Yeah, you're right.	อืม คุณพูดถูก
line:bb1827c7	Yeah- Though only if you want!	ใช่ แต่ถ้านายอยากทำนะ!
line:7311dc01	Yeah.	ได้
line:95e2f7cc	Yeah.	อืม
line:9fd5b834	Yeah. <size=90%>Oh- <size=80%>you know. I'm like... <size=70%>Haha. Yeah. Mhm!	อืม <size=90%>อ๊ะ... <size=80%>รู้ไหม ผมแบบว่า... <size=70%>ฮ่าๆ ใช่ อื้ม!
line:a28a70c6	Yeah. At least I got to meet you because of it.	อืม อย่างน้อยเรื่องนี้ก็ทำให้ได้เจอคุณ
line:e5937e30	Yeah. I like fish!	อืม ผมชอบปลา!
line:0372e0d1	Yeah. It wasn't too expensive.	ใช่ ไม่แพงมากนี่
line:6804839d	Yeah. It's hard to unwind groups after something like that.	อืม หลังเรื่องแบบนั้นจะแยกกลุ่มเพื่อนออกจากกันก็ยาก
line:6e0e4e11	Yeah. You two will be cute.	อืม คุณสองคนต้องน่ารักมาก
line:616121a9	Yeah...	อืม...
line:f244d080	Yeah... He's really great.	อืม... เขาดีจริงๆ
line:5bab2df8	Yeah... I've never gone on a date with a kobold before.	อืม... ผมไม่เคยเดตกับโคโบลด์มาก่อน
line:8eeb7e28	Yeah... It really isn't.	อืม... ไม่ง่ายจริงๆ
line:039a0c83	Yeah?	ว่าไง?
line:2fb3fe55	Yeah?	ว่าไง?
line:92bd78f3	Yeah?	ว่าไง?
line:3690a3eb	Yeah? I don't even see a mount.	ใช่ไง ฉันยังไม่เห็นแท่นด้วยซ้ำ
line:ea2adb20	Yeah? tell me about it!	จริงเหรอ? เล่าให้ฟังสิ!
line:78eccd9b	Yellow lime.	รสมะนาวลูกสีเหลือง
line:5fd7bc69	Yep!	ใช่!
line:b6c878fa	Yep!	ใช่!
line:fcff76d4	Yep! I'll get the gate.	อื้ม! ผมเปิดประตูให้
line:3cdcbd4a	Yes	ได้
line:991dc643	Yes	โกรธ
line:e535cacb	Yes	ใช่
line:fb4265f7	Yes	ได้
line:4ab6c5a9	yes	ใช่
line:db98be35	Yes right this way.	มี ทางนี้เลย
line:52010e35	YES!	ได้เลย!
line:c4310942	Yes!	ได้!
line:d5f94e23	Yes!	ได้!
line:5592e639	Yes, welcome to Drag'N Wash!	ใช่แล้ว ยินดีต้อนรับสู่ Drag'N Wash!
line:f676b9a8	Yes, welcome to Drag'n wash!	ใช่แล้ว ยินดีต้อนรับสู่ Drag'N Wash!
line:a610ce0b	YES.	ใช่!
line:85fd5266	Yes.	ใช่
line:152cb8ad	Yes. I'm in need of a clean. The situation is rather dire!	ใช่ ผมต้องทำความสะอาด สถานการณ์ค่อนข้างร้ายแรง!
line:c4595dd5	Yes. It's invigorating to be so candid.	ใช่ การได้ตรงไปตรงมาแบบนี้สดชื่นดี
line:d7e50f2d	Yes..	ได้...
line:5811655d	Yes... But I believe we need to clean the floors.	ใช่... แต่คิดว่าเราต้องทำความสะอาดพื้น
line:9444cdba	Yip	ยิป
line:14d2c62f	Yip!	ยิป!
line:296ff3f4	Yip!	ยิป!
line:3d516ddb	Yip!	ยิป!
line:3e870ad0	Yip!	ยิป!
line:5544e245	Yip!	ยิป!
line:5efde4e2	Yip!	ยิป!
line:c3e1f198	Yip!	ยิป!
line:e662501c	Yip!	ยิป!
line:5e181cf4	Yip! <size=70%>(Gate)	ยิป! <size=70%>(ประตู)
line:b12a3f31	Yip! <size=70%>(idk)	ยิป! <size=70%>(ไม่รู้)
line:a8ee5236	Yip! <size=70%>(It's because the dormant part of your draconic mind is remembering the deep set language bridge between your kind and mine. Which carries the deep meaning and intention of kobold 'Yips' within it. This sudden understanding of yours is simply from our connection growing over time and activating that part of your mind.)	ยิป! <size=70%>(เพราะส่วนที่หลับใหลในจิตมังกรของคุณกำลังจดจำสะพานทางภาษาที่ฝังลึกระหว่างเผ่าพันธุ์เรา มันบรรจุความหมายและเจตนาของเสียง “ยิป” โคโบลด์ การที่คุณเข้าใจขึ้นมาก็เพียงเพราะสายสัมพันธ์ของเราเติบโตตามเวลาและปลุกจิตส่วนนั้นขึ้นมา)
line:5935a413	Yip! <size=70%>(Yes)	ยิป! <size=70%>(ใช่)
line:f1c14f75	Yip-Man - The Final Yip	ยิปแมน: ยิปสุดท้าย
line:4b9046ec	Yip-Man movies are real corny...	หนังยิปแมนน้ำเน่ามาก...
line:3d6b2203	You again?	คุณอีกแล้วเหรอ?
line:81416c72	You already are, whats up?	ก็ถามแล้วนี่ มีอะไรล่ะ?
line:6fbc3c1b	You also do <i>special endings</i> here, yeah?	ที่นี่มี<i>บริการส่งท้ายพิเศษ</i>ด้วยใช่ไหม?
line:e553c773	You also introduced me to Conrad.	คุณยังแนะนำคอนราดให้ผมด้วย
line:feb8727e	You always make me feel welcomed.	คุณทำให้ผมรู้สึกว่าเป็นที่ต้อนรับเสมอ
line:563d71ba	You are too!	คุณก็เหมือนกัน!
line:4efafbb0	You are very skilled with your hands	คุณใช้มือเก่งมาก
line:0dd63830	You brought food in?	คุณเอาอาหารมาเหรอ?
line:38043f6c	You can act however you like around me.	อยู่กับผมจะทำตัวยังไงก็ได้
line:3fbd01fb	You can come in whenever!	คุณมาได้ทุกเมื่อ!
line:0eb37f1a	You can stay here if you want.	คุณอยู่ต่อได้นะถ้าอยาก
line:ecc04e16	You decide!	คุณเลือกเลย!
line:19698f13	You didn't even open the watermelon.	คุณยังไม่ผ่าแตงโมเลย
line:7e8c1ae2	You do know how to use your hands pretty well.	นายใช้มือเก่งอยู่แล้วนี่
line:7023b6b4	You don't deserve that.	นายไม่ควรโดนแบบนั้น
line:c0cc0f2d	You got a medkit?	มีกล่องปฐมพยาบาลไหม?
line:c2b3c28a	you know about getting back into the dating scene...	เรื่องกลับไปเดตน่ะ...
line:512df07c	You know what that means.	รู้ใช่ไหมว่าแปลว่าอะไร
line:e613cbe3	You know what that means...	รู้ใช่ไหมว่าแปลว่าอะไร...
line:73e4789c	You know... This environment is rather pleasant. Very... proletarian.	รู้ไหม... บรรยากาศที่นี่น่าอยู่ทีเดียว ดู... ชนชั้นกรรมาชีพมาก
line:404b17ef	You look good this clean!	สะอาดแบบนี้ดูดีนะ!
line:780c151c	You needn't worry. The washer's union is... More powerful than I.	ไม่ต้องห่วง สหภาพคนอาบน้ำ... มีอำนาจกว่าผม
line:3fab049a	You probably shouldn't.	คงไม่ควรลองหรอก
line:0bc044da	You ready for this?	พร้อมหรือยัง?
line:f0a0565a	You ready to go back in to the club?	พร้อมกลับเข้าไปในคลับไหม?
line:c0e34d36	You really ate that entire thing... Woah.	คุณกินไปทั้งอันจริงๆ... โห
line:82cf49aa	You seemed to enjoy yourself.	ดูคุณสนุกดี
line:ba66095e	You set a good example.	คุณเป็นตัวอย่างที่ดี
line:6c2a1901	You should be all clean!	คุณน่าจะสะอาดหมดแล้ว!
line:36779352	You should be.	ก็ควรเป็นแบบนั้น
line:86154a64	You should feel it and check for me	นายควรจับเช็กให้ฉันหน่อย
line:20503ab0	You sure? It's not like... fun stuff.	แน่ใจเหรอ? ไม่ใช่... เรื่องสนุกเลย
line:0a0d6bc0	You too! I'll go get the gate.	ผมก็เหมือนกัน! เดี๋ยวเปิดประตูให้
line:e3106999	You too. Thanks for the wash.	ผมก็เหมือนกัน ขอบคุณที่อาบน้ำให้
line:fc97aa74	You too. Thanks for the wash.	ผมก็เหมือนกัน ขอบคุณที่อาบน้ำให้
line:5e4d645c	You two are really cute together...	พวกนายอยู่ด้วยกันน่ารักมาก...
line:b76a2a43	You were really going at it.	คุณใส่เต็มที่เลยนะ
line:83aa1a23	You work at a college?	คุณทำงานที่วิทยาลัยเหรอ?
line:85fa0d03	You'd need a dragon stomach first!	ต้องมีกระเพาะมังกรก่อน!
line:ebd2af6b	You'll have to give me all the Ryan details soon.	ต้องเล่ารายละเอียดเรื่องไรอันเร็วๆ นี้นะ
line:6c71dd83	You'll have to tell me all about it.	ต้องเล่าให้ผมฟังทั้งหมดนะ
line:91ab30f5	You'll have to tell me how you two work out!	ต้องเล่าให้ฟังนะว่าคุณสองคนไปกันได้ไหม!
line:ffeff59b	You'll have to tell me more inside.	เข้ามาแล้วต้องเล่าเพิ่มนะ
line:5eb243c2	You'll like it.	นายต้องชอบ
line:6acf7c77	You'll need to let them in afterwards of course.	จากนั้นก็ต้องให้ลูกค้าเข้ามาด้วยล่ะ
line:6b63d2d8	You'll take care of everything?	คุณจะจัดการทุกอย่างให้?
line:f2527ed7	You're <i>spotless.	คุณ<i>สะอาดหมดจด
line:23ae97e6	You're a big deal	นายน่ะคนสำคัญ
line:323e546b	You're a good friend too, I'll go get the gate.	คุณก็เป็นเพื่อนที่ดี ผมจะเปิดประตู
line:44e97be7	You're always welcome here, Ryan.	ที่นี่ยินดีต้อนรับคุณเสมอ ไรอัน
line:09e5bf43	You're cute by the way.	ว่าแต่คุณน่ารักนะ
line:277d8257	You're fine. Thank you.	ไม่เป็นไร ขอบคุณนะ
line:8c269acb	You're going to love it.	นายต้องชอบมาก
line:173782fa	You're good at it.	คุณทำได้ดีนะ
line:1dca8fa0	You're just a very comfortable person to be around.	แค่อยู่ใกล้คุณแล้วสบายใจมาก
line:42124159	You're just a very comfortable person to be around.	แค่อยู่ใกล้คุณแล้วสบายใจมาก
line:d3b6d22a	You're kind. It's more than I deserve.	นายใจดีเกินกว่าที่ฉันสมควรได้รับ
line:ca72bf2d	You're okay. You're clearly going through a lot.	ไม่เป็นไร เห็นชัดว่าคุณกำลังเจอเรื่องหนัก
line:68887509	You're one of my favorite clients!	คุณเป็นลูกค้าคนโปรดคนหนึ่งเลย!
line:c4cc497f	You're pretty hot.	นายเซ็กซี่ดี
line:b6603dc7	You're right. I shouldn't pry.	คุณพูดถูก ผมไม่ควรสอดรู้
line:31ab814e	You're right... Theres no way you could.	คุณพูดถูก... คุณคงตอบไม่ได้หรอก
line:470cd652	You're the first person I've met who's only expectation is for me to be...	คุณเป็นคนแรกที่ผมเจอที่คาดหวังแค่อย่างเดียว ให้ผมเป็น...
line:f718a7eb	You're the professor here. Must be correct.	คุณเป็นศาสตราจารย์นี่ คงถูกแหละ
line:15f55959	You're very sweet.	คุณใจดีมาก
line:bc6cc4d2	You're very sweet.	คุณใจดีมาก
line:6289a322	You're very welcome.	ยินดีมากเลย
line:39ddd682	You're...	คุณคือ...
line:6e94f373	You're... cool.	นาย... เจ๋งดี
line:61c96494	You're... Not that dirty.	คุณ... ไม่ได้สกปรกขนาดนั้น
line:8bab3246	You're... very forward.	คุณ... ตรงดีนะ
line:3bbab759	You've gotta keep me updated on you and Ryan, yeah?	เล่าเรื่องนายกับไรอันให้ฟังเรื่อยๆ นะ?
line:a5a8a9d5	Your crest is cool. What is it?	ตราคุณสวยดี มันคืออะไร?
line:3890b91c	Your date with Ryan.	เดตของนายกับไรอัน
line:82109412	Your secret's safe with me.	ความลับคุณปลอดภัยกับผม
line:ed8e7994	Yours doesn't. It's nice.	แต่ของคุณไม่เป็นแบบนั้น สบายใจดี
line:016a65e8	Yuh, that's me.	อืม ฉันเอง
line:38eb6d26	Yup!	ใช่!
line:7ac62718	Yup. I like it.	ใช่ ผมชอบ
