# line ID	exact English source	translation (English A-Z then ID)
line:39fd52f1	'Ey big dog.	よう、でかいワンコ。
line:918d7820	'Ey big kobold.	よう、でかいコボルト。
line:155c00eb	'think', 'On the way here'? Then you weren't covered in ink before...	「思う」「来る途中」？ じゃあ、その前は汚れてなかった……？
line:15bcd86c	'Yes way', There is nothing I am more certain of.	本当だ。これほど確信していることはない。
line:4d49ae72	'Yes way', There is nothing I am more certain of.	本当だ。これほど確信していることはない。
line:25f35611	---	---
line:4b9b3a43	---	---
line:97ab84a8	---	---
line:db5b3129	---	---
line:e2f28daa	---	---
line:3d2df033	..	……。
line:8c0e2d04	..	……。
line:b36eb839	..	……。
line:03d2f0bb	...	……
line:045f5836	...	……
line:1113335e	...	……
line:227eda5e	...	……
line:30a74521	...	……
line:4810891f	...	……
line:4da86a7a	...	……
line:610824ef	...	……
line:6757e4a0	...	……
line:695ef750	...	……
line:7426a997	...	……
line:759a495e	...	……
line:7e189c92	...	……
line:812700a5	...	……
line:848f5cd8	...	……
line:85f39b27	...	……
line:9504ba33	...	……
line:a6531779	...	……
line:b59e9091	...	……
line:b7f0551c	...	……
line:c272e55f	...	……
line:cdb8d8db	...	……
line:cfe4b91d	...	……
line:d6483230	...	……
line:d90d368f	...	……
line:d9516fdd	...	……
line:dd197e7c	...	……
line:decf872a	...	……
line:e9d40a5c	...	……
line:20f87f8d	... A class which I'm teaching rather soon.	……そして、その授業がもうすぐ始まる。
line:4815d919	... Being a bit of a jerk honestly.	……正直、ちょっと嫌な態度だった。
line:11bfce3b	... I thought we were good friends, we have sex all the time!	……仲がいいと思ってた。いつもセックスしてるのに！
line:1bebf328	... Thank you..	……ありがとう……。
line:a8eb78ed	... you're done? I'm still dirty..	……終わり？ まだ汚れてるんだけど……。
line:ef611d11	... you're done? I'm still soapy..	……終わり？ まだ泡だらけなんだけど……。
line:496134bc	...!	……！
line:7cc45755	...!	……！
line:6585925d	...<i><size=70%>I have one on him at least.	……<i><size=70%>少なくとも、俺は好きだ。
line:e2ea4ead	...A wash for our date tonight.	……今夜の僕らのデートのために、洗ってもらいに。
line:048d7f84	...About what I said earlier.	……さっき言ったことだけど。
line:55d1f6ef	...and nice.	……優しいし。
line:79a1a205	...But not in like a bad weird way.	……でも、悪い意味とか、変な意味じゃないぞ。
line:3592632e	...It's intimidating knowing how much they look up to me.	……それほど慕われていると思うと、怖くもなる。
line:7e08544c	...It's odd being able to speak so freely with someone.	……こんなに気兼ねなく話せるのは不思議だ。
line:f0cb8389	...No	……いや。
line:92601622	...Okay, come in	……わかった、入って。
line:e381559c	...Thank you for this.	……世話になったね。
line:b7b5f7fb	...Thanks.	……ありがとな。
line:dbab7a39	<b><i><size=130%>Did you suggest Ryan to Conrad?	<b><i><size=130%>コンラッドにライアンを紹介しましたか？
line:36ff6bd9	<gradient="gold"><b> I know a dragon, Ryan. I could get you two in contact? </b></gradient><size=70%>(Unlocks Conrad/Ryan hookup OR Ryan romance)	<gradient="gold"><b>ライアンってドラゴンを知ってる。紹介しようか？</b></gradient><size=70%>（コンラッドとライアンの関係、またはライアンとの恋愛を解放）
line:7e9d40e6	<gradient="gold"><b> I wouldn't mind hanging out... </b></gradient><size=70%> (Unlocks Conrad romance)	<gradient="gold"><b>僕なら、一緒に遊んでもいいよ……。</b></gradient><size=70%>（コンラッドとの恋愛を解放）
line:a0e49f02	<gradient="gold"><b> I wouldn't mind! </b></gradient><size=70%> (Will lead to Alexander romance!)	<gradient="gold"><b>喜んで！</b></gradient><size=70%>（アレクサンダーとの恋愛ルートへ！）
line:0371fb9c	<gradient="gold"><b> I'm going to be busy tonight. Sorry. </b></gradient><size=70%> (Will lead to no romance!)	<gradient="gold"><b>今夜は忙しいんだ。ごめん。</b></gradient><size=70%>（恋愛ルートには進みません！）
line:f5a81524	<gradient="gold"><b>I don't have anyone off the top of my head.</b></gradient><size=70%> (Locks in Conrad romance!)	<gradient="gold"><b>今は誰も思いつかないな。</b></gradient><size=70%>（コンラッドとの恋愛が確定します！）
line:bedc761d	<gradient="gold"><b>I know this one red dragon. I think you'd like him! </b></gradient><size=70%> (Hooks up Ryan with Conrad!)	<gradient="gold"><b>赤いドラゴンを知ってる。きっと気に入るよ！</b></gradient><size=70%>（ライアンとコンラッドが結ばれます！）
line:e104b8e4	<gradient="gold"><b>Oh. Uhm. <size=70%> I wouldn't mind... If I was that someone. </b></gradient><size=70%> (Locks in Ryan romance!)	<gradient="gold"><b>ああ、えっと。<size=70%>僕がその相手でも……いいんだけど。</b></gradient><size=70%>（ライアンとの恋愛が確定します！）
line:36073321	<gradient="yellow - orange"><size=140%>HEY! </gradient><size=100%>This is the cleaning place, ya?	<gradient="yellow - orange"><size=140%>よう！</gradient><size=100%>ここ、洗ってくれる店だよな？
line:c777ce0c	<i> that feels nice...</i>	<i>気持ちいい……</i>
line:e56dd423	<i><size=70%>uh oh.. and the books	<i><size=70%>しまった……本もだ。
line:d67b1098	<i>I like spraying you with water.	<i>君に水をかけるの、好き。
line:ad5d633a	<i>Oh...	<i>ああ……。
line:22b5941e	<i>Oh.</i> I don't think I'm ready for that just yet.	<i>ああ。</i>まだ、そこまでする心の準備はできていないかな。
line:cacbff51	<i>Ooooh. </i>The mount? Hell yeah, man.	<i>おお。</i>マウント？ 最高じゃん。
line:04b7ce44	<i>This</i> isn't your fault, Conrad.	<i>こんなこと</i>、君のせいじゃないよ、コンラッド。
line:72b244b7	<size=100%> That felt damn good!	<size=100%>めちゃくちゃ気持ちよかった！
line:78cc49e8	<size=100%>I mean- Cool.	<size=100%>いや、その……いいね。
line:e48243c0	<size=140%> FUCK YEAH!	<size=140%>ああ、最高だ！
line:f474ffa9	<size=140%>HEY, <size=100%>lookin' for a wash.	<size=140%>よう、<size=100%>洗ってほしいんだけど。
line:9d458e88	<size=160%>HELL YEAH!	<size=160%>よっしゃあ！
line:f5462edf	<size=60%> that's hot.	<size=60%>それ、そそる。
line:7c745c31	<size=70%> A big dragon giving me control. Woah.	<size=70%>大きなドラゴンが、僕に任せてくれるなんて。すごい。
line:53d71f27	<size=70%> And for me.	<size=70%>それと、僕のため。
line:4fe271cc	<size=70%> woah.	<size=70%>すごい。
line:e53b1bd3	<size=70%><i> holy shit, I just bagged a date with a dragon.	<size=70%><i>やばい、ドラゴンとデートの約束しちゃった。
line:c4384e8e	<size=70%><i>but it was nice... Thank you.	<size=70%><i>でも、気持ちよかった……ありがとう。
line:ec0e5330	<size=70%><i>feel free to continue-</i>	<size=70%><i>そのまま続けてくれて構わない……</i>
line:e77c1f79	<size=70%><i>oah-</i> no that's really cool actually.	<size=70%><i>わあ……</i>ううん、むしろすごくうれしい。
line:a618f9c2	<size=70%><i>Woah...	<size=70%><i>わあ……。
line:ad460e4b	<size=70%><i>Yeah?	<size=70%><i>そうなの？
line:c25d1c85	<size=70%>They're still on my payroll.	<size=70%>彼らには今も給料を払っている。
line:22deeef6	==	==
line:67fa34ad	==	==
line:a8e2f13e	==	==
line:ce938344	==	==
line:e41244bf	==	==
line:497d3f67	A few days ago...	数日前に……。
line:c570a462	A rather good excuse to see my favorite kobold.	お気に入りのコボルトに会うには、いい口実だろう。
line:5d2d16e0	A really good friend?	すごくいい友達だと思うのって、変かな？
line:df4d3810	About earlier.	さっきのことだけど。
line:1a5e1ba4	Act what way?	どういうこと？
line:cc532c02	After his spontaneous conflagration, I made sure to give him privacy.	彼が突然燃え上がったあと、邪魔しないようにしておいた。
line:a983ffa3	Again...?	また……？
line:8e34b87d	Agreed, though I'd still like to be let in as soon as convenient.	同感だ。だが、できれば早めに中へ入れてほしい。
line:934a1d5a	Ah yeah, that's the stuff.. keep at it.	ああ、それだ……そのまま続けて。
line:e216aee0	Ah, good.	ああ、よかった。
line:9b26ac5f	Ah, I see the button there, gotcha!	ああ、そこにボタンがあるんだね。わかった！
line:7f3fe9f9	Ah, sorry, I'm passionate about such things.	ああ、すまない。こういう話になると熱が入る。
line:bf2a8309	Ah, the grime did sting a little, thank you.	ああ、汚れが少ししみていたんだ。ありがとう。
line:ebdb9888	Ah, yeah, those types are pretty cute.	ああ、うん。そういうタイプ、かわいいよね。
line:b920f205	Ah. Do not worry.	ああ。気にしないでくれ。
line:a98d068c	Ah. Okay nevermind I'm not sorry then.	ああ。じゃあ、謝るのはなし。
line:6de2c490	Ah...	ああ……。
line:4d6b365e	Ahh, all cleaned and with a lighter load.	ああ、きれいになって、たまってたものも出せた。
line:20f96302	Alexander!	アレクサンダー！
line:f167e3d7	Alexander!	アレクサンダー！
line:fe3996b8	Alexander!	アレクサンダー！
line:af7db134	Alexander...?	アレクサンダー……？
line:eb7cf9e5	All clean...	すっかりきれいになった……。
line:f57fc630	All done!	全部終わり！
line:0b734d82	All self respecting washers know how to please a dragon.	一人前の洗い手なら、ドラゴンを喜ばせる方法を知ってるもんだ。
line:599ffb25	Already got seats at that bar I mentioned earlier.	前に話したバー、もう席を取った。
line:642ddea3	Alright alright... Then I think I'd like to use it?	わかった、わかった……では、使ってみたいと思う。
line:c7b3a185	Alright! I'll go get the gate.	よし！ 門を開けてくる。
line:7279121a	Alright! I'll go get you the gate.	よし！ 門を開けてくるね。
line:4fc4259c	Alright! I'm ready to go.	よし！ 出発できるよ。
line:a722d0fa	Alright, go get the gate and I'll head out to the spot!	じゃあ、門を開けて。先に行ってるね！
line:d04df8f8	Alright, I'll cya!	じゃあ、またな！
line:4766af08	Alrighty! That should be it.	よし！ これで終わり。
line:797ca540	Alrighty. All clean.	よし。きれいになった。
line:c4cb161a	Although grapes have always hit a specific craving.	でも、ブドウって妙に食べたくなるんだ。
line:dc237557	Although, the portions might be a bit... dragon sized.	でも、量はちょっと……ドラゴンサイズかも。
line:655b8c01	Always happy to have you, Conrad.	コンラッドなら、いつでも歓迎だよ。
line:afedd1f5	An anomaly.	特異な存在だ。
line:0de4fe62	And I'm glad you have a medkit... You're very prepared.	救急箱があって助かった……準備がいいんだな。
line:0699aef9	And I'm really happy for you and Conrad.	それに、君とコンラッドのことも本当にうれしい。
line:a3a26459	And not just physically.	背が高くて見上げられるという意味だけではなくね。
line:507bd2b9	And that's why I'm here! Going to be heading out after this wash to go see him.	それで来たんだ！ 洗い終わったら会いに行く。
line:33440e8c	And why you are perfect for this job!	だからこそ、君が適任なんだ！
line:cacb93ce	And you've tried everything.	もう、できることは全部試して。
line:8cae6240	Another dragon? Usually I don't really get along...	別のドラゴンか。普段はあんまり仲よくなれないんだけど……。
line:5a7e4fd4	Any chance you can clean me up again?	もう一度洗ってもらえるかな？
line:92d2a30a	Anything. I'm just curious.	何でも。ちょっと気になってね。
line:52695aa2	Anything?	何でも？
line:8ead9ee9	Anytime, Ryan.	いつでも聞くよ、ライアン。
line:6d77feef	Anyway glad you're not finished, lets keep at it!	ともかく、まだ終わりじゃなくてよかった。続けよう！
line:bdb4f59c	Anyway, time to get writing!	さて、書き始めよう！
line:75dd56ae	Anyways,	それはさておき。
line:8980260e	Anyways-	ともかく……。
line:a8e6291c	Anyways- Let me out.	ともかく、出してくれ。
line:493a82ef	Anyways. Could you go get the gate?	さて、門を開けてくれる？
line:926f5f41	Anyways. Gonna use this thing now!	さて、さっそく使わせてもらうぜ！
line:ad8ab02e	Anyways...	さて……。
line:e767dc51	Anywho, I'll get out of your scales now.	さて、そろそろ失礼しよう。
line:e81426c1	Anywho, I'm in need of a clean.	さて、洗ってもらいたい。
line:23e7d518	Approach the dragon entrance, and I will let you in.	ドラゴン用の入口まで来てくれれば、中へ案内しよう。
line:72a9b5bb	Are you happy?	幸せ？
line:be0118cc	Are you okay?	大丈夫？
line:de735c65	Are you open right now?	今、営業しているかね？
line:9369755d	Are you sure it will fit?	本当に入る？
line:c35b717a	Are you sure...? In front of the food?	いいの……？ 食べ物の前で？
line:cb06d2bf	As am I.	私もだ。
line:9a48b21c	As in you're unique.	つまり、他にはいないということ。
line:1c021ee0	At getting hand jobs.	手で抜いてもらうプロ。
line:e861b464	At least that's what I've heard anyway.	少なくとも、そう聞いてるよ。
line:2f54ceec	At least you can still use your hands. Heh.	まあ、手は使えるよな。へへ。
line:cb04e062	At least you can still use your hands. Heh.	まあ、手は使えるよな。へへ。
line:97792929	Aw, I'll go get you the gate.	ふふ、門を開けてくるね。
line:c6895517	Aw, Ryan.	ああ、ライアン。
line:db997182	Aw, thank you Alexander.	えへへ、ありがとう、アレクサンダー。
line:7157db26	Aw, thanks Alexander.	えへへ、ありがとう、アレクサンダー。
line:011f1458	Aw, thanks.	ああ、ありがとう。
line:aea0be6b	Aw, thanks.	ああ、ありがとな。
line:c00d76cd	Aw, thanks. I only look so good 'cause of your washes!	ああ、ありがとう。君が洗ってくれるから、こんなに格好いいんだよ！
line:453ff9be	Aw- Ryan...	ああ、ライアン……。
line:5340a315	Aw... Thanks!	えへへ……ありがとう！
line:c6202cf2	Aw... Thanks.	ああ……ありがとう。
line:cb1d1197	Aw... Thanks. Is it weird I consider you...	ああ……ありがとう。君のことを……。
line:2bfa396c	Aw... That's really sweet	ああ……素敵だね。
line:22053f7f	Awesome!	最高！
line:6fdb2c3d	Awesome!	最高！
line:70306ba1	Awesome!	最高！
line:6126a614	Awesome! Come on in..	最高！ 入って……。
line:e85007ac	Awesome! See you later then!	やった！ じゃあ、またあとで！
line:4c7f15d6	Awesome, I'll go get the gate.	いいね、門を開けてくる。
line:9d126e4e	Awesome, I'm glad.	よかった、うれしい。
line:b60cc4a5	Awesome.	最高。
line:59fb47b0	Awww. You don't need to be coverd in ink to say hi!	もう。顔を見せに来るだけなら、インクまみれになる必要はないよ！
line:8e20e028	Be yourself!	自分らしくしてればいいよ！
line:cd18f73f	Been looking forward to this.	楽しみにしてたんだ。
line:8f1fccf9	Being muddy is really fun up until it starts drying.	泥まみれになるのは楽しいけど、乾き始めるとね。
line:40783547	Berries.	ベリーだよ。
line:59d4be6a	Berries.	ベリーだよ。
line:61e781c1	Berries.	ベリーだよ。
line:18ae08ef	Bet you had fun.	楽しかっただろ。
line:982fd3c7	big C...?	ビッグ C……？
line:4b3f7c6a	Biology...? <size=70%> <i>I think?	生物学……？<size=70%><i>たぶん？
line:9be63f47	Bleh. Thank you for grabbing that.	ぷはっ。持ってくれてありがとう。
line:66957ed2	Blue...?	青い卵……？
line:a77c3afd	Both.	両方。
line:78975048	Brrr! Cold water!	ぶるっ！ 冷水だ！
line:8487a2c4	Burnswick Community College of Thaumaturgy	バーンズウィック地域魔術大学
line:f75126de	But honestly you've helped me a lot.	でも、本当に君には助けられた。
line:cab69268	But I already know I'm liking this a lot.	でも、もう、すごく気に入ってる。
line:d9534386	But I know the type... They tend to be big softies on the inside.	でも、そういうタイプはわかる……中身はすごく優しかったりする。
line:f73ddfbc	But I think its time to get cleaned up.	でも、そろそろきれいにしないとね。
line:088ea4a7	But I'm hot shit, so I'll be fine.	でも、俺はイケてるから大丈夫。
line:c8f8bc22	But I'm only your washer?	でも、僕はただの洗い手だよ？
line:dda0419b	But I'm sure I'd enjoy it with you!	でも、君となら楽しめると思う！
line:aa74448a	But not in this sized package, right??	でも、この体格では見たことないだろ？？
line:7d9ffc48	But nothing beats a large gulp!	でも、大きくごくんと飲むのが最高！
line:d1ec7684	But that is why I am here!	だが、まさにそのためにここへ来たのだ！
line:b0d9d1e5	But you're the teacher dragon.	でも、先生ドラゴンは君だよ。
line:2d7e1ab6	But, at least I got to meet you!	でも、少なくとも君に会えた！
line:b7f46902	But, I think you've taught me something.	だが、君に教わったことがあると思う。
line:b1040415	By the stars! No no. You're excellent.	とんでもない！ 違う、君はすばらしいよ。
line:3a88a2dd	By the way would you be mad if your partner made a mess at home?	ところで、恋人が家を汚したら怒る？
line:4199070f	Came in for another wash.	また洗ってもらいに来た。
line:105cd3e2	Can I ask you a question?	質問してもいい？
line:535ee717	Can you repeat that?	もう一度言ってくれる？
line:835e0c27	Can't sthpeak well.	うまくしゃべれなひ。
line:afa450c0	Come back whenever, Ryan.	いつでも来てね、ライアン。
line:0cedfc3d	Conrad can go as long as he needs	コンラッド様は、必要なだけ続けられる。
line:5462913f	conrad hooked up with ryan	コンラッドとライアンが結ばれた
line:61cd33c5	conrad hooked up with ryan	コンラッドとライアンが結ばれた
line:6a7610f3	conrad hooked up with ryan	コンラッドとライアンが結ばれた
line:bac1ce29	conrad hooked up with ryan	コンラッドとライアンが結ばれた
line:61c9b7ac	Conrad needs a cleaning, got a slot for 'im?	コンラッド様を洗ってくれるか？ 空いてる？
line:405b7ef1	Conrad needs a wash!	コンラッド様を洗ってくれ！
line:803c8f0c	Conrad was talking about you during our date.	デート中、コンラッドが君の話をしてた。
line:f1787092	Conrad!	コンラッド！
line:fd6c6213	Conrad!	コンラッド！
line:484cd04d	Conrad...?	コンラッド……？
line:5b0360ad	Conrad: Actually.. I mean..	Conrad: いや……その……。
line:3ce891ff	Conrad: Conrad just enjoys himself	Conrad: コンラッド様は、自分が楽しむだけだ。
line:fbe86c06	Conrad: Damn right!	Conrad: 当たり前だろ！
line:5660dc8b	Conrad: Don't worry about it!	Conrad: 気にするなよ！
line:c050dbfc	Conrad: I do it all the time	Conrad: 俺はいつもやってる。
line:cd3367da	Conrad: I want this to go well	Conrad: うまくいってほしいんだ。
line:194c1381	Conrad: I'm ready to blow	Conrad: もう出そう。
line:ce4d0fef	Conrad: Yea	Conrad: うん。
line:42c70daa	Conrad: You feel good	Conrad: 気持ちいい。
line:3bc52918	Conrad: You having a good time?	Conrad: 楽しんでる？
line:be0e51af	Cool.	格好いいからな。
line:88c36bc7	Could do that, then get a hotel room... Hmm.	そこに行って、それからホテルの部屋を取って……ふむ。
line:b99e1503	Could you ask <i>me</i> a question?	<i>私に</i>何か質問してくれないか？
line:12bf5baf	Could you get the gate...?	門を開けてくれないか……？
line:3a6afae1	Could you go get the gate?	門を開けてくれる？
line:9f49d9d4	Could you wash it away?	洗い流してくれる？
line:7661a0e9	D'aw... thanks.	えへへ……ありがとう。
line:59bc5840	Damn right I do!	当たり前だろ！
line:64889395	Damn right!	そうこなくちゃ！
line:95aa0bf4	Damn right!	もちろんさ！
line:db592d76	Damn right!	そうこなくちゃ！
line:0fcf9908	Damn right.	もちろん。
line:b964c99b	Damn shame then. Better change that.	残念すぎるな。変えた方がいい。
line:c6955ecc	Damn, you know how to use your hands.	くそ、手の使い方をわかってるな。
line:eaf45022	Damn, you know how to use your hands.	くそ、手の使い方をわかってるな。
line:684fb29a	Damn... Always feels good.	くそ……いつも気持ちいい。
line:7023cc94	DATE NIGHT!	デートの夜！
line:c71df70b	Date night!	デートの時間！
line:b57cc8ad	Depends	場合による。
line:07bd7f57	Did you do your uh...	今日は、その……。
line:4f38655d	Do I look like I'm okay?	大丈夫に見えるか？
line:8147156a	Do it!	出して！
line:9ab6ddfb	Do you also do "special endings" here?	ここって「特別な仕上げ」もやってる？
line:4c90479c	Do you ask because I'm lavender?	私が薄紫色だから聞くのかね？
line:3020c97c	Do you believe I am attractive?	私に魅力があると思うかね？
line:c5e71850	Do you even need a wash?	そもそも、洗う必要あるの？
line:1810e75f	Do you have any advice?	何かアドバイスある？
line:6be807b5	Do you have any plans with ryan?	ライアンと何か予定はある？
line:a0cf6cae	Do you know any cool places, people, I could hang around?	遊びに行けるいい場所とか、一緒に遊べるやつとか、知らない？
line:412ba249	Do you know any good bars?	いいバー、知ってる？
line:28ec716a	Do you know anyone I could talk to? Y'know... about relationship stuffs?	話せそうな人、誰か知ってる？ ほら……恋愛相手として。
line:21c0526b	Do you like being big?	大きい体は気に入ってる？
line:daa040eb	Do you like purple?	紫色はお好きですか？
line:ef052302	Do you like purple?	君は紫色が好きかい？
line:d5ed3582	Do you make big dragons, <size=60%>like me, <size=100%>cum here?	ここで大きなドラゴンを、<size=60%>俺みたいなやつを、<size=100%>イかせてくれるの？
line:ec64a696	Do you mind double checking if I'm clean?	きれいになったか、もう一度確認してくれる？
line:647187f1	Do you want to say what happened...?	何があったか、話したい……？
line:807df02d	Do you want to use it?	使ってみたいの？
line:5c42b85a	Doesn't mean I need to yell at you.	だからって、怒鳴っていいわけじゃない。
line:eefa8ae2	Don't be sorry! Get a mount!	謝るより、マウントを買えよ！
line:dd0f7b1d	Don't worry, dragons are made to eat anything.	大丈夫。ドラゴンは何でも食べられる体なんだ。
line:b90b01a9	Don't worry, he's real nice.	心配しないで。本当にいいやつ。
line:7de2a81c	Don't worry. I will.	大丈夫。話すよ。
line:c29d4071	Don't... make it sound like that.	そういう……言い方はやめて。
line:31bdd33c	Dont talk with your mouth full	口いっぱいのまま話すなよ。
line:8ee41fdc	Dragon history is complex. Ornamental crest <size=85%> are often <size=70%> worn by dragons to <size=55%>signify what family they belong to! <size=40%> It's an interesting mark of their culutral <size=35%> and familial heritage. I've often wondered if I should continue to wear mine. <size=20%> But culutural and familiar ties are considered important within the lore of dragons! so I must adhere to such things. <size=10%> Water. Earth. Fire. Air. Long ago, the four nations lived together in harmony. Then everything changed when the Fire Nation attacked.	ドラゴンの歴史は複雑だ。装飾用の紋章は<size=85%>多くの場合、<size=70%>ドラゴンが自分の<size=55%>家系を示すために身につける！<size=40%>文化的、<size=35%>家系的な遺産を示す興味深い印だ。私も身につけ続けるべきか、よく考える。<size=20%>だが、ドラゴンの伝承では文化と家族の絆が大切とされている！ だから従わねばならない。<size=10%>水。土。火。気。はるか昔、四つの国は調和して暮らしていた。だが、火の国の侵攻ですべてが変わった。
line:0a0e6773	Dragon stomachs are a bit more... robust than yours.	ドラゴンの胃は、君たちより少し……頑丈だから。
line:7e352505	Dragons of the galaxy 2	ドラゴンズ・オブ・ギャラクシー 2
line:c2c659d1	Eep!	ひゃっ！
line:0bd1699e	Ehh..	ええ……。
line:43dd32f5	Er... That's not-	いや……そういう意味じゃ……。
line:93b60dce	Even so. Not this time	それでも、今回はやめておこう。
line:573d9362	Even though you were just doing your job... I think it helped him a lot.	仕事だったとしても……彼には大きな助けだったと思う。
line:a2ba222e	Evening. This establishment takes walk ins, correct?	こんばんは。ここは予約なしでも利用できるのかね？
line:f98c3b6c	Every ending here is special!	うちは、どんな仕上げも特別だよ！
line:bfeaec15	Every self respecting wizard has a phoenix feather handy.	まともな魔術師なら、不死鳥の羽根を常備しているものだ。
line:57df700d	Everyone's gaze carries an immense weight.	誰の視線にも、重いものを感じる。
line:9ad8d2dd	Excellent!	すばらしい！
line:0c997163	Excellent.	すばらしい。
line:1976bc60	Excellent. Then make sure to go greet your customer at the window.	すばらしい。では、窓口でお客さんに挨拶してね。
line:7bbe7ee3	Expectations are laaaame.	期待されるのって、めんどくさーい。
line:f99eb2ff	Ey! The mount! Fuck yeah.	おっ！ マウント！ よっしゃ。
line:d376acb9	Ey, so. Was thinkin'	なあ、ちょっと考えてたんだけど。
line:85ec0862	Ey, sorry for coming in late.	よう、遅くにごめん。
line:12e8ae42	Ey, Use your hands on my cock- it feels good!	なあ、手でチンポを触ってくれよ。気持ちいいんだ！
line:271a3846	Fair enough. I'll be waiting!	まあいい。待っているよ！
line:4789095b	Fair enough. You two do seem cute together.	そっか。お前ら、かわいいカップルだと思う。
line:f5b37855	Felt good sliding down though!	でも、滑り落ちる感覚はよかった！
line:274367d7	Figured I'd bring in something nice after all you've done.	いろいろしてくれたお礼に、何かいい物を持ってきたくて。
line:aae8afca	Fine with me!	僕はいいよ！
line:e98616be	For you!	君のため！
line:62a82aba	Found this one gryphon. About my size...	俺と同じくらいの大きさのグリフォンがいてさ……。
line:807fdc76	From what I've heard he sounds like he's improved a lot recently, yeah?	聞いた話だと、最近すごく変わったんだよね？
line:803bf378	Fuck man, I'm so pumped.	くそ、めちゃくちゃ楽しみだ。
line:f2418086	Fuck no! Shit's embarrassing.	話したくねえよ！ 恥ずかしすぎる。
line:a7ca3ca8	Fuck something and then get a handjob hopefully.	何かに突っ込んで、できれば手でも抜いてもらうため。
line:203bce10	Fuuuck. You really know how to work a dragon!	くそ……ドラゴンの扱い、わかってるな！
line:f7f9b0db	G'day mate!	よう、相棒！
line:664c994e	Gave me time to think.	考える時間をくれたから。
line:1d9b3531	Get a handjob and fuck this mount.	手で抜いてもらって、このマウントとヤるため。
line:48afdce4	Give it to me!	僕に出して！
line:9df043ad	Give me a bit	ちょっと待って。
line:e5c7f64a	Glad I'm here to remind you then.	思い出させに来てよかった。
line:354170aa	Go for it!	いいよ！
line:2d0b6b06	Goin' downtown tonight. Needed to be spotless. Say...	今夜は街に行くんだ。ピカピカにしたくてさ。なあ……。
line:dcb506d2	Good as!	最高じゃん！
line:bcbc6373	Good evening!	こんばんは！
line:607a5c47	Good, I can't be having the Burnswick Community College of Thaumaturgy know that their best professor Alexander has caused another incident.	よし。バーンズウィック地域魔術大学の最高の教授、アレクサンダーがまた事故を起こしたなどと知られるわけにはいかない。
line:12b72085	Good, you better. If I come back and there isn't one...	よし、頼むぞ。次に来てもなかったら……。
line:2c851dad	Good.	よかった。
line:2712436c	Good. 'Aight, let me out.	よし。じゃ、外に出してくれ。
line:bab51ada	Good... That'd be correct.	気持ちいい……まさに、その通りだ。
line:44f2b8cf	Goodbye!	さようなら！
line:a8e6ac2a	Goodness, thanks to you I have a chance at redeeming this situation.	ああ、君のおかげで事態を立て直せそうだ。
line:745c3c12	Gosh!	なんと！
line:6b5c6564	Gotta <i>practice</i> for Ryan if you catch what I mean.	ライアンのために<i>練習</i>しなきゃな。わかるだろ。
line:e3cef2bc	Gotta make sure you're spotless!	ピカピカにしないとね！
line:b01b2159	Great, so uh,	よかった。それで、その……。
line:43c94954	Grouse as! Excited to see you work!	最高！ どんな腕前か楽しみだ！
line:9de16ee9	Ha!	はは！
line:88d7e1e2	Haah. This is the best fuckin' wash.	はあ。ここ、マジで最高の洗い場だ。
line:cc6e7856	Hah! There's the mount!	はは！ マウントだ！
line:90dd6d9d	Hah, eager as always.	はは、相変わらず元気だね。
line:9542e7a6	Hah, good. Let's break this thing in!	はは、よかった。さっそく使い込んでやろう！
line:fe21109b	Hah, he seems like the wild type.	はは、確かにそういうタイプだね。
line:e8bc1d95	Hah, I imagine it would be.	はは、そうだろうな。
line:acbf628d	Hah, it is a motivator.	はは、確かにやる気が出るものだ。
line:65b23418	Hah, okay. I'm game.	はは、いいね。乗った。
line:058d9d5c	Hah, yeah. Conrad is definitely experienced...	はは、うん。コンラッドは、確かに慣れてるね……。
line:8b878971	Hah, yeah. He sounds fun.	はは、うん。楽しそうな人だね。
line:e3ed51d9	Hah. Conrad, you look good too.	はは。コンラッドも格好いいよ。
line:f8b2e23b	Hah. Fine.	はは、わかった。
line:ea23c5f9	Hah. If only there was a kobold that could clean me.	はは。俺を洗ってくれるコボルトがいたらなあ。
line:c9bb2a93	Hah. Yeah. <size=70%><i>It's cool that you learn to jerk off dragons in cleaning school...	はは、そう。<size=70%><i>洗い手の学校じゃ、ドラゴンの抜き方も教わるんだな……。
line:50a559bb	Hah... <size=70%> yeah.	はは……<size=70%>うん。
line:4d4d9986	Hah... Gonna jerk me off now? That's fine.	はは……今から抜いてくれるの？ いいよ。
line:4e920759	Hah... Yeah I'm excited.	はは……うん、楽しみ。
line:b36365ce	Hah... Yeah...	はは……うん……。
line:b8724c64	Hah... you do like that noise.	はは……その鳴き声、好きだね。
line:c8cde395	Haha, 'Yip' indeed.	はは、まったく「きゅっ」だね。
line:680991cf	Haha, yes. Happy to see you.	はは、ああ。会えてうれしい。
line:4c27b031	Haha, you certainly are!	はは、確かにそうだね！
line:c3a2e14e	Haha, you certainly are!	はは、確かにそうだね！
line:9ec40945	Haha. 'Yip' to you too.	はは。君にも「きゅっ」。
line:5e91e0a7	Haha... Yeah. I'm not really used to complimenting.	はは……うん。褒めるのに慣れてなくてさ。
line:44689f21	Happy to be back.	また来られてうれしいよ。
line:2672f65d	Happy to be here.	ここに来られてうれしい。
line:192fcb8e	Happy to get it off.	落としてもらえてうれしい。
line:3517b28e	Have a productive day.	実り多い一日を。
line:7c1adc57	He called me, we met up. He's really damn nice.	電話をくれて、会ったんだ。本当に優しいやつだよ。
line:e71f9a0b	HE DIED!?	死んじゃったの！？
line:ed6c9afb	He hadn't been... Well, cared about in a long time from what I could gather.	話を聞く限り、長い間……大切にされていなかったみたい。
line:de25de6e	He just... Knew what to say to snap me out of all that.	でも、あいつ……俺が我に返る言葉を、ちゃんとわかってた。
line:a035a3fd	He prefers 'vertically challenged'... But yes.	本人は「高さが控えめ」って言ってほしいみたい……でも、そう。
line:04b29e42	He really is.	本当にそうだね。
line:c7e1b369	He really is.	本当にそうだね。
line:c64bd5ce	He said I was chill, we planned a date...	俺のこと、付き合いやすいって。デートも決めて……。
line:e8a91447	He's a lot. But, I like it.	いろいろ強烈だけど、そこが好き。
line:a7181b1a	He's a red dragon. I think you two would like eachother!	赤いドラゴンだよ。二人とも気が合うと思う！
line:8245fe2b	He's already back to work. Thanks for helping with all that.	彼はもう仕事に戻った。あのときは世話になったね。
line:aaea8391	He's been way nicer recently.	最近、ずっと優しくなったよ。
line:7363c004	He's great.	彼は素敵だ。
line:c13d4e24	He's hot.	彼、セクシーだよ。
line:675d7e37	He's like. SUPER hung.	その……すっごく大きいんだ、アレが。
line:7deb9fff	He's like... a big softy surrounded by sharp pointy bits.	彼は……とげとげで囲まれた、優しい心って感じ。
line:800c553d	He's my dream dragon.	理想のドラゴンなんだ。
line:4b3c70d9	He's snappy, but tender too!	つっけんどんだけど、優しくもあるんだ！
line:31281c6d	He's this REALLY cute red drake who goes to the wash!	ここに来る、すごくかわいい赤いドレイクだよ！
line:4c11c83e	He's tiny, I like being eye level with him.	小さいから、目の高さが合うのが好き。
line:b9ce2f3c	He's... Considerate. Real understanding too.	気遣ってくれるし、理解もある。
line:8e9e0f98	Heard about you and the big blue guy. Ryan was it?	あのでかい青いやつとの話、聞いたぞ。ライアンだっけ？
line:ca4a9672	Heeeey Ryan.	やあ、ライアン。
line:24ce37ec	Heeeey.	やあ。
line:bb70c1ed	Heh. Yeah.	へへ。うん。
line:3fa80829	Heh. Yeah. I like you too.	へへ。うん。僕も君が好き。
line:20393ff6	Heh. Yeah. That's me.	へへ。そう、俺だ。
line:ac769d93	heh.. yea.. sorry..	へへ……うん……ごめん……。
line:5246ceea	Heh... alright.	へへ……わかった。
line:75fef5cb	Heh... Damn right.	へへ……その通り。
line:5f0edcb2	Heh... Handsy today, huh?	へへ……今日はよく触るね？
line:2f55b3aa	Hehe	へへ
line:7e991330	Hehe yeah.	へへ、うん。
line:3223473f	Hehe, I'm excited to get into the dating scene again.	へへ、またデートを始めるのが楽しみだ。
line:4a137220	Hehe, thanks. It has stuff that should be good for both of us.	へへ、ありがとう。二人とも食べられそうなものを入れてきたよ。
line:1a3e2a73	Hell yea	よっしゃ。
line:93f67490	Hell yeah	よっしゃ。
line:389e4033	Hell yeah I did!	そりゃもう！
line:17dbb9b7	Hell yeah.	よっしゃ。
line:4b7b33d9	Hello!	こんにちは！
line:c3d3da41	Hello!	こんにちは！
line:4183ca7e	Hello, <i>'Drag'n wash franchise 223'...</i> Have you figured out how to interact yet?	もしもし、<i>「Drag'n'wash フランチャイズ 223 号店」……</i>操作方法はわかった？
line:a99c515c	Hello, <i>'Drag'n wash franchise 223'...</i> Have you spoken to your first customer yet?	もしもし、<i>「Drag'n'wash フランチャイズ 223 号店」……</i>最初のお客さんとは、もう話した？
line:b7cce838	Hello.	こんにちは。
line:a8779ebf	Hello?	誰かいる？
line:dd4b34ae	Hello?	誰かいる？
line:1954aab7	Help the developers out please..	開発者への報告にご協力ください……
line:db9c3a5c	Help the developers out please..	開発者への報告にご協力ください……
line:f7f7f5a1	Help the developers out please..	開発者への報告にご協力ください……
line:fc461784	Help the developers out please..	開発者への報告にご協力ください……
line:ee3398a6	Hey big guy.	やあ、でっかいドラゴンさん。
line:0090c7b0	Hey Conrad!	やあ、コンラッド！
line:3d0a5aeb	Hey Conrad!	やあ、コンラッド！
line:a2b4acea	Hey conrad!	やあ、コンラッド！
line:975a629f	Hey Conrad.	やあ、コンラッド。
line:21235886	Hey could you come up front where I can see you?	ねえ、顔が見えるように前に来てくれる？
line:533532c4	Hey fine by me!	おう、俺は構わないぜ！
line:1538bc7e	Hey good lookin'	よう、いい男。
line:0121c874	Hey hey. Glad you're open.	ようよう。営業しててよかった。
line:71b651dd	Hey I have something to say!	ねえ、話したいことがあるんだ！
line:0d4e0ecf	Hey kobold!	やあ、コボルト！
line:af3f02c9	Hey Ryan, what do you have there?	やあ、ライアン。何を持ってるの？
line:6374414d	Hey thanks for being here for me...	なあ、そばにいてくれてありがとう……。
line:bf5ff483	Hey there, happy to be back.	やあ、また来られてうれしい。
line:c38b7fa6	Hey there, Ryan!	やあ、ライアン！
line:2d5fc8a2	Hey there- Maybe you can get 'hands on' later?	なあ、手を使うのは、あとにしない？
line:1b6c7f75	Hey there.	やあ。
line:5dacf226	Hey there.	こんにちは。
line:82698bd1	Hey there.	やあ。
line:ab3a5d9c	Hey there.	よう。
line:3d2bc74e	Hey uh, do you think Ryan and I will <i>actually</i> work out?	なあ、俺とライアンって、<i>本当に</i>うまくいくと思う？
line:04501155	Hey uh, I just need a cleaning.	なあ、その、洗ってほしいだけなんだ。
line:2a29842a	Hey uh... Not now.	なあ、その……今はやめて。
line:8caa3196	Hey uhm, thanks once again.	ねえ、その、改めてありがとう。
line:5c7a9105	Hey!	やあ！
line:eed2cc64	Hey!	やあ！
line:2f3f5508	Hey! He's just... 'vertically challenged'.	ちょっと！ 彼はただ……「高さが控えめ」なんだ。
line:55bb78d1	Hey! I'm here for a wash.	やあ！ 洗ってもらいに来た。
line:33480903	Hey, Alexander!	やあ、アレクサンダー！
line:21fcef4f	Hey, Alexander.	やあ、アレクサンダー。
line:14598ca6	Hey, big guy!	やあ、でっかいドラゴンさん！
line:e7353d24	Hey, I've got a question for you.	なあ、聞きたいことがある。
line:674877e5	Hey, nothin' wrong with asking!	なあ、聞いたっていいだろ！
line:d2589856	Hey, welcome back!	いらっしゃい、また来てくれたんだ！
line:0d3e4054	Hey.	ねえ。
line:aa0dda7b	Hey.	ねえ。
line:7f2e2736	Hey... little guy!	やあ……ちっちゃいコボルトさん！
line:933efa6d	Hi again!	また来たよ！
line:873a2b9a	Hi again..	また来たよ……。
line:83ac5b68	Hi Conrad.	やあ、コンラッド。
line:050efd1a	Hi, Ryan!	やあ、ライアン！
line:06ed6aea	Hiiiii! Hiii!	やっほー！ やっほー！
line:5a632b75	His physical form is currently reconstituting in the staff lounge.	今は職員休憩室で肉体を再構成している。
line:6bd91ca7	Hm, I think I'll pass on the mount.	うーん、マウントは遠慮しようかな。
line:370d719b	Hm?	ん？
line:3c3ddd0c	Hm?	ん？
line:44658d73	Hmm...	うーん……。
line:bf059ff3	Hmm...	うーん……。
line:730b1ca4	Hmm?	んん？
line:fc571337	Hmmm, maybe something else?	うーん、別のものは？
line:19207e44	Hold on a little longer for me?	もう少し我慢してくれる？
line:f2ae89c4	Honestly, I'm surprised how nice this is.	正直、こんなに心地よいとは思わなかった。
line:a2ff0176	Hope it went well.	うまくいったといいな。
line:b17360a0	Hope that's alright?	迷惑じゃないかな？
line:ae08853f	Hope you're doing alright!	元気にしてるといいな！
line:e1fa2461	Hopefully! I'll go get the gate.	そうだね！ 門を開けてくる。
line:99931b37	Hopefully.	たぶん。
line:d9c91bca	How about you though? have you been seeing anyone?	君はどう？ 誰かと付き合ってる？
line:4ec92454	How about you? Anyone exciting?	君はどう？ 気になる人は？
line:86bde306	How are you with seafood?	シーフードは好き？
line:7fb611c9	How come you brought this all in?	どうしてこんなに持ってきてくれたの？
line:af0d0972	How come you're covered in ink?	どうしてインクまみれなの？
line:e385b7f3	How did it go?	どうだった？
line:c0161bbc	How did it taste?	どんな味だった？
line:262b262e	how do I get in?	どうやって入ればいい？
line:676b0638	how do I get in?	どうやって入ればいい？
line:8308bb09	How do I look?	どう、俺の姿？
line:4f172746	How do you even digest that?	そんなもの、どうやって消化するの？
line:28d390ac	How so?	どんなふうに？
line:4ef9fe65	How so?	どんなふうに？
line:ea66b5af	How so?	どんなふうに？
line:4b29790b	How was the sex.	セックスはどうだった？
line:7736270c	How was your date with Conrad?	コンラッドとのデートはどうだった？
line:18d418ab	However, it's ornamental! My family crest. You see...	だが、これは装飾品だ！ 我が家の紋章でね……
line:1f250062	However, My <i>image</i> is far more permanent than Igwyx's fleeting physical forms.	だが、私の<i>評判</i>は、イグウィクスの儚い肉体とは違って長く残る。
line:ae34381b	However, that respect comes with an expectation to act as I look. It's incredibly stressful.	だが、見た目にふさわしい振る舞いを求められる。かなりの重圧だ。
line:d2baf9e2	However...	ところが……
line:fb8401c3	Huff...	はあ……。
line:b54ee04d	huff... Thank you for that.	はあ……ありがとう。
line:16420ca7	Huff... Thanks for that.	はあ……ありがとう。
line:45507089	Huff... That was nice... Made a bit of a mess though.	はあ……よかった……ちょっと汚しちゃったけど。
line:ae83cfb6	huh...?	え……？
line:0c78b56b	Huh?	え？
line:e96114a2	Huh? ofcourse not!	え？ そんなわけないよ！
line:836c079c	I <i>think </i> I must've spilled an inkwell <i>on the way here</i>. Rather clumsy of me!	<i>ここへ来る途中</i>でインク壺をこぼしたのだと<i>思う</i>。実に不注意だった！
line:d37175c7	I act tough but am a small dragon...	強がってるけど、俺は小さなドラゴンなんだ……。
line:b4e27683	I agree	僕もそう思う。
line:68ebf07b	I allowed him, as my stature provides ample height.	私は背が高いから、使わせてやったのだ。
line:a051821a	I already feel a lot better.	もう、ずいぶん楽になった。
line:49bfbfbe	I already have spot at the club reserved.	クラブの席も、もう予約してある。
line:14ff4edd	I always do~	いつもだよ。
line:b05c6259	I always look forward to seeing you. I'll go get the gate.	いつも君に会うのが楽しみだよ。門を開けてくる。
line:52bf5ede	I am THE kobold. Yip!	僕こそ、そのコボルトだよ。きゅっ！
line:141c006f	I am too.	僕もそうだよ。
line:363f6f6a	I am too.	僕もそうだよ。
line:405b9622	I am too.	俺もだよ。
line:d4c5faea	I am too.	俺もだよ。
line:556897bf	I am! Even better now that you're here.	元気だよ！ 君が来て、もっと元気になった。
line:e499b2cc	I am.	ああ。
line:5ec8bb55	I believe that's in part because of you.	君のおかげでもあると思う。
line:9883786d	I booked the night.	一晩予約してあるから。
line:eae85bf9	I broke up with my partner...	恋人と別れたんだ……。
line:ffcfee20	I brought watermelon, bread, grapes, and some other stuff.	スイカとパンとブドウ、それからいろいろ持ってきた。
line:e8aa18f4	I can digest pretty much anything.	僕は、ほとんど何でも消化できる。
line:7f543c2a	I can let loose whenever you are ready	お前がよければ、いつでも出せる。
line:c83a6a0d	I can't believe Igwix would make a mistake like this!	イグウィクスがこんな失敗をするとは！
line:e051a79e	I consider you a good friend too	僕も君をいい友達だと思ってる。
line:f382336f	I could get us the <i>nicest</i> spots for their show.	ショーの<i>最高の</i>席を取ってやれる。
line:2602b8c6	I could use a wash.	洗ってもらいたいな。
line:c66153d3	I couldn't help but notice the... device over there.	あそこにある……器具が気になってね。
line:b71f0756	I decided to try baking.	お菓子作りを試してみたんだ。
line:e62b989c	I decided to try baking.	お菓子作りを試してみたんだ。
line:efea7148	I decided to try baking.	お菓子作りを試してみたんだ。
line:98f800d3	I didn't know anyone could like me that much so easily.	そんなにすんなり僕を好きになってくれる人がいるなんて。
line:4116f001	I didn't know what the button did.	そのボタンが何なのか知らなかった。
line:7a5c7f54	I didn't mean to fluster you!	慌てさせるつもりじゃなかったんだ！
line:55542a9b	I do enjoy the color. Though I believe its unrelated to my own hue.	好きな色だよ。自分の体の色とは関係ないと思うが。
line:f9c800f2	I do!	思うよ！
line:ad9c1ada	I do. But, what happened?	あるけど、何があったの？
line:a45ccf3a	I don't believe I can hold back any longer	これ以上は、もう我慢できそうにない。
line:8c6e1cd3	I don't get it! Why do I have to act this way?	わかんねえよ！ なんで俺はこうなんだ？
line:cc4e48a3	I don't know where they went but I feel dirty again.	あの人がどこへ行ったのかわからないけど、また汚れちゃった。
line:71127249	I don't mean to be rude, but I must decline	失礼に聞こえたらすまないが、遠慮させてもらう。
line:f5696cc4	I don't need to tell you.	言う必要ないだろ。
line:878fc94c	I don't understand..	わからない……。
line:4f3d31f8	I don't want your pitty!	同情なんかいらない！
line:8fc36ab7	I enjoy being a part of so many individuals lives in a positive way.	多くの人の人生に、よい影響を与えられるのがうれしい。
line:14653182	I enjoy parts of it. The respect is pleasant...	気に入っている面もある。敬意を払われるのは心地よい……
line:bd4bb1b9	I enjoy that I do not fear failure around you.	君のそばでは失敗を恐れずに済む。それがうれしい。
line:c108ed4f	I enjoy when you tell me what to do with a pat of your hand.	君が手で軽くたたいて、どうすればいいか教えてくれるのが好きだ。
line:6db406b4	I enjoyed this quite a lot.	とても楽しめた。
line:e838533b	I feel as I could say anything to you.	君には何でも話せる気がする。
line:9b9567ec	I feel much better.	ずっと楽になった。
line:ed6be68f	I feel spotless as always.	いつもどおり、ピカピカだ。
line:938be2fb	I forget the ignorance of a layman. I apologize.	専門外の者にはわからないのだったね。失礼した。
line:63837f22	I forgot to bite into it so... Nothing?	かむのを忘れたから……味はなかったかな？
line:fe3484ea	I get how you'd feel that way after a breakup, yeah.	別れたあとなら、そう感じるのもわかるよ。
line:adf1550f	I give my other bipedal friends rides all the time.	他の二足歩行の友達も、よく乗せてる。
line:9a68366f	I got a mount.	マウントを買ったよ。
line:78a54cae	I got back home a bit dirty. And she yelled at me.	僕が少し汚れて帰ったら、怒鳴られた。
line:22a9094a	I guess so!	そういうことかな！
line:28d6c0aa	I hate that I'm always getting into situations like this.	いつもこんなことになるのが嫌なんだ。
line:366a7f73	I have a question.	聞きたいことがある。
line:82b63c18	I have something to say!	話したいことがあるんだ！
line:fd68807c	I have to say, you did as good a job as private washers.	専属の洗い手に引けを取らない腕前だ。
line:761f413a	I heard a loud bang	大きな爆発音がしたんだ。
line:9d7cc63c	I heard a loud bang, I don't think Igwix made it.	大きな爆発音がしてね。イグウィクスは助からなかったと思う。
line:7ede5030	I heard there was kobolds down here that could wash me up?	ここに体を洗ってくれるコボルトがいるって聞いたんだけど？
line:efb2d4af	I heard there were kobolds down here that could wash me up?	ここに体を洗ってくれるコボルトがいるって聞いたんだけど？
line:2f9b499a	I honestly don't know how you are doing that.	正直、どうやってるのかわからない。
line:6f5dbc90	I hope he's okay too.	彼が無事だといいね。
line:cd0197ed	I hope I can learn from that.	俺も見習えたらいいな。
line:cf50dbcc	I hope it all works out.	うまくいくといいな。
line:b2dfad3e	I hope so.	うまくいくといいね。
line:0477b0d7	I hope so. I really want a fresh start with someone.	だといいな。誰かと新しくやり直したいんだ。
line:7429dab7	I hope that you'll help me prove them wrong!	違うって証明するのを手伝ってくれるといいな！
line:be5feb3e	I hope things get better.	よくなるといいね。
line:114ac9a0	I hope you're right.	そうだといいな。
line:06744c7e	I just don't like that she takes it out on me.	ただ、それを僕にぶつけられるのが嫌なんだ。
line:1fb02179	I just don't like that she takes it out on me.	ただ、それを僕にぶつけられるのが嫌なんだ。
line:c8a1e7d0	I Just need a quick wash... Maybe the mount would be nice too.	さっと洗ってほしいだけ……マウントも使えたらうれしいけど。
line:95ff1bed	I just wish for you to ask me a question. Any question.	ただ、質問してほしいんだ。何でもいい。
line:f716a163	I knew you were too busy, so I figured I'd bring the date to you!	忙しいのはわかってたから、デートを君のところに持ってきた！
line:2461773d	I knew you'd have my back	君なら味方してくれると思った。
line:6a671440	I know a decent equine-kin place by the pier.	桟橋の近くに、いい馬族料理の店がある。
line:50102b85	I know he can be a bit hot headed and forget to thank folks.	少し短気で、お礼を忘れることがあるからね。
line:83c55e2e	I know things can be tough.	大変なこともあるよね。
line:2ffb026d	I know you need to close down shop. I'll make sure you get the address and we can meet up there, yeah?	店を閉めないといけないよね。住所を渡すから、そこで会おう？
line:ded99a0c	I know, I'll reserve your spot!	わかってる。席を取っておく！
line:59e503b2	I know. But the ability to open up to someone, even occasionally-	わかっている。だが、時々でも心を開ける相手がいると……
line:d30ffec9	I know. I know I shouldn't be dumping this on you.	わかってる。こんな話を君にぶつけるべきじゃないよね。
line:875048ca	I know. I know.	わかっている。わかっているとも。
line:7b59e4d6	I like how sure of yourself you are. Even if it just has to do with washing.	君の迷いのなさが好きだ。洗うことに関してだけだとしても。
line:46061aae	I like it! I think you'd enjoy it too.	僕は好き！ 君も気に入ると思う。
line:f4ad8ea6	I like taking care of you.	君の世話をするの、好きだよ。
line:8ffedb47	I like the mount you chose. Mind grabbing it?	お前が選んだマウント、気に入った。持ってきてくれる？
line:5c86951f	I like you a lot.	君のことが大好き。
line:a91980fc	I like you for who you are.	ありのままの君が好きだから。
line:bdca3e1b	I like... him.	僕は……彼が好き。
line:2b65bf83	I love bubbles, they tickle!	泡、大好き。くすぐったい！
line:f8a4f404	I mean it. Really.	本心だよ。本当に。
line:ae719afc	I need to be better. I <i>want </i>to be better.	変わらなきゃ。<i>変わりたい</i>んだ。
line:a0373456	I need to be spotless. Seems that's what you're for. <size=70%> Ha.	ピカピカにしてくれよ。それがお前の仕事だろ。<size=70%>はは。
line:3da2dd1d	I never expected myself to confide such embarrassing things in someone.	こんな恥ずかしいことを誰かに打ち明けるとは思わなかった。
line:0c986dec	I never expected you to be the type to be so messy!	こんなに汚すタイプだとは思わなかった！
line:95db900b	I never miss a spot.	洗い残しはしないよ。
line:d620d41a	I never thought someone like him would be my type...	あいつみたいなのが好みだとは思わなかった……。
line:67592de1	I probably need to head out though.	そろそろ帰らなきゃな。
line:e41c6dc5	I really do hope it all works out!	本当にうまくいくといいな！
line:a722aada	I really think it was this time...	今回は本当に俺が悪かったと思う……。
line:e80e5edd	I see what you're doing, thank you.	なるほど、そういうことか。ありがとう。
line:cc6ec337	I see..	なるほど……
line:d57520b1	I seem to have gotten myself covered in ink!	どうやらインクまみれになってしまった！
line:3b161cf3	I still need more!	まだ足りない！
line:47dc71f3	I suppose I understand disliking the mess it may cause.	汚れるのが嫌だというなら、わかる気もする。
line:234ccfda	I suppose it depends on the circumstances.	状況によるんじゃないかな。
line:910706c0	I think a movie could be fun!	映画も楽しそう！
line:99bbb171	I think he was in a bad environment. He's doing better now.	前は環境が悪かったんだと思う。今はよくなってる。
line:9247b7a0	I think he'd like the new you!	今の君なら、きっと気に入ってくれるよ！
line:f4982dcd	I think he's got a crush on me.	俺のこと、好きなんじゃないかな。
line:fc6fdd10	I think I can still feel some explosion grime on me...	まだ爆発の汚れがついてる気がする……。
line:4efc873f	I think I like being taken care of?	私は世話をされるのが好きなのかもしれない。
line:f5d36d9a	I think I might be close..	もうすぐかもしれない……。
line:52fc4e08	I think I'd like that!	それ、いいかも！
line:5c78099a	I think I'd like to meet him!	会ってみたいな！
line:14e0edf6	I think I'd like to try!	試してみたい！
line:164df75a	I think I'd like to use it?	使ってみたい、と思うのだが？
line:4f6168aa	I think I'd like to use it?	使ってみたい、と思うのだが？
line:ab314624	I think I'd like to?	使ってみたい……かな？
line:170c6aa3	I think I'd like you to be that someone aswell.	僕も、君がその相手だったらいいと思う。
line:8f46bb17	I think I've got it!	わかったと思う！
line:a5e128e0	I think she's upset about something else...	別のことで怒ってるんだと思う……。
line:bc2545e7	I think she's upset about something else...	別のことで怒ってるんだと思う……。
line:335c5156	I think so!	そう思う！
line:3292625e	I think that would make a decent place! They put on good shows every night.	いい場所だと思う！ 毎晩、素敵なショーをやってる。
line:eaafe671	I think you got every spot!	全部洗えたと思うよ！
line:1760e5d5	I think you got every spot.	全部洗えたと思う。
line:341175f7	I think you got every spot.	全部洗えたと思う。
line:770e7473	I think you got every spot.	全部洗えたと思う。
line:f4a8f7fc	I think you helped him a lot more than you realize.	君が思っている以上に、彼を助けたと思う。
line:f28fd15d	I think you missed a few spots still...	まだ洗い残しがあると思うんだけど……
line:77509e74	I think you're cool too. Self improvement is hard.	君もいいやつだと思うよ。自分を変えるのは大変だもん。
line:763c6a82	I think you're good looking.	格好いいと思うよ。
line:69e7dbb3	I think you're pretty cool, Conrad.	君は結構いいやつだと思うよ、コンラッド。
line:9c393f61	I think you're special too.	僕にとっても、君は特別だよ。
line:7d5ae3b4	I usually make do with a hose down at home...	普段は家でホースをかけるだけなんだ……。
line:c4fc9b28	I wanna talk face to face!	顔を見て話したい！
line:548dc375	I want to be more open. It feels good.	もっと素直になりたい。気持ちがいいから。
line:e02f464d	I was helping the alchemist reach a high shelf	錬金術師が高い棚に手を伸ばすのを手伝っていたんだ。
line:fa97376e	I was helping the alchemist reach a high shelf	錬金術師が高い棚に手を伸ばすのを手伝っていたのだ。
line:bb015b1b	I was romping around the forest	森で走り回ってたんだ。
line:78e2cb13	I was thinking about what you said,	君が言ってたこと、考えてたんだ。
line:b8282714	I was thinking.	考えていたんだ。
line:ca616238	I was thinking. We could go out some time next week?	来週あたり、出かけないかと思って。
line:a13d76ec	I was thinking...	考えていたのだが……
line:c1a4edf0	I wasn't making her happy either.	僕も彼女を幸せにできてなかった。
line:a4214fe6	I went out of my way for a discrete washing, I was sure I wasn't followed.	わざわざ人目を避けて洗いに来たんだ。尾行されていないことも確かめた。
line:db5cd152	I went out with some friends.	友達と出かけてきた。
line:b6b9dc33	I will pay double. Triple- This is a job only you can do!	倍払おう。いや、三倍だ。君にしか頼めない！
line:0c31345e	I will, thanks.	そうする。ありがとう。
line:fa41daf4	I will. I just need a quick wash, and wouldn't mind using the mount today.	もちろん。今日はさっと洗って、マウントも使いたい。
line:399457b7	I wish it was easy as it is in movies.	映画みたいに簡単だったらいいのに。
line:2185f08c	I won't.	話さないよ。
line:45950848	I would like that!	そうしたい！
line:099ec7fd	I would love to.	ぜひ、そうしたい。
line:e6006cd6	I wouldn't mind!	喜んで！
line:81905be1	I'd like to go out to eat.	食事に行きたい。
line:75b152eb	I'd love to talk more, truly, but class is soon.	本当はもっと話したいが、もうすぐ授業だ。
line:2fe8a558	I'd love to!	ぜひ行きたい！
line:87ba56cc	I'll be back again, yeah?	また来てもいいよね？
line:ca035ef2	I'll be back again. It's nice having you as a friend.	また来よう。君と友達になれてよかった。
line:0fcd9c26	I'll be back soon, yeah? Thanks for the wash.	また近いうちに来るよ。洗ってくれてありがとう。
line:d9f422eb	I'll be waiting at the bar for you tonight!	今夜、バーで待ってる！
line:69dff2ec	I'll be waiting for the gate!	門が開くのを待ってるね！
line:ae4d09f6	I'll be waiting for the gate!	門が開くのを待ってるね！
line:ab616aac	I'll definitely keep this place in mind.	この店、覚えておくよ。
line:b122441b	I'll get one ordered I promise!	必ず注文するよ、約束！
line:1642b6f1	I'll get out of your scales now. Thank you for the wash.	では、そろそろ失礼する。洗ってくれてありがとう。
line:707d2693	I'll get out of your scales...	じゃあ、邪魔しないうちに帰るよ……。
line:ca480eed	I'll get you two in contact then.	じゃあ、二人を紹介するね。
line:59416000	I'll go get the gate for ya'	門を開けてくるね。
line:6aa7ad03	I'll go get the gate for ya'	門を開けてくるね。
line:2a6d7e7d	I'll go get the gate for you.	門を開けてくるね。
line:8107858d	I'll go get the gate for you.	門を開けてきますね。
line:d1755010	I'll go get the gate for you.	門を開けてくるね。
line:4d692a01	I'll go get the gate.	門を開けてくるね。
line:a75bb519	I'll go get the gate.	門を開けてくるね。
line:8689a124	I'll happily get that for you.	喜んで用意するよ。
line:48e99d7b	I'll have to close up shop first-	先に店を閉めなきゃ……。
line:f2b894e2	I'll have to reserve your spot while you close up.	お前が店を閉めてる間に、席を確保しないと。
line:6c5e2459	I'll keep that in mind. I'm used to things being transactional.	覚えておこう。何でも対価が必要だと思う癖がついている。
line:956a0f47	I'll make sure to ask him next time I see him.	次に会ったら、必ず聞いてみるね。
line:e64d21e4	I'll make sure to come back.	必ずまた来る。
line:7c9fe106	I'll make sure to get out of your scales.	じゃあ、邪魔しないうちに帰る。
line:87006442	I'll make sure to tell others about this place	みんなにも、この店を教えておくよ。
line:1db78e06	I'll make sure to tell you how it goes, yeah?	どうなったか、必ず報告するね？
line:49b6a167	I'll make sure you're <i>spotless.	<i>汚れ一つないようにするよ。
line:96981b61	I'll manage.	何とかなるよ。
line:9aa97614	I'll need this to be swift, students won't teach themselves.	手早く頼む。学生は放っておいても学ばないのでね。
line:9ef857c8	I'll need to resurrect Igwix, oh how embarrassing!	イグウィクスを蘇生しなければ。なんと恥ずかしい！
line:90a9a98e	I'll see you next time I come in, yeah?	また洗いに来たとき、会おうね？
line:d0f6a49a	I'll see you next time I come in, yeah?	また洗いに来たとき、会おうね？
line:160bf40f	I'll start prepping for it.	準備を始めるよ。
line:8af64cb8	I'll take care of this, don't you worry.	僕に任せて。心配しないで。
line:e20c6391	I'll tell you in a bit. Could you just get the gate for now?	あとで話す。今は門を開けてくれる？
line:04c62f9b	I'm <i>spotless</i>.	<i>汚れ一つない</i>。
line:629f8cff	I'm a bit of a big deal around there.	あそこじゃ、俺はちょっとした顔なんだ。
line:d9272031	I'm a dragon.	ドラゴンだから。
line:675e7284	I'm a rule breaker!	僕はルールを破るよ！
line:afcd5586	I'm a... kobold.	僕は……コボルトだよ。
line:5d41b5d6	I'm all dirty still!	まだ汚れてるぞ！
line:2f6eb3c3	I'm all soapy still!	まだ泡だらけだぞ！
line:18707b19	I'm always happy to give you a wash!	いつでも喜んで洗うよ！
line:3b01eb3b	I'm always happy to give you a wash!	いつでも喜んで洗うよ！
line:d82b1a7d	I'm always happy to help. <i><size=70%> especially a big dragon.	いつでも喜んで手伝うよ。<i><size=70%>特に大きなドラゴンなら。
line:46c6a3ed	I'm always happy to see you Ryan.	ライアンには、いつ会ってもうれしいよ。
line:75206eee	I'm always happy to see you Ryan.	ライアンには、いつ会ってもうれしいよ。
line:fa6e232e	I'm always happy to see you. I'll go get the gate for you.	いつでも会えるとうれしいよ。門を開けてくるね。
line:07e5fc05	I'm amazed!	びっくりした！
line:4586d55d	I'm an asshole. I know I am.	俺は嫌なやつだ。わかってる。
line:a6d46685	I'm certain he also finds you pleasant!	彼もきっと君を気に入っている！
line:ef399e26	I'm doing good!	元気だよ！
line:a6c1f2f4	I'm excited for you!	僕も楽しみだよ！
line:94fbdbf0	I'm excited for you. I'll get the gate!	僕も楽しみだよ。門を開けるね！
line:f83e4966	I'm excited to hear about it!	聞くのが楽しみ！
line:bd55b8f4	I'm excited to see them washing down the drain though.	でも、排水口に流れていくのを見るのも楽しみ。
line:24832f01	I'm excited.	楽しみ。
line:69f406a6	I'm excited.	楽しみ。
line:a00f681d	I'm excited.	楽しみ。
line:a0479425	I'm excited.	楽しみ。
line:b5d7d26f	I'm excited.	楽しみ。
line:d66b9155	I'm excited.	楽しみ。
line:4e1b1d0a	I'm glad you derive enjoyment from this as well.	君も楽しんでくれているようで、うれしい。
line:5db47405	I'm glad you enjoy him. I'm certain he finds you pleasant.	彼を気に入ったようでよかった。彼も君を気に入っているだろう。
line:c56ee060	I'm glad you enjoy my crest.	紋章を気に入ってくれてうれしい。
line:f44a1493	I'm glad you trust me.	信用してくれてうれしい。
line:3a2ed5ef	I'm glad you two are working out though.	ともかく、二人がうまくいっていて、うれしい。
line:c0972e81	I'm glad you two are working out.	二人がうまくいっていて、うれしい。
line:34ba77b1	I'm glad you were able to make the choice that was best for you.	自分のためになる決断ができて、よかったと思う。
line:d5a90e1c	I'm glad!	うれしいよ！
line:286fec49	I'm glad.	うれしいよ。
line:42f5fd9d	I'm glad.	うれしいよ。
line:99b6dc81	I'm glad.	うれしいよ。
line:570d4953	I'm happy for you!	よかったな！
line:ac6d5bd3	I'm happy for you!	よかったな！
line:ed5c40ca	I'm happy for you!	よかったな！
line:79099951	I'm happy to be here too.	私もここに来られてうれしい。
line:99fd9b51	I'm happy to give you a place you can relax.	くつろげる場所を用意できてうれしい。
line:5d36d5c8	I'm happy to have met you.	君に出会えてうれしい。
line:ce21622a	I'm happy to hear that.	そう言ってもらえてうれしい。
line:69963a6c	I'm happy you feel comfy here.	ここでくつろいでもらえてうれしい。
line:38388248	I'm here for a wash.	洗ってもらいに来た。
line:a6974256	I'm here if you need someone to talk to.	話し相手が必要なら、僕がいるよ。
line:6690512d	I'm impressed.	すごいな。
line:2e424b13	I'm in need of another wash.	また洗ってもらいたくて。
line:ef91a572	I'm Jealous!	うらやましい！
line:a79b8639	I'm just happy I don't feel judged here.	ここでは責められない。それがうれしいんだ。
line:8076eb95	I'm just here for a wash though.	今日は洗ってもらうだけなんだけど。
line:c2caa0b7	I'm just here to bring you food!	食べ物を届けに来ただけ！
line:ec6c7823	I'm just... Happy.	ただ……うれしくて。
line:ed4b0d48	I'm kind of excited.	少し楽しみなんだ。
line:266c652e	I'm looking forward to seeing you again	また会えるのが楽しみだ。
line:e91e2041	I'm not <i>that</i> little-	<i>そんなに</i>小さくないよ。
line:cf05a364	I'm not certain why I suddenly understand your 'Yips'	なぜ急に君の「きゅっ」がわかるようになったのだろう。
line:dcc4774b	I'm not too sure. It was on sale at WingCo.	よくわからない。WingCo で安売りしてた。
line:5b31909a	I'm only doing what I think is right.	正しいと思うことをしてるだけ。
line:7fe349d7	I'm profoundly embarrassed by this whole ordeal.	今回の一件は、まったくもって恥ずかしい。
line:cfaffc52	I'm pumped.	楽しみだ。
line:c0a140f8	I'm really fond of letting folks ride on my back.	背中に人を乗せるの、大好きなんだ。
line:1a5e6184	I'm really looking forward to this.	本当に楽しみにしてる。
line:8b43a434	I'm really sorry you got hurt. Who did this?	つらかったね。誰にやられたの？
line:69ffe957	I'm so excited about this date!	このデート、すごく楽しみ！
line:e6290003	I'm so excited. I'll get you two in contact!	楽しみだな。二人を紹介するよ！
line:e8611ad0	I'm sorry for dumping that all on you earlier.	さっきはいろいろ聞かせちゃって、ごめん。
line:e613b1c3	I'm sorry I snapped at you earlier.	さっきは八つ当たりして、ごめん。
line:de208e68	I'm sorry you got hurt...	けがして、つらかったね……。
line:4843bb47	I'm still very muddy, if you could soap me up that'd be great.	まだ泥だらけだから、石鹸で洗ってくれるとうれしい。
line:51d4e418	I'm such an idiot.	俺って本当に馬鹿だ。
line:32114891	I'm sure nobody will know...	きっと誰にも知られないよ……
line:17a05c96	I'm sure we'll figure something out! just meet me at the pier!	きっと何か思いつくよ！ とにかく桟橋で会おう！
line:8136ef1a	I'm surprised how nice it is.	こんなに気持ちいいとは思わなかった。
line:722c6ab2	I'm thinking a date soon.	近いうちにデートしようかなって。
line:3471e9b1	I'm trying my best.	頑張ってるよ。
line:01492e5e	I'm trying not to be pushy.	押しつけないようにしてるんだ。
line:4d6cd625	I'm trying to get away from the house for a bit.	少し家から離れたかったんだ。
line:c1ef777a	I'm unsure why speaking with you is so easy.	なぜ君とはこんなに気楽に話せるのだろう。
line:822c0718	I'm very excited.	すごく楽しみ。
line:ddab3d34	I'm very satisfied with these results..	仕上がりには大変満足している……
line:03eb977c	I'm well aware. A deep clean has a distinct feel!	よくわかっている。隅々まで洗ってもらうと、感覚が違う！
line:f9193c0d	I'm willing to do it. But I'd like something new.	やるつもりはある。でも、新しいものも欲しい。
line:63981253	I'm... Happy.	僕は……うれしい。
line:f80bd44b	I'm... not certain I'd like to use this today.	今日は……使いたいか、わからない。
line:d422462e	I'm... not sure I can answer that for you.	僕には……答えを出せないと思う。
line:8f107933	I'm... Rather close now	もう……そろそろ達しそうだ。
line:24c52c54	I'm... wondering...	その……どうだろう……
line:6bbd7f1d	I've always hated the rain.	雨は昔から嫌いなんだ。
line:b4353808	I've always loved giving my biped friends rides...	昔から、二足歩行の友達を乗せるのが好きでね……。
line:9541fceb	I've been considering asking you this for a while now.	前から誘おうかと考えていたんだ。
line:505154a4	I've been thinking...	考えていたのだが……
line:58b4f5fb	I've been told it's polite to talk to smaller folk face to face.	小さな人とは、顔を合わせて話すのが礼儀だって聞いたんだ。
line:2c560e29	I've been trying to get into the social sciences aswell.	社会科学にも取り組もうとしている。
line:b4a29141	I've got a guy who can drop a gift by tomorrow that would spruce things up.	知り合いに頼んで、明日いい物を届けさせるよ。
line:212f0021	I've had a lot of free time lately.	最近、自由な時間がたくさんあって。
line:701b9feb	I've had a lot of free time lately.	最近、自由な時間がたくさんあって。
line:79da763f	I've had a lot of free time lately.	最近、自由な時間がたくさんあって。
line:3c4443fd	I've seen bigger	もっと大きいのを見たことある。
line:d7a90078	I...	僕は……。
line:393d0e05	I... hm.	私は……ふむ。
line:0da5609b	I... Know this is unprompted.	その……唐突だとはわかっている。
line:5cfb94b9	If a relationship is <i>so</i> bumpy and you know its going to end.	<i>すごく</i>ぎくしゃくしていて、終わるとわかってる関係で。
line:b2f52b23	If I could uhm...	私も、ええと……
line:b4990e3d	If I'm honest. I've had a crush on you for a bit.	正直、少し前から君が好きだった。
line:7c13c28e	If only.	本当にね。
line:a56c5621	If someone like Ryan is interested, you're doing great.	ライアンみたいな人が興味を持つなら、うまくいってるよ。
line:52f28749	If we're caught violating another policy my reputation would be in ruins!	また規則違反が発覚したら、私の評判は地に落ちる！
line:83f511d2	If ya' place the mount for me I'll have at it.	マウントを置いてくれたら、始めるよ。
line:7ead92b1	If you could come up front so I could talk.	話せるように、前に来てくれるかな。
line:e78656aa	If you could come up to where I can see you.	僕から見えるところに来てくれるかな。
line:9a013329	If you wanna talk about it more, I've got a minute.	もっと話したければ、少し時間あるよ。
line:3d014153	If you want to use it that's fine!	使いたいなら、いいよ！
line:a9eb9a76	if you're seeing this please grab nael or submit a bug report	これが表示されたら nael に知らせるか、不具合を報告してください
line:b9ab4eed	Im not complaining though.	文句はないけどな。
line:27340362	In a bad way?	悪い意味で？
line:2019bb85	In a good way?	いい意味で？
line:91d5fb72	Incredible!	すごい！
line:61c8781b	Indeed! You're the only kobold I wish to wash me now.	そうだとも！ 今は君以外のコボルトに洗ってほしくない。
line:a5979ac9	Indeed, you must know of my crest! I teach alchemy.	その通り。この紋章を知っているのだね！ 錬金術を教えている。
line:dd9d30d2	Indeed. I'm glad you were able to help.	そうだね。君が助けてくれてよかった。
line:fd5ddfcb	Indeed. You're an excellent person to be around.	ああ。一緒にいて、とても心地よい人だ。
line:78c9b5cc	Is everything okay?	何も問題ない？
line:bea8f1f7	Is something on your mind?	何か気になることがある？
line:6b6dd8bc	Is that a good thing...?	それって、いいこと……？
line:848727f2	Is that a threat...?	それって脅し……？
line:db302830	Is that why you came in the first time?	それで最初にここへ来たの？
line:00e41343	Is this good?	気持ちいい？
line:7982d3d8	Is this the right place?	ここで合ってる？
line:c48f59a9	Is this the right place?	ここで合ってる？
line:b05f6eea	Isn't that... Wood?	それって……木じゃない？
line:bf137cb4	It arrived this morning, it should be near the gate.	今朝届いたんだ。門の近くにあるはず。
line:5080b6dd	It depends! Dragon thing.	物によるよ！ ドラゴンだからね。
line:34cf0601	It did! Thanks for asking.	うん！ 聞いてくれてありがとう。
line:900dca3c	It does wonders.	驚くほど救われるものだ。
line:cfd504c5	It does wonders.	驚くほど救われるものだ。
line:ac13bf68	It is indeed rather cool.	ああ、実に素敵な場所だ。
line:ea445b46	It is rather novel isn't it?	なかなか新鮮だろう？
line:56d34a41	It is? Good to know...	そうなの？ 覚えておこう……。
line:b058318f	It means you're doing a good job in kobold.	コボルト語で「いい感じ」って意味だよ。
line:13c906c7	It really has been. You're wonderful.	本当にね。君は素敵だ。
line:b032bfb1	It turns out baking is messy!	お菓子作りって、汚れるんだね！
line:da4f12a1	It turns out baking is messy!	お菓子作りって、汚れるんだね！
line:e106207b	It turns out baking is messy!	お菓子作りって、汚れるんだね！
line:e0c8c57b	It was good. We had sex.	よかったよ。セックスした。
line:681117ec	It was great. Conrad is wild. Good wild.	最高だった。コンラッドはワイルドだよ。いい意味でね。
line:28eee9f5	It went great!	最高だった！
line:92bfe06c	It went great!	最高だった！
line:a5d2b991	It went well.	うまくいったよ。
line:1ab5969b	It would be a... date. As most would say.	その……世間で言う、デートだ。
line:8440a3f4	It's a regrettable state I find myself in...	まったく、情けない有り様だ……
line:1706e86d	It's also new to me...	僕も初めてなんだ……。
line:c1b8e62b	It's always good when a kobold knows what they like.	自分の好みをわかってるコボルトって、いいよな。
line:deffce5c	It's crazy how much your neck can handle.	そんなに喉を通るなんて、すごい。
line:2e182063	It's difficult to find folks that are outside of my current bubble.	今の交友関係の外で人を見つけるのって難しい。
line:48cfc92b	It's endearing!	かわいいな！
line:5b6f00bd	It's fine.	気にしてないよ。
line:13dc0f15	It's fine. I close in about an hour.	大丈夫。閉店まで、あと一時間くらいある。
line:23ac92c8	It's freeing. I'll be back, yeah?	解き放たれる気分だ。また来てもいいね？
line:de9fdb93	It's hard to hold back..	我慢するのが難しい……。
line:9ebea3d0	It's hard to not be nervous after everything...	いろいろあったから、緊張しちゃうんだ……。
line:ec8243d8	It's interesting; you bipeds tend to savor your meals.	面白いね。君たち二足歩行の人は、ゆっくり味わうことが多い。
line:d50cb509	It's just that something happened to Conrad, I hope he's okay.	コンラッドに何かあったんだ。大丈夫だといいけど。
line:bee6c7dd	It's just that...	ただ、その……。
line:3b76093c	It's made for eating things whole.	丸のみできるようにできてるから。
line:19f36dc0	It's my dream.	私の夢なんだ。
line:18db795f	It's never easy to end things.	終わらせるのは、いつだって簡単じゃないよ。
line:049fb01f	It's nice to have friends to rely on.	頼れる友達がいるのって、いいな。
line:ed69e3a1	It's nice to relinquish control, even for a moment.	ほんの少しでも、主導権を手放すのは心地よい。
line:e9d34ea0	It's no biggie. It sounds like everyone is fine.	大したことないよ。みんな無事みたいだし。
line:7e511da7	It's okay!	大丈夫だよ！
line:b14d8520	It's okay, you sound like you need it.	いいよ。話したそうだし。
line:50b95260	It's okay. I needed to. She wasn't making me happy.	大丈夫。必要なことだった。彼女といても幸せじゃなかった。
line:47455767	It's okay. I'll figure something out.	大丈夫。何とかするよ。
line:9287c933	It's starting to feel like it's <i>my</i> fault.	<i>俺が</i>悪い気がしてきた。
line:7ab244af	It's the best way to enjoy food.	食べ物を楽しむなら、それが一番だよ。
line:0b7589ff	It's the mount you asked for.	頼まれたマウントだよ。
line:a5780e74	It's wonderful to be back!	また来られてうれしい！
line:649e8eb3	Its a nice get away from everything out there.	外のあれこれから離れられて、いいね。
line:d0361dd9	Its like an equine fusion thing...	馬族の創作料理みたいな感じで……。
line:df86a610	Jokes aside, your wash is definitely the best.	冗談抜きで、お前の洗い場が一番だ。
line:7fe40d2b	Just a rough day. Hoping this helps!	ちょっとつらい日だっただけ。ここで楽になるといいな！
line:ce77a00e	Just did!	今、話したところ！
line:7c93c604	Just doing my job!	仕事をしてるだけだよ！
line:fa0a9fbb	Just having fun.	ちょっと遊んでただけ。
line:9e9425cd	Just possibly...	もしかして……
line:1d73a343	Just some drake at the bar. Was stupid... Couldn't shut my mouth.	酒場にいたドレイクだよ。俺が馬鹿でさ……つい余計なことを言い続けちまって。
line:ecb9a15d	Just touch me with your hand and I'll try to help.	手で触れてくれれば、合わせて動くよ。
line:14209365	Just uhm... Don't tell anyone I'm saying all this.	ただ、その……こんなこと言ったって、誰にも話すなよ。
line:3bac1dad	Just... open the gate.	いいから……門を開けて。
line:4f826403	Keep going a little longer please	もう少し続けて、お願い。
line:087039ba	Keep going.	そのまま続けて。
line:d8f92323	Kinda! I've been getting out more.	まあな！ 最近、外に出るようになったんだ。
line:b965b4dd	Knock that off, we're not done yet. Right?	ふざけないでよ、まだ終わってないだろ？
line:d9d276bb	Kobolds always seem enamored by me eating.	コボルトはいつも、僕が食べるのに見入るんだね。
line:0274cacd	Kobolds are very flexible. It will fit.	コボルトはすごく柔らかいから。入るよ。
line:20cb68b9	lemme in?	入れてくれる？
line:41d5085a	Let go whenever you are ready.	準備ができたら、いつでも出して。
line:29a77d09	Let me give it a try!	試させてくれ！
line:265e14cb	Let me know when you're finished rinsing.	すすぎ終わったら教えてくれ。
line:0e1fd4b0	Let the <i>big C</i> out of this place!	この<i>ビッグ C</i>を外に出してくれ！
line:f7382398	Let's get going~!	さあ、始めよう！
line:c50535b3	Let's have it!	出して！
line:9accd60e	Lets wash it off for our date tonight then.	じゃあ、今夜のデートのために洗い落とそう。
line:7ce1b833	Like what?	どんな食べ方？
line:cb91e703	Like, I love those around me, but there's a lot of baggage there.	周りの人は好きだけど、いろいろな過去があるから。
line:aa1c54ab	Like, in general.	いろいろ、全部。
line:bbe51f87	Like, in general.	いろいろ、全部。
line:7b7b0a3f	Like, the future of my relationships.	これからの恋愛のこと。
line:db79a905	Like... a lemon?	レモンみたいな……？
line:ffd7dcc4	Like... An asshole? I know I'm miserable to be around.	嫌なやつってこと。俺と一緒にいても楽しくないだろ。
line:a0a0a49c	Like... sexual stuff?	えっと……性的なこと？
line:9becd177	Look at me! I'll be the laughing stock of my students.	この姿を見てくれ！ 学生たちの笑いものだ。
line:9711cf03	Lookin' for a hose down. Wouldn't mind using the mount aswell.	水で流してほしくてさ。マウントも使えたらうれしい。
line:abdb5822	Looking forward to seeing ya'	また会えるのが楽しみ。
line:5c335985	Looking forward to seeing you soon.	また近いうちに会えるのを楽しみにしてる。
line:1d0abc80	Looking forward to the wash.	楽しみにしている。
line:646279a0	Looks like it.	みたいだな。
line:b6093881	Looks like ya' got a shipment, eh?	荷物が届いたみたいだな？
line:f1fc3e3c	Luckily death via spontaneous combustion is a concept we have thoroughly curtailed in the modern world.	幸い、現代では自然発火による死には十分な対策がある。
line:d2ba8ba9	Made a bit of a mess... Still worth it.	少し汚しちゃった……でも、その価値はあった。
line:301e8665	Make haste! My reputation is on the line.	急いでくれ！ 私の名誉がかかっている。
line:5072cc60	Make sure you're very clean. <size=70%><i>hehe.	しっかりきれいにしておこう。<size=70%><i>へへ。
line:da21cf49	Makes sense! Yeah tiny drakes are fun.	なるほど！ 小さなドレイクっていいよね。
line:22b2643b	Makes sense.	なるほど。
line:e7f0e9ed	Makes sense.	なるほど。
line:89c9a73b	Many think it's part of my body.	体の一部だと思う者が多い。
line:d7bcbe29	Max says I'm a clumsy dragon,	マックスには、不器用なドラゴンだって言われる。
line:db986d0d	May you open the gate?	門を開けてくれるかね？
line:76a97730	Maybe later...?	また今度……かな？
line:08a422ba	Maybe like...	ひょっとしたら……
line:6f293b7a	Maybe someone new...	新しい誰か、かもしれない……。
line:d2558a04	Maybe someone?	新しい誰か、とか？
line:67a46ddc	Maybe we can hang out later?	あとで一緒に遊ばない？
line:5691478f	Maybe we could just... Walk?	ただ……散歩するのはどう？
line:7734bf93	Me too, thanks!	僕もだよ、ありがとう！
line:627a13e4	Me too.	私もだ。
line:d3c733f5	Me too.	私もだ。
line:ffa63d1b	Me too.	私もだ。
line:040ee2a7	me too.	僕もそう思う。
line:d13cd125	Me.	私自身であることを。
line:14e7b293	Me?	僕……？
line:b9cb051a	Means I'm ready to go on a date with a certain kobold.	あるコボルトとデートする準備ができたってこと。
line:e5da247d	Means you know how to get hands on!	ってことは、手の使い方も知ってるよな！
line:171707d2	Mhm!	うん！
line:11306335	Mhm! Come back anytime.	うん！ いつでも来てね。
line:69dd6a73	Mhm! he's trying to meet new people.	うん！ 新しい人に会おうとしてるんだ。
line:da17b746	Mhm! I'm <i>the</i> kobold!	うん！ 僕が<i>その</i>コボルトだよ！
line:a0cb3f78	Mhm! that's him.	うん！ その人。
line:164fdb01	Mhm, he's trying.	うん、頑張ってる。
line:1a663dcf	Mhm, right this way.	うん、こちらへどうぞ。
line:3cd8a8bd	Mhm... Thank you.	うむ……ありがとう。
line:4546abce	Might seem kinda weird to ask now. Buuuut.	今聞くのも変かもしれないけど、さ。
line:57d8b72a	Mind opening the gate to let me out?	出られるよう、門を開けてくれる？
line:b2a507ab	Mind opening the gate to let me out?	出られるよう、門を開けてくれる？
line:6d726280	Mind washing more?	もう少し洗ってくれる？
line:c8281b83	Mmm, I understand that to mean you'll get the gate?	ふむ、門を開けるという意味かね？
line:dd0c77ae	Mmm, Yeah I know the type.	うん、そういうタイプ、わかる。
line:d8cafcc7	mmm..	んん……。
line:729cea0c	Mmmhm, I always do my best.	うん、いつも全力だから。
line:f36b8b76	Mmmhm. I'll work on my sleep schedule...	うん。睡眠のリズム、直すよ……。
line:d38efb75	Mmmmhm, gotta prep for a date with him.	うん、彼とのデートの準備をしないと。
line:a78dd44b	mmph! (Yea!)	んむっ！（うん！）
line:b132719c	Mmph- Hm?	もぐ……ん？
line:16ee6b14	Money... mmm...	お金……ふふ……
line:d8cc8048	Most people do!	だいたいみんなそうだよ！
line:3d723db0	Must mean you two are a good match.	相性がいいということだね。
line:9ca994a5	My bad	ごめん
line:aaecba3d	My bad	ごめん
line:fedbf70c	My colleague, professor Igwyx, wished to use me as a platform.	同僚のイグウィクス教授が、私を足場にしたがってね。
line:08af3902	My date with Ryan was...	ライアンとのデートが……。
line:116b5405	My date with Ryan was...	ライアンとのデートが……。
line:e26c3b65	My first ever Yarn script in Unity!	Unity で初めての Yarn スクリプト！
line:f15b014f	My names Ryan. So...	僕はライアン。それで……。
line:e4aced7b	My students could learn a thing or two from your work ethic!	学生たちにも君の働く姿勢を見習わせたい！
line:dfe74420	My-	ああ……。
line:9b915bf2	Nah.	ううん。
line:c3642dec	Nah.	ううん。
line:393c128a	Never cleaned a teacher dragon... woah.	先生のドラゴンを洗うの、初めて……すごい。
line:a99b03ed	Never tried it.	食べたことない。
line:6df809e1	Nevermind. Could you get the gate?	何でもない。門を開けてくれる？
line:d3a50f3f	Next time I come in for a wash we'll go.	次に洗いに来たとき、行こう。
line:ac5afd96	Next time I come in I'll have reservations!	次に来るときには予約しておく！
line:8990fcc9	Nice! Whats with all the... Gloop?	よかったね！ その……べたべたしたのは何？
line:1d4b8528	Nice. Gotta open the gate though. Let Conrad in!	いいね。でも門を開けてくれよ。コンラッド様のお通りだ！
line:acab92d4	Nnf... I believe I needed that. Thank you.	んっ……必要としていたのかもしれない。ありがとう。
line:8fe11008	Nnnf... That was way better than those berries.	んんっ……ベリーより、ずっとよかった。
line:b251704a	No	いいえ
line:e05c2dca	No	いいえ
line:dc86c2de	no	いいえ
line:5794ea87	No amount of justification makes it feel good though.	でも、どれだけ理由があっても、つらいものだね。
line:5a5ec440	No I actually just got it	ううん、実は手に入れたばかり。
line:cd5f07ca	No more excuses.	もう言い訳はしない。
line:4b38230f	No need for thanks. I'll get the gate.	お礼はいらないよ。門を開けるね。
line:11604fbd	No need to be nervous, Alexander!	緊張しなくていいよ、アレクサンダー！
line:eefef647	No need to be.	気にしなくていいよ。
line:73ea230a	No no, you're a certified cleaner yeah?	いやいや、お前、資格持ちの洗い手だろ？
line:743c64e6	No not really.	いや、あまり。
line:50feefe8	No problem!	どういたしまして！
line:1a9a36e1	No problem! Can't wait for you to meet Conrad.	どういたしまして！ コンラッドに会ってもらうのが楽しみ。
line:0a9993d2	No problem, thanks!	大丈夫、ありがとう！
line:10bdb3a4	No problem, thanks!	大丈夫、ありがとう！
line:3a8f65fa	No problem.	問題ないよ。
line:ee3d0ee4	No problem. Let me get that gate for ya'!	大丈夫。今、門を開けるよ！
line:eedccaec	No way.	うそでしょ。
line:f0351f0c	No way.	うそでしょ。
line:d726f776	No worries,	気にしないで。
line:12b7a5b3	No! I mean, yes, but for the sake of my reputation could you please keep my incursion here to yourself.	いや！ その、そうだが、私の名誉のためにも、ここに来たことは秘密にしてくれないか。
line:f7f963e3	No, I am.	いや、汚れている。
line:54faa7c0	No, I don't think I do.	いや、ないと思う。
line:38419d8b	No, it's not. No more excuses.	いや、よくない。もう言い訳はしない。
line:cd9b2a8f	No, thank you. I'm... Really excited.	こちらこそ、ありがとう。僕……すごく楽しみだ。
line:1af1ad05	No, we don't offer things like that here.	ううん、そういうサービスはしてないよ。
line:cb7e94e5	no.	いや。
line:6128a09c	No. A lime that is yellow.	いや。黄色いライムだ。
line:de25dacd	No. I'm not. Do you have a medkit or not?	大丈夫じゃない。救急箱はあるのか、ないのか？
line:1cc64bcf	No.. No it's fine... thank you.	いや……大丈夫だ……ありがとう。
line:525f5744	Nope	ううん
line:fbd2c3e7	Nope.	まだ。
line:5406ba8e	Normally I'd say yes to a mount. But, not right now.	いつもならマウントは大歓迎だけど、今はいい。
line:ab92da6a	Not anymore at least!	少なくとも、もう問題はない！
line:0cfcd179	Not for a date though.	でも、デート向きじゃないね。
line:d1b90e2c	Not sure yet.	まだ決まってない。
line:e9643b5d	Not yet.	まだ。
line:326cc84d	Not yet. a little longer.	まだ。もう少しだけ。
line:56a729f6	Nothing more attractive than a man who can improve!	成長できる男ほど、魅力的なものはない！
line:b5dabf9f	Nothing more attractive than a man who can improve!	成長できる男ほど、魅力的なものはない！
line:8a321997	Now I'm eyeballing the mount...	今度はマウントが気になってきた……。
line:5e0a6d7a	Now I'm out here, agh!	おかげで私はこんな所に。ああ！
line:564a9606	Now they'll never need to know!	これで、知られずに済む！
line:d66b7986	Now!	さて！
line:63596bb3	Now, do you have a medkit or not?	で、救急箱はあるの、ないの？
line:eefc4e9f	Now, lemme in! I want to try that thing out!	じゃあ入れてくれ！ あれを試したい！
line:0554966a	Now, more food?	じゃあ、もっと食べる？
line:3fb3f8d4	Now, round two!	次は二回戦！
line:12e6043e	Now... Food?	じゃあ……食べようか？
line:5f8b2de4	oah. <size=70%>okay.	ああ……<size=70%>わかった。
line:13223129	Of course	もちろんだ。
line:283e56d8	Of course I am! I know I'm very...	そりゃそうだ！ 俺はとても……。
line:5788e15c	Of course I do. I'm a <i>professional</i>.	もちろん。僕は<i>プロ</i>だから。
line:0b226939	Of course it is!	もちろん大丈夫！
line:f21dd9d4	Of course it is!	もちろん大丈夫！
line:642255fc	Of course!	もちろん！
line:76f8c20c	Of course!	もちろん！
line:877aced7	Of course!	もちろん！
line:d2401e75	Of course!	もちろん！
line:f9eb2b4a	Of course! Right this way!	もちろん！ こちらへ！
line:0d20d327	Of course! Thank you for the food.	もちろん！ ごちそうさま。
line:4da976f5	Of course! You run a fine establishment.	当然だ！ 君の店はすばらしい。
line:b629bcf2	Of course! You're wonderful.	もちろん！ 君はすばらしい。
line:b6c96475	Of course, you run a fine establishment.	当然だ。君は立派な店を営んでいる。
line:dd082478	Of course.	もちろん。
line:203cc3d2	Of course. One moment!	もちろん。ちょっと待って！
line:fd145efe	Of course. Sorry you're going through all this.	もちろん。大変だったね。
line:7305cdbc	Oh cool!	へえ、すごい！
line:eb6ae4c3	Oh cool!	へえ、すごい！
line:77c996e8	Oh damn! You really are adventurous!	おお、くそ！ 本当に大胆だな！
line:3fdb9d01	Oh fcuk something went wrong	うわ、くそ、何かがおかしい
line:9e403ecd	Oh fuck yeah.	ああ、くそ、最高。
line:13c39c50	Oh fudge, forget I said that!	しまった、今のは忘れてくれ！
line:e722753e	Oh goodness no..	ああ、いや、それは……
line:55e3dd36	Oh hi! um..	あ、こんにちは！ えっと……。
line:e8ee5747	Oh hi! um..	あ、こんにちは！ えっと……。
line:b90f527f	Oh huh, that's the tiny drake I saw coming in a bit back yeah?	ああ、この前、入ってくるのを見た小さいドレイクだね？
line:001ab950	Oh I heard good things about that.	ああ、評判がいいって聞いた。
line:0a4a28c0	Oh I see the button there, gotcha!	ああ、そこにボタンがあるんだね。わかった！
line:c6b0b1aa	Oh like, swallowing things whole?	ああ、丸のみすること？
line:10254d13	Oh my	うわあ。
line:39f6c77d	Oh my bad	あっ、ごめん。
line:79511a66	Oh my bad	あっ、ごめん。
line:8cfbd75d	Oh my bad	あっ、ごめん。
line:cb71b2a1	Oh my bad	あっ、ごめん。
line:7d13eca0	Oh my- I didn't expect you to be so... hands on	おや、まさかそこまで……直接触れるとは。
line:c60c65e8	Oh my. I suppose I could use the mount!	おや。マウントを使ってもいいかもしれない！
line:433cb27e	Oh no! Do you want to talk about it?	えっ！ 話したい？
line:d908622a	Oh no, Conrad. are you okay?	大変、コンラッド。大丈夫？
line:bf977a7e	Oh okay. I'll go grab it.	あっ、うん。持ってくるね。
line:7428755b	Oh so it's new for both of us!	じゃあ、二人とも初めてだね！
line:513bed5a	Oh so it's new to both of us!	じゃあ、二人ともまだ慣れてないんだね！
line:4bad37a5	Oh that's good. I'm happy he's okay.	よかった。無事で何よりだね。
line:7d791906	Oh this is better, but I still feel dirty.	うん、よくなったけど、まだ汚れてる気がする。
line:63926ecd	Oh we're done?	あれ、もう終わり？
line:546d1bf2	Oh wow, you're really covered in it!	わあ、本当にインクだらけ！
line:b2d99a43	Oh wow..	ああ、すごい……。
line:e8052272	Oh yeah I liked the first one.	ああ、一作目は好きだった。
line:a4a26529	Oh yeah, there's this nice place downtown called wings.	うん。街中に「ウィングス」っていい店がある。
line:d4d3ecd5	Oh yeah.	ああ、そうだ。
line:059142a3	Oh Yeah?	そうなの？
line:71053a53	Oh Yeah?	そうなの？
line:1121309c	Oh yeah?	そうなの？
line:2b560f59	Oh yeah?	そうなの？
line:2d2820b0	Oh yeah?	そうなの？
line:6e82e54c	Oh yeah?	そうなの？
line:b9d8a22f	Oh yeah?	そうなの？
line:d8ce8566	Oh yeah?	そうなの？
line:f103a4a8	Oh yeah?	そうなの？
line:4f6344f1	Oh yeah? He sounds like a bit of a hothead.	そうなの？ 少し短気な人みたいだね。
line:60cdf456	Oh yeah? The little red drake?	ほう、あの小さな赤いドレイクかね？
line:a9253dd8	Oh yeah? The sky blue drake I've seen around?	ほう、時々見かける空色のドレイクかね？
line:762882b4	Oh yeeeaaah?	へえ、そうなの？
line:5d737ca7	Oh yes	もちろん。
line:1c90fb6d	Oh you. Gonna make me blush.	もう、照れちゃうよ。
line:7e3e59aa	Oh!	あっ！
line:3605a48a	Oh! I think I've seen him. The tiny one, yeah?	ああ！ 見たことあるかも。小柄な彼だよね？
line:3bc15278	Oh! No it wouldn't be. It's fun!	ああ！ そんなことないよ。楽しいんだ！
line:c95a153d	Oh! nothing. I'll get the gate.	あっ！ 何でもない。門を開けるね。
line:b6fb6fce	Oh! Okay. I'll get the gate!	あっ！ わかった。門を開けるね！
line:4d3233a1	Oh! That's cold!	うわっ！ 冷たい！
line:403f2ab7	Oh! Then I better let you in. I'll go get the gate.	あっ！ じゃあ早く入ってもらわないと。門を開けてくる。
line:0f2dc134	Oh! Yeah that makes sense...	ああ！ うん、わかるよ……。
line:1270a483	Oh, and I apologize for being absolutely filthy.	それと、ひどく汚れていて申し訳ない。
line:7b5be1f8	Oh, and I've figured it where to go.	ああ、行く場所も決めたよ。
line:52fb116d	Oh, and seems I got some on my face. woops.	ああ、顔についちゃったみたい。おっと。
line:73a37947	Oh, awesome. I'm a big salmon guy.	よかった。僕はサーモン大好き男なんだ。
line:74c9c07b	Oh, like... working class?	ああ、庶民的ってこと？
line:e048566b	Oh, no.	あ、やってないよ。
line:1a9e6537	Oh, no. Ryan is a sweetheart.	ああ、大丈夫。ライアンは優しいよ。
line:5f6a124a	Oh, okay. Thanks.	ああ、わかった。ありがとう。
line:17716b05	Oh, right. Sorry.	ああ、そうだね。ごめん。
line:82ba64bf	Oh, sorry-	ああ、ごめん。
line:956e5c91	Oh, sorry.	ああ、ごめん。
line:54a8bb22	Oh, sure. Come on in.	ああ、もちろん。入って。
line:270276eb	Oh, that's my favorite part!	ああ、そこが一番好きなんだ！
line:1ff9a04c	Oh, the crest around my head?	ああ、頭の周りの紋章かね？
line:ffed6d04	Oh, wonderful. Seem's we're similar.	それはいいね。僕と似てるみたいだ。
line:30e6b801	Oh, yeah!	ああ、うん！
line:bedeee82	Oh- Eager!	おお、積極的だね！
line:38b3c8c1	Oh- I mean. I'll go open the gate!	あっ、つまり。門を開けてくるね！
line:714c180e	Oh- I'm glad!	ああ、よかった！
line:ccf87ea9	Oh- I'm not too interested in using that right now.	ああ、今はあまり使う気になれない。
line:963981e4	Oh- I'm sorry for making a mess...	あっ……汚してしまって、すまない……。
line:8e407c6e	Oh- Not just the wash.	ああ、洗ってくれたことだけじゃなくて。
line:ad31ec4c	Oh- Not just the wash.	ああ、洗ってくれたことだけじゃなくて。
line:6866c2c9	Oh- Right now? 'aight I'm down.	あ、今？ いいよ、やろう。
line:9a6dca4b	Oh- Ya. On it.	あっ、うん。今開ける。
line:3b6d644d	Oh.	ああ。
line:4399096b	Oh.	ああ。
line:8441bf7b	Oh.	ああ。
line:87233429	Oh.	ああ。
line:e90fee8e	Oh.	ああ。
line:ebd9b4d3	Oh.	ああ。
line:8a79f72c	Oh. And one other thing.	ああ、それともう一つ。
line:e8289be5	Oh. good.	そっか、よかった。
line:5442e228	Oh. Okay I'll go get the gate.	そっか。じゃあ門を開けてくる。
line:0da15c85	Oh. Okay.	ああ、わかった。
line:73f7f13d	OH. RIGHT.	ああ、そうだった。
line:c35890c8	Oh. That's... Wonderful!	ああ。それは……すばらしい！
line:0ce8d5aa	Oh. Then yeah, we're open.	あっ。それなら営業中だよ。
line:52ed140c	Oh. Uhm. <size=70%>Good.	ああ、ええと。<size=70%>よかった。
line:780d0993	Oh. yeah. Sorry.	あっ、うん。ごめん。
line:7f5113d5	OH. You're not used to eating them whole.	ああ。丸ごと食べるのに慣れてないんだね。
line:45bc649d	Oh...	ああ……。
line:0a093816	Oh... hah. I like that.	ああ……はは。いいね。
line:f885f11d	Oh... I suppose this is alright~	ああ……これなら、いいかな……。
line:7cd85c8e	Oh... I'm so sorry.	ああ……つらかったね。
line:8cc1aa72	Oh... yeah we don't have one.	ああ……うん、置いてない。
line:f16d7940	Oh... Yeah, tinier dragons tend to... Compensate.	ああ……うん。小柄なドラゴンは、そこを……補う傾向があるね。
line:1d491283	Oh?	おや？
line:21c46e75	Oh?	おや？
line:fd8d786a	Oh?	おや？
line:0ce8d3c2	ohmygod I thought the egg was decorative.	うわ、卵は飾りだと思ってた。
line:d9b26374	Ok I can do that	うん、できるよ。
line:1777121d	Ok I got this..	よし、大丈夫……。
line:f3af3ce8	Ok just tell me if you get uncomfortable or anything.	わかった。痛かったり、何かあったら言ってね。
line:6c3a98cc	Ok lets wash it off for our date tonight then.	うん、じゃあ今夜のデートのために洗い落とそう。
line:7a54a1e1	Okay	わかった
line:f64a5b30	Okay	わかった
line:249500dc	Okay!	わかった！
line:a327b5f9	Okay!	わかった！
line:ccaabca3	Okay!	わかった！
line:82d0ea81	Okay! I'll be back later then.	よし！ じゃあ、またあとで来る。
line:3deb5f55	Okay! I'll go get the gate for you.	もちろん！ 門を開けてくるね。
line:9c3d6cb7	Okay! I'll see you soon.	うん！ また近いうちに。
line:72e0348e	Okay, bye!	うん、またね！
line:255362b9	Okay, Conrad.	わかった、コンラッド。
line:0d16ab28	Okay, I'll be waiting. Thanks.	わかった、待ってる。ありがとう。
line:155d1c64	Okay, I'll open the gate!	わかった、門を開けるね！
line:886f5df2	Okay, I'll see you later!	うん、またね！
line:585d6a08	Okay, thank you.	うん、ありがとう。
line:c298bc55	Okay, thank you.	うん、ありがとう。
line:6acf71a3	Okay, thanks.	わかった、ありがとう。
line:8ed5a204	Okay- okay. I'll go get the gate.	わかった、わかった。門を開けてくる。
line:10b9a653	Okay- Thanks.	ああ、ありがとう。
line:00a81c16	Okay. I hope you're doing alright though.	わかった。でも、無事だといいな。
line:118a51bb	Okay. I should probably get out of your scales.	さて、そろそろ邪魔しないように帰るね。
line:a62e8112	Okay. I'll open up shop. Give me a sec.	わかった。店を開けるから、ちょっと待って。
line:9d434af5	Okay. I'll order a mount.	わかった。マウントを注文する。
line:2f3b06de	Okay. Then I think I'd like to try.	わかった。じゃあ、会ってみたい。
line:54ad4706	Okay...	わかった……。
line:28311fbb	Omg you're hurt!	大変、けがしてる！
line:8b3abbf7	On it!	任せて！
line:42e3eba2	Once I'm cleaned up I'm gonna head out and get our spot ready.	洗い終わったら先に行って、席を用意する。
line:1d4b8a1c	One thing led to another...	そのうち、いい雰囲気になって……。
line:c70bea2d	Only been cleaning for a few weeks now!	洗い手になって、まだ数週間なんだ！
line:5188bd4a	Only If that's alright-	迷惑でなければ……
line:01505282	Only realized how much of a mess I made after Max yelled at me, haha.	マックスに怒られて、やっと汚れに気づいたよ。はは。
line:828eed25	Oof... Needed that. Thank you.	ふう……これが必要だった。ありがとう。
line:2d40c69a	Oooh, alrighty.	おお、了解。
line:99ff9e7f	Ooooh must be a big deal then.	おお、そんなに顔が利くんだ。
line:e8ad4791	Ooooh.	おお。
line:64bfd62a	Oops, my bad.	おっと、ごめん。
line:0fa31c40	Our first meeting went great though!	でも、初めて会ったときは最高だった！
line:77cebc41	People tell me I've got a fat cock, is that true?	俺のチンポ、太いって言われるんだけど、本当？
line:80de6c63	Perfectly clean again. Thank you for taking me in at this hour.	またすっかりきれいになった。こんな時間に受け入れてくれてありがとう。
line:f212528b	Phew! I had an accident that needs to be taken care of... discretely.	よかった！ 少々事故に遭ってね……内密に処理してほしい。
line:b3c35166	Phew, I was worried I'd make another mess of things.	ふう、また台無しにしちゃうかと思った。
line:314c3d8a	physically or emotionally?	体が？ それとも心が？
line:156e0b50	Picnic bathket-	ピクニックのかご……。
line:0d9de1a1	player hooked up with conrad	プレイヤーとコンラッドが結ばれた
line:2cf1c95e	player hooked up with conrad	プレイヤーとコンラッドが結ばれた
line:c2529648	player hooked up with conrad	プレイヤーとコンラッドが結ばれた
line:f7fd34b2	player hooked up with conrad	プレイヤーとコンラッドが結ばれた
line:66e08b22	player hooked up with ryan	プレイヤーとライアンが結ばれた
line:78039fd1	player hooked up with ryan	プレイヤーとライアンが結ばれた
line:96a0c0c7	player hooked up with ryan	プレイヤーとライアンが結ばれた
line:9bade6d6	player hooked up with ryan	プレイヤーとライアンが結ばれた
line:0ddcd600	Please scrub Igwix off my back would you?	背中についたイグウィクスをこすり落としてくれないか？
line:0632acbf	Plus they feel really nice.	それに、すごく気持ちいい。
line:c7b8ba3d	Possibly...?	たぶん……？
line:637629a8	Pretty sure I can digest anything.	たぶん、何でも消化できるよ。
line:65a41bc5	Pretty sure I'm all clean!	すっかりきれいになったと思う！
line:3750bbf0	Pretty sure that was everything.	これで全部だと思う。
line:960707b0	Primarily alchemy. Occasionally world history.	主に錬金術だ。時々、世界史も。
line:1475f95c	Professor Igwyx- My colleague who self-immolated earlier.	イグウィクス教授……この前、自分で燃え上がった同僚のことだが。
line:26e9d692	Professor, but yes. You have.	教授だよ。だが、ああ。君に教わった。
line:af0c15fd	Professor- But, yes. I usually don't go to public washes.	教授だよ。まあ、その通りだ。普段は一般の洗い場には来ない。
line:962abe27	Project Scale mary	プロジェクト・スケイル・メアリー
line:e5d47feb	prole- <i><size=70%>wuh?	ろうどう……<i><size=70%>え？
line:c7b73162	Psst..!	しーっ……！
line:9addfb4a	Ready!	いいよ！
line:875b5372	Really damn good!	めちゃくちゃよかった！
line:9e9f3e75	Really damn good!	めちゃくちゃよかった！
line:9364911d	Really looking forward to finding new people.	新しい人と出会うのが、本当に楽しみ。
line:8b0b222c	Really sets the mood.	すごくいい雰囲気になる。
line:4010d36d	Really well honestly.	正直、すごくよかった。
line:cfcb40c7	Really?	本当かね？
line:0ec807a4	Really? Aw, That's really sweet.	本当？ ああ、うれしいな。
line:630fed1b	Remove this barrier at once so I may enter.	入れるよう、今すぐこの柵を開けてくれ。
line:65deb150	Right after this wash!	この洗いが終わったらすぐ！
line:0caa6657	Right, I'll get that for you ASAP.	うん、すぐ開ける。
line:1271b80c	Right.	そうだね。
line:3ede5541	Right.	そうだね。
line:6a2e4e0d	Right. I'll get to it.	うん。じゃあ、始めるね。
line:29daeb62	Right. Phoenix feather. Obviously.	そっか。不死鳥の羽根。そりゃそうだよね。
line:51d1b41e	Ryan is a sweetheart	ライアンは優しいよね。
line:202fce0c	RYAN THE BONE!	ライアン、骨！
line:93bd9a2b	Ryan!	ライアン！
line:9b7e09b8	Ryan!	ライアン！
line:b76f49cd	Ryan!	ライアン！
line:1fa0fbbe	Ryan! I met him.	ライアン！ 会ってきたんだ。
line:f0427bb9	Ryan! this is so sweet.	ライアン！ なんて優しいの。
line:92829935	Ryan's such a nice dragon.	ライアンって、本当にいいドラゴンだ。
line:13ca0a74	Ryan, you're not supposed to eat the stems-	ライアン、茎は食べちゃいけないんだよ。
line:7a01d265	Ryan: I guess it is pretty exciting	Ryan: 確かに、結構興奮するね。
line:e1526934	Ryan: I like that a lot	Ryan: それ、すごく好き。
line:a430a2ff	Ryan: I think I am close too..	Ryan: 僕も、もうすぐかも……。
line:77626e43	Ryan: I would say it is going great	Ryan: すごくうまくいってると思うよ。
line:f5f5b815	Ryan: I've never done this outside before	Ryan: 外でしたことは、まだないんだ。
line:6dd86b71	Ryan: This was nice	Ryan: よかったね。
line:41b9659f	Ryan: Wow.. Your stature is really the only thing small about you.	Ryan: わあ……君の小さいところって、本当に身長だけだね。
line:aad89688	Ryan: Yea definitely. Worried about me?	Ryan: うん、もちろん。心配してくれてる？
line:ce6d6d7f	Ryan? you sure everything is okay...?	ライアン？ 本当に大丈夫……？
line:1d3b255b	Save your mood setting for tonight!	雰囲気づくりは今夜に取っておいて！
line:3ed6ab5d	Say do you remember the name of the college I work at?	ところで、私が勤めている大学の名前を覚えているかね？
line:a05a7804	Say...	ところで……
line:82d7b5e4	Says who?	誰が決めたの？
line:6c193ba9	Scales different today? <size=70%><i>is that a thing...? </i><size=100%>You look good today.	鱗の感じを変えた？<size=70%><i>そういうの、あるのか……？</i><size=100%>今日は格好いいな。
line:426f40ff	See you again soon, yeah?	また近いうちに会おうね？
line:3112d78d	See you soon.	またあとで。
line:8072b186	See you tonight.	また今夜。
line:0d3b23da	Sheesh.	ふう。
line:48435b12	Shh! I'm not from around here...	しっ！ 私はこの辺りの者ではない……
line:0f86dbf6	So am I!	私もだ！
line:3063100e	So am I.	俺もだ。
line:a241eec6	So far so good though, yeah?	今のところ、いい感じだよな？
line:813c6dd4	So is this like... our first date?	じゃあ、これって……初デート？
line:9b10d450	So this Conrad guy, seems like you like him?	それで、コンラッドって人のこと、好きなんだね？
line:0c5dcd3c	So uh, gate?	それで、その、門は？
line:84d8a935	So uh, mind opening the gate?	その、門を開けてくれない？
line:7da41ecd	So uhh, let me know if you need me to move.	あの、動いてほしかったら教えて。
line:3a469ae4	So yeah, I had a mishap..	それで、ちょっと事故があって……。
line:a6d6bf76	So you and Ryan huh?	それで、お前とライアンか。
line:31fa3bdf	So you came in just to...	じゃあ、今日来たのは……。
line:5f64c352	So you're a certified dragon washer huh?	ドラゴンを洗う資格を持ってるんだね？
line:c9e7bb1e	So you're a certified dragon washer huh?	ドラゴンを洗う資格を持ってるんだね？
line:aedb6a51	So, coming in for a wash?	それで、洗いに来たの？
line:1c856f1c	So, how was your date?	それで、デートはどうだった？
line:3cda84e6	So, tell me more about conrad!	それで、コンラッドのことをもっと聞かせて！
line:c10d9415	So, thanks on his behalf for caring.	だから、気にかけてくれてありがとう。彼の代わりに言うよ。
line:e6aa9d20	So, with... relationships.	その、恋愛のことで……。
line:a99c5c88	So. How about a date?	じゃあ、デートしない？
line:c2f44537	So. My girlfriend was home before me. she's a work-from-home dragon.	それで、彼女は先に家にいたんだ。在宅で働くドラゴンでね。
line:d9652dff	So. Our date tonight...	それで、今夜のデート……。
line:b983f922	So. Tonight.	それで、今夜。
line:28c51dbf	So... A date. I think I'd like to go on one soon!	それで……デート。近いうちに行きたいな！
line:7c56b2d8	So... I was thinking about my relationships.	それで……恋愛のことを考えてた。
line:5a5e7f21	So<size=90%>o<size=80%>o<size=70%>o<size=60%>o... <size=100%>I 'aint dirty. But I am <i>~dirty~</i> y'know?	な<size=90%>あ<size=80%>あ<size=70%>あ<size=60%>あ……<size=100%>体は汚れてないけど、頭の中は<i>いやらしい</i>んだ。わかる？
line:8a35fb7b	So<size=90%>o<size=80%>o<size=70%>o<size=60%>o... <size=100%>Was wonderin'	な<size=90%>あ<size=80%>あ<size=70%>あ<size=60%>あ……<size=100%>ちょっと気になってさ。
line:5230bdfd	Soap, then rinse!	石鹸で洗って、それからすすぐ！
line:c374e532	Somehow that feels more honest than anything anyone else says.	なんだか、他の誰の言葉よりも正直に感じる。
line:2898f680	Something happened last night	昨夜、ちょっとあって。
line:4dac3d2b	Something went wrong with flags!	フラグに問題が発生しました！
line:61c7f2d6	Something went wrong with flags!	フラグに問題が発生しました！
line:6d5ba814	Something went wrong with flags!	フラグに問題が発生しました！
line:8f64adc0	Something went wrong with flags!	フラグに問題が発生しました！
line:19cedc30	Sooo. You gonna jerk me off?	それで、手で抜いてくれるの？
line:1646ece2	Sorry for coming in late. My sleeps borked.	遅くに来てごめん。睡眠のリズムが崩れててさ。
line:b2b32876	Sorry I'm bad at flirting. Could you get the gate?	ごめん、口説くの下手で。門を開けてくれる？
line:13ba93ef	sorry!	ごめんなさい！
line:e2f9c70c	Sorry, I meant to say I enjoy your wash.	すまない。君の洗い場が気に入ったと言いたかった。
line:78ca8d95	Sorry...	ごめん……。
line:4af15fc3	Sounds good to me!	いいよ！
line:8c6e66f3	Sounds good!	いいね！
line:1ef36cb0	Sounds like a date then!	じゃあ、デートはそれで決まり！
line:d71ba53e	Sounds like a date then!	じゃあ、デートはそれで決まり！
line:5fc277a9	Sounds like a date then! Seafood then we play it by ear.	じゃあ決まり！ シーフードを食べて、あとは気分で。
line:0e643191	Sounds like a date then, I'm excited.	じゃあ、デートはそれで決まり。楽しみだ。
line:c4642c9c	Sounds like a date then. I'm excited.	じゃあ決まりだね。楽しみ。
line:ffc401d1	Sounds like a plan.	それで決まりだね。
line:c4dd137b	Sounds like it was good then.	よかったみたいだな。
line:7b6c47bd	Sounds like it.	みたいだな。
line:5c51654f	Sounds nice.	いいね。
line:3a23b81f	Sounds really cool.	すごく素敵そう。
line:1dbf50b3	Sure	もちろん
line:c14ceb34	Sure is!	そうだよ！
line:de7cd73a	Sure it is. Thanks to Conrad for having me get it.	もちろん。買うよう勧めてくれたコンラッドに感謝だね。
line:05c673e7	Sure!	もちろん！
line:52542beb	Sure!	もちろん！
line:67f14802	Sure!	もちろん！
line:a2dc4ac0	Sure! I'll go get the gate.	もちろん！ 門を開けてくる。
line:dbb68858	Sure! I'll go get the gate.	もちろん！ 門を開けてくる。
line:601e1b38	Sure! I'm excited to tell you about Conrad.	もちろん！ コンラッドのこと、早く話したい。
line:7b5c9d8c	Sure, but he needed someone who cared in that moment.	そうだけど、あのとき彼には、気にかけてくれる人が必要だった。
line:709a9a57	Sure.	もちろん。
line:4af4703c	Tasted real good though!	でも、すごくおいしかった！
line:048fe71b	TELL ME ABOUT YOU AND CONRAD!	君とコンラッドのこと、聞かせて！
line:2b84f2eb	Test line 1	テスト台詞 1
line:7a22b4d3	Test line 10	テスト台詞 10
line:ec12b3a4	Test line 11	テスト台詞 11
line:4f87d73a	Test line 12	テスト台詞 12
line:d9b7d04d	Test line 13	テスト台詞 13
line:63e6d9d4	Test line 14	テスト台詞 14
line:f5d6dea3	Test line 15	テスト台詞 15
line:64cb6133	Test line 16	テスト台詞 16
line:f2fb6644	Test line 17	テスト台詞 17
line:1772a124	Test line 18	テスト台詞 18
line:88119675	Test line 2	テスト台詞 2
line:1e219102	Test line 3	テスト台詞 3
line:a470989b	Test line 4	テスト台詞 4
line:32409fec	Test line 5	テスト台詞 5
line:a35d207c	Test line 6	テスト台詞 6
line:356d270b	Test line 7	テスト台詞 7
line:5643ba3d	Test line 8	テスト台詞 8
line:c073bd4a	Test line 9	テスト台詞 9
line:394db643	Thank the stars you're open.	営業していてよかった。
line:f1946aab	Thank you for cleaning me!!	きれいにしてくれてありがとう！！
line:75b5b084	Thank you for getting me and Ryan in contact.	ライアンを紹介してくれてありがとう。
line:189d999e	Thank you for listening.	聞いてくれてありがとう。
line:3398aea2	Thank you for that.	心を開ける相手でいてくれて、ありがとう。
line:875f0961	Thank you for the clean!	きれいにしてくれてありがとう！
line:acb8a5aa	Thank you for the quick clean!	手早く洗ってくれてありがとう！
line:8512365e	Thank you!	ありがとうございます！
line:bbca8a46	Thank you!	ありがとう！
line:e449156d	Thank you!	ありがとうございます！
line:bb4e1dc1	Thank you, Ryan. I'm happy I got to meet you too	ありがとう、ライアン。僕も君に会えてうれしいよ。
line:3b568c14	Thank you.	ありがとうございます。
line:6b245989	Thank you.	ありがとう。
line:836d1b13	Thank you.	ありがとうございます。
line:d60f2dc0	Thank you.	ありがとうございます。
line:035a0830	Thank you. I'd really appreciate it	ありがとう。本当に助かる。
line:f3e7a8fe	Thank you. Look good feel good!	ありがとな。見た目がよければ、気分もいい！
line:d2d97c90	Thank you. You make this a whole lot easier to go through.	ありがとう。君のおかげで、ずっと乗り越えやすくなる。
line:3027bcf7	Thanks for asking. It's enjoyable to be asked personal questions.	聞いてくれてありがとう。個人的なことを聞かれるのは楽しいね。
line:aaf3066d	Thanks for cleaning me!	洗ってくれてありがとう！
line:8150e2a2	Thanks for helping me out.	助けてくれてありがとう。
line:a2217280	Thanks for helping me out.	助けてくれてありがとう。
line:7db0baf0	Thanks for introducing me to him.	紹介してくれてありがとう。
line:c6cee89f	Thanks for letting me in so late.	こんな遅くに入れてくれてありがとう。
line:079b3782	Thanks for sharing food with me, You're a great friend.	一緒に食べてくれてありがとう。君はいい友達だ。
line:85f901b0	Thanks for sharing food with me...	一緒に食べてくれてありがとう……。
line:a39fd5a9	Thanks for that. Felt pretty damn good.	ありがとな。めちゃくちゃ気持ちよかった。
line:505e150f	Thanks for the clean.	洗ってくれてありがとう。
line:a40e531c	Thanks for the food! I'll go get the gate.	ごちそうさま！ 門を開けてくる。
line:f1692a96	Thanks for the suggestion!	いいこと教えてくれてありがとな！
line:81ebbec0	Thanks for the wash so late in the night.	こんな夜遅くに洗ってくれてありがとう。
line:a9df4c5e	Thanks I'll be waiting!	ありがとう、待ってるよ！
line:f73a3fc7	Thanks mate, see you tomorrow then.	ありがとな、相棒。また明日。
line:30f1f583	Thanks!	ありがとう！
line:3484ab9d	Thanks!	ありがとな！
line:44701902	Thanks!	ありがとう！
line:4d868f2f	Thanks!	ありがとな！
line:70190774	Thanks!	ありがとう！
line:8b8f57c4	Thanks!	ありがとう！
line:ab5b2574	Thanks!	ありがとう！
line:b588bf4c	Thanks!	ありがとう！
line:bc5d790a	Thanks!	ありがとな！
line:c07a9171	Thanks!	ありがとう！
line:e7e57d9c	Thanks!	ありがとう！
line:fa293cde	Thanks! Whats with all the... Gloop?	ありがとう！ その……べたべたしたのは何？
line:e1609903	Thanks, but I'll be better. I promise.	ありがとう。でも、もっとよくなる。約束する。
line:02cbdc87	Thanks, I'm excited too.	ありがとな。俺も楽しみ。
line:37c9d915	Thanks, You're pleasant too!	ありがとう、君も素敵だよ！
line:cb847372	Thanks, You're pleasant too!	ありがとう、君も素敵だよ！
line:188d4359	Thanks.	ありがとな。
line:316bb26e	Thanks.	ありがとう。
line:34ec4db7	Thanks.	ありがとな。
line:5183a6f2	Thanks.	ありがとな。
line:c642cb17	Thanks.	ありがとな。
line:cf716777	Thanks.	ありがとう。
line:e00c6df5	Thanks.	ありがとう。
line:e521db76	Thanks.	ありがとう。
line:f62e1c4f	Thanks.	ありがとう。
line:fbba1293	Thanks.	ありがとう。
line:8bfa88d7	Thanks. I like being around you too.	ありがとう。僕も君といるのが好きだよ。
line:df0a8598	Thanks. I'm always happy to be here.	ありがとな。俺もここに来るのはいつもうれしい。
line:084e3cbc	Thanks. See you soon.	ありがとう。また近いうちに。
line:71d57aeb	Thanks. That's kind of you to say.	ありがとう。優しいね。
line:a1f9de62	Thanks. That's kind of you to say.	ありがとう。優しいね。
line:9a9a6120	Thankth!	ありがとっ！
line:e721d512	That brings me to my next question...	それで、次の質問なのだが……
line:215a2d34	That felt <i>good</i>.	<i>気持ちよかった</i>。
line:89150715	That is rather kind of you to say.	そう言ってくれるとは、優しいね。
line:a57409fb	That is the source of my worry...	それが心配なのだ……
line:ad261b84	That just makes it harder!	そんなこと言われたら、もっと我慢できない！
line:7111d265	That makes me feel a lot more sure of myself then.	それなら、ずっと自信が持てる。
line:3fac5bff	That makes me feel good to hear.	そう言ってもらえるとうれしい。
line:1c49f05b	That makes me happy to hear.	そう聞くとうれしい。
line:a8b70da7	That must mean it is! I'm glad.	その鳴き声なら、きっと大丈夫だね！ うれしい。
line:5738ea38	That nice to hear... But, I mean being taken care of more... Primally?	そう言ってくれてうれしい……だが、もっと本能的な世話というか……。
line:8f598864	That one was almost too big-	今のは、ぎりぎりの大きさだった。
line:5960dcbb	That should be all though, could you go get the gate?	じゃあ、これで終わりかな。門を開けてくれる？
line:116f0e16	That should be every spot.	これで全部洗えたはず。
line:90444b09	That sounds like an over-reaction on her part.	彼女、ちょっと怒りすぎじゃないかな。
line:f07c9e39	That sounds like an over-reaction on her part.	彼女、ちょっと怒りすぎじゃないかな。
line:c78cf81f	That sounds lovely!	すごく素敵！
line:eaa3c173	That they are...	まったくだ……
line:f4b9a455	That was much nicer than a hose.	ホースより、ずっと気持ちよかった。
line:78cef130	That was never a concern. I'm a rather risk averse dragon.	そこは心配していない。私は危険を避ける性分なのでね。
line:22d271f4	That was really fun.	すごく楽しかった。
line:019b83df	That was wonderful! I feel so much better about dating.	すばらしかった！ またデートする自信がついたよ。
line:d7bf167b	That was... Nicer than I expected.	あれは……思った以上によかった。
line:577cec43	That's a mount, no?	あれはマウントだろう？
line:825536f5	That's a tricky question to answer.	答えるのが難しい質問だ。
line:66fb84fe	That's all I want to ask.	聞きたいことはそれだけ。
line:ac1ed298	That's all you can ask for, right?	それ以上は求められないよね？
line:6605187b	That's an appeal to authority fallacy. But, yes. I'm correct.	それは権威に訴える論法という誤謬だ。だが、そうだ。私は正しい。
line:52f81dde	That's cute!	かわいいね！
line:45befc02	That's exciting!	楽しみだね！
line:13cd5511	That's fast... But I think so!	展開が早いね……でも、いいと思う！
line:4ff91cbd	That's fine!	大丈夫！
line:163c524a	That's good to hear.	それはよかった。
line:33e2bee6	That's good to hear.	それはよかった。
line:30e461f2	That's good. You deserve a decent man.	よかった。君にはいい男がお似合いだ。
line:aeae4744	That's good... Now what?	よかった……で、次は？
line:f3eeb627	That's great! whens your first date?	よかったね！ 初デートはいつ？
line:215f4eba	That's me.	僕だよ。
line:cf8c5f37	That's not a thing... But thank you!	そういうのはないけど……ありがとう！
line:3f29878b	That's rather nice of you to say.	優しいことを言ってくれるね。
line:d38c63ea	That's really cute.	それ、すごくかわいいね。
line:6474d7f7	That's really nice!	それは素敵だね！
line:c5001a4c	That's the best way to eat'em!	その食べ方が一番おいしいんだ！
line:2a5cc3a5	That's very sweet.	うれしいこと言ってくれるね。
line:7052576b	That's what I like to hear.	そう言ってもらえるとうれしい。
line:2a154290	That's what I thought too.	僕もそう思った。
line:33d12f97	That's what I thought too.	僕もそう思った。
line:2b7bb6ce	That's what's terrifying.	それが怖いのだよ。
line:36fb380f	That's wonderful, he's cute!	すばらしいね。かわいい！
line:266836f8	That's... the first time you've yipped for me.	俺に向かって鳴いてくれたの、初めてだな。
line:9b0b24ad	That.	今の。
line:6ff80785	That... makes me feel a lot more sure of myself then.	それなら……ずっと自信が持てる。
line:cc6d631b	That... makes me feel a lot more sure of myself then.	それなら……ずっと自信が持てる。
line:ecf6206f	Thats awesome. I'm glad you two are working out.	すばらしいね。二人がうまくいっていて、うれしい。
line:0f8bb606	Thats good to hear.	それはよかった。
line:f5324d68	Thats really good to hear.	それは本当によかった。
line:063dcd4b	The ability to open up to someone, even occasionally...	時々でも、誰かに心を開けるということは……
line:8919009a	The ambiance is nice.	いい雰囲気だね。
line:08c850bf	The apothecary will tarnish my name for months.	薬師に何か月も悪く言われてしまう。
line:01b4161e	The breakup I went through earlier was rough.	この前の別れは、つらかった。
line:c932c99d	The breakup I went through earlier was rough.	この前の別れは、つらかった。
line:dd06ed39	The Burnswick Community College of Thaumaturgy, of course!	もちろん、バーンズウィック地域魔術大学だ！
line:515099ec	The button on the wall, I mean.	壁にあるボタンのことだよ。
line:7fe73572	The clean was fine.	洗い方は悪くなかった。
line:e8a38ed0	The college cannot find out about this okay?	大学には絶対に知られてはならない。いいね？
line:1a169dbc	The lights in the area are great too.	あの辺は明かりもきれいでさ。
line:610dd8cb	The markers were fun.	マーカーで遊ぶの、楽しかった。
line:4b36ea4e	The most prestigious college hosting prestigious professors like me:	私のような名高い教授が集う、最高の名門校だ。
line:ec00a1fe	The mount? I... suppose!	マウントかね？ 私は……構わないと思う！
line:94e04dcf	The mount? Sure!	マウント？ もちろん！
line:d8273d7f	The night 'aint gonna start itself!	待ってても夜遊びは始まらないぜ！
line:1f2907ed	The rain has been unrelenting today!	今日は雨がやまないね！
line:1804bf0a	The rain is nice.	雨っていいね。
line:7e9a1f83	The stem is just extra food.	茎も食べ物が増えるだけさ。
line:c88244b5	The vibe at night is fuckin' great.	夜の雰囲気が、めちゃくちゃいいんだ。
line:d8a2002e	Then I better let you out!	じゃあ、早く出してあげないと！
line:d7b3cd09	Then- Have a productive day.	では、実り多い一日を。
line:448afe95	There was a fault in his method.	彼のやり方に問題があった。
line:48d4a45a	There's this one red dragon, Conrad. He's... Hot headed, but cute.	コンラッドって赤いドラゴンがいてね。短気だけど、かわいいんだ。
line:f4af8b88	Theres this club downtown. 'Wings'. It's an old favorite of mine.	街中に「ウィングス」ってクラブがある。昔からのお気に入りだ。
line:972f132f	These washes really make things easier.	ここで洗ってもらうと、本当に楽になる。
line:352d1d6f	They cum	二人は絶頂を迎える。
line:d78962e8	They cum	二人は絶頂を迎える。
line:3200a588	They keep going	二人は続ける。
line:a31d1a18	They keep going	二人は続ける。
line:035e5be6	They seem cute!	かわいい感じだね！
line:454172b0	They took it too far.	あいつら、やりすぎだ。
line:d7b49fb8	They were! The stem is my favorite part though.	おいしかったよ！ でも、茎が一番好き。
line:d156a87f	Think that's every spot.	全部洗えたと思う。
line:fa1a1e76	Think that's it.	これで終わりかな。
line:3112adad	This drake at the bar... I was stupid. Couldn't shut my mouth.	酒場にいたドレイクにさ……俺が馬鹿だった。つい余計なことを言い続けちまって。
line:bfd70320	This feels scandalous	いかにも不謹慎な感じがする。
line:cb437bd0	This is a common practice?	これは一般的なサービスなのかね？
line:831cbfda	This is a job only you can do.	これは君にしか頼めない仕事だ。
line:4944dbda	This is delicious!	おいしい！
line:088893da	This is my first time with a Kobold.	コボルトとは初めてなんだ。
line:e218722c	This is my first time, actually!	実は、今回が初めてなんだ！
line:9eb894ad	This is really nice..	すごく気持ちいい……。
line:c7e4e36f	This is the kind of shit I try to avoid!	こういうのを避けようとしてるのに！
line:22929636	This place could use a makeover, I know would it could use!	ここ、ちょっと模様替えした方がいいな。必要なものはわかる！
line:b06e13bc	This soap isn't fitting for a professor don't you think?	この石鹸は教授には不釣り合いだと思わないかね？
line:97841169	This was a nice escape.	ここは、ほっとできる場所だった。
line:5f02ceea	This was a wonderful escape...	ここは、すばらしい息抜きの場所だった……。
line:d45f4788	This was nice...	楽しかった……。
line:418498cf	Those grapes looked good.	あのブドウ、おいしそうだった。
line:e9d73205	Though every other wash I've been to at least has a mount	でも、今まで行った店には、少なくともマウントはあったぞ。
line:29e70457	Though I can't say I am not curious	興味がないとは言わないが。
line:9c3e6004	Though you probably shouldn't eat them.	でも、君は食べない方がいいかも。
line:f1ca33da	title: Alexander_Done	title: Alexander_Done
line:3ed2f649	title: Conrad_OutroDone	title: Conrad_OutroDone
line:74c28add	title: ConradBeatup_OutroDone	title: ConradBeatup_OutroDone
line:722243c8	title: RyanDate_OutroDone	title: RyanDate_OutroDone
line:b4eee981	title: RyanExploded_OutroDone	title: RyanExploded_OutroDone
line:6298f08b	Told me about the time he got beat up.	殴られたときのことを話してくれた。
line:ee954bd9	Told me to go to a wash, and was acting extremely offended.	洗い場に行けって言われて、すごく腹を立ててた。
line:c66e1278	Tonight- on campus. The library is the large blue spire building.	今夜、大学で。図書館は大きな青い尖塔の建物だ。
line:434527c6	Truly terrible, no?	実にひどい有り様だろう？
line:5a5d646c	Truly?	本当かね？
line:e3aa4e29	Truth be told, I got dirty to come here.	実を言うと、ここに来るために汚した。
line:0979dea3	Uh, I'm still really soapy!	あの、まだ泡だらけだよ！
line:05bbe58c	Uh-huh, I'll go get the gate	うんうん、門を開けてくる。
line:7de638fb	Uh... Hello?	えっと……こんにちは？
line:7de9b3a4	Uh... uhm...	あの……ええと……
line:159c5c1f	Uh... Yeah.	ああ……そうだな。
line:2089db44	Uhhhm we're not exactly.	ええと、今は営業してないんだけど。
line:3ed62e6b	Uhm, no, I'll just be REALLY upset.	いや、違う。ただ、ものすごくがっかりする。
line:f0a579a5	Uhm...	ええと……。
line:cc295885	uhm... <size=60%>no?	ええと……<size=60%>ないけど？
line:29237bc3	Use the crowbar to open and place it in storage, would you?	バールで開けて、倉庫に入れてくれる？
line:1ec0dc6a	Use the sprayer on the wall to wash me off.	壁のスプレーで洗い流してね。
line:a716d3b8	Uunf. T-that was... Rather undignified.	うっ……い、今のは……実にみっともなかった。
line:a37177dd	V-very well. I'll try.	わ、わかった。やってみよう。
line:209ddf97	Very cool	すごく格好いい。
line:2f10f572	Very well. Don't let me interrupt the wash then!	わかった。では、洗う邪魔をしないようにしよう！
line:7678511c	Wah- huh- <size=80%>oah. <size=60%>we don't-	えっ、あっ……<size=80%>おお。<size=60%>そういうのは……。
line:82e2c158	Wait a sec, I need to open the gate.	ちょっと待って。門を開けないと。
line:9c7a2fb7	Wait a sec, I need to open the gate.	ちょっと待って。門を開けないと。
line:8ab5686b	Was great! Ryan is a sweetheart.	最高だった！ ライアンは優しいよ。
line:d8c9f912	Was just doing my job!	仕事をしてただけだよ！
line:148a63c8	Was just trying to play along. Happy to see you!	合わせてみただけ。会えてうれしい！
line:56261ccb	Was still good though! I like how it feels sliding down.	でも、おいしかったよ！ 喉を滑り落ちる感じが好き。
line:4d002f47	Was... <i>Really</i> upset I was muddy.	泥だらけなのが……<i>本当に</i>嫌だったみたい。
line:014b5da5	Watch where those paws are going would you?	その手、どこに触れてるか気をつけてくれる？
line:3028feb5	We also had sex after our date.	デートのあと、セックスもした。
line:d132db41	We can just lay here...	このまま横になっていれば……。
line:4da8b942	We can make an opening.	空けられるよ。
line:8c563ab8	We can make an opening.	空けられるよ。
line:33a79dbe	We do! Are you... from the college...?	できますよ！ あなたは……大学の方……？
line:b83ec453	We got your request for the mount!	マウントの注文、届いたよ！
line:8b7b8d6b	We went out to eat. Had some good conversation.	食事に出かけて、楽しく話した。
line:74706bb3	We will need to clean the floors...	床を掃除しなければ……。
line:df8fb8c9	We'll be going out to this seafood place-	シーフードの店に行って……。
line:110a2ced	Welcome back!	おかえり！
line:b042f12a	Welcome back!	おかえり！
line:c46f5033	Well great, I appreciate your discretion, I'll be headed off to the apothecary.	それはよかった。気遣いに感謝する。では、薬師のところへ行こう。
line:08f40e32	Well I had a good time, see you later then!	楽しかったよ。じゃあ、またね！
line:c1e8b05d	Well I had a good time, see you later then!	楽しかったよ。じゃあ、またね！
line:fcff7b00	Well, go to the window and speak with your customer.	では、窓口へ行って、お客さんと話して。
line:fc1e497a	Well, good luck getting your hands around all of me.	じゃあ、俺の全部を握れるか頑張ってみな。
line:60f14972	Well, I do enjoy the color. But I believe that is unrelated to my hue.	好きな色だよ。自分の体の色とは関係ないと思うが。
line:c9f270de	Well, I'm a dragon- but... You know what I mean.	まあ、ドラゴンだけど……言いたいことはわかるよね。
line:f7f87f6c	Well, That's why I'm here!	だから僕がいるんだよ！
line:629d89d1	Well, yes. I mean more... Primally?	まあ、そうだね。だが、もっと……本能的な意味でだ。
line:8aa0fc1a	Well, you are one hell of a catch.	君なら、すごくいい相手だもん。
line:5d34e715	Well, you better get one then!	じゃあ、買っとけよ！
line:f16e75f3	Well...	それなら……。
line:a71a8385	Went to the bar... Things got spicy. You can imagine what happened next... <size=70%>Hah...	バーに行って……盛り上がったんだ。そのあとは想像できるでしょ……<size=70%>はは……。
line:2e0ec324	Wha..?	え……？
line:29ec93b2	Whaaat. Nothing wrong with it! figured you'd like to know.	何？ 悪いことじゃないでしょ！ 知りたいかと思って。
line:18e5a573	Whaaat? It's good to make sure you're warmed up!	何だよ？ ウォーミングアップは大事だろ！
line:bd66082e	What about a movie?	映画はどう？
line:ee3c126b	What about your private washers?	専属の洗い手はどうするの？
line:871137eb	What about?	どんな話？
line:bb3b6c71	What brings you in so late?	こんな遅くにどうしたの？
line:2dd518f0	What do you mean?	どういうこと？
line:2fae1274	What do you mean?	どういうこと？
line:3c2c53dc	What do you mean?	どういうこと？
line:838cdf1b	What do you think of me?	僕のこと、どう思う？
line:c2bdc402	What does the number 7 taste like?	数字の 7 ってどんな味？
line:56fc085a	What happened!?	何があったの！？
line:0bc56d4d	what happened?	何があったの？
line:8c3b76ea	What is it?	何？
line:44b711a0	What is..	これは……？
line:53301d3b	What kind of egg was that?	何の卵だったの？
line:073701b7	What kind of movie are you thinking?	どんな映画がいい？
line:03cf1c9a	What kind of question?	どんな質問？
line:003700c7	What kinds of classes do you teach?	どんな授業を教えてるの？
line:e2406cc4	What now?	これからどうする？
line:0c583118	What was in those opened crates?	あの開けた木箱、何が入ってたんだ？
line:5a195ff2	What!? that's terrible! You don't even have a mount...?	何！？ そりゃひどい！ マウントもないのか……？
line:8ebd442e	What's got you looking so happy?	何かいいことあった？
line:fc7aaaa0	What's teaching like?	教えるのって、どんな感じ？
line:f99840cd	What's that?	何それ？
line:1a0b719d	What's up?	どうしたの？
line:29359884	What's up?	どうしたの？
line:8d5c7802	What's up?	どうしたの？
line:712f9d7c	what?	何だって？
line:766c2abd	What? All the best places do it!	何だよ？ いい店ならどこでもやってるぞ！
line:159a1d54	What? I'm a professor! Can't you tell from my crest?	何だって？ 私は教授だ！ この紋章を見ればわかるだろう？
line:9aa86a9b	What? There is no harm caused by a genuine compliment!	何だね？ 心から褒めて何が悪い！
line:b2fe309b	Whats got you in a good mood?	どうしてそんなにご機嫌なの？
line:93a145d4	Whats up, big guy?	どうしたの、でっかいドラゴンさん？
line:4efe8211	Whats up?	どうしたの？
line:866cd495	Whats up?	どうしたの？
line:bfc04b3a	Whats up?	どうしたの？
line:e01885c3	Whats up?	どうしたの？
line:f7d786b6	Whats with all the... Gloop?	その……べたべたしたのは何？
line:c4c81aa9	Whats your favorite part about him?	どこが一番好き？
line:ff6ef027	When do you actually end the relationship?	実際には、いつ別れればいいんだろう？
line:2ffe284b	When I met him at first I was falling back on my old script.	初めて会ったとき、昔の癖が出ちゃってさ。
line:eb019075	When you're done go ahead and hit the button.	終わったら、ボタンを押してね。
line:5d4e9392	Where did he go...?	その人はどこへ……？
line:7af04961	Where would you like to go?	どこに行きたい？
line:7e9389a7	Which college?	どこの大学？
line:2d315c6c	Who knew a dragon could get so dirty, huh?	ドラゴンがこんなに汚れるなんてね？
line:a97338b0	Who knew places such as this existed so readily available to the public!	こんな場所を誰でも気軽に利用できるとはね！
line:8b7915f4	Who's that?	誰のこと？
line:ebd63f8c	Who's there?	誰？
line:eea7573f	Whoa! Cold!	わっ、冷たい！
line:1acbd02a	Whoops	おっと。
line:5a6c0d31	Whoops	おっと。
line:afc6c00a	Whoops	おっと。
line:c30013ff	Whoops	おっと。
line:9df56a3a	why are you here so late?	こんな遅くにどうしたの？
line:bb8583c1	With Ryan, I'm pretty sure we're gonna go on a date tonight.	ライアンと、今夜デートすることになりそうなんだ。
line:c236bdf9	Woah. Uhm.	わっ、ええと。
line:390f05be	Woah... What is that in your mouth?	わあ……何をくわえてるの？
line:4b93b009	Woah... You want me to use that? Even with the food? Alright!	わあ……使ってほしいの？ 食べ物があっても？ わかった！
line:4cacfab8	Wonderful to hear you're seeing someone!	いい相手ができたようで、何よりだ！
line:f6fdf321	Wonderful to hear you're seeing someone!	いい相手ができたようで、何よりだ！
line:7e2421b6	Wonderful to hear.	それは何より。
line:36d49875	Wonderful!	すばらしい！
line:6046bedf	Wonderful!	よかった！
line:ab423ac7	Wonderful!	すばらしい！
line:5a9abbd4	Wonderful. Have a <i>productive</i> day.	すばらしい。<i>実り多い</i>一日を。
line:ec771552	Woops.	しまった。
line:51bcff68	Would that interest you?	興味ある？
line:8c8591ec	Would you care to join me at the college library this evening...?	今夜、大学の図書館へ一緒に行かないか……？
line:985436e6	Wouldn't that be degrading?	それって、屈辱的じゃない？
line:1e027369	Wow thanks, that feels good.	わあ、ありがとう。気持ちいい。
line:737184f5	Wow!	わあ！
line:ead1bf44	Wow, it's an experience seeing you eat like that.	わあ、その食べ方を見るのは新鮮だね。
line:5da1e074	Y'know?	わかる？
line:79352475	Ya.	うん。
line:f6c14e05	Ya.	うん。
line:b6add8e0	Yea! I do!	だろ！ そうだろ！
line:b44edd29	Yeaaah I'm not sticking with that one.	うん、その呼び名はやめとく。
line:7a471225	Yeaaah.	うん……。
line:5483c5fd	Yeah	うん。
line:3a5d5ca4	Yeah he seems like he'd push some buttons.	ああ、いろいろツボに入りそうだな。
line:63024a1f	Yeah he's improved a lot.	うん、すごく変わったよ。
line:5847a779	Yeah I have.	うん、話したよ。
line:f3b5952a	Yeah I'm happy too.	うん、僕もうれしいよ。
line:fb47f998	Yeah it go BRRT haha.	うん、押すとブーッて鳴るんだ。はは。
line:eef9b2bb	Yeah It's fine. Sorry.	うん、大丈夫。ごめん。
line:fbc80e96	Yeah let me get that for you.	うん、今開けるね。
line:f212b2de	Yeah so I'm all muddy and stuff, love romping around in the public park.	うん、泥だらけなんだ。公園で走り回るのが好きでさ。
line:108de471	Yeah that sounds pretty good.	うん、それもいいね。
line:fdd800c2	Yeah! clean as always.	うん！ いつもどおりきれいだ。
line:dee4a32d	Yeah! Conrad, he's adorable. Though he'd hate I said that.	うん！ コンラッド。かわいいよ。本人が聞いたら嫌がるだろうけど。
line:ab1bc039	Yeah! I feel clean.	うん！ きれいになった気がする。
line:6733a3df	Yeah! I'm going on a date with him soon.	うん！ もうすぐ彼とデートするんだ。
line:66727cce	Yeah! It has food that should be good for both of us.	うん！ 二人とも食べられそうなものを入れてきた。
line:b482634c	Yeah! its useful.	うん！ 便利だよ。
line:da9cfdcf	Yeah! Just went on a date with Conrad.	うん！ さっきコンラッドとデートしたんだ。
line:3f153aaf	Yeah! Just went on a date with Ryan.	うん！ さっきライアンとデートしたんだ。
line:77ca2316	Yeah! Thanks for the food. I'll go get the gate.	うん！ ごちそうさま。門を開けてくるね。
line:c87d632b	Yeah! That would be amazing.	いいね！ 最高じゃん。
line:71c0ee9a	Yeah, ever since the breakup I've been looking for something new.	うん、別れてから、新しい何かを探してる。
line:bee397db	Yeah, he's so kind to me.	うん、俺にすごく優しいんだ。
line:4815ddba	Yeah, I've got one.	うん、あるよ。
line:24efaa49	Yeah, me too. He's real nice.	ああ、俺も。あいつ、本当にいいやつだし。
line:6fa847ba	Yeah, nah. Mate you gotta get in on this. I'll pay good!	マジかよ。相棒、そういうのもやるべきだぜ。たっぷり払うからさ！
line:266f699d	Yeah, taste good!	うん、おいしいよ！
line:67cc394b	Yeah, that was scary at first.	うん、最初は怖かったよ。
line:a9980f5e	Yeah, this has been super nice.	うん、本当に楽しかった。
line:54c44240	Yeah, you're right.	うん、そうだね。
line:bb1827c7	Yeah- Though only if you want!	うん。もちろん、お前がよければ！
line:7311dc01	Yeah.	うん。
line:95e2f7cc	Yeah.	うん。
line:9fd5b834	Yeah. <size=90%>Oh- <size=80%>you know. I'm like... <size=70%>Haha. Yeah. Mhm!	うん。<size=90%>あっ……<size=80%>その、ほら。僕って……<size=70%>はは。うん、そう！
line:a28a70c6	Yeah. At least I got to meet you because of it.	うん。少なくとも、そのおかげで君に会えた。
line:e5937e30	Yeah. I like fish!	うん。魚、好きだよ！
line:0372e0d1	Yeah. It wasn't too expensive.	うん。そんなに高くなかったよ。
line:6804839d	Yeah. It's hard to unwind groups after something like that.	うん。ああいうことのあと、人間関係を整理するのは大変だ。
line:6e0e4e11	Yeah. You two will be cute.	うん。かわいい二人になるよ。
line:616121a9	Yeah...	うん……。
line:f244d080	Yeah... He's really great.	ああ……本当にすごいやつだ。
line:5bab2df8	Yeah... I've never gone on a date with a kobold before.	うん……コボルトとデートしたのは初めて。
line:8eeb7e28	Yeah... It really isn't.	うん……本当に。
line:039a0c83	Yeah?	うん？
line:2fb3fe55	Yeah?	うん？
line:92bd78f3	Yeah?	うん？
line:3690a3eb	Yeah? I don't even see a mount.	そうだよ。マウントすら見当たらないんだけど。
line:ea2adb20	Yeah? tell me about it!	そうなの？ 聞かせて！
line:78eccd9b	Yellow lime.	黄色いライムだ。
line:5fd7bc69	Yep!	うん！
line:b6c878fa	Yep!	うん！
line:fcff76d4	Yep! I'll get the gate.	うん！ 門を開けるね。
line:3cdcbd4a	Yes	はい
line:991dc643	Yes	はい
line:e535cacb	Yes	はい
line:fb4265f7	Yes	はい
line:4ab6c5a9	yes	はい
line:db98be35	Yes right this way.	はい、こちらへどうぞ。
line:52010e35	YES!	もちろん！！
line:c4310942	Yes!	うん！
line:d5f94e23	Yes!	うん！
line:5592e639	Yes, welcome to Drag'N Wash!	はい、Drag'N Wash へようこそ！
line:f676b9a8	Yes, welcome to Drag'n wash!	はい、Drag'N Wash へようこそ！
line:a610ce0b	YES.	もちろん。
line:85fd5266	Yes.	うん。
line:152cb8ad	Yes. I'm in need of a clean. The situation is rather dire!	そうだ。洗ってもらいたい。深刻な事態なんだ！
line:c4595dd5	Yes. It's invigorating to be so candid.	ああ。率直に話すのは、実に爽快だ。
line:d7e50f2d	Yes..	ああ……。
line:5811655d	Yes... But I believe we need to clean the floors.	ああ……だが、床を掃除しなければ。
line:9444cdba	Yip	きゅっ。
line:14d2c62f	Yip!	きゅっ！
line:296ff3f4	Yip!	きゅっ！
line:3d516ddb	Yip!	きゅっ！
line:3e870ad0	Yip!	きゅっ！
line:5544e245	Yip!	きゅっ！
line:5efde4e2	Yip!	きゅっ！
line:c3e1f198	Yip!	きゅっ！
line:e662501c	Yip!	きゅっ！
line:5e181cf4	Yip! <size=70%>(Gate)	きゅっ！<size=70%>（門）
line:b12a3f31	Yip! <size=70%>(idk)	きゅっ！<size=70%>（知らない）
line:a8ee5236	Yip! <size=70%>(It's because the dormant part of your draconic mind is remembering the deep set language bridge between your kind and mine. Which carries the deep meaning and intention of kobold 'Yips' within it. This sudden understanding of yours is simply from our connection growing over time and activating that part of your mind.)	きゅっ！<size=70%>（それは、君のドラゴンとしての心の奥に眠っていた部分が、僕らの種族を結ぶ言語の架け橋を思い出しているからだよ。そこにはコボルトの「きゅっ」の深い意味や意図が込められている。僕らの絆が時間とともに深まり、心のその部分が目覚めたから、急に理解できるようになったんだ。）
line:5935a413	Yip! <size=70%>(Yes)	きゅっ！<size=70%>（そう）
line:f1c14f75	Yip-Man - The Final Yip	イップ・マン 最後のイップ
line:4b9046ec	Yip-Man movies are real corny...	イップ・マンって、かなりベタだよね……。
line:3d6b2203	You again?	また君？
line:81416c72	You already are, whats up?	もうしてるよ。どうしたの？
line:6fbc3c1b	You also do <i>special endings</i> here, yeah?	ここ、<i>特別な仕上げ</i>もやってるよな？
line:e553c773	You also introduced me to Conrad.	コンラッドも紹介してくれたし。
line:feb8727e	You always make me feel welcomed.	いつも歓迎してくれるよね。
line:563d71ba	You are too!	君もだよ！
line:4efafbb0	You are very skilled with your hands	君は本当に手先が器用だ。
line:0dd63830	You brought food in?	食べ物を持ってきたの？
line:38043f6c	You can act however you like around me.	僕の前では好きに振る舞っていいよ。
line:3fbd01fb	You can come in whenever!	いつ来てもいいよ！
line:0eb37f1a	You can stay here if you want.	よければ、ここに泊まっていいよ。
line:ecc04e16	You decide!	君が決めて！
line:19698f13	You didn't even open the watermelon.	スイカ、割りもしなかったね。
line:7e8c1ae2	You do know how to use your hands pretty well.	お前、手の使い方がうまいし。
line:7023b6b4	You don't deserve that.	お前にあんな態度を取るべきじゃなかった。
line:c0cc0f2d	You got a medkit?	救急箱、ある？
line:c2b3c28a	you know about getting back into the dating scene...	ほら、またデートを始めるって話……。
line:512df07c	You know what that means.	つまり、わかるよな。
line:e613cbe3	You know what that means...	つまり、わかるよね……。
line:73e4789c	You know... This environment is rather pleasant. Very... proletarian.	それにしても……ここは実に心地よい。とても……労働者階級的だ。
line:404b17ef	You look good this clean!	きれいになると、さらに格好いいね！
line:780c151c	You needn't worry. The washer's union is... More powerful than I.	心配はいらない。洗い手の組合は……私よりも強い。
line:3fab049a	You probably shouldn't.	食べない方がいいよ。
line:0bc044da	You ready for this?	準備はいい？
line:f0a0565a	You ready to go back in to the club?	クラブに戻る準備はできた？
line:c0e34d36	You really ate that entire thing... Woah.	本当に丸ごと食べたんだ……すごい。
line:82cf49aa	You seemed to enjoy yourself.	楽しめたみたいだね。
line:ba66095e	You set a good example.	いいお手本なんだね。
line:6c2a1901	You should be all clean!	これですっかりきれいなはず！
line:36779352	You should be.	楽しみにしてていいぞ。
line:86154a64	You should feel it and check for me	触って確かめてくれよ。
line:20503ab0	You sure? It's not like... fun stuff.	いいの？ 楽しい話じゃないけど……。
line:0a0d6bc0	You too! I'll go get the gate.	僕も！ 門を開けてくるね。
line:e3106999	You too. Thanks for the wash.	僕も。洗ってくれてありがとう。
line:fc97aa74	You too. Thanks for the wash.	僕も。洗ってくれてありがとう。
line:5e4d645c	You two are really cute together...	お前ら、一緒にいると本当にかわいい……。
line:b76a2a43	You were really going at it.	すごい勢いだったね。
line:83aa1a23	You work at a college?	大学に勤めてるの？
line:85fa0d03	You'd need a dragon stomach first!	まず、ドラゴンの胃が必要だ！
line:ebd2af6b	You'll have to give me all the Ryan details soon.	ライアンとのこと、今度詳しく聞かせてね。
line:6c71dd83	You'll have to tell me all about it.	詳しく聞かせてね。
line:91ab30f5	You'll have to tell me how you two work out!	二人のこと、また聞かせてね！
line:ffeff59b	You'll have to tell me more inside.	中で詳しく聞かせて。
line:5eb243c2	You'll like it.	きっと気に入る。
line:6acf7c77	You'll need to let them in afterwards of course.	そのあとは、もちろん中へ入れてあげてね。
line:6b63d2d8	You'll take care of everything?	全部、君に任せていいのかね？
line:f2527ed7	You're <i>spotless.	<i>汚れ一つないよ。
line:23ae97e6	You're a big deal	お前も大物だよ。
line:323e546b	You're a good friend too, I'll go get the gate.	君もいい友達だよ。門を開けてくる。
line:44e97be7	You're always welcome here, Ryan.	ここはいつでも歓迎だよ、ライアン。
line:09e5bf43	You're cute by the way.	それに、君ってかわいいね。
line:277d8257	You're fine. Thank you.	大丈夫。ありがとう。
line:8c269acb	You're going to love it.	絶対に気に入る。
line:173782fa	You're good at it.	君は仕事ができる。
line:1dca8fa0	You're just a very comfortable person to be around.	ただ、君のそばにいると安心するんだ。
line:42124159	You're just a very comfortable person to be around.	ただ、君のそばにいると安心するんだ。
line:d3b6d22a	You're kind. It's more than I deserve.	優しいな。俺にはもったいない。
line:ca72bf2d	You're okay. You're clearly going through a lot.	大丈夫。いろいろ大変なんだよね。
line:68887509	You're one of my favorite clients!	お気に入りのお客さんの一人だから！
line:c4cc497f	You're pretty hot.	お前、結構そそるし。
line:b6603dc7	You're right. I shouldn't pry.	そうだね。詮索するべきじゃなかった。
line:31ab814e	You're right... Theres no way you could.	そうだね……君に答えられるわけないよね。
line:470cd652	You're the first person I've met who's only expectation is for me to be...	私に、ただこうあることだけを望む人は、君が初めてだ……
line:f718a7eb	You're the professor here. Must be correct.	教授が言うなら、きっと正しいね。
line:15f55959	You're very sweet.	君は本当に優しい。
line:bc6cc4d2	You're very sweet.	君は本当に優しい。
line:6289a322	You're very welcome.	どういたしまして。
line:39ddd682	You're...	君は……
line:6e94f373	You're... cool.	お前って……いいやつだ。
line:61c96494	You're... Not that dirty.	そんなに……汚れてないよ。
line:8bab3246	You're... very forward.	ずいぶん……率直だね。
line:3bbab759	You've gotta keep me updated on you and Ryan, yeah?	ライアンとのこと、また聞かせてくれよな？
line:a5a8a9d5	Your crest is cool. What is it?	その紋章、格好いいね。何なの？
line:3890b91c	Your date with Ryan.	ライアンとのデート。
line:82109412	Your secret's safe with me.	秘密は守るよ。
line:ed8e7994	Yours doesn't. It's nice.	でも君の視線にはそれがない。心地よいね。
line:016a65e8	Yuh, that's me.	うん、俺だよ。
line:38eb6d26	Yup!	うん！
line:7ac62718	Yup. I like it.	うん。そこが好き。
