# line ID	exact English source	translation (English A-Z then ID)
line:39fd52f1	'Ey big dog.	嘿，大狗狗。
line:918d7820	'Ey big kobold.	嘿，大狗头人。
line:155c00eb	'think', 'On the way here'? Then you weren't covered in ink before...	「想」、「来这里的路上」？所以你本来没有沾到墨水……
line:15bcd86c	'Yes way', There is nothing I am more certain of.	「就是可能」。没有什么比这更让我确信的了。
line:4d49ae72	'Yes way', There is nothing I am more certain of.	「就是可能」。没有什么比这更让我确信的了。
line:25f35611	---	---
line:4b9b3a43	---	---
line:97ab84a8	---	---
line:db5b3129	---	---
line:e2f28daa	---	---
line:3d2df033	..	……
line:8c0e2d04	..	……
line:b36eb839	..	……
line:03d2f0bb	...	……
line:045f5836	...	……
line:1113335e	...	……
line:227eda5e	...	……
line:30a74521	...	……
line:4810891f	...	……
line:4da86a7a	...	……
line:610824ef	...	……
line:6757e4a0	...	……
line:695ef750	...	……
line:7426a997	...	……
line:759a495e	...	……
line:7e189c92	...	……
line:812700a5	...	……
line:848f5cd8	...	……
line:85f39b27	...	……
line:9504ba33	...	……
line:a6531779	...	……
line:b59e9091	...	……
line:b7f0551c	...	……
line:c272e55f	...	……
line:cdb8d8db	...	……
line:cfe4b91d	...	……
line:d6483230	...	……
line:d90d368f	...	……
line:d9516fdd	...	……
line:dd197e7c	...	……
line:decf872a	...	……
line:e9d40a5c	...	……
line:20f87f8d	... A class which I'm teaching rather soon.	……而且很快就要上课了。
line:4815d919	... Being a bit of a jerk honestly.	……老实说，就是有点混蛋。
line:11bfce3b	... I thought we were good friends, we have sex all the time!	……我以为我们是好朋友，我们明明常常上床！
line:1bebf328	... Thank you..	……谢谢你……
line:a8eb78ed	... you're done? I'm still dirty..	……洗好了？我还很脏啊……
line:ef611d11	... you're done? I'm still soapy..	……洗好了？我身上还有泡沫……
line:496134bc	...!	……！
line:7cc45755	...!	……！
line:6585925d	...<i><size=70%>I have one on him at least.	……<i><size=70%>至少我暗恋他。
line:e2ea4ead	...A wash for our date tonight.	……为今晚的约会洗个澡。
line:048d7f84	...About what I said earlier.	……关于我刚才说的。
line:55d1f6ef	...and nice.	……人也很好。
line:79a1a205	...But not in like a bad weird way.	……但不是那种负面又奇怪的意思。
line:3592632e	...It's intimidating knowing how much they look up to me.	……知道他们如此仰望我，也让人有些惶恐。
line:7e08544c	...It's odd being able to speak so freely with someone.	……能跟一个人这样畅所欲言，真奇妙。
line:f0cb8389	...No	……不行
line:92601622	...Okay, come in	……好，进来吧。
line:e381559c	...Thank you for this.	……谢谢你。
line:b7b5f7fb	...Thanks.	……谢谢。
line:dbab7a39	<b><i><size=130%>Did you suggest Ryan to Conrad?	<b><i><size=130%>你有向康拉德推荐莱恩吗？
line:36ff6bd9	<gradient="gold"><b> I know a dragon, Ryan. I could get you two in contact? </b></gradient><size=70%>(Unlocks Conrad/Ryan hookup OR Ryan romance)	<gradient="gold"><b> 我认识一条龙，叫莱恩。可以帮你们牵个线？ </b></gradient><size=70%>（解锁康拉德／莱恩配对，或莱恩恋爱路线）
line:7e9d40e6	<gradient="gold"><b> I wouldn't mind hanging out... </b></gradient><size=70%> (Unlocks Conrad romance)	<gradient="gold"><b> 我可以陪你出去玩啊…… </b></gradient><size=70%>（解锁康拉德恋爱路线）
line:a0e49f02	<gradient="gold"><b> I wouldn't mind! </b></gradient><size=70%> (Will lead to Alexander romance!)	<gradient="gold"><b> 我很乐意！ </b></gradient><size=70%>（将进入亚历山大的恋爱路线！）
line:0371fb9c	<gradient="gold"><b> I'm going to be busy tonight. Sorry. </b></gradient><size=70%> (Will lead to no romance!)	<gradient="gold"><b> 我今晚有事。抱歉。 </b></gradient><size=70%>（不会进入恋爱路线！）
line:f5a81524	<gradient="gold"><b>I don't have anyone off the top of my head.</b></gradient><size=70%> (Locks in Conrad romance!)	<gradient="gold"><b>我一时想不到有谁。</b></gradient><size=70%>（确定进入康拉德恋爱路线！）
line:bedc761d	<gradient="gold"><b>I know this one red dragon. I think you'd like him! </b></gradient><size=70%> (Hooks up Ryan with Conrad!)	<gradient="gold"><b>我认识一条红龙，你应该会喜欢他！</b></gradient><size=70%>（撮合莱恩与康拉德！）
line:e104b8e4	<gradient="gold"><b>Oh. Uhm. <size=70%> I wouldn't mind... If I was that someone. </b></gradient><size=70%> (Locks in Ryan romance!)	<gradient="gold"><b>喔。嗯。<size=70%>如果那个人是我……我很乐意。</b></gradient><size=70%>（确定进入莱恩恋爱路线！）
line:36073321	<gradient="yellow - orange"><size=140%>HEY! </gradient><size=100%>This is the cleaning place, ya?	<gradient="yellow - orange"><size=140%>嘿！</gradient><size=100%>这里是洗澡的地方，对吧？
line:c777ce0c	<i> that feels nice...</i>	<i>好舒服……</i>
line:e56dd423	<i><size=70%>uh oh.. and the books	<i><size=70%>糟了……还有书。
line:d67b1098	<i>I like spraying you with water.	<i>我喜欢用水喷你。
line:ad5d633a	<i>Oh...	<i>喔……
line:22b5941e	<i>Oh.</i> I don't think I'm ready for that just yet.	<i>喔。</i>我想我还没准备好。
line:cacbff51	<i>Ooooh. </i>The mount? Hell yeah, man.	<i>哦——。</i>交配架？操，好啊，老兄。
line:04b7ce44	<i>This</i> isn't your fault, Conrad.	康拉德，<i>这件事</i>不是你的错。
line:72b244b7	<size=100%> That felt damn good!	<size=100%>舒服死了！
line:78cc49e8	<size=100%>I mean- Cool.	<size=100%>我是说——酷。
line:e48243c0	<size=140%> FUCK YEAH!	<size=140%>操，太爽啦！
line:f474ffa9	<size=140%>HEY, <size=100%>lookin' for a wash.	<size=140%>嘿，<size=100%>我想洗个澡。
line:9d458e88	<size=160%>HELL YEAH!	<size=160%>爽啦！
line:f5462edf	<size=60%> that's hot.	<size=60%>好性感。
line:7c745c31	<size=70%> A big dragon giving me control. Woah.	<size=70%>一条大龙把主导权交给我。哇。
line:53d71f27	<size=70%> And for me.	<size=70%>也给我自己。
line:4fe271cc	<size=70%> woah.	<size=70%>哇。
line:e53b1bd3	<size=70%><i> holy shit, I just bagged a date with a dragon.	<size=70%><i>天啊，我竟然约到一条龙了。
line:c4384e8e	<size=70%><i>but it was nice... Thank you.	<size=70%><i>不过很舒服……谢谢你。
line:ec0e5330	<size=70%><i>feel free to continue-</i>	<size=70%><i>请继续，不用客气——</i>
line:e77c1f79	<size=70%><i>oah-</i> no that's really cool actually.	<size=70%><i>喔——</i>不会，其实这样超棒的。
line:a618f9c2	<size=70%><i>Woah...	<size=70%><i>哇……
line:ad460e4b	<size=70%><i>Yeah?	<size=70%><i>是吗？
line:c25d1c85	<size=70%>They're still on my payroll.	<size=70%>我还在照付他们薪水。
line:22deeef6	==	==
line:67fa34ad	==	==
line:a8e2f13e	==	==
line:ce938344	==	==
line:e41244bf	==	==
line:497d3f67	A few days ago...	几天前……
line:c570a462	A rather good excuse to see my favorite kobold.	这可是来见我最喜欢的狗头人的好借口。
line:5d2d16e0	A really good friend?	一个非常好的朋友。
line:df4d3810	About earlier.	关于刚才。
line:1a5e1ba4	Act what way?	怎么样？
line:cc532c02	After his spontaneous conflagration, I made sure to give him privacy.	他突然烧起来之后，我就识相地让他独处了。
line:a983ffa3	Again...?	再来一次……？
line:8e34b87d	Agreed, though I'd still like to be let in as soon as convenient.	同意，不过还是麻烦你方便的话，尽快让我进去。
line:934a1d5a	Ah yeah, that's the stuff.. keep at it.	啊，对，就是这样……继续。
line:e216aee0	Ah, good.	啊，很好。
line:9b26ac5f	Ah, I see the button there, gotcha!	啊，我看到那个按钮了，懂了！
line:7f3fe9f9	Ah, sorry, I'm passionate about such things.	啊，抱歉，我对这些事很有热情。
line:bf2a8309	Ah, the grime did sting a little, thank you.	啊，那些脏东西确实有点刺痛，谢谢。
line:ebdb9888	Ah, yeah, those types are pretty cute.	啊，对，那种类型挺可爱的。
line:b920f205	Ah. Do not worry.	啊，别放在心上。
line:a98d068c	Ah. Okay nevermind I'm not sorry then.	啊，好吧，那我就不抱歉了。
line:6de2c490	Ah...	啊……
line:4d6b365e	Ahh, all cleaned and with a lighter load.	啊，洗干净了，存货也清了些。
line:20f96302	Alexander!	亚历山大！
line:f167e3d7	Alexander!	亚历山大！
line:fe3996b8	Alexander!	亚历山大！
line:af7db134	Alexander...?	亚历山大……？
line:eb7cf9e5	All clean...	都洗干净了……
line:f57fc630	All done!	全部好了！
line:0b734d82	All self respecting washers know how to please a dragon.	有点自尊的洗浴师，都知道怎么取悦一条龙。
line:599ffb25	Already got seats at that bar I mentioned earlier.	之前说的那间酒吧，座位已经订好了。
line:642ddea3	Alright alright... Then I think I'd like to use it?	好吧，好吧……那我想用一下？
line:c7b3a185	Alright! I'll go get the gate.	好！我去开门。
line:7279121a	Alright! I'll go get you the gate.	好！我去帮你开门。
line:4fc4259c	Alright! I'm ready to go.	好！我准备走了。
line:a722d0fa	Alright, go get the gate and I'll head out to the spot!	好，去开门吧，我先去那里！
line:d04df8f8	Alright, I'll cya!	好，那回头见！
line:4766af08	Alrighty! That should be it.	好啦！应该好了。
line:797ca540	Alrighty. All clean.	好啦，全洗干净了。
line:c4cb161a	Although grapes have always hit a specific craving.	不过葡萄总能满足我一种特别的嘴馋。
line:dc237557	Although, the portions might be a bit... dragon sized.	不过分量可能有点……龙族规格。
line:655b8c01	Always happy to have you, Conrad.	康拉德，我随时都欢迎你。
line:afedd1f5	An anomaly.	一个异数。
line:0de4fe62	And I'm glad you have a medkit... You're very prepared.	还有，幸好你有急救箱……你准备得很周全。
line:0699aef9	And I'm really happy for you and Conrad.	我也真的替你和康拉德感到高兴。
line:a3a26459	And not just physically.	而且不只是身高上的仰望。
line:507bd2b9	And that's why I'm here! Going to be heading out after this wash to go see him.	所以我才来这里！洗完澡就要去见他了。
line:33440e8c	And why you are perfect for this job!	也正因如此，你最适合帮这个忙！
line:cacb93ce	And you've tried everything.	而且你已经什么都试过了。
line:8cae6240	Another dragon? Usually I don't really get along...	另一条龙？我通常跟其他龙不太合……
line:5a7e4fd4	Any chance you can clean me up again?	能不能再帮我洗一次？
line:92d2a30a	Anything. I'm just curious.	什么都行。我只是好奇。
line:52695aa2	Anything?	什么都能说？
line:8ead9ee9	Anytime, Ryan.	随时都可以，莱恩。
line:6d77feef	Anyway glad you're not finished, lets keep at it!	总之，还没洗完就好，继续吧！
line:bdb4f59c	Anyway, time to get writing!	总之，该开始写了！
line:75dd56ae	Anyways,	总之，
line:8980260e	Anyways-	总之——
line:a8e6291c	Anyways- Let me out.	总之——让我出去。
line:493a82ef	Anyways. Could you go get the gate?	总之，可以帮我开门吗？
line:926f5f41	Anyways. Gonna use this thing now!	总之，我现在要用这玩意了！
line:ad8ab02e	Anyways...	总之……
line:e767dc51	Anywho, I'll get out of your scales now.	总之，我就不打扰你了。
line:e81426c1	Anywho, I'm in need of a clean.	总之，我需要洗个澡。
line:23e7d518	Approach the dragon entrance, and I will let you in.	走到龙族入口，我就会让你进来。
line:72a9b5bb	Are you happy?	你快乐吗？
line:be0118cc	Are you okay?	你还好吗？
line:de735c65	Are you open right now?	你们现在有营业吗？
line:9369755d	Are you sure it will fit?	你确定放得进去？
line:c35b717a	Are you sure...? In front of the food?	你确定……？在食物面前？
line:cb06d2bf	As am I.	我也是。
line:9a48b21c	As in you're unique.	也就是说，你很独特。
line:1c021ee0	At getting hand jobs.	被打手枪方面的专家。
line:e861b464	At least that's what I've heard anyway.	至少我听说是这样啦。
line:2f54ceec	At least you can still use your hands. Heh.	至少你还能用手。嘿。
line:cb04e062	At least you can still use your hands. Heh.	至少你还能用手。嘿。
line:97792929	Aw, I'll go get you the gate.	噢，我去帮你开门。
line:c6895517	Aw, Ryan.	噢，莱恩。
line:db997182	Aw, thank you Alexander.	哎呀，谢谢你，亚历山大。
line:7157db26	Aw, thanks Alexander.	哎呀，谢谢你，亚历山大。
line:011f1458	Aw, thanks.	噢，谢啦。
line:aea0be6b	Aw, thanks.	噢，谢啦。
line:c00d76cd	Aw, thanks. I only look so good 'cause of your washes!	噢，谢谢。都是你帮我洗澡，我才这么好看！
line:453ff9be	Aw- Ryan...	噢——莱恩……
line:5340a315	Aw... Thanks!	哎呀……谢谢！
line:c6202cf2	Aw... Thanks.	噢……谢谢。
line:cb1d1197	Aw... Thanks. Is it weird I consider you...	噢……谢谢。我把你当成……会不会很奇怪？
line:2bfa396c	Aw... That's really sweet	噢……真暖心。
line:22053f7f	Awesome!	太棒了！
line:6fdb2c3d	Awesome!	太棒了！
line:70306ba1	Awesome!	太棒了！
line:6126a614	Awesome! Come on in..	太棒了！进来吧……
line:e85007ac	Awesome! See you later then!	太棒了！那晚点见！
line:4c7f15d6	Awesome, I'll go get the gate.	太好了，我去开门。
line:9d126e4e	Awesome, I'm glad.	太好了，真开心。
line:b60cc4a5	Awesome.	太好了。
line:59fb47b0	Awww. You don't need to be coverd in ink to say hi!	噢，你不用弄得满身墨水也能来打招呼啊！
line:8e20e028	Be yourself!	做你自己！
line:cd18f73f	Been looking forward to this.	我一直很期待。
line:8f1fccf9	Being muddy is really fun up until it starts drying.	玩泥巴很好玩，直到泥开始干掉就不一样了。
line:40783547	Berries.	莓果。
line:59d4be6a	Berries.	莓果。
line:61e781c1	Berries.	莓果。
line:18ae08ef	Bet you had fun.	你一定玩得很开心。
line:982fd3c7	big C...?	C 大爷……？
line:4b3f7c6a	Biology...? <size=70%> <i>I think?	生物学……？<size=70%><i>我想啦？
line:9be63f47	Bleh. Thank you for grabbing that.	呸。谢谢你帮我拿。
line:66957ed2	Blue...?	蓝色的……？
line:a77c3afd	Both.	都有。
line:78975048	Brrr! Cold water!	嘶！是冷水！
line:8487a2c4	Burnswick Community College of Thaumaturgy	伯恩斯威克社区魔法学院
line:f75126de	But honestly you've helped me a lot.	但说真的，你帮了我很多。
line:cab69268	But I already know I'm liking this a lot.	但我已经知道，自己非常喜欢这种感觉。
line:d9534386	But I know the type... They tend to be big softies on the inside.	不过我懂那种类型……内心通常都很柔软。
line:f73ddfbc	But I think its time to get cleaned up.	不过我想该洗干净了。
line:088ea4a7	But I'm hot shit, so I'll be fine.	但我可是个大帅哥，所以会没事的。
line:c8f8bc22	But I'm only your washer?	可我只是帮你洗澡的？
line:dda0419b	But I'm sure I'd enjoy it with you!	但跟你一起看，我一定会喜欢！
line:aa74448a	But not in this sized package, right??	但没看过这种身材配这么大的吧？？
line:7d9ffc48	But nothing beats a large gulp!	但什么都比不上一大口吞下去！
line:d1ec7684	But that is why I am here!	但我就是为此而来的！
line:b0d9d1e5	But you're the teacher dragon.	可是你才是当老师的龙啊。
line:2d7e1ab6	But, at least I got to meet you!	不过，至少我认识了你！
line:b7f46902	But, I think you've taught me something.	但我想，你教会了我一件事。
line:b1040415	By the stars! No no. You're excellent.	天啊！不不，你非常出色。
line:3a88a2dd	By the way would you be mad if your partner made a mess at home?	顺带一问，如果你的伴侣把家里弄脏，你会生气吗？
line:4199070f	Came in for another wash.	又来洗个澡。
line:105cd3e2	Can I ask you a question?	可以问你一个问题吗？
line:535ee717	Can you repeat that?	可以再说一次吗？
line:835e0c27	Can't sthpeak well.	说不清粗。
line:afa450c0	Come back whenever, Ryan.	莱恩，随时欢迎你再来。
line:0cedfc3d	Conrad can go as long as he needs	康拉德想撑多久就能撑多久。
line:5462913f	conrad hooked up with ryan	康拉德和莱恩上床了
line:61cd33c5	conrad hooked up with ryan	康拉德和莱恩上床了
line:6a7610f3	conrad hooked up with ryan	康拉德和莱恩上床了
line:bac1ce29	conrad hooked up with ryan	康拉德和莱恩上床了
line:61c9b7ac	Conrad needs a cleaning, got a slot for 'im?	康拉德想洗个澡，有空位给他吗？
line:405b7ef1	Conrad needs a wash!	康拉德要洗澡！
line:803c8f0c	Conrad was talking about you during our date.	我们约会时，康拉德有提到你。
line:f1787092	Conrad!	康拉德！
line:fd6c6213	Conrad!	康拉德！
line:484cd04d	Conrad...?	康拉德……？
line:5b0360ad	Conrad: Actually.. I mean..	Conrad: 其实……我是说……
line:3ce891ff	Conrad: Conrad just enjoys himself	Conrad: 康拉德只管自己爽。
line:fbe86c06	Conrad: Damn right!	Conrad: 那当然！
line:5660dc8b	Conrad: Don't worry about it!	Conrad: 别担心！
line:c050dbfc	Conrad: I do it all the time	Conrad: 我常常这样。
line:cd3367da	Conrad: I want this to go well	Conrad: 我希望这次能顺利。
line:194c1381	Conrad: I'm ready to blow	Conrad: 我快射了。
line:ce4d0fef	Conrad: Yea	Conrad: 对啊。
line:42c70daa	Conrad: You feel good	Conrad: 你让我好舒服。
line:3bc52918	Conrad: You having a good time?	Conrad: 你玩得开心吗？
line:be0e51af	Cool.	很酷。
line:88c36bc7	Could do that, then get a hotel room... Hmm.	可以去那里，之后再订间旅馆……嗯。
line:b99e1503	Could you ask <i>me</i> a question?	你能问<i>我</i>一个问题吗？
line:12bf5baf	Could you get the gate...?	可以帮我开门吗……？
line:3a6afae1	Could you go get the gate?	可以帮我开门吗？
line:9f49d9d4	Could you wash it away?	可以帮我冲掉吗？
line:7661a0e9	D'aw... thanks.	噢……谢谢。
line:59bc5840	Damn right I do!	那还用说！
line:64889395	Damn right!	那当然！
line:95aa0bf4	Damn right!	那当然！
line:db592d76	Damn right!	那当然！
line:0fcf9908	Damn right.	那当然。
line:b964c99b	Damn shame then. Better change that.	那也太可惜了。最好改一下。
line:c6955ecc	Damn, you know how to use your hands.	操，你真会用手。
line:eaf45022	Damn, you know how to use your hands.	操，你真会用手。
line:684fb29a	Damn... Always feels good.	靠……每次都好舒服。
line:7023cc94	DATE NIGHT!	约会之夜！
line:c71df70b	Date night!	约会之夜！
line:b57cc8ad	Depends	看情况
line:07bd7f57	Did you do your uh...	你今天是不是把，呃……
line:4f38655d	Do I look like I'm okay?	我看起来像没事吗？
line:8147156a	Do it!	来吧！
line:9ab6ddfb	Do you also do "special endings" here?	你们这里也有「特殊收尾」吗？
line:4c90479c	Do you ask because I'm lavender?	因为我是薰衣草色，你才这么问？
line:3020c97c	Do you believe I am attractive?	你觉得我有魅力吗？
line:c5e71850	Do you even need a wash?	你真的需要洗澡吗？
line:1810e75f	Do you have any advice?	你有什么建议吗？
line:6be807b5	Do you have any plans with ryan?	你和莱恩有什么计划吗？
line:a0cf6cae	Do you know any cool places, people, I could hang around?	你知道有什么好玩的地方，或者能一起玩的朋友吗？
line:412ba249	Do you know any good bars?	你知道什么好酒吧吗？
line:28ec716a	Do you know anyone I could talk to? Y'know... about relationship stuffs?	你有认识什么人能让我聊聊吗？就是……感情方面的事？
line:21c0526b	Do you like being big?	你喜欢长得这么大吗？
line:daa040eb	Do you like purple?	你喜欢紫色吗？
line:ef052302	Do you like purple?	你喜欢紫色吗？
line:d5ed3582	Do you make big dragons, <size=60%>like me, <size=100%>cum here?	你会帮大龙，<size=60%>像我这种，<size=100%>弄到射出来吗？
line:ec64a696	Do you mind double checking if I'm clean?	可以再确认一下我洗干净了没吗？
line:647187f1	Do you want to say what happened...?	你想说说发生了什么吗……？
line:807df02d	Do you want to use it?	你想用吗？
line:5c42b85a	Doesn't mean I need to yell at you.	那也不代表我该对你大吼。
line:eefa8ae2	Don't be sorry! Get a mount!	别道歉！去买交配架！
line:dd0f7b1d	Don't worry, dragons are made to eat anything.	别担心，龙天生什么都能吃。
line:b90b01a9	Don't worry, he's real nice.	别担心，他人真的很好。
line:7de2a81c	Don't worry. I will.	别担心，我会的。
line:c29d4071	Don't... make it sound like that.	别……用那种语气。
line:31bdd33c	Dont talk with your mouth full	嘴里有东西时别说话。
line:8ee41fdc	Dragon history is complex. Ornamental crest <size=85%> are often <size=70%> worn by dragons to <size=55%>signify what family they belong to! <size=40%> It's an interesting mark of their culutral <size=35%> and familial heritage. I've often wondered if I should continue to wear mine. <size=20%> But culutural and familiar ties are considered important within the lore of dragons! so I must adhere to such things. <size=10%> Water. Earth. Fire. Air. Long ago, the four nations lived together in harmony. Then everything changed when the Fire Nation attacked.	龙族的历史相当复杂。龙常常<size=85%>戴着装饰性的头冠，<size=70%>用来<size=55%>表明自己属于哪个家族！<size=40%>这是它们文化<size=35%>与家族传承的有趣象征。我常想，自己是否该继续戴着它。<size=20%>不过，文化与家族的联系在龙族传统中备受重视！所以我必须遵循这些规矩。<size=10%>水、土、火、气。很久以前，四大国和平共处。直到烈火国发动战争，一切都改变了。
line:0a0e6773	Dragon stomachs are a bit more... robust than yours.	龙的胃比你的……强韧一点。
line:7e352505	Dragons of the galaxy 2	《星际异龙队 2》
line:c2c659d1	Eep!	咿！
line:0bd1699e	Ehh..	呃……
line:43dd32f5	Er... That's not-	呃……我不是——
line:93b60dce	Even so. Not this time	即便如此，这次还是算了
line:573d9362	Even though you were just doing your job... I think it helped him a lot.	即使你只是做自己的工作……我想那还是帮了他很多。
line:a2ba222e	Evening. This establishment takes walk ins, correct?	晚上好。贵店接受未预约的客人，对吗？
line:f98c3b6c	Every ending here is special!	我们这里每次收尾都很特别！
line:bfeaec15	Every self respecting wizard has a phoenix feather handy.	任何有自尊的巫师，手边都会备着凤凰羽毛。
line:57df700d	Everyone's gaze carries an immense weight.	每个人的目光都带着沉重的压力。
line:9ad8d2dd	Excellent!	太好了！
line:0c997163	Excellent.	很好。
line:1976bc60	Excellent. Then make sure to go greet your customer at the window.	很好。那就记得去窗口招呼客人。
line:7bbe7ee3	Expectations are laaaame.	别人的期待真的好烦喔。
line:f99eb2ff	Ey! The mount! Fuck yeah.	嘿！交配架！操，太好了。
line:d376acb9	Ey, so. Was thinkin'	嘿，那个，我在想。
line:85ec0862	Ey, sorry for coming in late.	嘿，抱歉这么晚来。
line:12e8ae42	Ey, Use your hands on my cock- it feels good!	嘿！用你的手摸我的屌——很舒服！
line:271a3846	Fair enough. I'll be waiting!	好吧。那我等你！
line:4789095b	Fair enough. You two do seem cute together.	也是。你们两个看起来很登对。
line:f5b37855	Felt good sliding down though!	不过滑下去的感觉很舒服！
line:274367d7	Figured I'd bring in something nice after all you've done.	你帮了我这么多，想说带点好东西来。
line:aae8afca	Fine with me!	我没问题！
line:e98616be	For you!	给你的！
line:62a82aba	Found this one gryphon. About my size...	认识了一只狮鹫。跟我差不多大……
line:807fdc76	From what I've heard he sounds like he's improved a lot recently, yeah?	听你这么说，他最近进步很多，对吧？
line:803bf378	Fuck man, I'm so pumped.	操，老兄，我太兴奋了。
line:f2418086	Fuck no! Shit's embarrassing.	操，才不说！丢脸死了。
line:a7ca3ca8	Fuck something and then get a handjob hopefully.	找个东西插一插，再让人帮我撸一发就更好了。
line:203bce10	Fuuuck. You really know how to work a dragon!	操——你真知道怎么让龙爽！
line:f7f9b0db	G'day mate!	嗨，老兄！
line:664c994e	Gave me time to think.	让我有时间好好想想。
line:1d9b3531	Get a handjob and fuck this mount.	让人帮我打手枪，再干这个交配架。
line:48afdce4	Give it to me!	给我吧！
line:9df043ad	Give me a bit	再给我一点时间。
line:e5c7f64a	Glad I'm here to remind you then.	幸好我有来提醒你。
line:354170aa	Go for it!	来吧！
line:2d0b6b06	Goin' downtown tonight. Needed to be spotless. Say...	今晚要去市中心，得洗得干干净净。话说……
line:dcb506d2	Good as!	太赞啦！
line:bcbc6373	Good evening!	晚上好！
line:607a5c47	Good, I can't be having the Burnswick Community College of Thaumaturgy know that their best professor Alexander has caused another incident.	很好，我可不能让伯恩斯威克社区魔法学院知道，他们最优秀的亚历山大教授又惹出了事故。
line:12b72085	Good, you better. If I come back and there isn't one...	很好，你最好说到做到。要是我再来还没有……
line:2c851dad	Good.	很好。
line:2712436c	Good. 'Aight, let me out.	很好。行了，让我出去。
line:bab51ada	Good... That'd be correct.	舒服……这形容很贴切。
line:44f2b8cf	Goodbye!	再见！
line:a8e6ac2a	Goodness, thanks to you I have a chance at redeeming this situation.	天啊，多亏有你，我才有机会挽回局面。
line:745c3c12	Gosh!	天啊！
line:6b5c6564	Gotta <i>practice</i> for Ryan if you catch what I mean.	得为了莱恩好好<i>练习</i>一下，懂我意思吧。
line:e3cef2bc	Gotta make sure you're spotless!	得把你洗得一尘不染！
line:b01b2159	Great, so uh,	太好了，那，呃，
line:43c94954	Grouse as! Excited to see you work!	太棒啦！等不及看你露一手了！
line:9de16ee9	Ha!	哈！
line:88d7e1e2	Haah. This is the best fuckin' wash.	哈啊。这真是最他妈棒的洗浴店。
line:cc6e7856	Hah! There's the mount!	哈！交配架在那里！
line:90dd6d9d	Hah, eager as always.	哈，还是一样热情。
line:9542e7a6	Hah, good. Let's break this thing in!	哈，很好。来帮这玩意开个苞！
line:fe21109b	Hah, he seems like the wild type.	哈，他看起来就是狂野的类型。
line:e8bc1d95	Hah, I imagine it would be.	哈，想也知道。
line:acbf628d	Hah, it is a motivator.	哈，确实很有吸引力。
line:65b23418	Hah, okay. I'm game.	哈，好啊。我奉陪。
line:058d9d5c	Hah, yeah. Conrad is definitely experienced...	哈，对啊。康拉德的确很有经验……
line:8b878971	Hah, yeah. He sounds fun.	哈，对啊。他听起来很有趣。
line:e3ed51d9	Hah. Conrad, you look good too.	哈，康拉德，你也很好看。
line:f8b2e23b	Hah. Fine.	哈，好吧。
line:ea23c5f9	Hah. If only there was a kobold that could clean me.	哈，要是有只狗头人能帮我洗澡就好了。
line:c9bb2a93	Hah. Yeah. <size=70%><i>It's cool that you learn to jerk off dragons in cleaning school...	哈。对。<size=70%><i>洗浴学校还会教怎么帮龙打手枪，真酷……
line:50a559bb	Hah... <size=70%> yeah.	哈……<size=70%>对啊。
line:4d4d9986	Hah... Gonna jerk me off now? That's fine.	哈……现在要帮我打手枪？好啊。
line:4e920759	Hah... Yeah I'm excited.	哈……对啊，我好期待。
line:b36365ce	Hah... Yeah...	哈……对啊……
line:b8724c64	Hah... you do like that noise.	哈……你真的很喜欢发出那个声音。
line:c8cde395	Haha, 'Yip' indeed.	哈哈，确实该「嗷」一下。
line:680991cf	Haha, yes. Happy to see you.	哈哈，是啊。很高兴见到你。
line:4c27b031	Haha, you certainly are!	哈哈，你确实就是！
line:c3a2e14e	Haha, you certainly are!	哈哈，你确实就是！
line:9ec40945	Haha. 'Yip' to you too.	哈哈，我也对你「嗷」一下。
line:5e91e0a7	Haha... Yeah. I'm not really used to complimenting.	哈哈……是啊，我还不太习惯称赞人。
line:44689f21	Happy to be back.	很高兴能再来。
line:2672f65d	Happy to be here.	很高兴能来。
line:192fcb8e	Happy to get it off.	很高兴能把它洗掉。
line:3517b28e	Have a productive day.	祝你工作顺利。
line:7c1adc57	He called me, we met up. He's really damn nice.	他打电话给我，我们就见面了。他人真的超好。
line:e71f9a0b	HE DIED!?	他死了！？
line:ed6c9afb	He hadn't been... Well, cared about in a long time from what I could gather.	据我了解，他已经……嗯，很久没被人好好关心过了。
line:de25de6e	He just... Knew what to say to snap me out of all that.	他就是……知道该说什么，让我别再那样。
line:a035a3fd	He prefers 'vertically challenged'... But yes.	他比较喜欢说自己「身高受限」……不过没错。
line:04b29e42	He really is.	他真的是。
line:c7e1b369	He really is.	他真的是。
line:c64bd5ce	He said I was chill, we planned a date...	他说我很好相处，我们就约好了约会……
line:e8a91447	He's a lot. But, I like it.	他很有个性。不过我喜欢。
line:a7181b1a	He's a red dragon. I think you two would like eachother!	他是条红龙。我觉得你们会互相喜欢！
line:8245fe2b	He's already back to work. Thanks for helping with all that.	他已经回去工作了。谢谢你当时帮忙。
line:aaea8391	He's been way nicer recently.	他最近温柔多了。
line:7363c004	He's great.	他很棒。
line:c13d4e24	He's hot.	他很性感。
line:675d7e37	He's like. SUPER hung.	他的那个，超级大。
line:7deb9fff	He's like... a big softy surrounded by sharp pointy bits.	他就像是……一颗软软的心，外面包满尖刺。
line:800c553d	He's my dream dragon.	他就是我的理想型。
line:4b3c70d9	He's snappy, but tender too!	他嘴巴很凶，但也很温柔！
line:31281c6d	He's this REALLY cute red drake who goes to the wash!	有条超级可爱的小红龙，会来这里洗澡！
line:4c11c83e	He's tiny, I like being eye level with him.	他小小的，我喜欢能跟他平视。
line:b9ce2f3c	He's... Considerate. Real understanding too.	他……很体贴，也很能理解人。
line:8e9e0f98	Heard about you and the big blue guy. Ryan was it?	听说你跟那个蓝色大家伙的事了。叫莱恩，对吧？
line:ca4a9672	Heeeey Ryan.	嘿——莱恩。
line:24ce37ec	Heeeey.	嘿——。
line:bb70c1ed	Heh. Yeah.	嘿，对啊。
line:3fa80829	Heh. Yeah. I like you too.	嘿，对啊。我也喜欢你。
line:20393ff6	Heh. Yeah. That's me.	嘿。对，就是我。
line:ac769d93	heh.. yea.. sorry..	嘿……对啊……抱歉……
line:5246ceea	Heh... alright.	嘿……好吧。
line:75fef5cb	Heh... Damn right.	嘿……那当然。
line:5f0edcb2	Heh... Handsy today, huh?	嘿……今天很爱动手，嗯？
line:2f55b3aa	Hehe	嘿嘿
line:7e991330	Hehe yeah.	嘿嘿，对啊。
line:3223473f	Hehe, I'm excited to get into the dating scene again.	嘿嘿，好期待重新开始约会。
line:4a137220	Hehe, thanks. It has stuff that should be good for both of us.	嘿嘿，谢谢。里面有我们两个应该都能吃的东西。
line:1a3e2a73	Hell yea	爽啦。
line:93f67490	Hell yeah	爽啦
line:389e4033	Hell yeah I did!	操，当然享受！
line:17dbb9b7	Hell yeah.	爽啦。
line:4b7b33d9	Hello!	你好！
line:c3d3da41	Hello!	你好！
line:4183ca7e	Hello, <i>'Drag'n wash franchise 223'...</i> Have you figured out how to interact yet?	你好，<i>「Drag'n'wash 第 223 号加盟店」……</i>你学会怎么交互了吗？
line:a99c515c	Hello, <i>'Drag'n wash franchise 223'...</i> Have you spoken to your first customer yet?	你好，<i>「Drag'n'wash 第 223 号加盟店」……</i>你和第一位客人说过话了吗？
line:b7cce838	Hello.	你好。
line:a8779ebf	Hello?	有人吗？
line:dd4b34ae	Hello?	有人吗？
line:1954aab7	Help the developers out please..	请向开发者反馈一下……
line:db9c3a5c	Help the developers out please..	请向开发者反馈一下……
line:f7f7f5a1	Help the developers out please..	请向开发者反馈一下……
line:fc461784	Help the developers out please..	请向开发者反馈一下……
line:ee3398a6	Hey big guy.	嘿，大家伙。
line:0090c7b0	Hey Conrad!	嘿，康拉德！
line:3d0a5aeb	Hey Conrad!	嘿，康拉德！
line:a2b4acea	Hey conrad!	嘿，康拉德！
line:975a629f	Hey Conrad.	嘿，康拉德。
line:21235886	Hey could you come up front where I can see you?	嘿，可以到前面，让我看得到你吗？
line:533532c4	Hey fine by me!	嘿，我没问题！
line:1538bc7e	Hey good lookin'	嘿，帅哥。
line:0121c874	Hey hey. Glad you're open.	嘿嘿。幸好你有开。
line:71b651dd	Hey I have something to say!	嘿，我有话想说！
line:0d4e0ecf	Hey kobold!	嘿，狗头人！
line:af3f02c9	Hey Ryan, what do you have there?	嘿，莱恩，你带了什么？
line:6374414d	Hey thanks for being here for me...	嘿，谢谢你陪着我……
line:bf5ff483	Hey there, happy to be back.	嗨，很高兴又来了。
line:c38b7fa6	Hey there, Ryan!	嘿，莱恩！
line:2d5fc8a2	Hey there- Maybe you can get 'hands on' later?	嘿，也许你晚点再「亲自动手」？
line:1b6c7f75	Hey there.	嗨。
line:5dacf226	Hey there.	你好。
line:82698bd1	Hey there.	嗨。
line:ab3a5d9c	Hey there.	嘿。
line:3d2bc74e	Hey uh, do you think Ryan and I will <i>actually</i> work out?	嘿，呃，你觉得我跟莱恩<i>真的</i>会有结果吗？
line:04501155	Hey uh, I just need a cleaning.	嘿，呃，我只是需要洗个澡。
line:2a29842a	Hey uh... Not now.	嘿，呃……现在不要。
line:8caa3196	Hey uhm, thanks once again.	嘿，嗯，再次谢谢你。
line:5c7a9105	Hey!	嘿！
line:eed2cc64	Hey!	嘿！
line:2f3f5508	Hey! He's just... 'vertically challenged'.	嘿！他只是……「身高受限」。
line:55bb78d1	Hey! I'm here for a wash.	嘿！我是来洗澡的。
line:33480903	Hey, Alexander!	嘿，亚历山大！
line:21fcef4f	Hey, Alexander.	嘿，亚历山大。
line:14598ca6	Hey, big guy!	嘿，大家伙！
line:e7353d24	Hey, I've got a question for you.	嘿，我有个问题想问你。
line:674877e5	Hey, nothin' wrong with asking!	嘿，问一下又没什么！
line:d2589856	Hey, welcome back!	嘿，欢迎回来！
line:0d3e4054	Hey.	嘿。
line:aa0dda7b	Hey.	嘿。
line:7f2e2736	Hey... little guy!	嘿……小家伙！
line:933efa6d	Hi again!	又见面了！
line:873a2b9a	Hi again..	嗨，又见面了……
line:83ac5b68	Hi Conrad.	嗨，康拉德。
line:050efd1a	Hi, Ryan!	嗨，莱恩！
line:06ed6aea	Hiiiii! Hiii!	嗨——！嗨！
line:5a632b75	His physical form is currently reconstituting in the staff lounge.	他的肉身目前正在教职员休息室重新成形。
line:6bd91ca7	Hm, I think I'll pass on the mount.	嗯，交配架我想就先不用了。
line:370d719b	Hm?	嗯？
line:3c3ddd0c	Hm?	嗯？
line:44658d73	Hmm...	嗯……
line:bf059ff3	Hmm...	嗯……
line:730b1ca4	Hmm?	嗯？
line:fc571337	Hmmm, maybe something else?	嗯，也许换个别的？
line:19207e44	Hold on a little longer for me?	可以为我再忍一下吗？
line:f2ae89c4	Honestly, I'm surprised how nice this is.	老实说，没想到这么舒服。
line:a2ff0176	Hope it went well.	希望一切顺利。
line:b17360a0	Hope that's alright?	希望你不介意？
line:ae08853f	Hope you're doing alright!	希望你一切都好！
line:e1fa2461	Hopefully! I'll go get the gate.	希望啰！我去开门。
line:99931b37	Hopefully.	希望啦。
line:d9c91bca	How about you though? have you been seeing anyone?	那你呢？最近有在跟谁约会吗？
line:4ec92454	How about you? Anyone exciting?	那你呢？有什么让你心动的对象？
line:86bde306	How are you with seafood?	你吃海鲜吗？
line:7fb611c9	How come you brought this all in?	你怎么带了这么多东西来？
line:af0d0972	How come you're covered in ink?	你怎么会满身墨水？
line:e385b7f3	How did it go?	结果怎么样？
line:c0161bbc	How did it taste?	味道怎么样？
line:262b262e	how do I get in?	我要怎么进去？
line:676b0638	how do I get in?	我要怎么进去？
line:8308bb09	How do I look?	我看起来怎么样？
line:4f172746	How do you even digest that?	你到底怎么消化那个？
line:28d390ac	How so?	怎么说？
line:4ef9fe65	How so?	怎么说？
line:ea66b5af	How so?	怎么说？
line:4b29790b	How was the sex.	床上怎么样？
line:7736270c	How was your date with Conrad?	你和康拉德的约会怎么样？
line:18d418ab	However, it's ornamental! My family crest. You see...	其实那是装饰！我的家族徽冠。事情是这样的……
line:1f250062	However, My <i>image</i> is far more permanent than Igwyx's fleeting physical forms.	不过，我的<i>形象</i>可比伊格维克斯那些转瞬即逝的肉身长久多了。
line:ae34381b	However, that respect comes with an expectation to act as I look. It's incredibly stressful.	然而，那份尊重也伴随着期待，要我表现得符合外表。压力大得惊人。
line:d2baf9e2	However...	然而……
line:fb8401c3	Huff...	呼……
line:b54ee04d	huff... Thank you for that.	呼……谢谢你。
line:16420ca7	Huff... Thanks for that.	呼……谢谢你。
line:45507089	Huff... That was nice... Made a bit of a mess though.	呼……真舒服……不过弄得有点乱。
line:ae83cfb6	huh...?	啊……？
line:0c78b56b	Huh?	啊？
line:e96114a2	Huh? ofcourse not!	啊？当然不是！
line:836c079c	I <i>think </i> I must've spilled an inkwell <i>on the way here</i>. Rather clumsy of me!	我<i>想</i>，大概是<i>来这里的路上</i>打翻了墨水瓶。我真是笨手笨脚！
line:d37175c7	I act tough but am a small dragon...	我装得很强硬，但我只是条小龙……
line:b4e27683	I agree	我同意。
line:68ebf07b	I allowed him, as my stature provides ample height.	我答应了，毕竟我的体型足够高。
line:a051821a	I already feel a lot better.	我已经觉得好多了。
line:49bfbfbe	I already have spot at the club reserved.	我也已经订好夜店的位置了。
line:14ff4edd	I always do~	我一向如此～
line:b05c6259	I always look forward to seeing you. I'll go get the gate.	我总是很期待见到你。我去开门。
line:52bf5ede	I am THE kobold. Yip!	我就是那只狗头人。嗷！
line:141c006f	I am too.	我也很期待。
line:363f6f6a	I am too.	我也很期待。
line:405b9622	I am too.	我也是。
line:d4c5faea	I am too.	我也是。
line:556897bf	I am! Even better now that you're here.	我很好！你来了就更好了。
line:e499b2cc	I am.	我很快乐。
line:5ec8bb55	I believe that's in part because of you.	我想，部分原因是因为你。
line:9883786d	I booked the night.	我订了一整晚。
line:eae85bf9	I broke up with my partner...	我和伴侣分手了……
line:ffcfee20	I brought watermelon, bread, grapes, and some other stuff.	我带了西瓜、面包、葡萄，还有一些别的。
line:e8aa18f4	I can digest pretty much anything.	我几乎什么都能消化。
line:7f543c2a	I can let loose whenever you are ready	你准备好了，我随时都能射。
line:c83a6a0d	I can't believe Igwix would make a mistake like this!	真不敢相信伊格维克斯会犯这种错！
line:e051a79e	I consider you a good friend too	我也把你当成好朋友。
line:f382336f	I could get us the <i>nicest</i> spots for their show.	我能帮我们弄到看表演的<i>最佳</i>座位。
line:2602b8c6	I could use a wash.	我需要洗个澡。
line:c66153d3	I couldn't help but notice the... device over there.	我不禁注意到……那边那个设备。
line:b71f0756	I decided to try baking.	我决定试试烘焙。
line:e62b989c	I decided to try baking.	我决定试试烘焙。
line:efea7148	I decided to try baking.	我决定试试烘焙。
line:98f800d3	I didn't know anyone could like me that much so easily.	我不知道有人能这么轻易就这么喜欢我。
line:4116f001	I didn't know what the button did.	我不知道那个按钮是做什么的。
line:7a5c7f54	I didn't mean to fluster you!	我不是故意让你害羞的！
line:55542a9b	I do enjoy the color. Though I believe its unrelated to my own hue.	我确实喜欢这个颜色。不过应该跟自己的颜色无关。
line:f9c800f2	I do!	我觉得有！
line:ad9c1ada	I do. But, what happened?	有。不过发生了什么事？
line:a45ccf3a	I don't believe I can hold back any longer	我想我没办法再忍了。
line:8c6e1cd3	I don't get it! Why do I have to act this way?	我不懂！为什么我非得这样不可？
line:cc4e48a3	I don't know where they went but I feel dirty again.	我不知道那位炼金术师去哪了，但我又弄脏了。
line:71127249	I don't mean to be rude, but I must decline	无意冒犯，但请容我拒绝
line:f5696cc4	I don't need to tell you.	我没必要告诉你。
line:878fc94c	I don't understand..	我不懂……
line:4f3d31f8	I don't want your pitty!	我不需要你的同情！
line:8fc36ab7	I enjoy being a part of so many individuals lives in a positive way.	我喜欢以正面的方式，参与这么多人的人生。
line:14653182	I enjoy parts of it. The respect is pleasant...	有些部分我很喜欢。受人尊重的感觉很好……
line:bd4bb1b9	I enjoy that I do not fear failure around you.	我喜欢在你身边不必害怕失败的感觉。
line:c108ed4f	I enjoy when you tell me what to do with a pat of your hand.	我喜欢你轻拍我，用动作告诉我该怎么做。
line:6db406b4	I enjoyed this quite a lot.	我非常享受。
line:e838533b	I feel as I could say anything to you.	感觉什么都能跟你说。
line:9b9567ec	I feel much better.	我感觉好多了。
line:ed6be68f	I feel spotless as always.	跟平常一样，感觉一尘不染。
line:938be2fb	I forget the ignorance of a layman. I apologize.	我忘了外行人对这些一无所知。失礼了。
line:63837f22	I forgot to bite into it so... Nothing?	我忘了咬开，所以……没味道？
line:fe3484ea	I get how you'd feel that way after a breakup, yeah.	嗯，我懂分手后会有那种感觉。
line:adf1550f	I give my other bipedal friends rides all the time.	我常常载其他两足族朋友。
line:9a68366f	I got a mount.	我买了交配架。
line:78a54cae	I got back home a bit dirty. And she yelled at me.	我回家的时候有点脏，她就对我大吼。
line:22a9094a	I guess so!	应该算吧！
line:28d6c0aa	I hate that I'm always getting into situations like this.	我很讨厌自己老是碰上这种事。
line:366a7f73	I have a question.	我有个问题。
line:82b63c18	I have something to say!	我有话想说！
line:fd68807c	I have to say, you did as good a job as private washers.	不得不说，你洗得跟私人洗浴师一样好。
line:761f413a	I heard a loud bang	我听到一声巨响。
line:9d7cc63c	I heard a loud bang, I don't think Igwix made it.	接着一声巨响，我想伊格维克斯大概没救了。
line:7ede5030	I heard there was kobolds down here that could wash me up?	听说这里有狗头人能帮我洗澡？
line:efb2d4af	I heard there were kobolds down here that could wash me up?	听说这里有狗头人能帮我洗澡？
line:2f9b499a	I honestly don't know how you are doing that.	老实说，我不知道你是怎么办到的。
line:6f5dbc90	I hope he's okay too.	我也希望他没事。
line:cd0197ed	I hope I can learn from that.	希望我能学着这么做。
line:cf50dbcc	I hope it all works out.	希望一切顺利。
line:b2dfad3e	I hope so.	希望会。
line:0477b0d7	I hope so. I really want a fresh start with someone.	希望如此。我真的很想跟某个人重新开始。
line:7429dab7	I hope that you'll help me prove them wrong!	希望你能帮我证明这话不对！
line:be5feb3e	I hope things get better.	希望事情会好转。
line:114ac9a0	I hope you're right.	希望你是对的。
line:06744c7e	I just don't like that she takes it out on me.	我只是不喜欢她拿我出气。
line:1fb02179	I just don't like that she takes it out on me.	我只是不喜欢她拿我出气。
line:c8a1e7d0	I Just need a quick wash... Maybe the mount would be nice too.	我只想快点洗个澡……也许用一下交配架也不错。
line:95ff1bed	I just wish for you to ask me a question. Any question.	我只是希望你问我一个问题。什么都行。
line:f716a163	I knew you were too busy, so I figured I'd bring the date to you!	我知道你太忙了，所以就想，把约会带来找你好了！
line:2461773d	I knew you'd have my back	我就知道你会挺我。
line:6a671440	I know a decent equine-kin place by the pier.	我知道码头附近有间不错的马族餐厅。
line:50102b85	I know he can be a bit hot headed and forget to thank folks.	我知道他有时候脾气冲，会忘了道谢。
line:83c55e2e	I know things can be tough.	我知道有时候真的很难熬。
line:2ffb026d	I know you need to close down shop. I'll make sure you get the address and we can meet up there, yeah?	我知道你得先打烊。我会把地址给你，我们在那里见，好吗？
line:ded99a0c	I know, I'll reserve your spot!	我知道，我会帮你留位！
line:59e503b2	I know. But the ability to open up to someone, even occasionally-	我知道。但能向一个人敞开心扉，即使只是偶尔——
line:d30ffec9	I know. I know I shouldn't be dumping this on you.	我知道。我知道不该把这些都倒给你。
line:875048ca	I know. I know.	我知道。我知道。
line:7b59e4d6	I like how sure of yourself you are. Even if it just has to do with washing.	我喜欢你那么有自信。即使只是在洗澡这件事上。
line:46061aae	I like it! I think you'd enjoy it too.	我很喜欢！你应该也会喜欢。
line:f4ad8ea6	I like taking care of you.	我喜欢照顾你。
line:8ffedb47	I like the mount you chose. Mind grabbing it?	我喜欢你挑的交配架。可以拿过来吗？
line:5c86951f	I like you a lot.	我非常喜欢你。
line:a91980fc	I like you for who you are.	我喜欢的就是你。
line:bdca3e1b	I like... him.	我喜欢……他。
line:2b65bf83	I love bubbles, they tickle!	我喜欢泡泡，痒痒的！
line:f8a4f404	I mean it. Really.	我是认真的。真的。
line:ae719afc	I need to be better. I <i>want </i>to be better.	我得变得更好。我<i>想</i>变得更好。
line:a0373456	I need to be spotless. Seems that's what you're for. <size=70%> Ha.	我要洗得一尘不染。看来你就是做这个的。<size=70%>哈。
line:3da2dd1d	I never expected myself to confide such embarrassing things in someone.	没想到我竟然会向别人吐露这么难堪的事。
line:0c986dec	I never expected you to be the type to be so messy!	没想到你也会把自己弄得这么脏！
line:95db900b	I never miss a spot.	我不会漏掉任何地方。
line:d620d41a	I never thought someone like him would be my type...	我从没想过，他那种人会是我的菜……
line:67592de1	I probably need to head out though.	不过我大概该走了。
line:e41c6dc5	I really do hope it all works out!	真希望你们一切顺利！
line:a722aada	I really think it was this time...	但这次我真的觉得是……
line:e80e5edd	I see what you're doing, thank you.	我懂你的意思了，谢谢。
line:cc6ec337	I see..	原来如此……
line:d57520b1	I seem to have gotten myself covered in ink!	我好像把自己弄得满身墨水了！
line:3b161cf3	I still need more!	我还要更多！
line:47dc71f3	I suppose I understand disliking the mess it may cause.	我想，我能理解你不喜欢雨造成的脏乱。
line:234ccfda	I suppose it depends on the circumstances.	我想得看当时的情况。
line:910706c0	I think a movie could be fun!	看电影应该会很好玩！
line:99bbb171	I think he was in a bad environment. He's doing better now.	我想他以前身处的环境不好。现在好多了。
line:9247b7a0	I think he'd like the new you!	我觉得他会喜欢全新的你！
line:f4982dcd	I think he's got a crush on me.	我觉得他暗恋我。
line:fc6fdd10	I think I can still feel some explosion grime on me...	我觉得身上好像还有爆炸留下的脏污……
line:4efc873f	I think I like being taken care of?	我想，我喜欢被照顾的感觉？
line:f5d36d9a	I think I might be close..	我想我快了……
line:52fc4e08	I think I'd like that!	我想我会喜欢！
line:5c78099a	I think I'd like to meet him!	我想认识他！
line:14e0edf6	I think I'd like to try!	我想试试看！
line:164df75a	I think I'd like to use it?	我想……我想用一下？
line:4f6168aa	I think I'd like to use it?	我想……我想用一下？
line:ab314624	I think I'd like to?	我想……我想试试？
line:170c6aa3	I think I'd like you to be that someone aswell.	我想，我也希望那个人是你。
line:8f46bb17	I think I've got it!	我想我懂了！
line:a5e128e0	I think she's upset about something else...	我觉得她在为别的事情生气……
line:bc2545e7	I think she's upset about something else...	我觉得她在为别的事情生气……
line:335c5156	I think so!	我想是！
line:3292625e	I think that would make a decent place! They put on good shows every night.	我想那里很适合！每晚都有精彩表演。
line:eaafe671	I think you got every spot!	应该每个地方都洗到了！
line:1760e5d5	I think you got every spot.	应该每个地方都洗到了。
line:341175f7	I think you got every spot.	应该每个地方都洗到了。
line:770e7473	I think you got every spot.	应该每个地方都洗到了。
line:f4a8f7fc	I think you helped him a lot more than you realize.	我想，你帮他的程度比你想像的还多。
line:f28fd15d	I think you missed a few spots still...	我觉得还有几个地方没洗到……
line:77509e74	I think you're cool too. Self improvement is hard.	我也觉得你很酷。改变自己并不容易。
line:763c6a82	I think you're good looking.	我觉得你很好看。
line:69e7dbb3	I think you're pretty cool, Conrad.	康拉德，我觉得你挺酷的。
line:9c393f61	I think you're special too.	我也觉得你很特别。
line:7d5ae3b4	I usually make do with a hose down at home...	我平常都在家用水管冲一冲就算了……
line:c4fc9b28	I wanna talk face to face!	我想面对面聊！
line:548dc375	I want to be more open. It feels good.	我想更坦率一些。这种感觉很好。
line:e02f464d	I was helping the alchemist reach a high shelf	我当时在帮炼金术师拿高架上的东西
line:fa97376e	I was helping the alchemist reach a high shelf	我当时在帮炼金术师拿高架上的东西
line:bb015b1b	I was romping around the forest	我当时在森林里到处跑。
line:78e2cb13	I was thinking about what you said,	我想了想你说的话，
line:b8282714	I was thinking.	我在想。
line:ca616238	I was thinking. We could go out some time next week?	我在想，我们下周找个时间出去？
line:a13d76ec	I was thinking...	我在想……
line:c1a4edf0	I wasn't making her happy either.	我也没让她快乐。
line:a4214fe6	I went out of my way for a discrete washing, I was sure I wasn't followed.	为了低调洗个澡，我可是费了一番工夫，而且确定没人跟踪。
line:db5cd152	I went out with some friends.	我和几个朋友出去了。
line:b6b9dc33	I will pay double. Triple- This is a job only you can do!	我付双倍。三倍——这件事只有你办得到！
line:0c31345e	I will, thanks.	我会的，谢谢。
line:fa41daf4	I will. I just need a quick wash, and wouldn't mind using the mount today.	会的。我只是想快点洗个澡，今天也想用用交配架。
line:399457b7	I wish it was easy as it is in movies.	真希望能像电影里那么简单。
line:2185f08c	I won't.	我不会说的。
line:45950848	I would like that!	我很期待！
line:099ec7fd	I would love to.	我很乐意。
line:e6006cd6	I wouldn't mind!	我很乐意！
line:81905be1	I'd like to go out to eat.	我想出去吃饭。
line:75b152eb	I'd love to talk more, truly, but class is soon.	我真的很想再聊聊，但快上课了。
line:2fe8a558	I'd love to!	我很乐意！
line:87ba56cc	I'll be back again, yeah?	我会再来，好吗？
line:ca035ef2	I'll be back again. It's nice having you as a friend.	我会再来的。能有你这个朋友真好。
line:0fcd9c26	I'll be back soon, yeah? Thanks for the wash.	我很快会再来，好吗？谢谢你帮我洗澡。
line:d9f422eb	I'll be waiting at the bar for you tonight!	今晚我会在酒吧等你！
line:69dff2ec	I'll be waiting for the gate!	我等你开门！
line:ae4d09f6	I'll be waiting for the gate!	我等你开门！
line:ab616aac	I'll definitely keep this place in mind.	我一定会记住这里。
line:b122441b	I'll get one ordered I promise!	我保证会订一个！
line:1642b6f1	I'll get out of your scales now. Thank you for the wash.	那我就不打扰你了。谢谢你帮我洗澡。
line:707d2693	I'll get out of your scales...	我就不打扰你了……
line:ca480eed	I'll get you two in contact then.	那我帮你们牵线。
line:59416000	I'll go get the gate for ya'	我去帮你开门。
line:6aa7ad03	I'll go get the gate for ya'	我去帮你开门。
line:2a6d7e7d	I'll go get the gate for you.	我去帮你开门。
line:8107858d	I'll go get the gate for you.	我去给您开门。
line:d1755010	I'll go get the gate for you.	我去帮你开门。
line:4d692a01	I'll go get the gate.	我去开门。
line:a75bb519	I'll go get the gate.	我去开门。
line:8689a124	I'll happily get that for you.	我很乐意帮你准备。
line:48e99d7b	I'll have to close up shop first-	我得先把店收好——
line:f2b894e2	I'll have to reserve your spot while you close up.	你打烊的时候，我得先去帮你留位。
line:6c5e2459	I'll keep that in mind. I'm used to things being transactional.	我会记住的。我习惯了凡事都要有所交换。
line:956a0f47	I'll make sure to ask him next time I see him.	下次见到他，我一定帮你问。
line:e64d21e4	I'll make sure to come back.	我一定会再来。
line:7c9fe106	I'll make sure to get out of your scales.	我就不打扰你了。
line:87006442	I'll make sure to tell others about this place	我一定会把这里推荐给其他人。
line:1db78e06	I'll make sure to tell you how it goes, yeah?	我一定会告诉你结果，好吗？
line:49b6a167	I'll make sure you're <i>spotless.	我会把你洗得<i>一尘不染。
line:96981b61	I'll manage.	我会撑过去的。
line:9aa97614	I'll need this to be swift, students won't teach themselves.	得请你动作快一点，学生可不会自己教自己。
line:9ef857c8	I'll need to resurrect Igwix, oh how embarrassing!	还得复活伊格维克斯，真是丢脸！
line:90a9a98e	I'll see you next time I come in, yeah?	那下次来的时候再见，好吗？
line:d0f6a49a	I'll see you next time I come in, yeah?	那下次来的时候再见，好吗？
line:160bf40f	I'll start prepping for it.	我要开始准备了。
line:8af64cb8	I'll take care of this, don't you worry.	交给我处理，你别担心。
line:e20c6391	I'll tell you in a bit. Could you just get the gate for now?	等一下再跟你说。可以先开门吗？
line:04c62f9b	I'm <i>spotless</i>.	我已经<i>一尘不染</i>了。
line:629f8cff	I'm a bit of a big deal around there.	我在那里还算有头有脸。
line:d9272031	I'm a dragon.	我可是龙。
line:675e7284	I'm a rule breaker!	我就是爱打破规矩！
line:afcd5586	I'm a... kobold.	我是……狗头人。
line:5d41b5d6	I'm all dirty still!	我还很脏耶！
line:2f6eb3c3	I'm all soapy still!	我身上还都是泡沫！
line:18707b19	I'm always happy to give you a wash!	我随时都很乐意帮你洗澡！
line:3b01eb3b	I'm always happy to give you a wash!	我随时都很乐意帮你洗澡！
line:d82b1a7d	I'm always happy to help. <i><size=70%> especially a big dragon.	我随时都乐意帮忙。<i><size=70%>尤其是帮一条大龙。
line:46c6a3ed	I'm always happy to see you Ryan.	莱恩，我总是很高兴见到你。
line:75206eee	I'm always happy to see you Ryan.	莱恩，我总是很高兴见到你。
line:fa6e232e	I'm always happy to see you. I'll go get the gate for you.	我随时都很高兴见到你。我去帮你开门。
line:07e5fc05	I'm amazed!	我惊呆了！
line:4586d55d	I'm an asshole. I know I am.	我是个混蛋。我自己知道。
line:a6d46685	I'm certain he also finds you pleasant!	相信他也觉得你很讨人喜欢！
line:ef399e26	I'm doing good!	我过得很好！
line:a6c1f2f4	I'm excited for you!	我替你开心！
line:94fbdbf0	I'm excited for you. I'll get the gate!	我替你开心。我去开门！
line:f83e4966	I'm excited to hear about it!	我好期待听你说！
line:bd55b8f4	I'm excited to see them washing down the drain though.	不过我也很期待看它们流进排水孔。
line:24832f01	I'm excited.	我好期待。
line:69f406a6	I'm excited.	我好期待。
line:a00f681d	I'm excited.	我好期待。
line:a0479425	I'm excited.	我好期待。
line:b5d7d26f	I'm excited.	我好期待。
line:d66b9155	I'm excited.	我好期待。
line:4e1b1d0a	I'm glad you derive enjoyment from this as well.	你也能乐在其中，我很高兴。
line:5db47405	I'm glad you enjoy him. I'm certain he finds you pleasant.	很高兴你喜欢他。相信他也觉得你很讨人喜欢。
line:c56ee060	I'm glad you enjoy my crest.	很高兴你喜欢我的头冠。
line:f44a1493	I'm glad you trust me.	很高兴你信任我。
line:3a2ed5ef	I'm glad you two are working out though.	总之，很高兴你们相处得很好。
line:c0972e81	I'm glad you two are working out.	很高兴你们相处得很好。
line:34ba77b1	I'm glad you were able to make the choice that was best for you.	很高兴你能做出对自己最好的选择。
line:d5a90e1c	I'm glad!	真高兴！
line:286fec49	I'm glad.	真好。
line:42f5fd9d	I'm glad.	真好。
line:99b6dc81	I'm glad.	真好。
line:570d4953	I'm happy for you!	我替你开心！
line:ac6d5bd3	I'm happy for you!	我替你开心！
line:ed5c40ca	I'm happy for you!	我替你开心！
line:79099951	I'm happy to be here too.	我也很高兴能来。
line:99fd9b51	I'm happy to give you a place you can relax.	能给你一个放松的地方，我很高兴。
line:5d36d5c8	I'm happy to have met you.	很高兴能认识你。
line:ce21622a	I'm happy to hear that.	听你这么说，我很高兴。
line:69963a6c	I'm happy you feel comfy here.	很高兴你在这里能自在放松。
line:38388248	I'm here for a wash.	我是来洗澡的。
line:a6974256	I'm here if you need someone to talk to.	如果你需要找人聊聊，我在这里。
line:6690512d	I'm impressed.	真让我刮目相看。
line:2e424b13	I'm in need of another wash.	我又需要洗个澡。
line:ef91a572	I'm Jealous!	真羡慕！
line:a79b8639	I'm just happy I don't feel judged here.	我只是很高兴，在这里不会被批判。
line:8076eb95	I'm just here for a wash though.	不过我只是来洗个澡。
line:c2caa0b7	I'm just here to bring you food!	我只是来送你食物！
line:ec6c7823	I'm just... Happy.	我只是……很开心。
line:ed4b0d48	I'm kind of excited.	我有点期待。
line:266c652e	I'm looking forward to seeing you again	我很期待再见到你。
line:e91e2041	I'm not <i>that</i> little-	我没有<i>那么</i>小——
line:cf05a364	I'm not certain why I suddenly understand your 'Yips'	我不太明白，为什么突然听得懂你的「嗷」了。
line:dcc4774b	I'm not too sure. It was on sale at WingCo.	我不太确定。WingCo 当时在特价。
line:5b31909a	I'm only doing what I think is right.	我只是做自己觉得对的事。
line:7fe349d7	I'm profoundly embarrassed by this whole ordeal.	这整件事实在让我羞愧难当。
line:cfaffc52	I'm pumped.	我超期待。
line:c0a140f8	I'm really fond of letting folks ride on my back.	我很喜欢让人骑在我背上。
line:1a5e6184	I'm really looking forward to this.	我真的很期待。
line:8b43a434	I'm really sorry you got hurt. Who did this?	你受伤了，我真的很难过。谁干的？
line:69ffe957	I'm so excited about this date!	我好期待这次约会！
line:e6290003	I'm so excited. I'll get you two in contact!	我好期待。我帮你们牵线！
line:e8611ad0	I'm sorry for dumping that all on you earlier.	抱歉，刚才把那些事全倒给你。
line:e613b1c3	I'm sorry I snapped at you earlier.	对不起，刚刚冲你发脾气。
line:de208e68	I'm sorry you got hurt...	你受伤了，我很难过……
line:4843bb47	I'm still very muddy, if you could soap me up that'd be great.	我还很脏，能帮我抹点肥皂就太好了。
line:51d4e418	I'm such an idiot.	我真是个白痴。
line:32114891	I'm sure nobody will know...	应该不会有人知道……
line:17a05c96	I'm sure we'll figure something out! just meet me at the pier!	我们一定会想到办法的！到码头找我就好！
line:8136ef1a	I'm surprised how nice it is.	没想到这么舒服。
line:722c6ab2	I'm thinking a date soon.	我想最近去约个会。
line:3471e9b1	I'm trying my best.	我正在尽力。
line:01492e5e	I'm trying not to be pushy.	我正努力不要咄咄逼人。
line:4d6cd625	I'm trying to get away from the house for a bit.	我想离开家里一下。
line:c1ef777a	I'm unsure why speaking with you is so easy.	我也不明白，为什么跟你说话这么轻松。
line:822c0718	I'm very excited.	我好期待。
line:ddab3d34	I'm very satisfied with these results..	这个成果让我很满意……
line:03eb977c	I'm well aware. A deep clean has a distinct feel!	我很清楚。彻底洗干净的感觉就是不一样！
line:f9193c0d	I'm willing to do it. But I'd like something new.	我愿意去处理，但也想要一些新的东西。
line:63981253	I'm... Happy.	我……很开心。
line:f80bd44b	I'm... not certain I'd like to use this today.	我……不太确定今天想不想用这个。
line:d422462e	I'm... not sure I can answer that for you.	我……不确定能替你回答这个问题。
line:8f107933	I'm... Rather close now	我……现在快到极限了。
line:24c52c54	I'm... wondering...	我在……想……
line:6bbd7f1d	I've always hated the rain.	我一直很讨厌下雨。
line:b4353808	I've always loved giving my biped friends rides...	我一直很喜欢载着两足族朋友走……
line:9541fceb	I've been considering asking you this for a while now.	我已经想邀请你好一阵子了。
line:505154a4	I've been thinking...	我一直在想……
line:58b4f5fb	I've been told it's polite to talk to smaller folk face to face.	有人告诉我，跟小个子面对面说话才有礼貌。
line:2c560e29	I've been trying to get into the social sciences aswell.	我也一直想涉足社会科学。
line:b4a29141	I've got a guy who can drop a gift by tomorrow that would spruce things up.	我认识个人，明天能送份礼物过来，帮这里添点新气象。
line:212f0021	I've had a lot of free time lately.	最近空闲时间很多。
line:701b9feb	I've had a lot of free time lately.	最近空闲时间很多。
line:79da763f	I've had a lot of free time lately.	最近空闲时间很多。
line:3c4443fd	I've seen bigger	我看过更大的。
line:d7a90078	I...	我……
line:393d0e05	I... hm.	我……嗯。
line:0da5609b	I... Know this is unprompted.	我……知道突然说这个有点唐突。
line:5cfb94b9	If a relationship is <i>so</i> bumpy and you know its going to end.	如果一段感情<i>那么</i>不顺，你也知道迟早会结束。
line:b2f52b23	If I could uhm...	我能不能，嗯……
line:b4990e3d	If I'm honest. I've had a crush on you for a bit.	说实话，我喜欢你已经有一阵子了。
line:7c13c28e	If only.	要是有就好了。
line:a56c5621	If someone like Ryan is interested, you're doing great.	连莱恩那样的人都对你有兴趣，表示你做得很好。
line:52f28749	If we're caught violating another policy my reputation would be in ruins!	要是又被发现违反规定，我的名声就毁了！
line:83f511d2	If ya' place the mount for me I'll have at it.	你把交配架摆好，我就能上了。
line:7ead92b1	If you could come up front so I could talk.	可以请你到前面来，我有话想说。
line:e78656aa	If you could come up to where I can see you.	可以到我看得到你的地方吗？
line:9a013329	If you wanna talk about it more, I've got a minute.	如果你还想聊，我有点时间。
line:3d014153	If you want to use it that's fine!	你想用的话，当然可以！
line:a9eb9a76	if you're seeing this please grab nael or submit a bug report	如果你看到这行字，请联系 nael 或提交错误报告。
line:b9ab4eed	Im not complaining though.	不过我可没在抱怨。
line:27340362	In a bad way?	是坏的意思吗？
line:2019bb85	In a good way?	是好的意思吗？
line:91d5fb72	Incredible!	太厉害了！
line:61c8781b	Indeed! You're the only kobold I wish to wash me now.	正是！现在我只想让你这只狗头人帮我洗澡。
line:a5979ac9	Indeed, you must know of my crest! I teach alchemy.	正是，你一定认得我的头冠！我是教炼金术的。
line:dd9d30d2	Indeed. I'm glad you were able to help.	是啊。幸好有你帮忙。
line:fd5ddfcb	Indeed. You're an excellent person to be around.	当然。跟你相处是一件很棒的事。
line:78c9b5cc	Is everything okay?	一切都还好吗？
line:bea8f1f7	Is something on your mind?	你有心事吗？
line:6b6dd8bc	Is that a good thing...?	那是好事吗……？
line:848727f2	Is that a threat...?	你是在威胁我吗……？
line:db302830	Is that why you came in the first time?	所以你第一次才会来这里？
line:00e41343	Is this good?	这样舒服吗？
line:7982d3d8	Is this the right place?	是这里吗？
line:c48f59a9	Is this the right place?	是这里吗？
line:b05f6eea	Isn't that... Wood?	那不是……木头吗？
line:bf137cb4	It arrived this morning, it should be near the gate.	今天早上已经送到了，应该就在大门附近。
line:5080b6dd	It depends! Dragon thing.	看情况啦！龙就是这样。
line:34cf0601	It did! Thanks for asking.	很顺利！谢谢你关心。
line:900dca3c	It does wonders.	也能带来莫大的改变。
line:cfd504c5	It does wonders.	也能带来莫大的改变。
line:ac13bf68	It is indeed rather cool.	确实相当酷。
line:ea445b46	It is rather novel isn't it?	确实很新鲜，对吧？
line:56d34a41	It is? Good to know...	是吗？那我记住了……
line:b058318f	It means you're doing a good job in kobold.	用狗头人的话来说，就是你做得很棒。
line:13c906c7	It really has been. You're wonderful.	真的。你太好了。
line:b032bfb1	It turns out baking is messy!	结果烘焙会弄得一团糟！
line:da4f12a1	It turns out baking is messy!	结果烘焙会弄得一团糟！
line:e106207b	It turns out baking is messy!	结果烘焙会弄得一团糟！
line:e0c8c57b	It was good. We had sex.	很好。我们上床了。
line:681117ec	It was great. Conrad is wild. Good wild.	很棒。康拉德很狂，是好的那种狂。
line:28eee9f5	It went great!	超顺利！
line:92bfe06c	It went great!	超顺利！
line:a5d2b991	It went well.	很顺利。
line:1ab5969b	It would be a... date. As most would say.	那会是一次……约会。用一般人的说法。
line:8440a3f4	It's a regrettable state I find myself in...	落得这副模样，实在令人遗憾……
line:1706e86d	It's also new to me...	对我来说也是第一次……
line:c1b8e62b	It's always good when a kobold knows what they like.	狗头人知道自己喜欢什么，总是件好事。
line:deffce5c	It's crazy how much your neck can handle.	你的脖子竟然装得下这么多，太夸张了。
line:2e182063	It's difficult to find folks that are outside of my current bubble.	要认识现有圈子以外的人，挺难的。
line:48cfc92b	It's endearing!	真可爱！
line:5b6f00bd	It's fine.	没关系。
line:13dc0f15	It's fine. I close in about an hour.	没关系。我大概一小时后才打烊。
line:23ac92c8	It's freeing. I'll be back, yeah?	感觉好自由。我会再来，好吗？
line:de9fdb93	It's hard to hold back..	好难忍住……
line:9ebea3d0	It's hard to not be nervous after everything...	经历过那些事，很难不紧张……
line:ec8243d8	It's interesting; you bipeds tend to savor your meals.	很有趣，你们两足族好像都喜欢细细品尝。
line:d50cb509	It's just that something happened to Conrad, I hope he's okay.	就是康拉德出了点事，希望他没事。
line:bee6c7dd	It's just that...	只是……
line:3b76093c	It's made for eating things whole.	它就是为了整个吞食物而长的。
line:19f36dc0	It's my dream.	那是我的梦想。
line:18db795f	It's never easy to end things.	结束一段感情从来都不容易。
line:049fb01f	It's nice to have friends to rely on.	有能依靠的朋友真好。
line:ed69e3a1	It's nice to relinquish control, even for a moment.	把主导权交出去的感觉真好，即使只有片刻。
line:e9d34ea0	It's no biggie. It sounds like everyone is fine.	没什么啦。听起来大家都没事。
line:7e511da7	It's okay!	没关系！
line:b14d8520	It's okay, you sound like you need it.	没关系，听起来你需要有人听。
line:50b95260	It's okay. I needed to. She wasn't making me happy.	没事。我必须这么做。她让我不快乐。
line:47455767	It's okay. I'll figure something out.	没事。我会想办法的。
line:9287c933	It's starting to feel like it's <i>my</i> fault.	开始觉得，好像是<i>我的</i>错。
line:7ab244af	It's the best way to enjoy food.	这是享受食物最棒的方式。
line:0b7589ff	It's the mount you asked for.	就是你要的交配架。
line:a5780e74	It's wonderful to be back!	能再来真是太好了！
line:649e8eb3	Its a nice get away from everything out there.	能暂时远离外头的一切，真好。
line:d0361dd9	Its like an equine fusion thing...	大概是马族融合料理那种……
line:df86a610	Jokes aside, your wash is definitely the best.	说真的，你这里绝对是洗得最棒的。
line:7fe40d2b	Just a rough day. Hoping this helps!	只是今天有点难熬。希望洗个澡会好一点！
line:ce77a00e	Just did!	刚说完！
line:7c93c604	Just doing my job!	我只是在做我的工作！
line:fa0a9fbb	Just having fun.	只是玩一下嘛。
line:9e9425cd	Just possibly...	有没有可能……
line:1d73a343	Just some drake at the bar. Was stupid... Couldn't shut my mouth.	就酒吧里一条龙。我犯蠢……就是闭不上嘴。
line:ecb9a15d	Just touch me with your hand and I'll try to help.	用手碰我一下，我就会尽量配合。
line:14209365	Just uhm... Don't tell anyone I'm saying all this.	只是，嗯……别告诉别人我说了这些。
line:3bac1dad	Just... open the gate.	先……开门吧。
line:4f826403	Keep going a little longer please	请再继续一下。
line:087039ba	Keep going.	继续。
line:d8f92323	Kinda! I've been getting out more.	算有吧！我最近比较常出门。
line:b965b4dd	Knock that off, we're not done yet. Right?	别闹啦，我们还没洗完，对吧？
line:d9d276bb	Kobolds always seem enamored by me eating.	狗头人好像总是很着迷于我吃东西的样子。
line:0274cacd	Kobolds are very flexible. It will fit.	狗头人很有弹性，放得进去。
line:20cb68b9	lemme in?	让我进去？
line:41d5085a	Let go whenever you are ready.	准备好了就释放吧。
line:29a77d09	Let me give it a try!	让我试一下！
line:265e14cb	Let me know when you're finished rinsing.	冲干净了就告诉我。
line:0e1fd4b0	Let the <i>big C</i> out of this place!	放<i>C 大爷</i>出去吧！
line:f7382398	Let's get going~!	开始吧～！
line:c50535b3	Let's have it!	来吧！
line:9accd60e	Lets wash it off for our date tonight then.	那就为今晚的约会把它洗掉吧。
line:7ce1b833	Like what?	哪样？
line:cb91e703	Like, I love those around me, but there's a lot of baggage there.	就是，我很爱身边的人，但那里也有很多过去的包袱。
line:aa1c54ab	Like, in general.	我是说，整体而言。
line:bbe51f87	Like, in general.	我是说，整体而言。
line:7b7b0a3f	Like, the future of my relationships.	像是，未来的感情。
line:db79a905	Like... a lemon?	像是……柠檬？
line:ffd7dcc4	Like... An asshole? I know I'm miserable to be around.	像个……混蛋？我知道跟我相处很难受。
line:a0a0a49c	Like... sexual stuff?	像是……性方面的服务？
line:9becd177	Look at me! I'll be the laughing stock of my students.	看看我！学生们会把我当笑话看的。
line:9711cf03	Lookin' for a hose down. Wouldn't mind using the mount aswell.	想冲个澡。能顺便用交配架也不错。
line:abdb5822	Looking forward to seeing ya'	期待再见到你。
line:5c335985	Looking forward to seeing you soon.	期待很快再见到你。
line:1d0abc80	Looking forward to the wash.	很期待这次清洗。
line:646279a0	Looks like it.	看起来是。
line:b6093881	Looks like ya' got a shipment, eh?	看来你收到货了，嗯？
line:f1fc3e3c	Luckily death via spontaneous combustion is a concept we have thoroughly curtailed in the modern world.	幸好在现代，突然自燃致死这种事已经被我们彻底解决了。
line:d2ba8ba9	Made a bit of a mess... Still worth it.	弄得有点乱……不过值得。
line:301e8665	Make haste! My reputation is on the line.	请快点！我的名声岌岌可危。
line:5072cc60	Make sure you're very clean. <size=70%><i>hehe.	一定要洗得很干净。<size=70%><i>嘿嘿。
line:da21cf49	Makes sense! Yeah tiny drakes are fun.	有道理！小龙确实很有趣。
line:22b2643b	Makes sense.	有道理。
line:e7f0e9ed	Makes sense.	有道理。
line:89c9a73b	Many think it's part of my body.	很多人以为那是我身体的一部分。
line:d7bcbe29	Max says I'm a clumsy dragon,	麦克斯说我是条笨手笨脚的龙，
line:db986d0d	May you open the gate?	可以开门吗？
line:76a97730	Maybe later...?	也许晚点……？
line:08a422ba	Maybe like...	或许可以……
line:6f293b7a	Maybe someone new...	也许是个新的人……
line:d2558a04	Maybe someone?	也许是某个人？
line:67a46ddc	Maybe we can hang out later?	我们晚点要不要一起玩？
line:5691478f	Maybe we could just... Walk?	也许我们可以……散散步？
line:7734bf93	Me too, thanks!	我也是，谢谢！
line:627a13e4	Me too.	我也是。
line:d3c733f5	Me too.	我也是。
line:ffa63d1b	Me too.	我也是。
line:040ee2a7	me too.	我也是。
line:d13cd125	Me.	自己的人。
line:14e7b293	Me?	我？
line:b9cb051a	Means I'm ready to go on a date with a certain kobold.	代表我准备好和某只狗头人约会了。
line:e5da247d	Means you know how to get hands on!	那你一定知道怎么亲自动手！
line:171707d2	Mhm!	嗯哼！
line:11306335	Mhm! Come back anytime.	嗯哼！随时欢迎再来。
line:69dd6a73	Mhm! he's trying to meet new people.	嗯哼！他正在试着认识新朋友。
line:da17b746	Mhm! I'm <i>the</i> kobold!	嗯！我就是<i>那个</i>狗头人！
line:a0cb3f78	Mhm! that's him.	嗯哼！就是他。
line:164fdb01	Mhm, he's trying.	嗯哼，他正在努力。
line:1a663dcf	Mhm, right this way.	嗯，这边请。
line:3cd8a8bd	Mhm... Thank you.	嗯……谢谢你。
line:4546abce	Might seem kinda weird to ask now. Buuuut.	现在问可能有点怪，不过嘛。
line:57d8b72a	Mind opening the gate to let me out?	可以开门让我出去吗？
line:b2a507ab	Mind opening the gate to let me out?	可以开门让我出去吗？
line:6d726280	Mind washing more?	可以再洗一下吗？
line:c8281b83	Mmm, I understand that to mean you'll get the gate?	嗯，我可以理解成你要去开门吗？
line:dd0c77ae	Mmm, Yeah I know the type.	嗯，对，我懂那种类型。
line:d8cafcc7	mmm..	嗯……
line:729cea0c	Mmmhm, I always do my best.	嗯哼，我向来都尽力做到最好。
line:f36b8b76	Mmmhm. I'll work on my sleep schedule...	嗯哼。我会调整一下作息……
line:d38efb75	Mmmmhm, gotta prep for a date with him.	嗯哼，得为了跟他的约会做准备。
line:a78dd44b	mmph! (Yea!)	唔！（对！）
line:b132719c	Mmph- Hm?	唔——嗯？
line:16ee6b14	Money... mmm...	钱钱……嗯……
line:d8cc8048	Most people do!	大部分的人都喜欢啊！
line:3d723db0	Must mean you two are a good match.	那一定表示你们很合得来。
line:9ca994a5	My bad	我的错
line:aaecba3d	My bad	我的错
line:fedbf70c	My colleague, professor Igwyx, wished to use me as a platform.	我的同事伊格维克斯教授，想把我当作垫脚的平台。
line:08af3902	My date with Ryan was...	我和莱恩的约会……
line:116b5405	My date with Ryan was...	我和莱恩的约会……
line:e26c3b65	My first ever Yarn script in Unity!	我在 Unity 里写的第一个 Yarn 脚本！
line:f15b014f	My names Ryan. So...	我叫莱恩。那么……
line:e4aced7b	My students could learn a thing or two from your work ethic!	我的学生真该向你学学这种工作态度！
line:dfe74420	My-	天啊——
line:9b915bf2	Nah.	不喜欢。
line:c3642dec	Nah.	没有啦。
line:393c128a	Never cleaned a teacher dragon... woah.	还没帮当老师的龙洗过澡呢……哇。
line:a99b03ed	Never tried it.	没试过。
line:6df809e1	Nevermind. Could you get the gate?	算了。可以开门吗？
line:d3a50f3f	Next time I come in for a wash we'll go.	下次我来洗澡，我们就去。
line:ac5afd96	Next time I come in I'll have reservations!	下次来的时候，我就会订好位！
line:8990fcc9	Nice! Whats with all the... Gloop?	真好！你身上那些……黏糊糊的是什么？
line:1d4b8528	Nice. Gotta open the gate though. Let Conrad in!	赞。不过得先开门啊。让康拉德进去！
line:acab92d4	Nnf... I believe I needed that. Thank you.	嗯唔……我想我确实需要这个。谢谢你。
line:8fe11008	Nnnf... That was way better than those berries.	嗯唔……比那些莓果爽多了。
line:b251704a	No	不会。
line:e05c2dca	No	没有
line:dc86c2de	no	没有
line:5794ea87	No amount of justification makes it feel good though.	但再多的理由，也没办法让这件事不难受。
line:5a5ec440	No I actually just got it	不是，其实我刚拿到这个
line:cd5f07ca	No more excuses.	不再找借口了。
line:4b38230f	No need for thanks. I'll get the gate.	不用谢。我去开门。
line:11604fbd	No need to be nervous, Alexander!	不用紧张，亚历山大！
line:eefef647	No need to be.	不用觉得丢脸。
line:73ea230a	No no, you're a certified cleaner yeah?	不不，你是有资格证的洗浴师，对吧？
line:743c64e6	No not really.	不，其实不太好。
line:50feefe8	No problem!	没问题！
line:1a9a36e1	No problem! Can't wait for you to meet Conrad.	没问题！等不及让你认识康拉德了。
line:0a9993d2	No problem, thanks!	没问题，谢啦！
line:10bdb3a4	No problem, thanks!	没问题，谢啦！
line:3a8f65fa	No problem.	没问题。
line:ee3d0ee4	No problem. Let me get that gate for ya'!	没问题。我来帮您开门！
line:eedccaec	No way.	不可能。
line:f0351f0c	No way.	不可能。
line:d726f776	No worries,	没关系，
line:12b7a5b3	No! I mean, yes, but for the sake of my reputation could you please keep my incursion here to yourself.	不！我是说，没错，但为了我的名声，请别把我这次造访的事说出去。
line:f7f963e3	No, I am.	不，我很脏。
line:54faa7c0	No, I don't think I do.	没有，我想不用。
line:38419d8b	No, it's not. No more excuses.	不，有关系。不再找借口了。
line:cd9b2a8f	No, thank you. I'm... Really excited.	不，是我该谢谢你。我……真的很期待。
line:1af1ad05	No, we don't offer things like that here.	没有，我们这里不提供那类服务。
line:cb7e94e5	no.	没有。
line:6128a09c	No. A lime that is yellow.	不。是黄色的青柠。
line:de25dacd	No. I'm not. Do you have a medkit or not?	不好。我有事。你到底有没有急救箱？
line:1cc64bcf	No.. No it's fine... thank you.	不……不用，没事的……谢谢你。
line:525f5744	Nope	不记得
line:fbd2c3e7	Nope.	还没。
line:5406ba8e	Normally I'd say yes to a mount. But, not right now.	平常有交配架，我都会说好。但现在不想。
line:ab92da6a	Not anymore at least!	至少现在没问题了！
line:0cfcd179	Not for a date though.	但这样不适合约会。
line:d1b90e2c	Not sure yet.	还不确定。
line:e9643b5d	Not yet.	还不行。
line:326cc84d	Not yet. a little longer.	还不行，再一下。
line:56a729f6	Nothing more attractive than a man who can improve!	没什么比愿意成长的男人更有魅力了！
line:b5dabf9f	Nothing more attractive than a man who can improve!	没什么比愿意成长的男人更有魅力了！
line:8a321997	Now I'm eyeballing the mount...	我现在又盯上交配架了……
line:5e0a6d7a	Now I'm out here, agh!	搞得我现在跑来这里，唉！
line:564a9606	Now they'll never need to know!	这下就不会被发现了！
line:d66b7986	Now!	好了！
line:63596bb3	Now, do you have a medkit or not?	所以，你到底有没有急救箱？
line:eefc4e9f	Now, lemme in! I want to try that thing out!	快让我进去！我想试试那玩意！
line:0554966a	Now, more food?	那么，再吃一点？
line:3fb3f8d4	Now, round two!	接下来，第二回合！
line:12e6043e	Now... Food?	那么……吃东西？
line:5f8b2de4	oah. <size=70%>okay.	喔。<size=70%>好。
line:13223129	Of course	不客气
line:283e56d8	Of course I am! I know I'm very...	那当然！我知道自己很……
line:5788e15c	Of course I do. I'm a <i>professional</i>.	那当然。我可是<i>专业的</i>。
line:0b226939	Of course it is!	当然不介意！
line:f21dd9d4	Of course it is!	当然不介意！
line:642255fc	Of course!	当然！
line:76f8c20c	Of course!	当然！
line:877aced7	Of course!	当然！
line:d2401e75	Of course!	当然！
line:f9eb2b4a	Of course! Right this way!	当然！这边请！
line:0d20d327	Of course! Thank you for the food.	当然！谢谢你的食物。
line:4da976f5	Of course! You run a fine establishment.	当然！你的店非常出色。
line:b629bcf2	Of course! You're wonderful.	当然！你很棒。
line:b6c96475	Of course, you run a fine establishment.	不客气，你的店非常出色。
line:dd082478	Of course.	当然。
line:203cc3d2	Of course. One moment!	当然，稍等一下！
line:fd145efe	Of course. Sorry you're going through all this.	当然。你碰上这些事，我很难过。
line:7305cdbc	Oh cool!	喔，真酷！
line:eb6ae4c3	Oh cool!	喔，真酷！
line:77c996e8	Oh damn! You really are adventurous!	哦，靠！你还真敢玩！
line:3fdb9d01	Oh fcuk something went wrong	喔，靠，出问题了
line:9e403ecd	Oh fuck yeah.	哦，操，太爽了。
line:13c39c50	Oh fudge, forget I said that!	喔，糟糕，忘掉我刚刚说的！
line:e722753e	Oh goodness no..	喔，天啊，不行……
line:55e3dd36	Oh hi! um..	喔，嗨！嗯……
line:e8ee5747	Oh hi! um..	喔，嗨！嗯……
line:b90f527f	Oh huh, that's the tiny drake I saw coming in a bit back yeah?	喔，就是前阵子我看到进来的那条小龙，对吧？
line:001ab950	Oh I heard good things about that.	喔，听说那部评价很好。
line:0a4a28c0	Oh I see the button there, gotcha!	喔，我看到那个按钮了，懂了！
line:c6b0b1aa	Oh like, swallowing things whole?	喔，你是说，整个吞下去？
line:10254d13	Oh my	喔，天啊
line:39f6c77d	Oh my bad	喔，我的错。
line:79511a66	Oh my bad	喔，我的错。
line:8cfbd75d	Oh my bad	喔，我的错。
line:cb71b2a1	Oh my bad	喔，我的错。
line:7d13eca0	Oh my- I didn't expect you to be so... hands on	天啊——没想到你会这么……亲手上阵
line:c60c65e8	Oh my. I suppose I could use the mount!	天啊。我想我可以用一下交配架！
line:433cb27e	Oh no! Do you want to talk about it?	糟了！你想聊聊吗？
line:d908622a	Oh no, Conrad. are you okay?	天啊，康拉德，你还好吗？
line:bf977a7e	Oh okay. I'll go grab it.	喔，好。我去拿。
line:7428755b	Oh so it's new for both of us!	喔，那对我们两个来说都是新体验！
line:513bed5a	Oh so it's new to both of us!	喔，那对我们两个来说都是新体验！
line:4bad37a5	Oh that's good. I'm happy he's okay.	那就好。很高兴他没事。
line:7d791906	Oh this is better, but I still feel dirty.	喔，好多了，但我还是觉得有点脏。
line:63926ecd	Oh we're done?	喔，洗好了吗？
line:546d1bf2	Oh wow, you're really covered in it!	哇，你真的满身都是墨水！
line:b2d99a43	Oh wow..	喔，哇……
line:e8052272	Oh yeah I liked the first one.	喔，对，我很喜欢第一集。
line:a4a26529	Oh yeah, there's this nice place downtown called wings.	喔，有啊，市中心有间不错的店叫「羽翼」。
line:d4d3ecd5	Oh yeah.	喔，对。
line:059142a3	Oh Yeah?	喔，是吗？
line:71053a53	Oh Yeah?	喔，是吗？
line:1121309c	Oh yeah?	喔，是吗？
line:2b560f59	Oh yeah?	喔，是吗？
line:2d2820b0	Oh yeah?	喔，是吗？
line:6e82e54c	Oh yeah?	喔，是吗？
line:b9d8a22f	Oh yeah?	喔，是吗？
line:d8ce8566	Oh yeah?	喔，是吗？
line:f103a4a8	Oh yeah?	喔，是吗？
line:4f6344f1	Oh yeah? He sounds like a bit of a hothead.	喔，是吗？听起来他脾气有点冲。
line:60cdf456	Oh yeah? The little red drake?	喔，是吗？那条小红龙？
line:a9253dd8	Oh yeah? The sky blue drake I've seen around?	喔，是吗？就是我在附近见过的那条天蓝色龙？
line:762882b4	Oh yeeeaaah?	喔——是吗？
line:5d737ca7	Oh yes	喔，是啊
line:1c90fb6d	Oh you. Gonna make me blush.	哎呀你，害我都要脸红了。
line:7e3e59aa	Oh!	喔！
line:3605a48a	Oh! I think I've seen him. The tiny one, yeah?	喔！我好像见过他。小小的那条，对吧？
line:3bc15278	Oh! No it wouldn't be. It's fun!	喔！不会啊。很好玩！
line:c95a153d	Oh! nothing. I'll get the gate.	喔！没事。我去开门。
line:b6fb6fce	Oh! Okay. I'll get the gate!	喔！好，我去开门！
line:4d3233a1	Oh! That's cold!	喔！好冰！
line:403f2ab7	Oh! Then I better let you in. I'll go get the gate.	喔！那我得赶快让你进来。我去开门。
line:0f2dc134	Oh! Yeah that makes sense...	喔！对，有道理……
line:1270a483	Oh, and I apologize for being absolutely filthy.	喔，还有，抱歉把自己弄得脏兮兮的。
line:7b5be1f8	Oh, and I've figured it where to go.	喔，还有，我想好要去哪里了。
line:52fb116d	Oh, and seems I got some on my face. woops.	喔，看来脸上沾到一些了，哎呀。
line:73a37947	Oh, awesome. I'm a big salmon guy.	哦，太好了。我可是个特爱吃三文鱼的男人。
line:74c9c07b	Oh, like... working class?	哦，像是……工人阶级？
line:e048566b	Oh, no.	喔，没有。
line:1a9e6537	Oh, no. Ryan is a sweetheart.	喔，不会啦。莱恩很贴心。
line:5f6a124a	Oh, okay. Thanks.	喔，好。谢谢。
line:17716b05	Oh, right. Sorry.	喔，对。抱歉。
line:82ba64bf	Oh, sorry-	喔，抱歉——
line:956e5c91	Oh, sorry.	喔，抱歉。
line:54a8bb22	Oh, sure. Come on in.	喔，当然。进来吧。
line:270276eb	Oh, that's my favorite part!	喔，那是我最喜欢的部分！
line:1ff9a04c	Oh, the crest around my head?	喔，我头部周围的头冠吗？
line:ffed6d04	Oh, wonderful. Seem's we're similar.	喔，太好了。看来我们很像。
line:30e6b801	Oh, yeah!	喔，对啊！
line:bedeee82	Oh- Eager!	喔——真心急！
line:38b3c8c1	Oh- I mean. I'll go open the gate!	喔——我是说，我去开门！
line:714c180e	Oh- I'm glad!	喔——那就好！
line:ccf87ea9	Oh- I'm not too interested in using that right now.	喔——我现在不太想用那个。
line:963981e4	Oh- I'm sorry for making a mess...	喔——抱歉弄得一团糟……
line:8e407c6e	Oh- Not just the wash.	喔——不只是洗澡。
line:ad31ec4c	Oh- Not just the wash.	喔——不只是洗澡。
line:6866c2c9	Oh- Right now? 'aight I'm down.	喔——现在？行啊，我可以。
line:9a6dca4b	Oh- Ya. On it.	喔——对，马上来。
line:3b6d644d	Oh.	喔。
line:4399096b	Oh.	喔。
line:8441bf7b	Oh.	喔。
line:87233429	Oh.	喔。
line:e90fee8e	Oh.	喔。
line:ebd9b4d3	Oh.	喔。
line:8a79f72c	Oh. And one other thing.	喔，还有一件事。
line:e8289be5	Oh. good.	喔，那就好。
line:5442e228	Oh. Okay I'll go get the gate.	喔。好，我去开门。
line:0da15c85	Oh. Okay.	喔，好。
line:73f7f13d	OH. RIGHT.	喔，对耶。
line:c35890c8	Oh. That's... Wonderful!	喔。那真是……太好了！
line:0ce8d5aa	Oh. Then yeah, we're open.	喔。那有，我们有营业。
line:52ed140c	Oh. Uhm. <size=70%>Good.	喔，嗯。<size=70%>很好。
line:780d0993	Oh. yeah. Sorry.	喔，好。抱歉。
line:7f5113d5	OH. You're not used to eating them whole.	喔。你不习惯整颗吃下去。
line:45bc649d	Oh...	喔……
line:0a093816	Oh... hah. I like that.	喔……哈。我喜欢。
line:f885f11d	Oh... I suppose this is alright~	喔……我想这样也不错～
line:7cd85c8e	Oh... I'm so sorry.	喔……我很遗憾。
line:8cc1aa72	Oh... yeah we don't have one.	喔……对，我们没有。
line:f16d7940	Oh... Yeah, tinier dragons tend to... Compensate.	喔……对，体型小的龙通常会……补偿在别的地方。
line:1d491283	Oh?	喔？
line:21c46e75	Oh?	喔？
line:fd8d786a	Oh?	喔？
line:0ce8d3c2	ohmygod I thought the egg was decorative.	天啊，我以为那颗蛋是装饰。
line:d9b26374	Ok I can do that	好，我可以。
line:1777121d	Ok I got this..	好，我撑得住……
line:f3af3ce8	Ok just tell me if you get uncomfortable or anything.	好，不舒服或怎么了就告诉我。
line:6c3a98cc	Ok lets wash it off for our date tonight then.	好，那就为今晚的约会把它洗掉吧。
line:7a54a1e1	Okay	好
line:f64a5b30	Okay	好
line:249500dc	Okay!	好！
line:a327b5f9	Okay!	好！
line:ccaabca3	Okay!	好！
line:82d0ea81	Okay! I'll be back later then.	好！那我晚点再来。
line:3deb5f55	Okay! I'll go get the gate for you.	好！我去帮你开门。
line:9c3d6cb7	Okay! I'll see you soon.	好！很快再见。
line:72e0348e	Okay, bye!	好，再见！
line:255362b9	Okay, Conrad.	好啦，康拉德。
line:0d16ab28	Okay, I'll be waiting. Thanks.	好，我等你。谢谢。
line:155d1c64	Okay, I'll open the gate!	好，我来开门！
line:886f5df2	Okay, I'll see you later!	好，那下次见！
line:585d6a08	Okay, thank you.	好，谢谢你。
line:c298bc55	Okay, thank you.	好，谢谢你。
line:6acf71a3	Okay, thanks.	好，谢谢。
line:8ed5a204	Okay- okay. I'll go get the gate.	好啦，好啦。我去开门。
line:10b9a653	Okay- Thanks.	好——谢谢。
line:00a81c16	Okay. I hope you're doing alright though.	好。不过希望你还撑得住。
line:118a51bb	Okay. I should probably get out of your scales.	好。我大概该走，不打扰你了。
line:a62e8112	Okay. I'll open up shop. Give me a sec.	好。我来开店，等我一下。
line:9d434af5	Okay. I'll order a mount.	好。我会订一个交配架。
line:2f3b06de	Okay. Then I think I'd like to try.	好。那我想试试看。
line:54ad4706	Okay...	好吧……
line:28311fbb	Omg you're hurt!	天啊，你受伤了！
line:8b3abbf7	On it!	马上来！
line:42e3eba2	Once I'm cleaned up I'm gonna head out and get our spot ready.	洗干净之后，我就要先去把我们的位置准备好。
line:1d4b8a1c	One thing led to another...	然后自然而然就……
line:c70bea2d	Only been cleaning for a few weeks now!	我才做洗浴师几个星期！
line:5188bd4a	Only If that's alright-	只要你不介意——
line:01505282	Only realized how much of a mess I made after Max yelled at me, haha.	直到麦克斯骂我，我才发现自己弄得多脏，哈哈。
line:828eed25	Oof... Needed that. Thank you.	呼……我正需要这个。谢谢你。
line:2d40c69a	Oooh, alrighty.	喔——好呀。
line:99ff9e7f	Ooooh must be a big deal then.	喔——那一定很有头有脸啰。
line:e8ad4791	Ooooh.	喔——。
line:64bfd62a	Oops, my bad.	哎呀，我的错。
line:0fa31c40	Our first meeting went great though!	不过我们第一次见面很顺利！
line:77cebc41	People tell me I've got a fat cock, is that true?	大家都说我的屌很粗，是真的吗？
line:80de6c63	Perfectly clean again. Thank you for taking me in at this hour.	又干干净净了。谢谢你这么晚还愿意接待我。
line:f212528b	Phew! I had an accident that needs to be taken care of... discretely.	呼！我出了点意外，需要……低调地处理一下。
line:b3c35166	Phew, I was worried I'd make another mess of things.	呼，我本来还担心又会搞得一团糟。
line:314c3d8a	physically or emotionally?	身体上，还是心情上？
line:156e0b50	Picnic bathket-	野餐篮篮——
line:0d9de1a1	player hooked up with conrad	玩家和康拉德上床了
line:2cf1c95e	player hooked up with conrad	玩家和康拉德上床了
line:c2529648	player hooked up with conrad	玩家和康拉德上床了
line:f7fd34b2	player hooked up with conrad	玩家和康拉德上床了
line:66e08b22	player hooked up with ryan	玩家和莱恩上床了
line:78039fd1	player hooked up with ryan	玩家和莱恩上床了
line:96a0c0c7	player hooked up with ryan	玩家和莱恩上床了
line:9bade6d6	player hooked up with ryan	玩家和莱恩上床了
line:0ddcd600	Please scrub Igwix off my back would you?	可以请你把伊格维克斯从我背上刷掉吗？
line:0632acbf	Plus they feel really nice.	而且也真的很舒服。
line:c7b8ba3d	Possibly...?	也许……？
line:637629a8	Pretty sure I can digest anything.	应该什么都消化得了。
line:65a41bc5	Pretty sure I'm all clean!	应该都洗干净了！
line:3750bbf0	Pretty sure that was everything.	应该全都好了。
line:960707b0	Primarily alchemy. Occasionally world history.	主要是炼金术，偶尔教世界史。
line:1475f95c	Professor Igwyx- My colleague who self-immolated earlier.	伊格维克斯教授——就是之前把自己烧起来的那位同事。
line:26e9d692	Professor, but yes. You have.	是教授，不过没错。你确实教会了我。
line:af0c15fd	Professor- But, yes. I usually don't go to public washes.	是教授——不过，没错。我平常不太去公共洗浴店。
line:962abe27	Project Scale mary	《极限返鳞》
line:e5d47feb	prole- <i><size=70%>wuh?	无产——<i><size=70%>什么？
line:c7b73162	Psst..!	嘘……！
line:9addfb4a	Ready!	准备好了！
line:875b5372	Really damn good!	真他妈棒！
line:9e9f3e75	Really damn good!	真他妈棒！
line:9364911d	Really looking forward to finding new people.	真的很期待认识新朋友。
line:8b0b222c	Really sets the mood.	超有情调。
line:4010d36d	Really well honestly.	老实说，超顺利。
line:cfcb40c7	Really?	真的吗？
line:0ec807a4	Really? Aw, That's really sweet.	真的？噢，这话真暖心。
line:630fed1b	Remove this barrier at once so I may enter.	立刻移开这道栅栏，让我进去。
line:65deb150	Right after this wash!	就洗完澡之后！
line:0caa6657	Right, I'll get that for you ASAP.	好，我马上帮你开。
line:1271b80c	Right.	对。
line:3ede5541	Right.	对。
line:6a2e4e0d	Right. I'll get to it.	好。我这就来。
line:29daeb62	Right. Phoenix feather. Obviously.	对。凤凰羽毛。那当然。
line:51d1b41e	Ryan is a sweetheart	莱恩很贴心。
line:202fce0c	RYAN THE BONE!	莱恩，骨头！
line:93bd9a2b	Ryan!	莱恩！
line:9b7e09b8	Ryan!	莱恩！
line:b76f49cd	Ryan!	莱恩！
line:1fa0fbbe	Ryan! I met him.	莱恩！我见到他了。
line:f0427bb9	Ryan! this is so sweet.	莱恩！你太贴心了。
line:92829935	Ryan's such a nice dragon.	莱恩真是条好龙。
line:13ca0a74	Ryan, you're not supposed to eat the stems-	莱恩，梗不能吃——
line:7a01d265	Ryan: I guess it is pretty exciting	Ryan: 我想，还挺刺激的。
line:e1526934	Ryan: I like that a lot	Ryan: 我很喜欢这样。
line:a430a2ff	Ryan: I think I am close too..	Ryan: 我想我也快了……
line:77626e43	Ryan: I would say it is going great	Ryan: 我觉得现在非常顺利。
line:f5f5b815	Ryan: I've never done this outside before	Ryan: 我以前没在外面做过。
line:6dd86b71	Ryan: This was nice	Ryan: 刚才真好。
line:41b9659f	Ryan: Wow.. Your stature is really the only thing small about you.	Ryan: 哇……你全身上下，真的只有身高算小。
line:aad89688	Ryan: Yea definitely. Worried about me?	Ryan: 当然。你在担心我？
line:ce6d6d7f	Ryan? you sure everything is okay...?	莱恩？你确定没事吗……？
line:1d3b255b	Save your mood setting for tonight!	你的情调留到今晚再说啦！
line:3ed6ab5d	Say do you remember the name of the college I work at?	话说，你还记得我在哪间学院任职吗？
line:a05a7804	Say...	话说……
line:82d7b5e4	Says who?	谁说的？
line:6c193ba9	Scales different today? <size=70%><i>is that a thing...? </i><size=100%>You look good today.	鳞片弄得不一样？<size=70%><i>有这种事吗……？</i><size=100%>你今天很好看。
line:426f40ff	See you again soon, yeah?	很快再见，好吗？
line:3112d78d	See you soon.	很快再见。
line:8072b186	See you tonight.	今晚见。
line:0d3b23da	Sheesh.	哇靠。
line:48435b12	Shh! I'm not from around here...	嘘！我不是这附近的人……
line:0f86dbf6	So am I!	我也是！
line:3063100e	So am I.	我也是。
line:a241eec6	So far so good though, yeah?	不过到目前都很顺利，对吧？
line:813c6dd4	So is this like... our first date?	所以这算是……我们第一次约会？
line:9b10d450	So this Conrad guy, seems like you like him?	所以那个康拉德，感觉你很喜欢他？
line:0c5dcd3c	So uh, gate?	那个，门？
line:84d8a935	So uh, mind opening the gate?	所以，呃，可以开门吗？
line:7da41ecd	So uhh, let me know if you need me to move.	那个，需要我挪动的话，告诉我一声。
line:3a469ae4	So yeah, I had a mishap..	那个，我出了点意外……
line:a6d6bf76	So you and Ryan huh?	所以，你和莱恩，嗯？
line:31fa3bdf	So you came in just to...	所以你来只是想……
line:5f64c352	So you're a certified dragon washer huh?	所以你是有资格证的龙族洗浴师，对吧？
line:c9e7bb1e	So you're a certified dragon washer huh?	所以你是有资格证的龙族洗浴师，对吧？
line:aedb6a51	So, coming in for a wash?	所以，是来洗澡的？
line:1c856f1c	So, how was your date?	所以，你的约会怎么样？
line:3cda84e6	So, tell me more about conrad!	所以，多跟我说说康拉德吧！
line:c10d9415	So, thanks on his behalf for caring.	所以，我替他谢谢你的关心。
line:e6aa9d20	So, with... relationships.	就是……感情的事。
line:a99c5c88	So. How about a date?	所以，约个会如何？
line:c2f44537	So. My girlfriend was home before me. she's a work-from-home dragon.	就是，我女朋友当时已经在家了。她是条在家办公的龙。
line:d9652dff	So. Our date tonight...	所以，今晚的约会……
line:b983f922	So. Tonight.	所以，今晚。
line:28c51dbf	So... A date. I think I'd like to go on one soon!	所以……约会。我想最近就来一次！
line:7c56b2d8	So... I was thinking about my relationships.	所以……我一直在想感情的事。
line:5a5e7f21	So<size=90%>o<size=80%>o<size=70%>o<size=60%>o... <size=100%>I 'aint dirty. But I am <i>~dirty~</i> y'know?	所<size=90%>以<size=80%>呢<size=70%>～<size=60%>～……<size=100%>我身上不脏，但心里很<i>～脏～</i>，懂吧？
line:8a35fb7b	So<size=90%>o<size=80%>o<size=70%>o<size=60%>o... <size=100%>Was wonderin'	所<size=90%>以<size=80%>呢<size=70%>～<size=60%>～……<size=100%>我在想啊
line:5230bdfd	Soap, then rinse!	先抹肥皂，再冲水！
line:c374e532	Somehow that feels more honest than anything anyone else says.	不知为何，这比其他人说的任何话都更真诚。
line:2898f680	Something happened last night	昨晚发生了一些事。
line:4dac3d2b	Something went wrong with flags!	剧情状态标记出了问题！
line:61c7f2d6	Something went wrong with flags!	剧情状态标记出了问题！
line:6d5ba814	Something went wrong with flags!	剧情状态标记出了问题！
line:8f64adc0	Something went wrong with flags!	剧情状态标记出了问题！
line:19cedc30	Sooo. You gonna jerk me off?	所以，你要帮我打手枪吗？
line:1646ece2	Sorry for coming in late. My sleeps borked.	抱歉这么晚来。我的作息乱掉了。
line:b2b32876	Sorry I'm bad at flirting. Could you get the gate?	抱歉，我不太会调情。可以开门吗？
line:13ba93ef	sorry!	抱歉！
line:e2f9c70c	Sorry, I meant to say I enjoy your wash.	抱歉，我的意思是，我很喜欢你的洗浴店。
line:78ca8d95	Sorry...	抱歉……
line:4af15fc3	Sounds good to me!	我没问题！
line:8c6e66f3	Sounds good!	好啊！
line:1ef36cb0	Sounds like a date then!	那就这么约好了！
line:d71ba53e	Sounds like a date then!	那就这么约好了！
line:5fc277a9	Sounds like a date then! Seafood then we play it by ear.	那就约好了！先吃海鲜，再看要做什么。
line:0e643191	Sounds like a date then, I'm excited.	那就这么约好了，我很期待。
line:c4642c9c	Sounds like a date then. I'm excited.	那就这么约好了，我很期待。
line:ffc401d1	Sounds like a plan.	就这么说定了。
line:c4dd137b	Sounds like it was good then.	那听起来很不错嘛。
line:7b6c47bd	Sounds like it.	听起来是。
line:5c51654f	Sounds nice.	听起来不错。
line:3a23b81f	Sounds really cool.	听起来超酷。
line:1dbf50b3	Sure	当然
line:c14ceb34	Sure is!	没错！
line:de7cd73a	Sure it is. Thanks to Conrad for having me get it.	当然。多亏康拉德叫我买这个。
line:05c673e7	Sure!	当然！
line:52542beb	Sure!	当然！
line:67f14802	Sure!	当然！
line:a2dc4ac0	Sure! I'll go get the gate.	好啊！我去开门。
line:dbb68858	Sure! I'll go get the gate.	好啊！我去开门。
line:601e1b38	Sure! I'm excited to tell you about Conrad.	好！我等不及跟你说康拉德的事了。
line:7b5c9d8c	Sure, but he needed someone who cared in that moment.	是啊，但当时他需要有人关心。
line:709a9a57	Sure.	当然。
line:4af4703c	Tasted real good though!	不过真的很好吃！
line:048fe71b	TELL ME ABOUT YOU AND CONRAD!	快告诉我你和康拉德的事！
line:2b84f2eb	Test line 1	测试台词 1
line:7a22b4d3	Test line 10	测试台词 10
line:ec12b3a4	Test line 11	测试台词 11
line:4f87d73a	Test line 12	测试台词 12
line:d9b7d04d	Test line 13	测试台词 13
line:63e6d9d4	Test line 14	测试台词 14
line:f5d6dea3	Test line 15	测试台词 15
line:64cb6133	Test line 16	测试台词 16
line:f2fb6644	Test line 17	测试台词 17
line:1772a124	Test line 18	测试台词 18
line:88119675	Test line 2	测试台词 2
line:1e219102	Test line 3	测试台词 3
line:a470989b	Test line 4	测试台词 4
line:32409fec	Test line 5	测试台词 5
line:a35d207c	Test line 6	测试台词 6
line:356d270b	Test line 7	测试台词 7
line:5643ba3d	Test line 8	测试台词 8
line:c073bd4a	Test line 9	测试台词 9
line:394db643	Thank the stars you're open.	谢天谢地，你还开着。
line:f1946aab	Thank you for cleaning me!!	谢谢你帮我洗干净！！
line:75b5b084	Thank you for getting me and Ryan in contact.	谢谢你帮我跟莱恩牵线。
line:189d999e	Thank you for listening.	谢谢你愿意听。
line:3398aea2	Thank you for that.	谢谢你让我能这么做。
line:875f0961	Thank you for the clean!	谢谢你帮我洗干净！
line:acb8a5aa	Thank you for the quick clean!	谢谢你这么快就帮我洗干净！
line:8512365e	Thank you!	谢谢！
line:bbca8a46	Thank you!	谢谢！
line:e449156d	Thank you!	谢谢您！
line:bb4e1dc1	Thank you, Ryan. I'm happy I got to meet you too	谢谢你，莱恩。我也很高兴认识你。
line:3b568c14	Thank you.	谢谢您。
line:6b245989	Thank you.	谢谢你。
line:836d1b13	Thank you.	谢谢您。
line:d60f2dc0	Thank you.	谢谢您。
line:035a0830	Thank you. I'd really appreciate it	谢谢你。我会很感激的。
line:f3e7a8fe	Thank you. Look good feel good!	谢谢你。好看了，心情就好！
line:d2d97c90	Thank you. You make this a whole lot easier to go through.	谢谢你。有你在，这一切好熬多了。
line:3027bcf7	Thanks for asking. It's enjoyable to be asked personal questions.	谢谢你问我。有人想了解我的私事，感觉很好。
line:aaf3066d	Thanks for cleaning me!	谢谢你帮我洗澡！
line:8150e2a2	Thanks for helping me out.	谢谢你帮我。
line:a2217280	Thanks for helping me out.	谢谢你帮我。
line:7db0baf0	Thanks for introducing me to him.	谢谢你把他介绍给我。
line:c6cee89f	Thanks for letting me in so late.	谢谢你这么晚还让我进来。
line:079b3782	Thanks for sharing food with me, You're a great friend.	谢谢你陪我一起吃东西，你是个好朋友。
line:85f901b0	Thanks for sharing food with me...	谢谢你陪我一起吃东西……
line:a39fd5a9	Thanks for that. Felt pretty damn good.	谢啦。刚才真他妈舒服。
line:505e150f	Thanks for the clean.	谢谢你帮我洗干净。
line:a40e531c	Thanks for the food! I'll go get the gate.	谢谢你的食物！我去开门。
line:f1692a96	Thanks for the suggestion!	谢谢你的建议！
line:81ebbec0	Thanks for the wash so late in the night.	谢谢你这么晚还帮我洗澡。
line:a9df4c5e	Thanks I'll be waiting!	谢谢，那我等你！
line:f73a3fc7	Thanks mate, see you tomorrow then.	谢啦，老兄，那明天见。
line:30f1f583	Thanks!	谢啦！
line:3484ab9d	Thanks!	谢啦！
line:44701902	Thanks!	谢啦！
line:4d868f2f	Thanks!	谢啦！
line:70190774	Thanks!	谢啦！
line:8b8f57c4	Thanks!	谢啦！
line:ab5b2574	Thanks!	谢啦！
line:b588bf4c	Thanks!	谢谢你！
line:bc5d790a	Thanks!	谢啦！
line:c07a9171	Thanks!	谢啦！
line:e7e57d9c	Thanks!	谢啦！
line:fa293cde	Thanks! Whats with all the... Gloop?	谢谢！你身上那些……黏糊糊的是什么？
line:e1609903	Thanks, but I'll be better. I promise.	谢谢，不过我会变得更好的。我保证。
line:02cbdc87	Thanks, I'm excited too.	谢谢，我也好期待。
line:37c9d915	Thanks, You're pleasant too!	谢谢，你也很讨人喜欢！
line:cb847372	Thanks, You're pleasant too!	谢谢，你也很讨人喜欢！
line:188d4359	Thanks.	谢啦。
line:316bb26e	Thanks.	谢谢。
line:34ec4db7	Thanks.	谢啦。
line:5183a6f2	Thanks.	谢啦。
line:c642cb17	Thanks.	谢了。
line:cf716777	Thanks.	谢谢你。
line:e00c6df5	Thanks.	谢谢。
line:e521db76	Thanks.	谢谢你。
line:f62e1c4f	Thanks.	谢谢你。
line:fbba1293	Thanks.	谢谢你。
line:8bfa88d7	Thanks. I like being around you too.	谢谢。我也喜欢跟你相处。
line:df0a8598	Thanks. I'm always happy to be here.	谢谢。我也总是很高兴能来。
line:084e3cbc	Thanks. See you soon.	谢谢。很快再见。
line:71d57aeb	Thanks. That's kind of you to say.	谢谢。你真会说话。
line:a1f9de62	Thanks. That's kind of you to say.	谢谢。你真会说话。
line:9a9a6120	Thankth!	谢穴！
line:e721d512	That brings me to my next question...	这就带到我下一个问题了……
line:215a2d34	That felt <i>good</i>.	<i>超爽</i>。
line:89150715	That is rather kind of you to say.	你真体贴。
line:a57409fb	That is the source of my worry...	这才是我担心的事……
line:ad261b84	That just makes it harder!	你这样说更难忍了！
line:7111d265	That makes me feel a lot more sure of myself then.	那让我对自己有信心多了。
line:3fac5bff	That makes me feel good to hear.	听你这么说，我好开心。
line:1c49f05b	That makes me happy to hear.	听你这么说，我很开心。
line:a8b70da7	That must mean it is! I'm glad.	那应该就是可以啰！真开心。
line:5738ea38	That nice to hear... But, I mean being taken care of more... Primally?	听你这么说很开心……不过我指的是更……本能的那种照顾？
line:8f598864	That one was almost too big-	那个差点就太大了——
line:5960dcbb	That should be all though, could you go get the gate?	不过应该就这样了，可以帮我开门吗？
line:116f0e16	That should be every spot.	应该每个地方都洗到了。
line:90444b09	That sounds like an over-reaction on her part.	听起来是她反应过度了。
line:f07c9e39	That sounds like an over-reaction on her part.	听起来是她反应过度了。
line:c78cf81f	That sounds lovely!	听起来很棒！
line:eaa3c173	That they are...	确实如此……
line:f4b9a455	That was much nicer than a hose.	比用水管冲舒服多了。
line:78cef130	That was never a concern. I'm a rather risk averse dragon.	那从来就不是问题。我是条相当谨慎的龙。
line:22d271f4	That was really fun.	刚才真好玩。
line:019b83df	That was wonderful! I feel so much better about dating.	真是太棒了！我对约会有信心多了。
line:d7bf167b	That was... Nicer than I expected.	那比我想的……还要舒服。
line:577cec43	That's a mount, no?	那是交配架，对吧？
line:825536f5	That's a tricky question to answer.	这问题不太好回答。
line:66fb84fe	That's all I want to ask.	我想问的就这些。
line:ac1ed298	That's all you can ask for, right?	能这样就够了，对吧？
line:6605187b	That's an appeal to authority fallacy. But, yes. I'm correct.	这是诉诸权威的谬误。不过，没错，我说的确实对。
line:52f81dde	That's cute!	真可爱！
line:45befc02	That's exciting!	好令人期待！
line:13cd5511	That's fast... But I think so!	也太快了……不过我想可以！
line:4ff91cbd	That's fine!	没关系！
line:163c524a	That's good to hear.	听起来真好。
line:33e2bee6	That's good to hear.	听起来真好。
line:30e461f2	That's good. You deserve a decent man.	那就好。你值得一个好男人。
line:aeae4744	That's good... Now what?	那就好……接下来呢？
line:f3eeb627	That's great! whens your first date?	太好了！你们第一次约会是什么时候？
line:215f4eba	That's me.	就是我。
line:cf8c5f37	That's not a thing... But thank you!	没那回事……不过谢谢你！
line:3f29878b	That's rather nice of you to say.	你这么说，真让人暖心。
line:d38c63ea	That's really cute.	真可爱。
line:6474d7f7	That's really nice!	那真好！
line:c5001a4c	That's the best way to eat'em!	这样吃才最棒！
line:2a5cc3a5	That's very sweet.	这话真暖心。
line:7052576b	That's what I like to hear.	这话我爱听。
line:2a154290	That's what I thought too.	我也是这么想的。
line:33d12f97	That's what I thought too.	我也是这么想的。
line:2b7bb6ce	That's what's terrifying.	可怕的就是这一点。
line:36fb380f	That's wonderful, he's cute!	太好了，他很可爱！
line:266836f8	That's... the first time you've yipped for me.	这是……你第一次对我嗷。
line:9b0b24ad	That.	刚刚那个。
line:6ff80785	That... makes me feel a lot more sure of myself then.	那……让我对自己有信心多了。
line:cc6d631b	That... makes me feel a lot more sure of myself then.	那……让我对自己有信心多了。
line:ecf6206f	Thats awesome. I'm glad you two are working out.	太好了。很高兴你们相处得很好。
line:0f8bb606	Thats good to hear.	听到这个真好。
line:f5324d68	Thats really good to hear.	听到这个真好。
line:063dcd4b	The ability to open up to someone, even occasionally...	能向一个人敞开心扉，即使只是偶尔……
line:8919009a	The ambiance is nice.	气氛很棒。
line:08c850bf	The apothecary will tarnish my name for months.	药剂师肯定会把我的糗事传上好几个月。
line:01b4161e	The breakup I went through earlier was rough.	之前那场分手很难熬。
line:c932c99d	The breakup I went through earlier was rough.	之前那场分手很难熬。
line:dd06ed39	The Burnswick Community College of Thaumaturgy, of course!	当然是伯恩斯威克社区魔法学院！
line:515099ec	The button on the wall, I mean.	我是说墙上的按钮。
line:7fe73572	The clean was fine.	洗得还行。
line:e8a38ed0	The college cannot find out about this okay?	不能让学院知道这件事，好吗？
line:1a169dbc	The lights in the area are great too.	那一带的灯光也很棒。
line:610dd8cb	The markers were fun.	用马克笔画着玩还挺有意思的。
line:4b36ea4e	The most prestigious college hosting prestigious professors like me:	那是最负盛名的学院，里面有像我这样德高望重的教授：
line:ec00a1fe	The mount? I... suppose!	交配架？我……可以吧！
line:94e04dcf	The mount? Sure!	交配架？好啊！
line:d8273d7f	The night 'aint gonna start itself!	夜生活可不会自己开始啊！
line:1f2907ed	The rain has been unrelenting today!	今天这雨一直下个不停！
line:1804bf0a	The rain is nice.	下雨很舒服。
line:7e9a1f83	The stem is just extra food.	梗只是多一点食物而已。
line:c88244b5	The vibe at night is fuckin' great.	晚上那气氛真他妈棒。
line:d8a2002e	Then I better let you out!	那我得快点让你出去！
line:d7b3cd09	Then- Have a productive day.	那么——祝你工作顺利。
line:448afe95	There was a fault in his method.	他的做法出了点差错。
line:48d4a45a	There's this one red dragon, Conrad. He's... Hot headed, but cute.	有一条红龙叫康拉德。他……脾气有点冲，但很可爱。
line:f4af8b88	Theres this club downtown. 'Wings'. It's an old favorite of mine.	市中心有间夜店叫「羽翼」。我以前就很喜欢。
line:972f132f	These washes really make things easier.	来这里洗澡，真的让一切好受多了。
line:352d1d6f	They cum	他们射了。
line:d78962e8	They cum	他们射了。
line:3200a588	They keep going	他们继续。
line:a31d1a18	They keep going	他们继续。
line:035e5be6	They seem cute!	感觉很可爱！
line:454172b0	They took it too far.	他们太过分了。
line:d7b49fb8	They were! The stem is my favorite part though.	真的很好吃！不过我最喜欢的是梗。
line:d156a87f	Think that's every spot.	应该每个地方都洗到了。
line:fa1a1e76	Think that's it.	应该差不多了。
line:3112adad	This drake at the bar... I was stupid. Couldn't shut my mouth.	酒吧有条龙……我蠢死了。就是闭不上嘴。
line:bfd70320	This feels scandalous	感觉会惹出丑闻
line:cb437bd0	This is a common practice?	这是常见的做法吗？
line:831cbfda	This is a job only you can do.	这件事只有你办得到。
line:4944dbda	This is delicious!	好好吃！
line:088893da	This is my first time with a Kobold.	这是我第一次和狗头人做。
line:e218722c	This is my first time, actually!	其实这是我的第一次！
line:9eb894ad	This is really nice..	真的好舒服……
line:c7e4e36f	This is the kind of shit I try to avoid!	我就是想避开这种破事啊！
line:22929636	This place could use a makeover, I know would it could use!	这地方该整修一下，我知道少了什么！
line:b06e13bc	This soap isn't fitting for a professor don't you think?	你不觉得这种肥皂配不上教授的身分吗？
line:97841169	This was a nice escape.	这里是个很棒的避风港。
line:5f02ceea	This was a wonderful escape...	这里是个很棒的避风港……
line:d45f4788	This was nice...	这次真好……
line:418498cf	Those grapes looked good.	那些葡萄看起来很好吃。
line:e9d73205	Though every other wash I've been to at least has a mount	不过我去过的其他洗浴店，至少都有交配架。
line:29e70457	Though I can't say I am not curious	不过，我也不能说自己不好奇
line:9c3e6004	Though you probably shouldn't eat them.	不过你最好别吃。
line:f1ca33da	title: Alexander_Done	title: Alexander_Done
line:3ed2f649	title: Conrad_OutroDone	title: Conrad_OutroDone
line:74c28add	title: ConradBeatup_OutroDone	title: ConradBeatup_OutroDone
line:722243c8	title: RyanDate_OutroDone	title: RyanDate_OutroDone
line:b4eee981	title: RyanExploded_OutroDone	title: RyanExploded_OutroDone
line:6298f08b	Told me about the time he got beat up.	他说起自己被打的那次。
line:ee954bd9	Told me to go to a wash, and was acting extremely offended.	叫我去洗浴店，表现得像我冒犯了她一样。
line:c66e1278	Tonight- on campus. The library is the large blue spire building.	今晚，在校园里。图书馆就是那栋蓝色大尖塔。
line:434527c6	Truly terrible, no?	真是糟糕透了，对吧？
line:5a5d646c	Truly?	真的？
line:e3aa4e29	Truth be told, I got dirty to come here.	说实话，我是为了来这里才把自己弄脏的。
line:0979dea3	Uh, I'm still really soapy!	呃，我身上还有好多泡沫！
line:05bbe58c	Uh-huh, I'll go get the gate	嗯哼，我去开门。
line:7de638fb	Uh... Hello?	呃……你好？
line:7de9b3a4	Uh... uhm...	呃……嗯……
line:159c5c1f	Uh... Yeah.	呃……对喔。
line:2089db44	Uhhhm we're not exactly.	呃，其实我们已经打烊了……
line:3ed62e6b	Uhm, no, I'll just be REALLY upset.	呃，没有，我只是会非常不爽。
line:f0a579a5	Uhm...	嗯……
line:cc295885	uhm... <size=60%>no?	嗯……<size=60%>没有？
line:29237bc3	Use the crowbar to open and place it in storage, would you?	用撬棍打开，再收到储藏室里，好吗？
line:1ec0dc6a	Use the sprayer on the wall to wash me off.	用墙上的喷枪帮我冲干净吧。
line:a716d3b8	Uunf. T-that was... Rather undignified.	唔。刚、刚才……实在有失体面。
line:a37177dd	V-very well. I'll try.	好、好的。我试试。
line:209ddf97	Very cool	很酷。
line:2f10f572	Very well. Don't let me interrupt the wash then!	好吧。那就不打扰你帮我洗澡了！
line:7678511c	Wah- huh- <size=80%>oah. <size=60%>we don't-	哇——啊——<size=80%>哦。<size=60%>我们没有——
line:82e2c158	Wait a sec, I need to open the gate.	等一下，我得先开门。
line:9c7a2fb7	Wait a sec, I need to open the gate.	等一下，我得先开门。
line:8ab5686b	Was great! Ryan is a sweetheart.	很棒！莱恩人超贴心。
line:d8c9f912	Was just doing my job!	我只是在做自己的工作！
line:148a63c8	Was just trying to play along. Happy to see you!	只是想配合你一下。很高兴见到你！
line:56261ccb	Was still good though! I like how it feels sliding down.	不过还是很好吃！我喜欢它滑下去的感觉。
line:4d002f47	Was... <i>Really</i> upset I was muddy.	对我弄得满身泥这件事……<i>非常</i>生气。
line:014b5da5	Watch where those paws are going would you?	注意一下你的爪子往哪摸，好吗？
line:3028feb5	We also had sex after our date.	我们约会后也上床了。
line:d132db41	We can just lay here...	我们就这样躺着……
line:4da8b942	We can make an opening.	我们可以挪个空位。
line:8c563ab8	We can make an opening.	我们可以挪个空位。
line:33a79dbe	We do! Are you... from the college...?	有啊！您是……学院的人吗……？
line:b83ec453	We got your request for the mount!	我们收到你订购交配架的申请了！
line:8b7b8d6b	We went out to eat. Had some good conversation.	我们出去吃饭，聊得很开心。
line:74706bb3	We will need to clean the floors...	我们得清理地板……
line:df8fb8c9	We'll be going out to this seafood place-	我们要去一间海鲜餐厅——
line:110a2ced	Welcome back!	欢迎回来！
line:b042f12a	Welcome back!	欢迎回来！
line:c46f5033	Well great, I appreciate your discretion, I'll be headed off to the apothecary.	那太好了，感谢你守口如瓶，我要去找药剂师了。
line:08f40e32	Well I had a good time, see you later then!	总之，我很开心，那下次见！
line:c1e8b05d	Well I had a good time, see you later then!	总之，我很开心，那下次见！
line:fcff7b00	Well, go to the window and speak with your customer.	那就去窗口跟客人说话。
line:fc1e497a	Well, good luck getting your hands around all of me.	嗯，祝你好运，看看你的手能不能握住整根。
line:60f14972	Well, I do enjoy the color. But I believe that is unrelated to my hue.	嗯，我确实喜欢这个颜色。不过我认为跟自己的颜色无关。
line:c9f270de	Well, I'm a dragon- but... You know what I mean.	嗯，我是条龙——不过……你懂我的意思。
line:f7f87f6c	Well, That's why I'm here!	嗯，所以才有我在啊！
line:629d89d1	Well, yes. I mean more... Primally?	嗯，没错。我指的是更……本能的那一面？
line:8aa0fc1a	Well, you are one hell of a catch.	你可是个超抢手的对象。
line:5d34e715	Well, you better get one then!	那你最好去买一个！
line:f16e75f3	Well...	这个嘛……
line:a71a8385	Went to the bar... Things got spicy. You can imagine what happened next... <size=70%>Hah...	去了酒吧……气氛热了起来。接下来发生什么，你应该想得到……<size=70%>哈……
line:2e0ec324	Wha..?	什么……？
line:29ec93b2	Whaaat. Nothing wrong with it! figured you'd like to know.	怎样啦？又没什么不对！想说你会想知道。
line:18e5a573	Whaaat? It's good to make sure you're warmed up!	怎么啦？先热好身不是挺好的吗！
line:bd66082e	What about a movie?	看电影怎么样？
line:ee3c126b	What about your private washers?	那你的私人洗浴师呢？
line:871137eb	What about?	说什么？
line:bb3b6c71	What brings you in so late?	怎么这么晚来？
line:2dd518f0	What do you mean?	什么意思？
line:2fae1274	What do you mean?	什么意思？
line:3c2c53dc	What do you mean?	什么意思？
line:838cdf1b	What do you think of me?	你觉得我怎么样？
line:c2bdc402	What does the number 7 taste like?	数字 7 是什么味道？
line:56fc085a	What happened!?	发生什么事了！？
line:0bc56d4d	what happened?	发生什么事了？
line:8c3b76ea	What is it?	什么问题？
line:44b711a0	What is..	这是什……
line:53301d3b	What kind of egg was that?	那是什么蛋？
line:073701b7	What kind of movie are you thinking?	你想看哪一种？
line:03cf1c9a	What kind of question?	哪一种问题？
line:003700c7	What kinds of classes do you teach?	你教哪些课？
line:e2406cc4	What now?	接下来呢？
line:0c583118	What was in those opened crates?	那些拆开的箱子里装了什么？
line:5a195ff2	What!? that's terrible! You don't even have a mount...?	什么！？太糟了吧！你连交配架都没有……？
line:8ebd442e	What's got you looking so happy?	什么事让你这么开心？
line:fc7aaaa0	What's teaching like?	教书是什么感觉？
line:f99840cd	What's that?	那是什么？
line:1a0b719d	What's up?	怎么啦？
line:29359884	What's up?	怎么啦？
line:8d5c7802	What's up?	怎么啦？
line:712f9d7c	what?	什么？
line:766c2abd	What? All the best places do it!	什么？最棒的店都有耶！
line:159a1d54	What? I'm a professor! Can't you tell from my crest?	什么？我是教授！看我的头冠还看不出来吗？
line:9aa86a9b	What? There is no harm caused by a genuine compliment!	怎么了？真心称赞一下，又不会害到谁！
line:b2fe309b	Whats got you in a good mood?	什么事让你心情这么好？
line:93a145d4	Whats up, big guy?	怎么啦，大家伙？
line:4efe8211	Whats up?	怎么了？
line:866cd495	Whats up?	怎么了？
line:bfc04b3a	Whats up?	怎么了？
line:e01885c3	Whats up?	怎么了？
line:f7d786b6	Whats with all the... Gloop?	你身上那些……黏糊糊的是什么？
line:c4c81aa9	Whats your favorite part about him?	你最喜欢他哪一点？
line:ff6ef027	When do you actually end the relationship?	到底什么时候才该真的结束呢？
line:2ffe284b	When I met him at first I was falling back on my old script.	刚见到他的时候，我又不自觉地照着老套路来。
line:eb019075	When you're done go ahead and hit the button.	洗好了就按一下按钮。
line:5d4e9392	Where did he go...?	他去哪了……？
line:7af04961	Where would you like to go?	你想去哪里？
line:7e9389a7	Which college?	哪间学院？
line:2d315c6c	Who knew a dragon could get so dirty, huh?	谁想得到一条龙能弄得这么脏，对吧？
line:a97338b0	Who knew places such as this existed so readily available to the public!	没想到这样的地方，普通人也能随时来！
line:8b7915f4	Who's that?	是谁？
line:ebd63f8c	Who's there?	谁在那里？
line:eea7573f	Whoa! Cold!	哇！好冰！
line:1acbd02a	Whoops	哎呀
line:5a6c0d31	Whoops	哎呀
line:afc6c00a	Whoops	哎呀
line:c30013ff	Whoops	哎呀
line:9df56a3a	why are you here so late?	你怎么这么晚还过来？
line:bb8583c1	With Ryan, I'm pretty sure we're gonna go on a date tonight.	我和莱恩，今晚应该就要去约会了。
line:c236bdf9	Woah. Uhm.	哇。嗯。
line:390f05be	Woah... What is that in your mouth?	哇……你嘴里那是什么？
line:4b93b009	Woah... You want me to use that? Even with the food? Alright!	哇……你想让我用那个？食物还在也没关系？好啊！
line:4cacfab8	Wonderful to hear you're seeing someone!	真高兴听到你有交往对象了！
line:f6fdf321	Wonderful to hear you're seeing someone!	真高兴听到你有交往对象了！
line:7e2421b6	Wonderful to hear.	听你这么说真好。
line:36d49875	Wonderful!	太棒了！
line:6046bedf	Wonderful!	太棒了！
line:ab423ac7	Wonderful!	太棒了！
line:5a9abbd4	Wonderful. Have a <i>productive</i> day.	很好。祝你度过<i>充实</i>的一天。
line:ec771552	Woops.	哎呀。
line:51bcff68	Would that interest you?	你有兴趣吗？
line:8c8591ec	Would you care to join me at the college library this evening...?	今晚，你愿意跟我一起去学院图书馆吗……？
line:985436e6	Wouldn't that be degrading?	那不会让你觉得受辱吗？
line:1e027369	Wow thanks, that feels good.	哇，谢谢，好舒服。
line:737184f5	Wow!	哇！
line:ead1bf44	Wow, it's an experience seeing you eat like that.	哇，看你那样吃东西，真是难得的体验。
line:5da1e074	Y'know?	你懂吗？
line:79352475	Ya.	喜欢啊。
line:f6c14e05	Ya.	对呀。
line:b6add8e0	Yea! I do!	对啊！我超酷！
line:b44edd29	Yeaaah I'm not sticking with that one.	对——我不会继续用这称号了。
line:7a471225	Yeaaah.	对啊——。
line:5483c5fd	Yeah	对啊
line:3a5d5ca4	Yeah he seems like he'd push some buttons.	对啊，他看起来确实很让人心动。
line:63024a1f	Yeah he's improved a lot.	对啊，他进步很多。
line:5847a779	Yeah I have.	嗯，说过了。
line:f3b5952a	Yeah I'm happy too.	对啊，我也很开心。
line:fb47f998	Yeah it go BRRT haha.	对啊，按下去就叭——哈哈。
line:eef9b2bb	Yeah It's fine. Sorry.	嗯，没事。抱歉。
line:fbc80e96	Yeah let me get that for you.	好，我帮你开。
line:f212b2de	Yeah so I'm all muddy and stuff, love romping around in the public park.	对啊，我弄得满身都是泥，最喜欢在公园里到处跑了。
line:108de471	Yeah that sounds pretty good.	好啊，听起来不错。
line:fdd800c2	Yeah! clean as always.	对！跟平常一样干净。
line:dee4a32d	Yeah! Conrad, he's adorable. Though he'd hate I said that.	有啊！康拉德，他超可爱。不过他一定不喜欢我这么说。
line:ab1bc039	Yeah! I feel clean.	对！我感觉很干净。
line:6733a3df	Yeah! I'm going on a date with him soon.	对啊！我很快就要跟他约会了。
line:66727cce	Yeah! It has food that should be good for both of us.	对啊！里面有我们两个应该都能吃的东西。
line:b482634c	Yeah! its useful.	对啊！很好用。
line:da9cfdcf	Yeah! Just went on a date with Conrad.	很好啊！刚和康拉德约完会。
line:3f153aaf	Yeah! Just went on a date with Ryan.	很好啊！刚和莱恩约完会。
line:77ca2316	Yeah! Thanks for the food. I'll go get the gate.	好啊！谢谢你的食物。我去开门。
line:c87d632b	Yeah! That would be amazing.	对啊！那一定很棒。
line:71c0ee9a	Yeah, ever since the breakup I've been looking for something new.	对啊，分手之后，我一直想找点新事物。
line:bee397db	Yeah, he's so kind to me.	对啊，他对我好好。
line:4815ddba	Yeah, I've got one.	有，我有一个。
line:24efaa49	Yeah, me too. He's real nice.	对啊，我也希望。他真的很好。
line:6fa847ba	Yeah, nah. Mate you gotta get in on this. I'll pay good!	不是吧，老兄。你得做这个啦，我会好好付钱的！
line:266f699d	Yeah, taste good!	对啊，很好吃！
line:67cc394b	Yeah, that was scary at first.	对啊，一开始真的吓到我了。
line:a9980f5e	Yeah, this has been super nice.	对啊，这次真的很棒。
line:54c44240	Yeah, you're right.	嗯，你说得对。
line:bb1827c7	Yeah- Though only if you want!	对——但要你也愿意才行！
line:7311dc01	Yeah.	好。
line:95e2f7cc	Yeah.	对啊。
line:9fd5b834	Yeah. <size=90%>Oh- <size=80%>you know. I'm like... <size=70%>Haha. Yeah. Mhm!	对啊。<size=90%>喔——<size=80%>你知道，我就是……<size=70%>哈哈。对。嗯哼！
line:a28a70c6	Yeah. At least I got to meet you because of it.	对啊。至少也因此认识了你。
line:e5937e30	Yeah. I like fish!	吃啊，我喜欢鱼！
line:0372e0d1	Yeah. It wasn't too expensive.	对啊，没有很贵。
line:6804839d	Yeah. It's hard to unwind groups after something like that.	对啊。发生那种事之后，很难把朋友圈的关系理清。
line:6e0e4e11	Yeah. You two will be cute.	对啊，你们在一起一定很可爱。
line:616121a9	Yeah...	对啊……
line:f244d080	Yeah... He's really great.	对啊……他真的很棒。
line:5bab2df8	Yeah... I've never gone on a date with a kobold before.	是啊……我以前从没跟狗头人约会过。
line:8eeb7e28	Yeah... It really isn't.	是啊……真的不容易。
line:039a0c83	Yeah?	怎么啦？
line:2fb3fe55	Yeah?	怎么啦？
line:92bd78f3	Yeah?	怎么啦？
line:3690a3eb	Yeah? I don't even see a mount.	对啊？我连交配架都没看到。
line:ea2adb20	Yeah? tell me about it!	是吗？快跟我说！
line:78eccd9b	Yellow lime.	黄色的青柠。
line:5fd7bc69	Yep!	对啊！
line:b6c878fa	Yep!	对啊！
line:fcff76d4	Yep! I'll get the gate.	好啊！我去开门。
line:3cdcbd4a	Yes	可以
line:991dc643	Yes	会。
line:e535cacb	Yes	是的。
line:fb4265f7	Yes	可以
line:4ab6c5a9	yes	有
line:db98be35	Yes right this way.	有，这边请。
line:52010e35	YES!	好耶！
line:c4310942	Yes!	好啊！
line:d5f94e23	Yes!	有啊！
line:5592e639	Yes, welcome to Drag'N Wash!	没错，欢迎来到 Drag'N Wash！
line:f676b9a8	Yes, welcome to Drag'n wash!	没错，欢迎来到 Drag'N Wash！
line:a610ce0b	YES.	超有。
line:85fd5266	Yes.	好。
line:152cb8ad	Yes. I'm in need of a clean. The situation is rather dire!	是的。我需要清洗。情况相当紧急！
line:c4595dd5	Yes. It's invigorating to be so candid.	对。能这么坦率，真令人振奋。
line:d7e50f2d	Yes..	好……
line:5811655d	Yes... But I believe we need to clean the floors.	是的……不过我想，我们得清理地板了。
line:9444cdba	Yip	嗷
line:14d2c62f	Yip!	嗷！
line:296ff3f4	Yip!	嗷！
line:3d516ddb	Yip!	嗷！
line:3e870ad0	Yip!	嗷！
line:5544e245	Yip!	嗷！
line:5efde4e2	Yip!	嗷！
line:c3e1f198	Yip!	嗷！
line:e662501c	Yip!	嗷！
line:5e181cf4	Yip! <size=70%>(Gate)	嗷！<size=70%>（开门）
line:b12a3f31	Yip! <size=70%>(idk)	嗷！<size=70%>（不知道）
line:a8ee5236	Yip! <size=70%>(It's because the dormant part of your draconic mind is remembering the deep set language bridge between your kind and mine. Which carries the deep meaning and intention of kobold 'Yips' within it. This sudden understanding of yours is simply from our connection growing over time and activating that part of your mind.)	嗷！<size=70%>（因为你龙族心智中沉睡的部分，正回想起你我两族之间根深蒂固的语言桥梁。那里蕴含着狗头人「嗷」声中的深层意义与意图。你突然能理解，只是因为我们的联系日渐加深，唤醒了你心智中的那个部分。）
line:5935a413	Yip! <size=70%>(Yes)	嗷！<size=70%>（对）
line:f1c14f75	Yip-Man - The Final Yip	《嗷问：最后一嗷》
line:4b9046ec	Yip-Man movies are real corny...	《嗷问》系列真的很老套……
line:3d6b2203	You again?	又是你？
line:81416c72	You already are, whats up?	你已经问了啊，怎么了？
line:6fbc3c1b	You also do <i>special endings</i> here, yeah?	你这里也有<i>特殊收尾</i>，对吧？
line:e553c773	You also introduced me to Conrad.	你还把康拉德介绍给我。
line:feb8727e	You always make me feel welcomed.	你总是让我觉得自己很受欢迎。
line:563d71ba	You are too!	你也很可爱！
line:4efafbb0	You are very skilled with your hands	你的手上功夫真好。
line:0dd63830	You brought food in?	你带食物来了？
line:38043f6c	You can act however you like around me.	在我身边，你想怎么样都可以。
line:3fbd01fb	You can come in whenever!	你什么时候都可以来！
line:0eb37f1a	You can stay here if you want.	你想的话，可以留下来。
line:ecc04e16	You decide!	你决定！
line:19698f13	You didn't even open the watermelon.	你连西瓜都没切开。
line:7e8c1ae2	You do know how to use your hands pretty well.	你的手上功夫确实很不错。
line:7023b6b4	You don't deserve that.	你不该被那样对待。
line:c0cc0f2d	You got a medkit?	你有急救箱吗？
line:c2b3c28a	you know about getting back into the dating scene...	就是重新开始约会那件事……
line:512df07c	You know what that means.	你知道这代表什么。
line:e613cbe3	You know what that means...	你知道这代表什么……
line:73e4789c	You know... This environment is rather pleasant. Very... proletarian.	你知道吗……这里的环境挺宜人的。很有……无产阶级的气息。
line:404b17ef	You look good this clean!	你洗干净的样子真好看！
line:780c151c	You needn't worry. The washer's union is... More powerful than I.	不用担心。洗浴师工会……比我还有权势。
line:3fab049a	You probably shouldn't.	你最好别试。
line:0bc044da	You ready for this?	准备好了吗？
line:f0a0565a	You ready to go back in to the club?	准备好回夜店了吗？
line:c0e34d36	You really ate that entire thing... Woah.	你真的把整个都吃下去了……哇。
line:82cf49aa	You seemed to enjoy yourself.	你看起来很享受。
line:ba66095e	You set a good example.	你是个好榜样。
line:6c2a1901	You should be all clean!	你应该全洗干净了！
line:36779352	You should be.	你是该期待。
line:86154a64	You should feel it and check for me	你应该摸摸看，帮我确认一下。
line:20503ab0	You sure? It's not like... fun stuff.	你确定？这又不是什么……开心的事。
line:0a0d6bc0	You too! I'll go get the gate.	我也是！我去开门。
line:e3106999	You too. Thanks for the wash.	我也是。谢谢你帮我洗澡。
line:fc97aa74	You too. Thanks for the wash.	我也是。谢谢你帮我洗澡。
line:5e4d645c	You two are really cute together...	你们两个在一起真的很可爱……
line:b76a2a43	You were really going at it.	你刚刚真卖力。
line:83aa1a23	You work at a college?	您在学院工作？
line:85fa0d03	You'd need a dragon stomach first!	你得先有个龙的胃才行！
line:ebd2af6b	You'll have to give me all the Ryan details soon.	等一下你得把和莱恩的细节全告诉我。
line:6c71dd83	You'll have to tell me all about it.	你得把经过全都告诉我。
line:91ab30f5	You'll have to tell me how you two work out!	你们之后怎么样，一定要告诉我！
line:ffeff59b	You'll have to tell me more inside.	进来之后，你得多跟我说说。
line:5eb243c2	You'll like it.	你会喜欢的。
line:6acf7c77	You'll need to let them in afterwards of course.	之后当然还得让客人进来。
line:6b63d2d8	You'll take care of everything?	你会处理好一切？
line:f2527ed7	You're <i>spotless.	你已经<i>一尘不染了。
line:23ae97e6	You're a big deal	你才是大人物。
line:323e546b	You're a good friend too, I'll go get the gate.	你也是个好朋友。我去开门。
line:44e97be7	You're always welcome here, Ryan.	莱恩，这里永远欢迎你。
line:09e5bf43	You're cute by the way.	顺带一提，你很可爱。
line:277d8257	You're fine. Thank you.	没事的。谢谢你。
line:8c269acb	You're going to love it.	你一定会爱上那里。
line:173782fa	You're good at it.	你做得很好。
line:1dca8fa0	You're just a very comfortable person to be around.	只是跟你相处真的很自在。
line:42124159	You're just a very comfortable person to be around.	只是跟你相处真的很自在。
line:d3b6d22a	You're kind. It's more than I deserve.	你真好。我不值得你这样对我。
line:ca72bf2d	You're okay. You're clearly going through a lot.	没事。你显然正在经历很多事。
line:68887509	You're one of my favorite clients!	你是我最喜欢的客人之一！
line:c4cc497f	You're pretty hot.	你挺性感的。
line:b6603dc7	You're right. I shouldn't pry.	你说得对。我不该多问。
line:31ab814e	You're right... Theres no way you could.	你说得对……你不可能替我回答。
line:470cd652	You're the first person I've met who's only expectation is for me to be...	你是我遇过的第一个，只期待我做……
line:f718a7eb	You're the professor here. Must be correct.	你是教授，你说的一定对。
line:15f55959	You're very sweet.	你真的很贴心。
line:bc6cc4d2	You're very sweet.	你真是体贴。
line:6289a322	You're very welcome.	不用客气。
line:39ddd682	You're...	你是……
line:6e94f373	You're... cool.	你……很酷。
line:61c96494	You're... Not that dirty.	您……没有很脏啊。
line:8bab3246	You're... very forward.	你……还真直接。
line:3bbab759	You've gotta keep me updated on you and Ryan, yeah?	你跟莱恩有什么进展，一定要跟我说，好吗？
line:a5a8a9d5	Your crest is cool. What is it?	你的头冠好酷。那是什么？
line:3890b91c	Your date with Ryan.	你和莱恩的约会。
line:82109412	Your secret's safe with me.	你的秘密，我会守住。
line:ed8e7994	Yours doesn't. It's nice.	你的没有。这样真好。
line:016a65e8	Yuh, that's me.	对，就是我。
line:38eb6d26	Yup!	对！
line:7ac62718	Yup. I like it.	对，我很喜欢。
