# line ID	exact English source	translation (English A-Z then ID)
line:39fd52f1	'Ey big dog.	Эй, здоровенный пёс!
line:918d7820	'Ey big kobold.	Эй, здоровенный кобольд.
line:155c00eb	'think', 'On the way here'? Then you weren't covered in ink before...	«Кажется», «по дороге сюда»? Значит, до этого вы были чистым...
line:15bcd86c	'Yes way', There is nothing I am more certain of.	Может. Ни в чём я не уверен так, как в этом.
line:4d49ae72	'Yes way', There is nothing I am more certain of.	Может. Ни в чём я не уверен так, как в этом.
line:25f35611	---	---
line:4b9b3a43	---	---
line:97ab84a8	---	---
line:db5b3129	---	---
line:e2f28daa	---	---
line:3d2df033	..	..
line:8c0e2d04	..	..
line:b36eb839	..	..
line:03d2f0bb	...	...
line:045f5836	...	...
line:1113335e	...	...
line:227eda5e	...	...
line:30a74521	...	...
line:4810891f	...	...
line:4da86a7a	...	...
line:610824ef	...	...
line:6757e4a0	...	...
line:695ef750	...	...
line:7426a997	...	...
line:759a495e	...	...
line:7e189c92	...	...
line:812700a5	...	...
line:848f5cd8	...	...
line:85f39b27	...	...
line:9504ba33	...	...
line:a6531779	...	...
line:b59e9091	...	...
line:b7f0551c	...	...
line:c272e55f	...	...
line:cdb8d8db	...	...
line:cfe4b91d	...	...
line:d6483230	...	...
line:d90d368f	...	...
line:d9516fdd	...	...
line:dd197e7c	...	...
line:decf872a	...	...
line:e9d40a5c	...	...
line:20f87f8d	... A class which I'm teaching rather soon.	...Кстати, следующее занятие уже совсем скоро.
line:4815d919	... Being a bit of a jerk honestly.	...Вёл себя как придурок, если честно.
line:11bfce3b	... I thought we were good friends, we have sex all the time!	...Я думал, мы хорошие друзья. Мы же постоянно трахаемся!
line:1bebf328	... Thank you..	...Спасибо...
line:a8eb78ed	... you're done? I'm still dirty..	...Уже всё? Я ещё грязный...
line:ef611d11	... you're done? I'm still soapy..	...Уже всё? На мне ещё мыло...
line:496134bc	...!	...!
line:7cc45755	...!	...!
line:6585925d	...<i><size=70%>I have one on him at least.	...<i><size=70%>Уж он-то мне точно нравится.
line:e2ea4ead	...A wash for our date tonight.	...К нашему сегодняшнему свиданию.
line:048d7f84	...About what I said earlier.	...Возвращаясь к тому, что я говорил.
line:55d1f6ef	...and nice.	...И добрый.
line:79a1a205	...But not in like a bad weird way.	...Но не в каком-нибудь плохом или странном смысле.
line:3592632e	...It's intimidating knowing how much they look up to me.	...Даже страшно оттого, насколько они смотрят на меня снизу вверх.
line:7e08544c	...It's odd being able to speak so freely with someone.	...Непривычно беседовать с кем-то столь свободно.
line:f0cb8389	...No	...Нет.
line:92601622	...Okay, come in	...Ладно, заходи.
line:e381559c	...Thank you for this.	...Благодарю за помощь.
line:b7b5f7fb	...Thanks.	...Спасибо.
line:dbab7a39	<b><i><size=130%>Did you suggest Ryan to Conrad?	<b><i><size=130%>Вы предложили Конраду познакомиться с Райаном?
line:36ff6bd9	<gradient="gold"><b> I know a dragon, Ryan. I could get you two in contact? </b></gradient><size=70%>(Unlocks Conrad/Ryan hookup OR Ryan romance)	<gradient="gold"><b> Знаю одного дракона, Райана. Может, познакомить вас? </b></gradient><size=70%>(Открывает отношения Конрада с Райаном ИЛИ роман с Райаном)
line:7e9d40e6	<gradient="gold"><b> I wouldn't mind hanging out... </b></gradient><size=70%> (Unlocks Conrad romance)	<gradient="gold"><b> Я бы не отказался провести с тобой время... </b></gradient><size=70%> (Открывает роман с Конрадом)
line:a0e49f02	<gradient="gold"><b> I wouldn't mind! </b></gradient><size=70%> (Will lead to Alexander romance!)	<gradient="gold"><b> С удовольствием! </b></gradient><size=70%> (Ведёт к роману с Александром!)
line:0371fb9c	<gradient="gold"><b> I'm going to be busy tonight. Sorry. </b></gradient><size=70%> (Will lead to no romance!)	<gradient="gold"><b> Я сегодня вечером занят. Простите. </b></gradient><size=70%> (Романтической линии не будет!)
line:f5a81524	<gradient="gold"><b>I don't have anyone off the top of my head.</b></gradient><size=70%> (Locks in Conrad romance!)	<gradient="gold"><b>Так сразу никто на ум не приходит.</b></gradient><size=70%> (Закрепляет выбор романа с Конрадом!)
line:bedc761d	<gradient="gold"><b>I know this one red dragon. I think you'd like him! </b></gradient><size=70%> (Hooks up Ryan with Conrad!)	<gradient="gold"><b> Знаю одного красного дракона. Думаю, он тебе понравится! </b></gradient><size=70%> (Соединяет Райана с Конрадом!)
line:e104b8e4	<gradient="gold"><b>Oh. Uhm. <size=70%> I wouldn't mind... If I was that someone. </b></gradient><size=70%> (Locks in Ryan romance!)	<gradient="gold"><b>Ой. Эм. <size=70%> Я был бы не против... оказаться этим кем-то. </b></gradient><size=70%> (Закрепляет выбор романа с Райаном!)
line:36073321	<gradient="yellow - orange"><size=140%>HEY! </gradient><size=100%>This is the cleaning place, ya?	<gradient="yellow - orange"><size=140%>ЭЙ! </gradient><size=100%>Здесь ведь моют, а?
line:c777ce0c	<i> that feels nice...</i>	<i> Как приятно...</i>
line:e56dd423	<i><size=70%>uh oh.. and the books	<i><size=70%>Ох... И книги тоже.
line:d67b1098	<i>I like spraying you with water.	<i>Мне нравится тебя поливать.
line:ad5d633a	<i>Oh...	<i>Ох...
line:22b5941e	<i>Oh.</i> I don't think I'm ready for that just yet.	<i>О.</i> Кажется, я к этому пока не готов.
line:cacbff51	<i>Ooooh. </i>The mount? Hell yeah, man.	<i>О-о-о. </i>Станок? Да, чёрт возьми, дружище.
line:04b7ce44	<i>This</i> isn't your fault, Conrad.	В <i>этом</i> ты не виноват, Конрад.
line:72b244b7	<size=100%> That felt damn good!	<size=100%> Вот это охрененно было!
line:78cc49e8	<size=100%>I mean- Cool.	<size=100%>То есть... Классно.
line:e48243c0	<size=140%> FUCK YEAH!	<size=140%> ДА, БЛЯДЬ!
line:f474ffa9	<size=140%>HEY, <size=100%>lookin' for a wash.	<size=140%>ЭЙ, <size=100%>мне бы помыться.
line:9d458e88	<size=160%>HELL YEAH!	<size=160%>ДА-А, ЗАШИБИСЬ!
line:f5462edf	<size=60%> that's hot.	<size=60%> Это возбуждает.
line:7c745c31	<size=70%> A big dragon giving me control. Woah.	<size=70%> Такой большой дракон отдаёт мне контроль. Ух ты.
line:53d71f27	<size=70%> And for me.	<size=70%> Ну и для себя.
line:4fe271cc	<size=70%> woah.	<size=70%> Ух ты.
line:e53b1bd3	<size=70%><i> holy shit, I just bagged a date with a dragon.	<size=70%><i> Охренеть, я только что договорился о свидании с драконом.
line:c4384e8e	<size=70%><i>but it was nice... Thank you.	<size=70%><i>Но приятно... Благодарю.
line:ec0e5330	<size=70%><i>feel free to continue-</i>	<size=70%><i>Впрочем, можете продолжать...</i>
line:e77c1f79	<size=70%><i>oah-</i> no that's really cool actually.	<size=70%><i>Ой...</i> Нет, наоборот, это здорово.
line:a618f9c2	<size=70%><i>Woah...	<size=70%><i>Ого...
line:ad460e4b	<size=70%><i>Yeah?	<size=70%><i>Правда?
line:c25d1c85	<size=70%>They're still on my payroll.	<size=70%>Жалованье я им по-прежнему плачу.
line:22deeef6	==	==
line:67fa34ad	==	==
line:a8e2f13e	==	==
line:ce938344	==	==
line:e41244bf	==	==
line:497d3f67	A few days ago...	Несколько дней назад...
line:c570a462	A rather good excuse to see my favorite kobold.	И весьма неплохой повод повидать любимого кобольда.
line:5d2d16e0	A really good friend?	По-настоящему близким другом?
line:df4d3810	About earlier.	Насчёт того, что я говорил.
line:1a5e1ba4	Act what way?	Как именно?
line:cc532c02	After his spontaneous conflagration, I made sure to give him privacy.	После его внезапного возгорания я счёл нужным оставить его в покое.
line:a983ffa3	Again...?	Опять...?
line:8e34b87d	Agreed, though I'd still like to be let in as soon as convenient.	Согласен, хотя всё же предпочёл бы поскорее оказаться внутри.
line:934a1d5a	Ah yeah, that's the stuff.. keep at it.	А, да, вот так... Продолжай.
line:e216aee0	Ah, good.	А, хорошо.
line:9b26ac5f	Ah, I see the button there, gotcha!	А, вижу вон ту кнопку. Понял!
line:7f3fe9f9	Ah, sorry, I'm passionate about such things.	Ах, простите. Меня увлекают подобные темы.
line:bf2a8309	Ah, the grime did sting a little, thank you.	А, от грязи и правда немного щипало. Спасибо.
line:ebdb9888	Ah, yeah, those types are pretty cute.	А, да, такие бывают очень милыми.
line:b920f205	Ah. Do not worry.	А. Не беспокойтесь.
line:a98d068c	Ah. Okay nevermind I'm not sorry then.	А. Ну ладно, тогда беру извинения обратно.
line:6de2c490	Ah...	А...
line:4d6b365e	Ahh, all cleaned and with a lighter load.	Ах, и отмылся, и груз с себя сбросил.
line:20f96302	Alexander!	Александр!
line:f167e3d7	Alexander!	Александр!
line:fe3996b8	Alexander!	Александр!
line:af7db134	Alexander...?	Александр...?
line:eb7cf9e5	All clean...	Теперь чистый...
line:f57fc630	All done!	Всё готово!
line:0b734d82	All self respecting washers know how to please a dragon.	Уважающий себя мойщик должен знать, как доставить дракону удовольствие.
line:599ffb25	Already got seats at that bar I mentioned earlier.	Уже забронировал места в том баре, о котором говорил.
line:642ddea3	Alright alright... Then I think I'd like to use it?	Хорошо-хорошо... Тогда я, пожалуй, хотел бы им воспользоваться?
line:c7b3a185	Alright! I'll go get the gate.	Хорошо! Иду открывать ворота.
line:7279121a	Alright! I'll go get you the gate.	Хорошо! Сейчас вам открою.
line:4fc4259c	Alright! I'm ready to go.	Ну вот! Я готов идти.
line:a722d0fa	Alright, go get the gate and I'll head out to the spot!	Ну, открывай, а я пойду к месту встречи!
line:d04df8f8	Alright, I'll cya!	Ну ладно, увидимся!
line:4766af08	Alrighty! That should be it.	Вот и всё! Кажется, закончили.
line:797ca540	Alrighty. All clean.	Ну вот. Теперь чисто.
line:c4cb161a	Although grapes have always hit a specific craving.	Но к винограду у меня всегда особая тяга.
line:dc237557	Although, the portions might be a bit... dragon sized.	Правда, порции, возможно, немного... драконьи.
line:655b8c01	Always happy to have you, Conrad.	Всегда рад тебе, Конрад.
line:afedd1f5	An anomaly.	Аномалия.
line:0de4fe62	And I'm glad you have a medkit... You're very prepared.	Хорошо, что у тебя аптечка есть... Всё предусмотрел.
line:0699aef9	And I'm really happy for you and Conrad.	И я очень рад за тебя с Конрадом.
line:a3a26459	And not just physically.	И я не только о росте.
line:507bd2b9	And that's why I'm here! Going to be heading out after this wash to go see him.	Вот потому и пришёл! Помоюсь и сразу к нему.
line:33440e8c	And why you are perfect for this job!	И вот почему вы идеально подходите для этой работы!
line:cacb93ce	And you've tried everything.	И ты уже всё перепробовал.
line:8cae6240	Another dragon? Usually I don't really get along...	Ещё дракон? Я с другими обычно не очень лажу...
line:5a7e4fd4	Any chance you can clean me up again?	Может, ещё раз меня отмоешь?
line:92d2a30a	Anything. I'm just curious.	О чём угодно. Мне любопытно.
line:52695aa2	Anything?	Что угодно?
line:8ead9ee9	Anytime, Ryan.	Всегда пожалуйста, Райан.
line:6d77feef	Anyway glad you're not finished, lets keep at it!	В общем, хорошо, что ещё не всё. Давай продолжим!
line:bdb4f59c	Anyway, time to get writing!	Ладно, пора приниматься за текст!
line:75dd56ae	Anyways,	Короче...
line:8980260e	Anyways-	Ладно...
line:a8e6291c	Anyways- Let me out.	В общем, выпускай меня.
line:493a82ef	Anyways. Could you go get the gate?	Ну что, откроешь ворота?
line:926f5f41	Anyways. Gonna use this thing now!	Короче, сейчас я этой штукой займусь!
line:ad8ab02e	Anyways...	Ну, в общем...
line:e767dc51	Anywho, I'll get out of your scales now.	Что ж, не буду больше вас задерживать.
line:e81426c1	Anywho, I'm in need of a clean.	Итак, мне требуется мытьё.
line:23e7d518	Approach the dragon entrance, and I will let you in.	Подойдите ко входу для драконов, я вас впущу.
line:72a9b5bb	Are you happy?	Вы счастливы?
line:be0118cc	Are you okay?	Ты в порядке?
line:de735c65	Are you open right now?	Вы сейчас работаете?
line:9369755d	Are you sure it will fit?	Точно поместится?
line:c35b717a	Are you sure...? In front of the food?	Ты уверен...? Прямо здесь, при еде?
line:cb06d2bf	As am I.	Взаимно.
line:9a48b21c	As in you're unique.	В том смысле, что вы неповторимы.
line:1c021ee0	At getting hand jobs.	По части того, чтобы мне дрочили.
line:e861b464	At least that's what I've heard anyway.	Ну, по крайней мере, я так слышал.
line:2f54ceec	At least you can still use your hands. Heh.	Хорошо хоть руки у тебя есть. Хех.
line:cb04e062	At least you can still use your hands. Heh.	Хорошо хоть руки у тебя есть. Хех.
line:97792929	Aw, I'll go get you the gate.	Ох, сейчас тебя впущу.
line:c6895517	Aw, Ryan.	Бедный Райан.
line:db997182	Aw, thank you Alexander.	Ох, спасибо, Александр.
line:7157db26	Aw, thanks Alexander.	Ох, спасибо, Александр.
line:011f1458	Aw, thanks.	Ох, спасибо.
line:aea0be6b	Aw, thanks.	Ох, спасибо.
line:c00d76cd	Aw, thanks. I only look so good 'cause of your washes!	Ох, спасибо. Это я благодаря твоим мойкам так хорошо выгляжу!
line:453ff9be	Aw- Ryan...	Ох, Райан...
line:5340a315	Aw... Thanks!	Ох... Спасибо!
line:c6202cf2	Aw... Thanks.	Ох... Спасибо.
line:cb1d1197	Aw... Thanks. Is it weird I consider you...	Ох... Спасибо. Не странно, что я считаю тебя...
line:2bfa396c	Aw... That's really sweet	Ох... Это очень мило.
line:22053f7f	Awesome!	Отлично!
line:6fdb2c3d	Awesome!	Отлично!
line:70306ba1	Awesome!	Отлично!
line:6126a614	Awesome! Come on in..	Прекрасно! Заходи...
line:e85007ac	Awesome! See you later then!	Замечательно! Тогда до встречи!
line:4c7f15d6	Awesome, I'll go get the gate.	Отлично, сейчас открою.
line:9d126e4e	Awesome, I'm glad.	Отлично, я рад.
line:b60cc4a5	Awesome.	Здорово.
line:59fb47b0	Awww. You don't need to be coverd in ink to say hi!	Ну что вы! Чтобы поздороваться, не обязательно обливаться чернилами!
line:8e20e028	Be yourself!	Будь собой!
line:cd18f73f	Been looking forward to this.	Давно этого ждал.
line:8f1fccf9	Being muddy is really fun up until it starts drying.	Валяться в грязи весело, пока она не начинает сохнуть.
line:40783547	Berries.	Ягоды.
line:59d4be6a	Berries.	Ягоды.
line:61e781c1	Berries.	Ягоды.
line:18ae08ef	Bet you had fun.	Небось хорошо провели время.
line:982fd3c7	big C...?	Большого К...?
line:4b3f7c6a	Biology...? <size=70%> <i>I think?	Биология...? <size=70%> <i>Наверное?
line:9be63f47	Bleh. Thank you for grabbing that.	Бе-е. Спасибо, что забрал.
line:66957ed2	Blue...?	Синее...?
line:a77c3afd	Both.	И тому и другому.
line:78975048	Brrr! Cold water!	Б-р-р! Вода холодная!
line:8487a2c4	Burnswick Community College of Thaumaturgy	Общественный колледж тауматургии Бёрнсвика
line:f75126de	But honestly you've helped me a lot.	Но ты, честно, очень мне помог.
line:cab69268	But I already know I'm liking this a lot.	Но уже понимаю, что мне очень нравится.
line:d9534386	But I know the type... They tend to be big softies on the inside.	Но я таких знаю... Внутри они обычно очень нежные.
line:f73ddfbc	But I think its time to get cleaned up.	Но теперь, пожалуй, пора всё смыть.
line:088ea4a7	But I'm hot shit, so I'll be fine.	Но я же охрененный, так что всё будет в порядке.
line:c8f8bc22	But I'm only your washer?	Но я же просто ваш мойщик?
line:dda0419b	But I'm sure I'd enjoy it with you!	Но с тобой я наверняка получу удовольствие!
line:aa74448a	But not in this sized package, right??	Но не при таком маленьком теле, верно?
line:7d9ffc48	But nothing beats a large gulp!	Но нет ничего лучше, чем проглотить одним махом!
line:d1ec7684	But that is why I am here!	Но ведь именно поэтому я сюда и пришёл!
line:b0d9d1e5	But you're the teacher dragon.	Но ведь дракон-учитель — это вы.
line:2d7e1ab6	But, at least I got to meet you!	Зато я встретил тебя!
line:b7f46902	But, I think you've taught me something.	Но, кажется, вы кое-чему меня научили.
line:b1040415	By the stars! No no. You're excellent.	Звёзды милосердные! Нет-нет. Вы замечательны.
line:3a88a2dd	By the way would you be mad if your partner made a mess at home?	Кстати, тебя бы злил беспорядок, который устраивает дома твоя вторая половинка?
line:4199070f	Came in for another wash.	Зашёл ещё раз помыться.
line:105cd3e2	Can I ask you a question?	Можно тебя кое о чём спросить?
line:535ee717	Can you repeat that?	Можете повторить?
line:835e0c27	Can't sthpeak well.	Не могу норфально говорить.
line:afa450c0	Come back whenever, Ryan.	Приходи, когда захочешь, Райан.
line:0cedfc3d	Conrad can go as long as he needs	Конрад сколько надо продержится.
line:5462913f	conrad hooked up with ryan	Конрад сошёлся с Райаном.
line:61cd33c5	conrad hooked up with ryan	Конрад сошёлся с Райаном.
line:6a7610f3	conrad hooked up with ryan	Конрад сошёлся с Райаном.
line:bac1ce29	conrad hooked up with ryan	Конрад сошёлся с Райаном.
line:61c9b7ac	Conrad needs a cleaning, got a slot for 'im?	Конрада надо отмыть, найдётся местечко?
line:405b7ef1	Conrad needs a wash!	Конраду пора мыться!
line:803c8f0c	Conrad was talking about you during our date.	На свидании Конрад говорил о тебе.
line:f1787092	Conrad!	Конрад!
line:fd6c6213	Conrad!	Конрад!
line:484cd04d	Conrad...?	Конрад...?
line:5b0360ad	Conrad: Actually.. I mean..	Conrad: Вообще-то... Я хотел сказать...
line:3ce891ff	Conrad: Conrad just enjoys himself	Conrad: Конрад просто наслаждается.
line:fbe86c06	Conrad: Damn right!	Conrad: Ещё бы, чёрт возьми!
line:5660dc8b	Conrad: Don't worry about it!	Conrad: Не переживай!
line:c050dbfc	Conrad: I do it all the time	Conrad: Я постоянно так делаю.
line:cd3367da	Conrad: I want this to go well	Conrad: Хочу, чтобы всё прошло хорошо.
line:194c1381	Conrad: I'm ready to blow	Conrad: Сейчас кончу.
line:ce4d0fef	Conrad: Yea	Conrad: Ага.
line:42c70daa	Conrad: You feel good	Conrad: Как же с тобой приятно.
line:3bc52918	Conrad: You having a good time?	Conrad: Тебе хорошо?
line:be0e51af	Cool.	Крутой.
line:88c36bc7	Could do that, then get a hotel room... Hmm.	Можно туда сходить, а потом снять номер в гостинице... Хм.
line:b99e1503	Could you ask <i>me</i> a question?	Не могли бы вы задать вопрос <i>мне</i>?
line:12bf5baf	Could you get the gate...?	Вы не могли бы открыть ворота...?
line:3a6afae1	Could you go get the gate?	Сходишь ворота открыть?
line:9f49d9d4	Could you wash it away?	Смоешь его?
line:7661a0e9	D'aw... thanks.	Ох... Спасибо тебе.
line:59bc5840	Damn right I do!	Ещё бы не хорошо!
line:64889395	Damn right!	Ещё бы, чёрт возьми!
line:95aa0bf4	Damn right!	Ещё бы, чёрт возьми!
line:db592d76	Damn right!	Ещё бы, чёрт возьми!
line:0fcf9908	Damn right.	А то.
line:b964c99b	Damn shame then. Better change that.	Чертовски жаль. Надо это исправить.
line:c6955ecc	Damn, you know how to use your hands.	Чёрт, ну и ловкие же у тебя руки.
line:eaf45022	Damn, you know how to use your hands.	Чёрт, ну и ловкие же у тебя руки.
line:684fb29a	Damn... Always feels good.	Чёрт... Всегда так хорошо.
line:7023cc94	DATE NIGHT!	ВЕЧЕР СВИДАНИЯ!
line:c71df70b	Date night!	Пора на свидание!
line:b57cc8ad	Depends	Смотря по ситуации.
line:07bd7f57	Did you do your uh...	Ты это... Сделал себе...
line:4f38655d	Do I look like I'm okay?	Похоже, что со мной всё нормально?
line:8147156a	Do it!	Давай уже!
line:9ab6ddfb	Do you also do "special endings" here?	А «особое завершение» тут тоже делают?
line:4c90479c	Do you ask because I'm lavender?	Вы спрашиваете из-за моего лавандового окраса?
line:3020c97c	Do you believe I am attractive?	Вы находите меня привлекательным?
line:c5e71850	Do you even need a wash?	Тебе вообще нужно мыться?
line:1810e75f	Do you have any advice?	Что посоветуешь?
line:6be807b5	Do you have any plans with ryan?	У тебя с Райаном есть какие-нибудь планы?
line:a0cf6cae	Do you know any cool places, people, I could hang around?	Не знаешь, где можно потусить? Или с кем?
line:412ba249	Do you know any good bars?	Не знаешь хороших баров?
line:28ec716a	Do you know anyone I could talk to? Y'know... about relationship stuffs?	Нет у тебя знакомого, с которым можно поговорить? Ну... об отношениях и всё такое?
line:21c0526b	Do you like being big?	Вам нравится быть большим?
line:daa040eb	Do you like purple?	Вам нравится фиолетовый?
line:ef052302	Do you like purple?	Вам нравится фиолетовый?
line:d5ed3582	Do you make big dragons, <size=60%>like me, <size=100%>cum here?	Вы здесь помогаете здоровенным драконам, <size=60%>вроде меня, <size=100%>кончить?
line:ec64a696	Do you mind double checking if I'm clean?	Проверишь ещё раз, всё ли чисто?
line:647187f1	Do you want to say what happened...?	Может, расскажешь, что произошло...?
line:807df02d	Do you want to use it?	Хотите попробовать?
line:5c42b85a	Doesn't mean I need to yell at you.	Это не повод на тебя орать.
line:eefa8ae2	Don't be sorry! Get a mount!	Не извиняйся, а станок купи!
line:dd0f7b1d	Don't worry, dragons are made to eat anything.	Не волнуйся, драконы могут есть что угодно.
line:b90b01a9	Don't worry, he's real nice.	Не переживай, он очень хороший.
line:7de2a81c	Don't worry. I will.	Не волнуйся, расскажу.
line:c29d4071	Don't... make it sound like that.	Ты это... Не говори таким тоном.
line:31bdd33c	Dont talk with your mouth full	Не говори с набитым ртом.
line:8ee41fdc	Dragon history is complex. Ornamental crest <size=85%> are often <size=70%> worn by dragons to <size=55%>signify what family they belong to! <size=40%> It's an interesting mark of their culutral <size=35%> and familial heritage. I've often wondered if I should continue to wear mine. <size=20%> But culutural and familiar ties are considered important within the lore of dragons! so I must adhere to such things. <size=10%> Water. Earth. Fire. Air. Long ago, the four nations lived together in harmony. Then everything changed when the Fire Nation attacked.	История драконов весьма сложна. Драконы <size=85%> часто носят <size=70%> декоративные гербы, <size=55%>обозначающие принадлежность к определённому роду! <size=40%> Это любопытный символ культурного <size=35%> и семейного наследия. Я не раз задавался вопросом, стоит ли продолжать носить свой. <size=20%> Однако в драконьей традиции придают большое значение культурным и родственным связям! Так что приходится соблюдать обычай. <size=10%> Вода. Земля. Огонь. Воздух. Когда-то четыре народа жили в согласии. Но всё изменилось, когда народ Огня развязал войну.
line:0a0e6773	Dragon stomachs are a bit more... robust than yours.	Драконий желудок немного... крепче твоего.
line:7e352505	Dragons of the galaxy 2	Драконы Галактики 2
line:c2c659d1	Eep!	Ип!
line:0bd1699e	Ehh..	Э-э...
line:43dd32f5	Er... That's not-	Э-э... Я не об этом...
line:93b60dce	Even so. Not this time	И всё же не в этот раз.
line:573d9362	Even though you were just doing your job... I think it helped him a lot.	Пусть ты просто делал свою работу... Ему это очень помогло.
line:a2ba222e	Evening. This establishment takes walk ins, correct?	Добрый вечер. Здесь можно обслужиться без предварительной записи?
line:f98c3b6c	Every ending here is special!	У нас каждое завершение особенное!
line:bfeaec15	Every self respecting wizard has a phoenix feather handy.	Любой уважающий себя волшебник носит с собой перо феникса.
line:57df700d	Everyone's gaze carries an immense weight.	Взгляды окружающих так давят на меня.
line:9ad8d2dd	Excellent!	Превосходно!
line:0c997163	Excellent.	Отлично.
line:1976bc60	Excellent. Then make sure to go greet your customer at the window.	Замечательно. Тогда не забудьте поприветствовать клиента у окошка.
line:7bbe7ee3	Expectations are laaaame.	Чужие ожидания — такая тягооомотина.
line:f99eb2ff	Ey! The mount! Fuck yeah.	Эй! Станок! Да, бля!
line:d376acb9	Ey, so. Was thinkin'	Слушай, я тут подумал.
line:85ec0862	Ey, sorry for coming in late.	Эй, извини за поздний визит.
line:12e8ae42	Ey, Use your hands on my cock- it feels good!	Эй, поработай руками над моим членом. Приятно же!
line:271a3846	Fair enough. I'll be waiting!	Что ж, понятно. Я подожду!
line:4789095b	Fair enough. You two do seem cute together.	Понятно. Вы и правда хорошо вместе смотритесь.
line:f5b37855	Felt good sliding down though!	Зато приятно прошёл по горлу!
line:274367d7	Figured I'd bring in something nice after all you've done.	После всего, что ты сделал, захотелось порадовать тебя чем-нибудь.
line:aae8afca	Fine with me!	Я совсем не против!
line:e98616be	For you!	Для тебя!
line:62a82aba	Found this one gryphon. About my size...	Познакомился с одним грифоном. Примерно с меня ростом...
line:807fdc76	From what I've heard he sounds like he's improved a lot recently, yeah?	Судя по тому, что я слышал, он за последнее время здорово изменился, да?
line:803bf378	Fuck man, I'm so pumped.	Бля, дружище, как же я жду.
line:f2418086	Fuck no! Shit's embarrassing.	Да хрен там! Мне стыдно, блядь.
line:a7ca3ca8	Fuck something and then get a handjob hopefully.	Что-нибудь трахнуть. И, надеюсь, ты мне потом подрочишь.
line:203bce10	Fuuuck. You really know how to work a dragon!	Бля-я. Ты умеешь доставить дракону удовольствие!
line:f7f9b0db	G'day mate!	Здорово, приятель!
line:664c994e	Gave me time to think.	Дал время всё обдумать.
line:1d9b3531	Get a handjob and fuck this mount.	Чтобы ты мне подрочил, а ещё — трахнуть этот станок.
line:48afdce4	Give it to me!	Дай мне всё!
line:9df043ad	Give me a bit	Дай ещё немного времени.
line:e5c7f64a	Glad I'm here to remind you then.	Хорошо, что я пришёл напомнить.
line:354170aa	Go for it!	Можете кончать!
line:2d0b6b06	Goin' downtown tonight. Needed to be spotless. Say...	Сегодня вечером в центр иду. Надо, чтоб ни пятнышка. Слушай...
line:dcb506d2	Good as!	Отлично же!
line:bcbc6373	Good evening!	Доброго вечера!
line:607a5c47	Good, I can't be having the Burnswick Community College of Thaumaturgy know that their best professor Alexander has caused another incident.	Хорошо. Нельзя, чтобы в Общественном колледже тауматургии Бёрнсвика узнали, что их лучший профессор Александр опять устроил происшествие.
line:12b72085	Good, you better. If I come back and there isn't one...	Хорошо. Смотри у меня. Если приду, а станка нет...
line:2c851dad	Good.	Хорошо.
line:2712436c	Good. 'Aight, let me out.	Вот и славно. Ну, выпускай.
line:bab51ada	Good... That'd be correct.	Хорошо... Именно так.
line:44f2b8cf	Goodbye!	До свидания!
line:a8e6ac2a	Goodness, thanks to you I have a chance at redeeming this situation.	Слава небесам, благодаря вам у меня есть шанс всё исправить.
line:745c3c12	Gosh!	Вот это да!
line:6b5c6564	Gotta <i>practice</i> for Ryan if you catch what I mean.	Надо <i>потренироваться</i> перед Райаном, понимаешь, о чём я?
line:e3cef2bc	Gotta make sure you're spotless!	Надо вымыть тебя до блеска!
line:b01b2159	Great, so uh,	Здорово, тогда, эм...
line:43c94954	Grouse as! Excited to see you work!	Зашибись! Жду не дождусь твоей работы!
line:9de16ee9	Ha!	Ха!
line:88d7e1e2	Haah. This is the best fuckin' wash.	А-ах. Охренительная мойка, лучшая.
line:cc6e7856	Hah! There's the mount!	Ха! А вот и станок!
line:90dd6d9d	Hah, eager as always.	Ха, всё так же полны энтузиазма.
line:9542e7a6	Hah, good. Let's break this thing in!	Ха, отлично. Пора его обкатать!
line:fe21109b	Hah, he seems like the wild type.	Ха, он действительно производит такое впечатление.
line:e8bc1d95	Hah, I imagine it would be.	Ха, так я и думал.
line:acbf628d	Hah, it is a motivator.	Ха, да, весомый стимул.
line:65b23418	Hah, okay. I'm game.	Ха, ладно. Я согласен.
line:058d9d5c	Hah, yeah. Conrad is definitely experienced...	Ха, да. У Конрада определённо есть опыт...
line:8b878971	Hah, yeah. He sounds fun.	Ха, да. Похоже, с ним весело.
line:e3ed51d9	Hah. Conrad, you look good too.	Ха. Ты тоже хорошо выглядишь, Конрад.
line:f8b2e23b	Hah. Fine.	Ха. Ладно.
line:ea23c5f9	Hah. If only there was a kobold that could clean me.	Ха. Был бы тут кобольд, который может меня отмыть.
line:c9bb2a93	Hah. Yeah. <size=70%><i>It's cool that you learn to jerk off dragons in cleaning school...	Ха. Ага. <size=70%><i>Круто, что в школе мойщиков учат драконам дрочить...
line:50a559bb	Hah... <size=70%> yeah.	Ха... <size=70%> Ага.
line:4d4d9986	Hah... Gonna jerk me off now? That's fine.	Ха... Сейчас мне подрочишь? Я только за.
line:4e920759	Hah... Yeah I'm excited.	Ха... Да, не терпится.
line:b36365ce	Hah... Yeah...	Ха... Да...
line:b8724c64	Hah... you do like that noise.	Ха... Любишь ты так пищать.
line:c8cde395	Haha, 'Yip' indeed.	Ха-ха, «йип», как вы выразились.
line:680991cf	Haha, yes. Happy to see you.	Ха-ха, да. Рад вас видеть.
line:4c27b031	Haha, you certainly are!	Ха-ха, уж это точно!
line:c3a2e14e	Haha, you certainly are!	Ха-ха, уж это точно!
line:9ec40945	Haha. 'Yip' to you too.	Ха-ха. И тебе «йип».
line:5e91e0a7	Haha... Yeah. I'm not really used to complimenting.	Ха-ха... Да. Не привык я комплименты делать.
line:44689f21	Happy to be back.	Рад вернуться.
line:2672f65d	Happy to be here.	Рад сюда прийти.
line:192fcb8e	Happy to get it off.	Хорошо, что можно её смыть.
line:3517b28e	Have a productive day.	Продуктивного вам дня.
line:7c1adc57	He called me, we met up. He's really damn nice.	Он позвонил, мы встретились. Чертовски приятный дракон.
line:e71f9a0b	HE DIED!?	ОН ПОГИБ?!
line:ed6c9afb	He hadn't been... Well, cared about in a long time from what I could gather.	Насколько я понял, о нём уже давно... Ну, никто не заботился.
line:de25de6e	He just... Knew what to say to snap me out of all that.	А он просто... нашёл слова, чтобы я пришёл в себя.
line:a035a3fd	He prefers 'vertically challenged'... But yes.	Он предпочитает «ограничен по вертикали»... Но да.
line:04b29e42	He really is.	Правда хороший.
line:c7e1b369	He really is.	Правда хороший.
line:c64bd5ce	He said I was chill, we planned a date...	Сказал, что со мной легко. Мы договорились о свидании...
line:e8a91447	He's a lot. But, I like it.	С ним непросто. Но мне именно это и нравится.
line:a7181b1a	He's a red dragon. I think you two would like eachother!	Красный дракон. Кажется, вы друг другу понравитесь!
line:8245fe2b	He's already back to work. Thanks for helping with all that.	Он уже вернулся к работе. Благодарю за помощь в той истории.
line:aaea8391	He's been way nicer recently.	В последнее время он стал гораздо добрее.
line:7363c004	He's great.	Он замечательный.
line:c13d4e24	He's hot.	Он такой сексуальный.
line:675d7e37	He's like. SUPER hung.	У него, ну... ОЧЕНЬ большой.
line:7deb9fff	He's like... a big softy surrounded by sharp pointy bits.	Он словно... сплошная нежность под оболочкой из острых колючек.
line:800c553d	He's my dream dragon.	Дракон моей мечты.
line:4b3c70d9	He's snappy, but tender too!	Он бывает резким, но умеет быть нежным!
line:31281c6d	He's this REALLY cute red drake who goes to the wash!	Очень, ОЧЕНЬ симпатичный красный дракон. Он сюда мыться ходит!
line:4c11c83e	He's tiny, I like being eye level with him.	Он маленький, приятно быть с ним на одном уровне глаз.
line:b9ce2f3c	He's... Considerate. Real understanding too.	Он... внимательный. И всё понимает.
line:8e9e0f98	Heard about you and the big blue guy. Ryan was it?	Слышал про тебя с большим синим. Райаном, да?
line:ca4a9672	Heeeey Ryan.	Приве-е-ет, Райан.
line:24ce37ec	Heeeey.	Э-э-эй.
line:bb70c1ed	Heh. Yeah.	Хех. Ага.
line:3fa80829	Heh. Yeah. I like you too.	Хех. Да. Ты мне тоже нравишься.
line:20393ff6	Heh. Yeah. That's me.	Хех. Ага, собственной персоной.
line:ac769d93	heh.. yea.. sorry..	Хех... Ага... Прости...
line:5246ceea	Heh... alright.	Хех... Ладно.
line:75fef5cb	Heh... Damn right.	Хех... Ещё бы.
line:5f0edcb2	Heh... Handsy today, huh?	Хех... Руки сегодня так и тянутся, да?
line:2f55b3aa	Hehe	Хе-хе.
line:7e991330	Hehe yeah.	Хе-хе, да.
line:3223473f	Hehe, I'm excited to get into the dating scene again.	Хе-хе, так хочется снова ходить на свидания.
line:4a137220	Hehe, thanks. It has stuff that should be good for both of us.	Хе-хе, спасибо. Тут еда на любой из наших вкусов.
line:1a3e2a73	Hell yea	Охренеть как здорово.
line:93f67490	Hell yeah	Вот это да!
line:389e4033	Hell yeah I did!	Ещё как понравилось!
line:17dbb9b7	Hell yeah.	Охрененно.
line:4b7b33d9	Hello!	Здравствуйте!
line:c3d3da41	Hello!	Здравствуйте!
line:4183ca7e	Hello, <i>'Drag'n wash franchise 223'...</i> Have you figured out how to interact yet?	Здравствуйте, <i>«отделение Drag'n'wash № 223»...</i> Вы уже разобрались с управлением?
line:a99c515c	Hello, <i>'Drag'n wash franchise 223'...</i> Have you spoken to your first customer yet?	Здравствуйте, <i>«отделение Drag'n'wash № 223»...</i> Вы уже поговорили с первым клиентом?
line:b7cce838	Hello.	Здравствуйте.
line:a8779ebf	Hello?	Есть кто-нибудь?
line:dd4b34ae	Hello?	Есть кто-нибудь?
line:1954aab7	Help the developers out please..	Пожалуйста, помогите разработчикам разобраться...
line:db9c3a5c	Help the developers out please..	Пожалуйста, помогите разработчикам разобраться...
line:f7f7f5a1	Help the developers out please..	Пожалуйста, помогите разработчикам разобраться...
line:fc461784	Help the developers out please..	Пожалуйста, помогите разработчикам разобраться...
line:ee3398a6	Hey big guy.	Привет, здоровяк.
line:0090c7b0	Hey Conrad!	Здорово, Конрад!
line:3d0a5aeb	Hey Conrad!	Здорово, Конрад!
line:a2b4acea	Hey conrad!	Здравствуй, Конрад!
line:975a629f	Hey Conrad.	Привет тебе, Конрад.
line:21235886	Hey could you come up front where I can see you?	Слушай, подойдёшь вперёд, чтобы я тебя видел?
line:533532c4	Hey fine by me!	Эй, я только за!
line:1538bc7e	Hey good lookin'	Привет, красавчик.
line:0121c874	Hey hey. Glad you're open.	Эй, привет. Хорошо, что открыто.
line:71b651dd	Hey I have something to say!	Эй, я кое-что хотел сказать!
line:0d4e0ecf	Hey kobold!	Привет, кобольд!
line:af3f02c9	Hey Ryan, what do you have there?	Привет, Райан. Что ты принёс?
line:6374414d	Hey thanks for being here for me...	Слушай, спасибо, что поддерживаешь...
line:bf5ff483	Hey there, happy to be back.	Привет. Рад снова заглянуть.
line:c38b7fa6	Hey there, Ryan!	Здравствуй, Райан!
line:2d5fc8a2	Hey there- Maybe you can get 'hands on' later?	Слушай, может, «ручную работу» на потом оставим?
line:1b6c7f75	Hey there.	Приветствую.
line:5dacf226	Hey there.	Здравствуйте.
line:82698bd1	Hey there.	Приветствую.
line:ab3a5d9c	Hey there.	Привет.
line:3d2bc74e	Hey uh, do you think Ryan and I will <i>actually</i> work out?	Слушай, как думаешь, у нас с Райаном <i>правда</i> всё получится?
line:04501155	Hey uh, I just need a cleaning.	Слушай, это... Мне просто помыться.
line:2a29842a	Hey uh... Not now.	Эй, это... Не сейчас.
line:8caa3196	Hey uhm, thanks once again.	Слушай, ещё раз спасибо.
line:5c7a9105	Hey!	Привет!
line:eed2cc64	Hey!	Привет!
line:2f3f5508	Hey! He's just... 'vertically challenged'.	Эй! Он просто... «ограничен по вертикали».
line:55bb78d1	Hey! I'm here for a wash.	Привет! Я помыться.
line:33480903	Hey, Alexander!	Здравствуйте, Александр!
line:21fcef4f	Hey, Alexander.	Добрый вечер, Александр.
line:14598ca6	Hey, big guy!	Здравствуйте, здоровяк!
line:e7353d24	Hey, I've got a question for you.	Слушай, у меня к тебе вопрос.
line:674877e5	Hey, nothin' wrong with asking!	Эй, за спрос не бьют!
line:d2589856	Hey, welcome back!	Здравствуйте, с возвращением!
line:0d3e4054	Hey.	Привет.
line:aa0dda7b	Hey.	Слушай.
line:7f2e2736	Hey... little guy!	Привет... малыш!
line:933efa6d	Hi again!	И снова привет!
line:873a2b9a	Hi again..	Опять привет...
line:83ac5b68	Hi Conrad.	Привет, Конрад.
line:050efd1a	Hi, Ryan!	Привет, Райан!
line:06ed6aea	Hiiiii! Hiii!	Приве-е-ет! Привет!
line:5a632b75	His physical form is currently reconstituting in the staff lounge.	Его тело сейчас восстанавливается в комнате отдыха преподавателей.
line:6bd91ca7	Hm, I think I'll pass on the mount.	Хм, пожалуй, без станка обойдусь.
line:370d719b	Hm?	М?
line:3c3ddd0c	Hm?	М?
line:44658d73	Hmm...	М-м...
line:bf059ff3	Hmm...	М-м...
line:730b1ca4	Hmm?	М-м?
line:fc571337	Hmmm, maybe something else?	Хм-м, может, что-нибудь другое?
line:19207e44	Hold on a little longer for me?	Ещё немного потерпите ради меня?
line:f2ae89c4	Honestly, I'm surprised how nice this is.	Не думал, честно говоря, что это настолько приятно.
line:a2ff0176	Hope it went well.	Надеюсь, всё хорошо прошло.
line:b17360a0	Hope that's alright?	Надеюсь, ты не против?
line:ae08853f	Hope you're doing alright!	Надеюсь, у вас всё хорошо!
line:e1fa2461	Hopefully! I'll go get the gate.	Надеюсь! Пойду открывать.
line:99931b37	Hopefully.	Надеюсь.
line:d9c91bca	How about you though? have you been seeing anyone?	А у тебя как? Встречаешься с кем-нибудь?
line:4ec92454	How about you? Anyone exciting?	А у тебя? Кто-нибудь приглянулся?
line:86bde306	How are you with seafood?	Как ты относишься к морепродуктам?
line:7fb611c9	How come you brought this all in?	А почему ты всё это принёс?
line:af0d0972	How come you're covered in ink?	Как вы умудрились залиться чернилами?
line:e385b7f3	How did it go?	Как всё прошло?
line:c0161bbc	How did it taste?	Какой был вкус?
line:262b262e	how do I get in?	Как мне попасть внутрь?
line:676b0638	how do I get in?	Как мне попасть внутрь?
line:8308bb09	How do I look?	Как я выгляжу?
line:4f172746	How do you even digest that?	Как ты вообще это перевариваешь?
line:28d390ac	How so?	В каком смысле?
line:4ef9fe65	How so?	В каком смысле?
line:ea66b5af	How so?	В каком смысле?
line:4b29790b	How was the sex.	Как секс?
line:7736270c	How was your date with Conrad?	Как прошло свидание с Конрадом?
line:18d418ab	However, it's ornamental! My family crest. You see...	Однако это украшение! Наш родовой герб. Понимаете...
line:1f250062	However, My <i>image</i> is far more permanent than Igwyx's fleeting physical forms.	Однако моя <i>репутация</i> куда долговечнее бренных телесных оболочек Игвикса.
line:ae34381b	However, that respect comes with an expectation to act as I look. It's incredibly stressful.	Но вместе с уважением приходит требование соответствовать своему облику. Это невероятно давит.
line:d2baf9e2	However...	Однако...
line:fb8401c3	Huff...	Фух...
line:b54ee04d	huff... Thank you for that.	Фух... Благодарю за это.
line:16420ca7	Huff... Thanks for that.	Фух... Спасибо тебе за это.
line:45507089	Huff... That was nice... Made a bit of a mess though.	Фух... Хорошо было... Правда, немного испачкал тут всё.
line:ae83cfb6	huh...?	А...?
line:0c78b56b	Huh?	А?
line:e96114a2	Huh? ofcourse not!	А? Конечно нет!
line:836c079c	I <i>think </i> I must've spilled an inkwell <i>on the way here</i>. Rather clumsy of me!	Я, <i>кажется, </i> опрокинул чернильницу <i>по дороге сюда</i>. До чего неловко!
line:d37175c7	I act tough but am a small dragon...	Я строю из себя крутого, но я маленький дракон...
line:b4e27683	I agree	Согласен.
line:68ebf07b	I allowed him, as my stature provides ample height.	Я согласился: мой рост обеспечивал нужную высоту.
line:a051821a	I already feel a lot better.	Мне уже гораздо легче.
line:49bfbfbe	I already have spot at the club reserved.	Я уже место в клубе забронировал.
line:14ff4edd	I always do~	Как всегда~
line:b05c6259	I always look forward to seeing you. I'll go get the gate.	Я всегда рад тебя видеть. Сейчас открою ворота.
line:52bf5ede	I am THE kobold. Yip!	Я и есть ТОТ САМЫЙ кобольд. Йип!
line:141c006f	I am too.	Я тоже.
line:363f6f6a	I am too.	Я тоже.
line:405b9622	I am too.	Я тоже.
line:d4c5faea	I am too.	Я тоже.
line:556897bf	I am! Even better now that you're here.	Да! А с вашим приходом стало ещё лучше.
line:e499b2cc	I am.	Да, счастлив.
line:5ec8bb55	I believe that's in part because of you.	И отчасти, полагаю, благодаря вам.
line:9883786d	I booked the night.	Номер до утра оплачен.
line:eae85bf9	I broke up with my partner...	Я расстался со своей девушкой...
line:ffcfee20	I brought watermelon, bread, grapes, and some other stuff.	Принёс арбуз, хлеб, виноград и ещё кое-что.
line:e8aa18f4	I can digest pretty much anything.	У меня почти всё переварится.
line:7f543c2a	I can let loose whenever you are ready	Могу кончить, как только будешь готов.
line:c83a6a0d	I can't believe Igwix would make a mistake like this!	Не верится, что Игвикс допустил такую ошибку!
line:e051a79e	I consider you a good friend too	Для меня ты тоже хороший друг.
line:f382336f	I could get us the <i>nicest</i> spots for their show.	Могу нам <i>лучшие</i> места на представление достать.
line:2602b8c6	I could use a wash.	Не помешало бы помыться.
line:c66153d3	I couldn't help but notice the... device over there.	Невольно обратил внимание на тот... аппарат.
line:b71f0756	I decided to try baking.	Решил попробовать печь.
line:e62b989c	I decided to try baking.	Решил попробовать печь.
line:efea7148	I decided to try baking.	Решил попробовать печь.
line:98f800d3	I didn't know anyone could like me that much so easily.	Я не знал, что могу так легко кому-то так сильно понравиться.
line:4116f001	I didn't know what the button did.	Не знал, что делает эта кнопка.
line:7a5c7f54	I didn't mean to fluster you!	Не хотел тебя смущать!
line:55542a9b	I do enjoy the color. Though I believe its unrelated to my own hue.	Цвет мне по душе. Хотя, полагаю, это никак не связано с моим окрасом.
line:f9c800f2	I do!	Да, нахожу!
line:ad9c1ada	I do. But, what happened?	Есть. Но что случилось?
line:a45ccf3a	I don't believe I can hold back any longer	Боюсь, больше сдерживаться не могу.
line:8c6e1cd3	I don't get it! Why do I have to act this way?	Не понимаю! Зачем я так себя веду?
line:cc4e48a3	I don't know where they went but I feel dirty again.	Не знаю, куда делся алхимик, но я опять грязный.
line:71127249	I don't mean to be rude, but I must decline	Не хочу показаться грубым, но вынужден отказаться.
line:f5696cc4	I don't need to tell you.	Не обязан я тебе рассказывать.
line:878fc94c	I don't understand..	Не понимаю...
line:4f3d31f8	I don't want your pitty!	Не нужна мне твоя жалость!
line:8fc36ab7	I enjoy being a part of so many individuals lives in a positive way.	Приятно знать, что я делаю лучше жизнь стольких людей.
line:14653182	I enjoy parts of it. The respect is pleasant...	В чём-то да. Приятно, когда тебя уважают...
line:bd4bb1b9	I enjoy that I do not fear failure around you.	Мне нравится, что рядом с вами я не боюсь ошибиться.
line:c108ed4f	I enjoy when you tell me what to do with a pat of your hand.	Мне нравится, когда лёгким похлопыванием вы указываете, что делать.
line:6db406b4	I enjoyed this quite a lot.	Мне это очень понравилось.
line:e838533b	I feel as I could say anything to you.	Кажется, я могу рассказать вам что угодно.
line:9b9567ec	I feel much better.	Чувствую себя гораздо лучше.
line:ed6be68f	I feel spotless as always.	Как всегда, чувствую себя идеально чистым.
line:938be2fb	I forget the ignorance of a layman. I apologize.	Забываю, что непосвящённым это неизвестно. Прошу прощения.
line:63837f22	I forgot to bite into it so... Nothing?	Я забыл его раскусить, так что... Никакого?
line:fe3484ea	I get how you'd feel that way after a breakup, yeah.	Да, после расставания такое вполне понятно.
line:adf1550f	I give my other bipedal friends rides all the time.	Я постоянно так катаю других двуногих друзей.
line:9a68366f	I got a mount.	Я обзавёлся станком.
line:78a54cae	I got back home a bit dirty. And she yelled at me.	Я пришёл немного грязный. А она давай на меня кричать.
line:22a9094a	I guess so!	Выходит, так!
line:28d6c0aa	I hate that I'm always getting into situations like this.	Бесит, что я вечно в такое влипаю.
line:366a7f73	I have a question.	Хочу кое-что спросить.
line:82b63c18	I have something to say!	Хочу кое-что сказать!
line:fd68807c	I have to say, you did as good a job as private washers.	Должен признать, вы справились не хуже моих личных мойщиков.
line:761f413a	I heard a loud bang	Я услышал громкий взрыв.
line:9d7cc63c	I heard a loud bang, I don't think Igwix made it.	Раздался громкий взрыв. Не думаю, что Игвикс выжил.
line:7ede5030	I heard there was kobolds down here that could wash me up?	Слышал, тут внизу кобольды могут меня помыть?
line:efb2d4af	I heard there were kobolds down here that could wash me up?	Мне сказали, тут внизу есть кобольды, которые могут меня отмыть?
line:2f9b499a	I honestly don't know how you are doing that.	Честно, не понимаю, как у тебя получается.
line:6f5dbc90	I hope he's okay too.	Я тоже на это надеюсь.
line:cd0197ed	I hope I can learn from that.	Надеюсь, и мне удастся этому научиться.
line:cf50dbcc	I hope it all works out.	Надеюсь, у вас всё сложится.
line:b2dfad3e	I hope so.	Надеюсь, да.
line:0477b0d7	I hope so. I really want a fresh start with someone.	Надеюсь. Хочется с кем-нибудь начать с чистого листа.
line:7429dab7	I hope that you'll help me prove them wrong!	Надеюсь, поможешь доказать обратное!
line:be5feb3e	I hope things get better.	Надеюсь, всё наладится.
line:114ac9a0	I hope you're right.	Надеюсь, ты прав.
line:06744c7e	I just don't like that she takes it out on me.	Мне просто не нравится, что она на мне срывается.
line:1fb02179	I just don't like that she takes it out on me.	Мне просто не нравится, что она на мне срывается.
line:c8a1e7d0	I Just need a quick wash... Maybe the mount would be nice too.	Мне только быстро сполоснуться... И, может, станок пригодится.
line:95ff1bed	I just wish for you to ask me a question. Any question.	Я просто хочу, чтобы вы о чём-нибудь меня спросили. О чём угодно.
line:f716a163	I knew you were too busy, so I figured I'd bring the date to you!	Знаю, ты очень занят, вот и решил принести свидание к тебе!
line:2461773d	I knew you'd have my back	Знал, что ты меня поддержишь.
line:6a671440	I know a decent equine-kin place by the pier.	Знаю у причала неплохой ресторан конского народа.
line:50102b85	I know he can be a bit hot headed and forget to thank folks.	Знаю, он бывает вспыльчив и забывает поблагодарить.
line:83c55e2e	I know things can be tough.	Понимаю, бывает нелегко.
line:2ffb026d	I know you need to close down shop. I'll make sure you get the address and we can meet up there, yeah?	Знаю, тебе ещё мойку закрывать. Пришлю адрес, встретимся там, ладно?
line:ded99a0c	I know, I'll reserve your spot!	Знаю, место тебе придержу!
line:59e503b2	I know. But the ability to open up to someone, even occasionally-	Знаю. Но возможность кому-то открыться, хотя бы изредка...
line:d30ffec9	I know. I know I shouldn't be dumping this on you.	Понимаю. Знаю, не стоит на тебя всё это вываливать.
line:875048ca	I know. I know.	Знаю, знаю.
line:7b59e4d6	I like how sure of yourself you are. Even if it just has to do with washing.	Мне по душе ваша уверенность. Пусть даже дело касается лишь мытья.
line:46061aae	I like it! I think you'd enjoy it too.	Мне нравится! Думаю, и тебе понравится.
line:f4ad8ea6	I like taking care of you.	А мне нравится заботиться о вас.
line:8ffedb47	I like the mount you chose. Mind grabbing it?	Хороший станок выбрал. Принесёшь?
line:5c86951f	I like you a lot.	Ты мне очень нравишься.
line:a91980fc	I like you for who you are.	Вы нравитесь мне таким, какой вы есть.
line:bdca3e1b	I like... him.	Мне нравится... он сам.
line:2b65bf83	I love bubbles, they tickle!	Обожаю пузырьки, щекотно!
line:f8a4f404	I mean it. Really.	Я серьёзно. Правда.
line:ae719afc	I need to be better. I <i>want </i>to be better.	Надо меняться. Я <i>хочу </i>стать лучше.
line:a0373456	I need to be spotless. Seems that's what you're for. <size=70%> Ha.	Мне надо, чтоб ни пятнышка не осталось. Вы же тут для этого. <size=70%> Ха.
line:3da2dd1d	I never expected myself to confide such embarrassing things in someone.	Не ожидал от себя, что смогу рассказать кому-то о столь неловких вещах.
line:0c986dec	I never expected you to be the type to be so messy!	Не думал, что вы умеете так перепачкаться!
line:95db900b	I never miss a spot.	Я ничего не пропускаю.
line:d620d41a	I never thought someone like him would be my type...	Не думал, что мне может понравиться такой, как он...
line:67592de1	I probably need to head out though.	Но мне, пожалуй, уже пора.
line:e41c6dc5	I really do hope it all works out!	Очень хочу, чтобы у вас всё получилось!
line:a722aada	I really think it was this time...	А вот в этот раз, кажется, виноват...
line:e80e5edd	I see what you're doing, thank you.	Понимаю ваш намёк. Благодарю.
line:cc6ec337	I see..	Понятно...
line:d57520b1	I seem to have gotten myself covered in ink!	Кажется, я весь перепачкался чернилами!
line:3b161cf3	I still need more!	Мне нужно ещё!
line:47dc71f3	I suppose I understand disliking the mess it may cause.	Понимаю: вся грязь, что он разводит, может не нравиться.
line:234ccfda	I suppose it depends on the circumstances.	Наверное, всё зависит от обстоятельств.
line:910706c0	I think a movie could be fun!	В кино, наверное, будет весело!
line:99bbb171	I think he was in a bad environment. He's doing better now.	Кажется, раньше он был в плохом окружении. Сейчас ему лучше.
line:9247b7a0	I think he'd like the new you!	Думаю, ему понравится новый Конрад!
line:f4982dcd	I think he's got a crush on me.	Кажется, я ему нравлюсь.
line:fc6fdd10	I think I can still feel some explosion grime on me...	Кажется, на мне ещё осталась копоть от взрыва...
line:4efc873f	I think I like being taken care of?	Кажется, мне нравится, когда обо мне заботятся?
line:f5d36d9a	I think I might be close..	Кажется, я уже скоро...
line:52fc4e08	I think I'd like that!	А мне нравится эта мысль!
line:5c78099a	I think I'd like to meet him!	Думаю, я хочу с ним познакомиться!
line:14e0edf6	I think I'd like to try!	Думаю, я хочу попробовать!
line:164df75a	I think I'd like to use it?	Пожалуй, я хотел бы им воспользоваться?
line:4f6168aa	I think I'd like to use it?	Пожалуй, я хотел бы им воспользоваться?
line:ab314624	I think I'd like to?	Наверное, я хотел бы?
line:170c6aa3	I think I'd like you to be that someone aswell.	Мне тоже хотелось бы, чтобы этим кем-то был ты.
line:8f46bb17	I think I've got it!	Кажется, разобрался!
line:a5e128e0	I think she's upset about something else...	Мне кажется, её что-то другое тревожит...
line:bc2545e7	I think she's upset about something else...	Мне кажется, её что-то другое тревожит...
line:335c5156	I think so!	Думаю, да!
line:3292625e	I think that would make a decent place! They put on good shows every night.	Думаю, подойдёт! Там каждый вечер хорошие выступления.
line:eaafe671	I think you got every spot!	Похоже, ты всё отмыл!
line:1760e5d5	I think you got every spot.	Кажется, ты всё отмыл.
line:341175f7	I think you got every spot.	Кажется, ты всё отмыл.
line:770e7473	I think you got every spot.	Кажется, ты всё отмыл.
line:f4a8f7fc	I think you helped him a lot more than you realize.	Думаю, ты помог ему больше, чем сам понимаешь.
line:f28fd15d	I think you missed a few spots still...	Кажется, кое-где ты ещё пропустил...
line:77509e74	I think you're cool too. Self improvement is hard.	Ты тоже классный. Меняться к лучшему непросто.
line:763c6a82	I think you're good looking.	По-моему, вы красивый.
line:69e7dbb3	I think you're pretty cool, Conrad.	А по мне ты классный, Конрад.
line:9c393f61	I think you're special too.	Ты мне тоже небезразличен.
line:7d5ae3b4	I usually make do with a hose down at home...	Я обычно дома из шланга обливаюсь...
line:c4fc9b28	I wanna talk face to face!	Хочу поговорить с глазу на глаз!
line:548dc375	I want to be more open. It feels good.	Мне хочется быть откровеннее. Это приятно.
line:e02f464d	I was helping the alchemist reach a high shelf	Я помогал алхимику добраться до высокой полки.
line:fa97376e	I was helping the alchemist reach a high shelf	Я помогал алхимику добраться до высокой полки.
line:bb015b1b	I was romping around the forest	Я резвился в лесу.
line:78e2cb13	I was thinking about what you said,	Я думал о твоих словах...
line:b8282714	I was thinking.	Я вот думаю.
line:ca616238	I was thinking. We could go out some time next week?	Думаю, может, сходим куда-нибудь на следующей неделе?
line:a13d76ec	I was thinking...	Мне тут подумалось...
line:c1a4edf0	I wasn't making her happy either.	Да и она со мной — тоже.
line:a4214fe6	I went out of my way for a discrete washing, I was sure I wasn't followed.	Я приложил столько усилий, чтобы помыться без огласки. Был уверен, что за мной никто не следит.
line:db5cd152	I went out with some friends.	Гулял тут с друзьями.
line:b6b9dc33	I will pay double. Triple- This is a job only you can do!	Заплачу вдвое. Втрое! С этим можете справиться только вы!
line:0c31345e	I will, thanks.	Обязательно. Спасибо.
line:fa41daf4	I will. I just need a quick wash, and wouldn't mind using the mount today.	Расскажу. Мне бы быстро помыться, а ещё я сегодня не против станка.
line:399457b7	I wish it was easy as it is in movies.	Вот бы всё было так просто, как в кино.
line:2185f08c	I won't.	Не расскажу.
line:45950848	I would like that!	Мне бы понравилось!
line:099ec7fd	I would love to.	С удовольствием останусь.
line:e6006cd6	I wouldn't mind!	Я не против!
line:81905be1	I'd like to go out to eat.	Я бы куда-нибудь поесть сходил.
line:75b152eb	I'd love to talk more, truly, but class is soon.	Я с радостью продолжил бы беседу, но скоро занятие.
line:2fe8a558	I'd love to!	Я с удовольствием!
line:87ba56cc	I'll be back again, yeah?	Я ещё приду, ладно?
line:ca035ef2	I'll be back again. It's nice having you as a friend.	Непременно вернусь. Хорошо иметь такого друга, как вы.
line:0fcd9c26	I'll be back soon, yeah? Thanks for the wash.	Я скоро вернусь, хорошо? Благодарю за мытьё.
line:d9f422eb	I'll be waiting at the bar for you tonight!	Вечером буду ждать тебя в баре!
line:69dff2ec	I'll be waiting for the gate!	Подожду, пока откроешь!
line:ae4d09f6	I'll be waiting for the gate!	Подожду, пока откроешь!
line:ab616aac	I'll definitely keep this place in mind.	Непременно запомню вашу мойку.
line:b122441b	I'll get one ordered I promise!	Закажу, обещаю!
line:1642b6f1	I'll get out of your scales now. Thank you for the wash.	Больше не буду вас отвлекать. Спасибо за мытьё.
line:707d2693	I'll get out of your scales...	Ладно, не стану больше тебя отвлекать...
line:ca480eed	I'll get you two in contact then.	Тогда помогу вам связаться.
line:59416000	I'll go get the gate for ya'	Сейчас открою тебе.
line:6aa7ad03	I'll go get the gate for ya'	Сейчас открою тебе.
line:2a6d7e7d	I'll go get the gate for you.	Пойду открою тебе ворота.
line:8107858d	I'll go get the gate for you.	Пойду открою вам ворота.
line:d1755010	I'll go get the gate for you.	Пойду открою тебе ворота.
line:4d692a01	I'll go get the gate.	Пойду ворота открою.
line:a75bb519	I'll go get the gate.	Пойду ворота открою.
line:8689a124	I'll happily get that for you.	С удовольствием принесу.
line:48e99d7b	I'll have to close up shop first-	Мне сначала надо мойку закрыть...
line:f2b894e2	I'll have to reserve your spot while you close up.	Пока закрываешь, займу тебе место.
line:6c5e2459	I'll keep that in mind. I'm used to things being transactional.	Учту. Просто я привык, что за всем стоит какой-то обмен.
line:956a0f47	I'll make sure to ask him next time I see him.	В следующий его визит обязательно спрошу.
line:e64d21e4	I'll make sure to come back.	Непременно ещё зайду.
line:7c9fe106	I'll make sure to get out of your scales.	Не буду больше отвлекать тебя от дел.
line:87006442	I'll make sure to tell others about this place	Обязательно расскажу всем про это место.
line:1db78e06	I'll make sure to tell you how it goes, yeah?	Обязательно расскажу, как всё пройдёт, ладно?
line:49b6a167	I'll make sure you're <i>spotless.	Я уж постараюсь, чтобы ни <i>пятнышка не осталось.
line:96981b61	I'll manage.	Справлюсь.
line:9aa97614	I'll need this to be swift, students won't teach themselves.	Прошу не затягивать: студенты сами себя не научат.
line:9ef857c8	I'll need to resurrect Igwix, oh how embarrassing!	Придётся воскрешать Игвикса. До чего неловко!
line:90a9a98e	I'll see you next time I come in, yeah?	Увидимся, когда снова приду, да?
line:d0f6a49a	I'll see you next time I come in, yeah?	Увидимся, когда снова приду, да?
line:160bf40f	I'll start prepping for it.	Пора начинать готовиться.
line:8af64cb8	I'll take care of this, don't you worry.	Я обо всём позабочусь, не волнуйся.
line:e20c6391	I'll tell you in a bit. Could you just get the gate for now?	Чуть позже расскажу. Пока просто открой, пожалуйста.
line:04c62f9b	I'm <i>spotless</i>.	Ни <i>пятнышка</i> не осталось.
line:629f8cff	I'm a bit of a big deal around there.	Меня там за важную персону держат.
line:d9272031	I'm a dragon.	Я же дракон.
line:675e7284	I'm a rule breaker!	А я правила нарушаю!
line:afcd5586	I'm a... kobold.	Я вообще-то... кобольд.
line:5d41b5d6	I'm all dirty still!	Я же ещё весь грязный!
line:2f6eb3c3	I'm all soapy still!	Я же ещё весь в мыле!
line:18707b19	I'm always happy to give you a wash!	Всегда рад тебя помыть!
line:3b01eb3b	I'm always happy to give you a wash!	Всегда рад тебя помыть!
line:d82b1a7d	I'm always happy to help. <i><size=70%> especially a big dragon.	Всегда рад помочь. <i><size=70%> Особенно большому дракону.
line:46c6a3ed	I'm always happy to see you Ryan.	Я тебе всегда рад, Райан.
line:75206eee	I'm always happy to see you Ryan.	Я тебе всегда рад, Райан.
line:fa6e232e	I'm always happy to see you. I'll go get the gate for you.	Я всегда рад вас видеть. Сейчас открою вам ворота.
line:07e5fc05	I'm amazed!	Я впечатлён!
line:4586d55d	I'm an asshole. I know I am.	Я мудак. Сам знаю.
line:a6d46685	I'm certain he also finds you pleasant!	Уверен, ему с вами тоже приятно!
line:ef399e26	I'm doing good!	У меня всё хорошо!
line:a6c1f2f4	I'm excited for you!	Я за тебя так рад!
line:94fbdbf0	I'm excited for you. I'll get the gate!	Я за тебя рад. Открываю ворота!
line:f83e4966	I'm excited to hear about it!	Буду ждать рассказа!
line:bd55b8f4	I'm excited to see them washing down the drain though.	Но уже жду, как они поплывут в слив.
line:24832f01	I'm excited.	Уже предвкушаю.
line:69f406a6	I'm excited.	Уже предвкушаю.
line:a00f681d	I'm excited.	Уже предвкушаю.
line:a0479425	I'm excited.	Уже предвкушаю.
line:b5d7d26f	I'm excited.	Уже предвкушаю.
line:d66b9155	I'm excited.	Уже предвкушаю.
line:4e1b1d0a	I'm glad you derive enjoyment from this as well.	Рад, что и вам это доставляет удовольствие.
line:5db47405	I'm glad you enjoy him. I'm certain he finds you pleasant.	Рад, что вам с ним хорошо. Уверен, это взаимно.
line:c56ee060	I'm glad you enjoy my crest.	Рад, что мой герб вам понравился.
line:f44a1493	I'm glad you trust me.	Рад, что вы мне доверяете.
line:3a2ed5ef	I'm glad you two are working out though.	В любом случае рад, что у вас всё хорошо.
line:c0972e81	I'm glad you two are working out.	Рад, что у вас всё получается.
line:34ba77b1	I'm glad you were able to make the choice that was best for you.	Хорошо, что ты сумел выбрать то, что лучше для тебя.
line:d5a90e1c	I'm glad!	Очень рад!
line:286fec49	I'm glad.	Рад это слышать.
line:42f5fd9d	I'm glad.	Рад это слышать.
line:99b6dc81	I'm glad.	Рад это слышать.
line:570d4953	I'm happy for you!	Рад за тебя!
line:ac6d5bd3	I'm happy for you!	Рад за тебя!
line:ed5c40ca	I'm happy for you!	Рад за тебя!
line:79099951	I'm happy to be here too.	Я тоже рад здесь оказаться.
line:99fd9b51	I'm happy to give you a place you can relax.	Рад, что у вас есть место, где можно расслабиться.
line:5d36d5c8	I'm happy to have met you.	Я рад, что познакомился с вами.
line:ce21622a	I'm happy to hear that.	Рад слышать это.
line:69963a6c	I'm happy you feel comfy here.	Рад, что вам здесь уютно.
line:38388248	I'm here for a wash.	Я пришёл помыться.
line:a6974256	I'm here if you need someone to talk to.	Если захочешь поговорить, я рядом.
line:6690512d	I'm impressed.	Впечатляет.
line:2e424b13	I'm in need of another wash.	Мне бы снова помыться.
line:ef91a572	I'm Jealous!	Даже завидую!
line:a79b8639	I'm just happy I don't feel judged here.	Мне хорошо здесь оттого, что меня никто не осуждает.
line:8076eb95	I'm just here for a wash though.	Я только помыться.
line:c2caa0b7	I'm just here to bring you food!	Я просто пришёл тебя угостить!
line:ec6c7823	I'm just... Happy.	Просто я... счастлив.
line:ed4b0d48	I'm kind of excited.	Даже предвкушаю немного.
line:266c652e	I'm looking forward to seeing you again	Уже жду следующей встречи.
line:e91e2041	I'm not <i>that</i> little-	Я не <i>такой</i> уж малыш...
line:cf05a364	I'm not certain why I suddenly understand your 'Yips'	Не знаю, почему я вдруг стал понимать ваши «йипы».
line:dcc4774b	I'm not too sure. It was on sale at WingCo.	Не очень-то знаю. В WingCo по скидке продавалось.
line:5b31909a	I'm only doing what I think is right.	Просто делаю то, что считаю правильным.
line:7fe349d7	I'm profoundly embarrassed by this whole ordeal.	Вся эта история меня ужасно смущает.
line:cfaffc52	I'm pumped.	Я весь на взводе от радости.
line:c0a140f8	I'm really fond of letting folks ride on my back.	Мне очень нравится катать кого-нибудь на спине.
line:1a5e6184	I'm really looking forward to this.	Очень жду этого вечера.
line:8b43a434	I'm really sorry you got hurt. Who did this?	Как жаль, что тебе досталось. Кто тебя так?
line:69ffe957	I'm so excited about this date!	Я так жду этого свидания!
line:e6290003	I'm so excited. I'll get you two in contact!	Как здорово! Обязательно вас сведу!
line:e8611ad0	I'm sorry for dumping that all on you earlier.	Извини, что раньше столько на тебя вывалил.
line:e613b1c3	I'm sorry I snapped at you earlier.	Прости, что на тебя сорвался.
line:de208e68	I'm sorry you got hurt...	Мне жаль, что тебя так...
line:4843bb47	I'm still very muddy, if you could soap me up that'd be great.	На мне ещё много грязи. Было бы здорово, если бы ты меня намылил.
line:51d4e418	I'm such an idiot.	Вот же я придурок.
line:32114891	I'm sure nobody will know...	Уверен, никто не узнает...
line:17a05c96	I'm sure we'll figure something out! just meet me at the pier!	Уверен, что-нибудь придумаем! Просто приходи на причал!
line:8136ef1a	I'm surprised how nice it is.	Удивительно, насколько это приятно.
line:722c6ab2	I'm thinking a date soon.	Думаю, скоро на свидание сходим.
line:3471e9b1	I'm trying my best.	Стараюсь изо всех сил.
line:01492e5e	I'm trying not to be pushy.	Стараюсь больше не давить.
line:4d6cd625	I'm trying to get away from the house for a bit.	Хочу ненадолго из дома выбраться.
line:c1ef777a	I'm unsure why speaking with you is so easy.	Не понимаю, отчего с вами так легко разговаривать.
line:822c0718	I'm very excited.	Я так жду.
line:ddab3d34	I'm very satisfied with these results..	Результатом весьма доволен...
line:03eb977c	I'm well aware. A deep clean has a distinct feel!	Это я заметил. После тщательного мытья совсем иные ощущения!
line:f9193c0d	I'm willing to do it. But I'd like something new.	Я готов постараться. Но хотелось бы чего-то нового.
line:63981253	I'm... Happy.	Я... счастлив.
line:f80bd44b	I'm... not certain I'd like to use this today.	Я... не уверен, что хочу воспользоваться этим сегодня.
line:d422462e	I'm... not sure I can answer that for you.	Не знаю... Смогу ли я ответить за тебя.
line:8f107933	I'm... Rather close now	Я... уже близок.
line:24c52c54	I'm... wondering...	Я... хотел бы узнать...
line:6bbd7f1d	I've always hated the rain.	Всегда терпеть не мог дождь.
line:b4353808	I've always loved giving my biped friends rides...	Всегда любил катать своих двуногих друзей...
line:9541fceb	I've been considering asking you this for a while now.	Я уже некоторое время собирался вас спросить.
line:505154a4	I've been thinking...	Я тут размышлял...
line:58b4f5fb	I've been told it's polite to talk to smaller folk face to face.	Мне говорили, что с теми, кто меньше ростом, вежливо разговаривать лицом к лицу.
line:2c560e29	I've been trying to get into the social sciences aswell.	Пытаюсь также освоить общественные науки.
line:b4a29141	I've got a guy who can drop a gift by tomorrow that would spruce things up.	Есть знакомый, завтра может подкинуть подарочек. Тут сразу всё оживёт.
line:212f0021	I've had a lot of free time lately.	В последнее время свободного времени много.
line:701b9feb	I've had a lot of free time lately.	В последнее время свободного времени много.
line:79da763f	I've had a lot of free time lately.	В последнее время свободного времени много.
line:3c4443fd	I've seen bigger	Видал и побольше.
line:d7a90078	I...	Я...
line:393d0e05	I... hm.	Я... Хм.
line:0da5609b	I... Know this is unprompted.	Я... понимаю, что это довольно внезапно.
line:5cfb94b9	If a relationship is <i>so</i> bumpy and you know its going to end.	Если всё <i>настолько</i> сложно и понятно, что отношениям конец.
line:b2f52b23	If I could uhm...	Могу ли я, эм...
line:b4990e3d	If I'm honest. I've had a crush on you for a bit.	Если честно, ты мне уже некоторое время нравишься.
line:7c13c28e	If only.	Вот бы был.
line:a56c5621	If someone like Ryan is interested, you're doing great.	Если тобой заинтересовался такой, как Райан, всё у тебя отлично.
line:52f28749	If we're caught violating another policy my reputation would be in ruins!	Если нас снова поймают на нарушении правил, моей репутации конец!
line:83f511d2	If ya' place the mount for me I'll have at it.	Поставь станок, и я за него возьмусь.
line:7ead92b1	If you could come up front so I could talk.	Подойди вперёд, пожалуйста, чтобы можно было поговорить.
line:e78656aa	If you could come up to where I can see you.	Подойди, пожалуйста, чтобы я тебя видел.
line:9a013329	If you wanna talk about it more, I've got a minute.	Хочешь ещё поговорить? У меня найдётся время.
line:3d014153	If you want to use it that's fine!	Если хотите воспользоваться — пожалуйста!
line:a9eb9a76	if you're seeing this please grab nael or submit a bug report	Если вы видите этот текст, позовите nael или отправьте сообщение об ошибке.
line:b9ab4eed	Im not complaining though.	Но я не жалуюсь.
line:27340362	In a bad way?	В плохом смысле?
line:2019bb85	In a good way?	В хорошем смысле?
line:91d5fb72	Incredible!	Невероятно!
line:61c8781b	Indeed! You're the only kobold I wish to wash me now.	Именно! Теперь я хочу, чтобы меня мыли только вы.
line:a5979ac9	Indeed, you must know of my crest! I teach alchemy.	Именно. Должно быть, узнали мой герб! Я преподаю алхимию.
line:dd9d30d2	Indeed. I'm glad you were able to help.	Именно. Рад, что вы сумели помочь.
line:fd5ddfcb	Indeed. You're an excellent person to be around.	Именно. С вами удивительно приятно проводить время.
line:78c9b5cc	Is everything okay?	У тебя всё в порядке?
line:bea8f1f7	Is something on your mind?	Тебя что-то беспокоит?
line:6b6dd8bc	Is that a good thing...?	Это хорошо...?
line:848727f2	Is that a threat...?	Ты мне угрожаешь...?
line:db302830	Is that why you came in the first time?	Поэтому ты тогда впервые пришёл сюда?
line:00e41343	Is this good?	Так хорошо?
line:7982d3d8	Is this the right place?	Я туда попал?
line:c48f59a9	Is this the right place?	Я туда попал?
line:b05f6eea	Isn't that... Wood?	Это же... дерево?
line:bf137cb4	It arrived this morning, it should be near the gate.	Доставка была сегодня утром. Он должен быть у ворот.
line:5080b6dd	It depends! Dragon thing.	По-разному! Драконья особенность.
line:34cf0601	It did! Thanks for asking.	Да! Спасибо, что спросил.
line:900dca3c	It does wonders.	Творит чудеса.
line:cfd504c5	It does wonders.	Творит чудеса.
line:ac13bf68	It is indeed rather cool.	Да, место и впрямь замечательное.
line:ea445b46	It is rather novel isn't it?	Довольно необычное ощущение, не правда ли?
line:56d34a41	It is? Good to know...	Правда? Буду знать...
line:b058318f	It means you're doing a good job in kobold.	По-кобольдски это значит «молодец».
line:13c906c7	It really has been. You're wonderful.	И правда чудесно. Ты замечательный.
line:b032bfb1	It turns out baking is messy!	Оказалось, от выпечки столько грязи!
line:da4f12a1	It turns out baking is messy!	Оказалось, от выпечки столько грязи!
line:e106207b	It turns out baking is messy!	Оказалось, от выпечки столько грязи!
line:e0c8c57b	It was good. We had sex.	Хорошо. У нас был секс.
line:681117ec	It was great. Conrad is wild. Good wild.	Прекрасно. Конрад необузданный. В хорошем смысле.
line:28eee9f5	It went great!	Всё прошло прекрасно!
line:92bfe06c	It went great!	Всё прошло прекрасно!
line:a5d2b991	It went well.	Хорошо прошло.
line:1ab5969b	It would be a... date. As most would say.	Это было бы... свидание. Как принято говорить.
line:8440a3f4	It's a regrettable state I find myself in...	Весьма прискорбное положение, в котором я оказался...
line:1706e86d	It's also new to me...	Я тоже ещё не пробовал...
line:c1b8e62b	It's always good when a kobold knows what they like.	Люблю, когда кобольд знает, чего хочет.
line:deffce5c	It's crazy how much your neck can handle.	Невероятно, сколько в твоё горло помещается.
line:2e182063	It's difficult to find folks that are outside of my current bubble.	Непросто знакомиться с кем-то вне своего круга.
line:48cfc92b	It's endearing!	Такие милые!
line:5b6f00bd	It's fine.	Всё нормально.
line:13dc0f15	It's fine. I close in about an hour.	Ничего. Я примерно через час закрываюсь.
line:23ac92c8	It's freeing. I'll be back, yeah?	Такое чувство свободы. Я ещё загляну, хорошо?
line:de9fdb93	It's hard to hold back..	Трудно сдерживаться...
line:9ebea3d0	It's hard to not be nervous after everything...	После всего случившегося трудно не нервничать...
line:ec8243d8	It's interesting; you bipeds tend to savor your meals.	Любопытно: вы, двуногие, любите смаковать еду.
line:d50cb509	It's just that something happened to Conrad, I hope he's okay.	Просто с Конрадом кое-что произошло. Надеюсь, с ним всё хорошо.
line:bee6c7dd	It's just that...	Просто...
line:3b76093c	It's made for eating things whole.	Оно для этого и предназначено — глотать всё целиком.
line:19f36dc0	It's my dream.	Это моя мечта.
line:18db795f	It's never easy to end things.	Ставить точку всегда тяжело.
line:049fb01f	It's nice to have friends to rely on.	Хорошо иметь друзей, на которых можно положиться.
line:ed69e3a1	It's nice to relinquish control, even for a moment.	Приятно уступить контроль другому, хотя бы ненадолго.
line:e9d34ea0	It's no biggie. It sounds like everyone is fine.	Да ладно вам. Вроде все целы.
line:7e511da7	It's okay!	Ничего страшного!
line:b14d8520	It's okay, you sound like you need it.	Ничего. По-моему, тебе нужно выговориться.
line:50b95260	It's okay. I needed to. She wasn't making me happy.	Ничего. Так было нужно. С ней я не был счастлив.
line:47455767	It's okay. I'll figure something out.	Ничего. Что-нибудь придумаю.
line:9287c933	It's starting to feel like it's <i>my</i> fault.	Уже кажется, что это <i>я</i> виноват.
line:7ab244af	It's the best way to enjoy food.	Так вкуснее всего.
line:0b7589ff	It's the mount you asked for.	Тот станок, который ты просил.
line:a5780e74	It's wonderful to be back!	Как приятно сюда вернуться!
line:649e8eb3	Its a nice get away from everything out there.	Здесь хорошо отдыхать от всей суеты снаружи.
line:d0361dd9	Its like an equine fusion thing...	Там их кухню с другими смешивают...
line:df86a610	Jokes aside, your wash is definitely the best.	А если без шуток, лучше твоей мойки не найти.
line:7fe40d2b	Just a rough day. Hoping this helps!	Просто день тяжёлый. Надеюсь, станет полегче!
line:ce77a00e	Just did!	Только что!
line:7c93c604	Just doing my job!	Просто выполняю свою работу!
line:fa0a9fbb	Just having fun.	Я просто развлекаюсь.
line:9e9425cd	Just possibly...	Чисто теоретически...
line:1d73a343	Just some drake at the bar. Was stupid... Couldn't shut my mouth.	Да какой-то дракон в баре. Сглупил я... Надо было рот держать закрытым.
line:ecb9a15d	Just touch me with your hand and I'll try to help.	Просто коснись меня рукой, и я постараюсь помочь.
line:14209365	Just uhm... Don't tell anyone I'm saying all this.	Только это... Никому не рассказывай, что я тут наговорил.
line:3bac1dad	Just... open the gate.	Просто... открой ворота.
line:4f826403	Keep going a little longer please	Пожалуйста, ещё чуть-чуть.
line:087039ba	Keep going.	Не останавливайся.
line:d8f92323	Kinda! I've been getting out more.	Вроде того! Я чаще стал выбираться.
line:b965b4dd	Knock that off, we're not done yet. Right?	Перестань, мы же ещё не закончили. Правда?
line:d9d276bb	Kobolds always seem enamored by me eating.	Кобольды всегда так заворожённо смотрят, как я ем.
line:0274cacd	Kobolds are very flexible. It will fit.	Кобольды очень гибкие. Поместится.
line:20cb68b9	lemme in?	Впуфти меня?
line:41d5085a	Let go whenever you are ready.	Кончайте, когда будете готовы.
line:29a77d09	Let me give it a try!	Дай-ка опробовать!
line:265e14cb	Let me know when you're finished rinsing.	Сообщите, когда закончите ополаскивать.
line:0e1fd4b0	Let the <i>big C</i> out of this place!	Выпускай <i>большого К</i> из этой мойки!
line:f7382398	Let's get going~!	Ну же, поехали~!
line:c50535b3	Let's have it!	Давай!
line:9accd60e	Lets wash it off for our date tonight then.	Тогда смоем это перед нашим свиданием.
line:7ce1b833	Like what?	Как ем?
line:cb91e703	Like, I love those around me, but there's a lot of baggage there.	Я люблю своих друзей, но с ними столько всего связано.
line:aa1c54ab	Like, in general.	Я вообще обо всём.
line:bbe51f87	Like, in general.	Я вообще обо всём.
line:7b7b0a3f	Like, the future of my relationships.	О том, какие отношения у меня могут быть дальше.
line:db79a905	Like... a lemon?	То есть... как лимон?
line:ffd7dcc4	Like... An asshole? I know I'm miserable to be around.	Как... мудак? Я знаю, со мной паршиво.
line:a0a0a49c	Like... sexual stuff?	Ты про... секс?
line:9becd177	Look at me! I'll be the laughing stock of my students.	Посмотрите на меня! Студенты поднимут меня на смех.
line:9711cf03	Lookin' for a hose down. Wouldn't mind using the mount aswell.	Мне бы из шланга сполоснуться. И станком воспользоваться заодно.
line:abdb5822	Looking forward to seeing ya'	Буду рад снова тебя увидеть.
line:5c335985	Looking forward to seeing you soon.	Буду рад скорой встрече.
line:1d0abc80	Looking forward to the wash.	Жду мытья с нетерпением.
line:646279a0	Looks like it.	Вроде того.
line:b6093881	Looks like ya' got a shipment, eh?	Смотрю, вам тут кое-что доставили?
line:f1fc3e3c	Luckily death via spontaneous combustion is a concept we have thoroughly curtailed in the modern world.	К счастью, в современном мире мы научились успешно предотвращать гибель от самовозгорания.
line:d2ba8ba9	Made a bit of a mess... Still worth it.	Немного напачкал... Но оно того стоило.
line:301e8665	Make haste! My reputation is on the line.	Поторопитесь! На кону моя репутация.
line:5072cc60	Make sure you're very clean. <size=70%><i>hehe.	Главное — хорошенько отмойся. <size=70%><i>Хе-хе.
line:da21cf49	Makes sense! Yeah tiny drakes are fun.	Понимаю! Да, с маленькими драконами весело.
line:22b2643b	Makes sense.	Логично.
line:e7f0e9ed	Makes sense.	Логично.
line:89c9a73b	Many think it's part of my body.	Многие принимают его за часть моего тела.
line:d7bcbe29	Max says I'm a clumsy dragon,	Макс считает меня неуклюжим драконом.
line:db986d0d	May you open the gate?	Не откроете ли ворота?
line:76a97730	Maybe later...?	Может, позже...?
line:08a422ba	Maybe like...	Может быть, так сказать...
line:6f293b7a	Maybe someone new...	Может, кого-то нового...
line:d2558a04	Maybe someone?	Или кого-нибудь?
line:67a46ddc	Maybe we can hang out later?	Может, потом вместе время проведём?
line:5691478f	Maybe we could just... Walk?	Может, просто... прогуляемся?
line:7734bf93	Me too, thanks!	И мне не терпится. Спасибо!
line:627a13e4	Me too.	И я тоже.
line:d3c733f5	Me too.	И я тоже.
line:ffa63d1b	Me too.	И я тоже.
line:040ee2a7	me too.	Я тоже.
line:d13cd125	Me.	Быть собой.
line:14e7b293	Me?	Я?
line:b9cb051a	Means I'm ready to go on a date with a certain kobold.	Значит, я готов к свиданию с одним кобольдом.
line:e5da247d	Means you know how to get hands on!	Значит, и ручную работу освоил!
line:171707d2	Mhm!	Угу!
line:11306335	Mhm! Come back anytime.	Угу! Заходи в любое время.
line:69dd6a73	Mhm! he's trying to meet new people.	Угу! Он как раз хочет новых знакомств.
line:da17b746	Mhm! I'm <i>the</i> kobold!	Угу! Я <i>тот самый</i> кобольд!
line:a0cb3f78	Mhm! that's him.	Угу, он самый.
line:164fdb01	Mhm, he's trying.	Угу, старается.
line:1a663dcf	Mhm, right this way.	Угу, прошу сюда.
line:3cd8a8bd	Mhm... Thank you.	Угу... Благодарю вас.
line:4546abce	Might seem kinda weird to ask now. Buuuut.	Может, сейчас не лучшее время спрашивать. Но-о...
line:57d8b72a	Mind opening the gate to let me out?	Откроешь ворота? Мне пора.
line:b2a507ab	Mind opening the gate to let me out?	Откроешь ворота? Мне пора.
line:6d726280	Mind washing more?	Помоешь ещё немного?
line:c8281b83	Mmm, I understand that to mean you'll get the gate?	М-м, полагаю, это значит, что вы откроете ворота?
line:dd0c77ae	Mmm, Yeah I know the type.	М-м, да, знакомый типаж.
line:d8cafcc7	mmm..	М-м-м...
line:729cea0c	Mmmhm, I always do my best.	Угу, я всегда стараюсь как могу.
line:f36b8b76	Mmmhm. I'll work on my sleep schedule...	М-м, да. Пора наладить сон...
line:d38efb75	Mmmmhm, gotta prep for a date with him.	Угу-у, надо готовиться к свиданию с ним.
line:a78dd44b	mmph! (Yea!)	М-мф! (Да!)
line:b132719c	Mmph- Hm?	М-мф... А?
line:16ee6b14	Money... mmm...	Деньги... М-м-м...
line:d8cc8048	Most people do!	Большинству нравится!
line:3d723db0	Must mean you two are a good match.	Значит, вы подходите друг другу.
line:9ca994a5	My bad	Виноват.
line:aaecba3d	My bad	Виноват.
line:fedbf70c	My colleague, professor Igwyx, wished to use me as a platform.	Мой коллега, профессор Игвикс, попросил меня послужить ему подставкой.
line:08af3902	My date with Ryan was...	Наше свидание с Райаном было...
line:116b5405	My date with Ryan was...	Наше свидание с Райаном было...
line:e26c3b65	My first ever Yarn script in Unity!	Мой самый первый сценарий Yarn в Unity!
line:f15b014f	My names Ryan. So...	Меня зовут Райан. Так что...
line:e4aced7b	My students could learn a thing or two from your work ethic!	Моим студентам стоило бы поучиться у вас усердию!
line:dfe74420	My-	Ох...
line:9b915bf2	Nah.	Не-а, не нравится.
line:c3642dec	Nah.	Не-а, не поэтому.
line:393c128a	Never cleaned a teacher dragon... woah.	Ещё не доводилось мыть дракона-учителя... Ух ты.
line:a99b03ed	Never tried it.	Ни разу не пробовал.
line:6df809e1	Nevermind. Could you get the gate?	Неважно. Откроешь ворота?
line:d3a50f3f	Next time I come in for a wash we'll go.	В следующий раз приду мыться, а потом пойдём.
line:ac5afd96	Next time I come in I'll have reservations!	К следующему визиту всё забронирую!
line:8990fcc9	Nice! Whats with all the... Gloop?	Класс! А что это за... липкая масса?
line:1d4b8528	Nice. Gotta open the gate though. Let Conrad in!	Отлично. Только ворота открой. Конрад идёт!
line:acab92d4	Nnf... I believe I needed that. Thank you.	М-мф... Кажется, именно это мне было нужно. Благодарю.
line:8fe11008	Nnnf... That was way better than those berries.	М-мф... Гораздо лучше тех ягод.
line:b251704a	No	Нет.
line:e05c2dca	No	Нет.
line:dc86c2de	no	Нет
line:5794ea87	No amount of justification makes it feel good though.	Только сколько себя ни убеждай, легче не становится.
line:5a5ec440	No I actually just got it	Нет, я только что его приобрёл.
line:cd5f07ca	No more excuses.	Хватит оправдываться.
line:4b38230f	No need for thanks. I'll get the gate.	Не за что благодарить. Сейчас открою.
line:11604fbd	No need to be nervous, Alexander!	Не волнуйтесь так, Александр!
line:eefef647	No need to be.	Не стоит так переживать.
line:73ea230a	No no, you're a certified cleaner yeah?	Не-не, ты же дипломированный мойщик?
line:743c64e6	No not really.	Нет, если честно.
line:50feefe8	No problem!	Не проблема!
line:1a9a36e1	No problem! Can't wait for you to meet Conrad.	Не за что! Скорее бы ты познакомился с Конрадом.
line:0a9993d2	No problem, thanks!	Не страшно, спасибо!
line:10bdb3a4	No problem, thanks!	Не страшно, спасибо!
line:3a8f65fa	No problem.	Без проблем.
line:ee3d0ee4	No problem. Let me get that gate for ya'!	Ничего страшного. Сейчас открою вам!
line:eedccaec	No way.	Не может быть.
line:f0351f0c	No way.	Не может быть.
line:d726f776	No worries,	Не переживай.
line:12b7a5b3	No! I mean, yes, but for the sake of my reputation could you please keep my incursion here to yourself.	Нет! То есть да, но ради моей репутации прошу никому не говорить о моём визите.
line:f7f963e3	No, I am.	Нет, всё-таки грязный.
line:54faa7c0	No, I don't think I do.	Нет, кажется, не нужно.
line:38419d8b	No, it's not. No more excuses.	Нет, не нормально. Хватит оправдываться.
line:cd9b2a8f	No, thank you. I'm... Really excited.	Нет, это тебе спасибо. Я... очень рад.
line:1af1ad05	No, we don't offer things like that here.	Нет, таких услуг у нас не оказывают.
line:cb7e94e5	no.	Нет.
line:6128a09c	No. A lime that is yellow.	Нет. Именно лайм, но жёлтый.
line:de25dacd	No. I'm not. Do you have a medkit or not?	Нет, не нормально. Аптечка-то есть или нет?
line:1cc64bcf	No.. No it's fine... thank you.	Нет... Нет, всё хорошо... Спасибо.
line:525f5744	Nope	Не-а.
line:fbd2c3e7	Nope.	Не-а.
line:5406ba8e	Normally I'd say yes to a mount. But, not right now.	Вообще-то я всегда за станок. Но сейчас не хочется.
line:ab92da6a	Not anymore at least!	По крайней мере, теперь проблем нет!
line:0cfcd179	Not for a date though.	Но для свидания не годится.
line:d1b90e2c	Not sure yet.	Пока не знаю.
line:e9643b5d	Not yet.	Пока нет.
line:326cc84d	Not yet. a little longer.	Ещё рано. Потерпите чуть-чуть.
line:56a729f6	Nothing more attractive than a man who can improve!	Нет ничего привлекательнее мужчины, который умеет меняться!
line:b5dabf9f	Nothing more attractive than a man who can improve!	Нет ничего привлекательнее мужчины, который умеет меняться!
line:8a321997	Now I'm eyeballing the mount...	А теперь я на станок заглядываюсь...
line:5e0a6d7a	Now I'm out here, agh!	А теперь мне приходится здесь торчать, ох!
line:564a9606	Now they'll never need to know!	Теперь им незачем об этом знать!
line:d66b7986	Now!	А теперь!
line:63596bb3	Now, do you have a medkit or not?	Так аптечка есть или нет?
line:eefc4e9f	Now, lemme in! I want to try that thing out!	Ну, впускай! Хочу эту штуку опробовать!
line:0554966a	Now, more food?	Ну что, ещё поедим?
line:3fb3f8d4	Now, round two!	А теперь второй раунд!
line:12e6043e	Now... Food?	Ну что... За еду?
line:5f8b2de4	oah. <size=70%>okay.	Ой. <size=70%>Ладно.
line:13223129	Of course	Разумеется.
line:283e56d8	Of course I am! I know I'm very...	Ещё бы! Я-то знаю, что я очень...
line:5788e15c	Of course I do. I'm a <i>professional</i>.	Ну конечно. Я же <i>профессионал</i>.
line:0b226939	Of course it is!	Конечно не против!
line:f21dd9d4	Of course it is!	Конечно не против!
line:642255fc	Of course!	Ну конечно!
line:76f8c20c	Of course!	Ну конечно!
line:877aced7	Of course!	Ну конечно!
line:d2401e75	Of course!	Ну конечно!
line:f9eb2b4a	Of course! Right this way!	Конечно! Проходи!
line:0d20d327	Of course! Thank you for the food.	Ну конечно! Спасибо за угощение.
line:4da976f5	Of course! You run a fine establishment.	Разумеется! У вас прекрасное заведение.
line:b629bcf2	Of course! You're wonderful.	Конечно! Вы чудесны.
line:b6c96475	Of course, you run a fine establishment.	Разумеется, заведение у вас замечательное.
line:dd082478	Of course.	Само собой.
line:203cc3d2	Of course. One moment!	Конечно. Секундочку!
line:fd145efe	Of course. Sorry you're going through all this.	Конечно. Жаль, что тебе через это приходится проходить.
line:7305cdbc	Oh cool!	О, здорово!
line:eb6ae4c3	Oh cool!	О, здорово!
line:77c996e8	Oh damn! You really are adventurous!	Вот чёрт! Ты и правда любишь приключения!
line:3fdb9d01	Oh fcuk something went wrong	Вот бля, что-то пошло не так.
line:9e403ecd	Oh fuck yeah.	Ох, бля, да.
line:13c39c50	Oh fudge, forget I said that!	Ах, чёрт, забудьте, что я сказал!
line:e722753e	Oh goodness no..	О боже, нет...
line:55e3dd36	Oh hi! um..	А, привет! Эм...
line:e8ee5747	Oh hi! um..	А, привет! Эм...
line:b90f527f	Oh huh, that's the tiny drake I saw coming in a bit back yeah?	А, это тот маленький дракон, который недавно сюда заходил?
line:001ab950	Oh I heard good things about that.	О, я слышал хорошие отзывы.
line:0a4a28c0	Oh I see the button there, gotcha!	А, вижу кнопку. Всё понял!
line:c6b0b1aa	Oh like, swallowing things whole?	А, то есть глотаю целиком?
line:10254d13	Oh my	Ох ты.
line:39f6c77d	Oh my bad	Ой, моя ошибка.
line:79511a66	Oh my bad	Ой, моя ошибка.
line:8cfbd75d	Oh my bad	Ой, моя ошибка.
line:cb71b2a1	Oh my bad	Ой, моя ошибка.
line:7d13eca0	Oh my- I didn't expect you to be so... hands on	Ох... Не ожидал, что вы так решительно... возьмёте всё в свои руки.
line:c60c65e8	Oh my. I suppose I could use the mount!	О боже. Пожалуй, можно и станком воспользоваться!
line:433cb27e	Oh no! Do you want to talk about it?	Ох нет! Хочешь рассказать?
line:d908622a	Oh no, Conrad. are you okay?	Ох, Конрад. Ты как?
line:bf977a7e	Oh okay. I'll go grab it.	А, хорошо. Принесу.
line:7428755b	Oh so it's new for both of us!	А, значит, для нас обоих это новое!
line:513bed5a	Oh so it's new to both of us!	О, значит, для нас обоих это в новинку!
line:4bad37a5	Oh that's good. I'm happy he's okay.	Вот и хорошо. Рад, что с ним всё в порядке.
line:7d791906	Oh this is better, but I still feel dirty.	О, уже лучше, но я ещё чувствую грязь.
line:63926ecd	Oh we're done?	О, уже закончили?
line:546d1bf2	Oh wow, you're really covered in it!	Ничего себе, вы и правда весь в чернилах!
line:b2d99a43	Oh wow..	Ох, ничего себе...
line:e8052272	Oh yeah I liked the first one.	А, да, первый мне понравился.
line:a4a26529	Oh yeah, there's this nice place downtown called wings.	Ах да, в центре есть приятное заведение Wings.
line:d4d3ecd5	Oh yeah.	Ах да.
line:059142a3	Oh Yeah?	Да ну?
line:71053a53	Oh Yeah?	Да ну?
line:1121309c	Oh yeah?	А, да?
line:2b560f59	Oh yeah?	А, да?
line:2d2820b0	Oh yeah?	А, да?
line:6e82e54c	Oh yeah?	А, да?
line:b9d8a22f	Oh yeah?	А, да?
line:d8ce8566	Oh yeah?	А, да?
line:f103a4a8	Oh yeah?	А, да?
line:4f6344f1	Oh yeah? He sounds like a bit of a hothead.	Да? Похоже, горячий у него характер.
line:60cdf456	Oh yeah? The little red drake?	О? С тем небольшим красным драконом?
line:a9253dd8	Oh yeah? The sky blue drake I've seen around?	О? С тем небесно-голубым драконом, которого я видел поблизости?
line:762882b4	Oh yeeeaaah?	Да неуже-ели?
line:5d737ca7	Oh yes	О да.
line:1c90fb6d	Oh you. Gonna make me blush.	Ой, ну ты скажешь. Сейчас покраснею.
line:7e3e59aa	Oh!	А!
line:3605a48a	Oh! I think I've seen him. The tiny one, yeah?	О! Кажется, я его видел. Такой маленький, да?
line:3bc15278	Oh! No it wouldn't be. It's fun!	О! Нет, нисколько. Это же весело!
line:c95a153d	Oh! nothing. I'll get the gate.	А! Ничего. Иду открывать.
line:b6fb6fce	Oh! Okay. I'll get the gate!	А! Ладно. Открываю ворота!
line:4d3233a1	Oh! That's cold!	Ой! Холодно!
line:403f2ab7	Oh! Then I better let you in. I'll go get the gate.	О! Тогда нужно скорее вас впустить. Иду к воротам.
line:0f2dc134	Oh! Yeah that makes sense...	А! Да, это понятно...
line:1270a483	Oh, and I apologize for being absolutely filthy.	И прошу прощения, что явился в столь грязном виде.
line:7b5be1f8	Oh, and I've figured it where to go.	А ещё я решил, куда пойдём.
line:52fb116d	Oh, and seems I got some on my face. woops.	О, кажется, я морду испачкал. Упс.
line:73a37947	Oh, awesome. I'm a big salmon guy.	О, отлично. Я парень, который обожает лосося.
line:74c9c07b	Oh, like... working class?	Ну, то есть... рабочего класса?
line:e048566b	Oh, no.	А, нет.
line:1a9e6537	Oh, no. Ryan is a sweetheart.	Да нет, Райан — само очарование.
line:5f6a124a	Oh, okay. Thanks.	А, ладно. Спасибо.
line:17716b05	Oh, right. Sorry.	Ах да. Извини.
line:82ba64bf	Oh, sorry-	Ой, извини...
line:956e5c91	Oh, sorry.	Ой, прости.
line:54a8bb22	Oh, sure. Come on in.	Конечно. Заходи.
line:270276eb	Oh, that's my favorite part!	О, это самое вкусное!
line:1ff9a04c	Oh, the crest around my head?	А, вы о гербе вокруг головы?
line:ffed6d04	Oh, wonderful. Seem's we're similar.	Прекрасно. Видимо, у нас кое-что общее.
line:30e6b801	Oh, yeah!	О, да!
line:bedeee82	Oh- Eager!	Ого, какое нетерпение!
line:38b3c8c1	Oh- I mean. I'll go open the gate!	Ой! В смысле, сейчас открою ворота!
line:714c180e	Oh- I'm glad!	А, как же я рад!
line:ccf87ea9	Oh- I'm not too interested in using that right now.	А... Сейчас мне не особенно хочется этим пользоваться.
line:963981e4	Oh- I'm sorry for making a mess...	Ох, простите, что испачкал тут всё...
line:8e407c6e	Oh- Not just the wash.	Нет, я не только про мойку.
line:ad31ec4c	Oh- Not just the wash.	Нет, я не только про мойку.
line:6866c2c9	Oh- Right now? 'aight I'm down.	О, сейчас? Ладно, я за.
line:9a6dca4b	Oh- Ya. On it.	Ой, да. Сейчас.
line:3b6d644d	Oh.	О.
line:4399096b	Oh.	О.
line:8441bf7b	Oh.	О.
line:87233429	Oh.	О.
line:e90fee8e	Oh.	О.
line:ebd9b4d3	Oh.	О.
line:8a79f72c	Oh. And one other thing.	А. Ещё кое-что.
line:e8289be5	Oh. good.	О, хорошо.
line:5442e228	Oh. Okay I'll go get the gate.	А. Хорошо, пойду открою.
line:0da15c85	Oh. Okay.	А, понятно.
line:73f7f13d	OH. RIGHT.	А! ТОЧНО!
line:c35890c8	Oh. That's... Wonderful!	О. Это... замечательно!
line:0ce8d5aa	Oh. Then yeah, we're open.	А. Тогда да, мы открыты.
line:52ed140c	Oh. Uhm. <size=70%>Good.	Ой. Эм. <size=70%>Хорошо.
line:780d0993	Oh. yeah. Sorry.	А, да. Простите.
line:7f5113d5	OH. You're not used to eating them whole.	А-а. Ты просто не привык есть их целиком.
line:45bc649d	Oh...	Ох...
line:0a093816	Oh... hah. I like that.	О... Ха. Здорово.
line:f885f11d	Oh... I suppose this is alright~	О... Полагаю, я не против~
line:7cd85c8e	Oh... I'm so sorry.	Ох... Мне так жаль.
line:8cc1aa72	Oh... yeah we don't have one.	А... Да, его у нас нет.
line:f16d7940	Oh... Yeah, tinier dragons tend to... Compensate.	О... Ну да, маленькие драконы обычно... компенсируют.
line:1d491283	Oh?	О?
line:21c46e75	Oh?	О?
line:fd8d786a	Oh?	О?
line:0ce8d3c2	ohmygod I thought the egg was decorative.	Боже, я думал, это яйцо для украшения.
line:d9b26374	Ok I can do that	Хорошо, я могу.
line:1777121d	Ok I got this..	Ладно, я справлюсь...
line:f3af3ce8	Ok just tell me if you get uncomfortable or anything.	Ладно, только скажи, если будет неприятно или ещё что.
line:6c3a98cc	Ok lets wash it off for our date tonight then.	Ладно, давай всё смоем к нашему свиданию сегодня.
line:7a54a1e1	Okay	Ладно.
line:f64a5b30	Okay	Ладно.
line:249500dc	Okay!	Хорошо!
line:a327b5f9	Okay!	Хорошо!
line:ccaabca3	Okay!	Хорошо!
line:82d0ea81	Okay! I'll be back later then.	Хорошо! Тогда ещё загляну.
line:3deb5f55	Okay! I'll go get the gate for you.	Хорошо! Сейчас открою тебе.
line:9c3d6cb7	Okay! I'll see you soon.	Хорошо! До скорой встречи.
line:72e0348e	Okay, bye!	Ну всё, пока!
line:255362b9	Okay, Conrad.	Ладно, Конрад.
line:0d16ab28	Okay, I'll be waiting. Thanks.	Ладно, подожду. Спасибо.
line:155d1c64	Okay, I'll open the gate!	Хорошо, сейчас открою ворота!
line:886f5df2	Okay, I'll see you later!	Ладно, ещё увидимся!
line:585d6a08	Okay, thank you.	Ладно, спасибо тебе.
line:c298bc55	Okay, thank you.	Ладно, спасибо тебе.
line:6acf71a3	Okay, thanks.	Хорошо, спасибо.
line:8ed5a204	Okay- okay. I'll go get the gate.	Ладно-ладно. Иду открывать.
line:10b9a653	Okay- Thanks.	Хорошо. Благодарю.
line:00a81c16	Okay. I hope you're doing alright though.	Ладно. Надеюсь, тебе всё-таки получше.
line:118a51bb	Okay. I should probably get out of your scales.	Ну что ж. Не буду больше мешать тебе работать.
line:a62e8112	Okay. I'll open up shop. Give me a sec.	Ладно, открою мойку. Секундочку.
line:9d434af5	Okay. I'll order a mount.	Ладно. Закажу станок.
line:2f3b06de	Okay. Then I think I'd like to try.	Ладно. Думаю, попробовать стоит.
line:54ad4706	Okay...	Ладно...
line:28311fbb	Omg you're hurt!	Боже, ты ранен!
line:8b3abbf7	On it!	Уже занимаюсь!
line:42e3eba2	Once I'm cleaned up I'm gonna head out and get our spot ready.	Как помоюсь, сразу пойду всё для нас готовить.
line:1d4b8a1c	One thing led to another...	Ну, одно за другим...
line:c70bea2d	Only been cleaning for a few weeks now!	Я этим всего несколько недель занимаюсь!
line:5188bd4a	Only If that's alright-	Только если вы не против...
line:01505282	Only realized how much of a mess I made after Max yelled at me, haha.	Макс кричит на меня, и тут я понимаю, сколько от меня грязи, ха-ха.
line:828eed25	Oof... Needed that. Thank you.	Уф... Это было нужно. Спасибо.
line:2d40c69a	Oooh, alrighty.	О-о, ну ладно.
line:99ff9e7f	Ooooh must be a big deal then.	О-о, значит, ты у нас большая шишка.
line:e8ad4791	Ooooh.	О-о-о.
line:64bfd62a	Oops, my bad.	Упс, виноват.
line:0fa31c40	Our first meeting went great though!	Зато в первый раз всё отлично прошло!
line:77cebc41	People tell me I've got a fat cock, is that true?	Говорят, у меня толстый член. Это правда?
line:80de6c63	Perfectly clean again. Thank you for taking me in at this hour.	Снова безупречная чистота. Благодарю, что приняли меня в такой час.
line:f212528b	Phew! I had an accident that needs to be taken care of... discretely.	Фух! У меня случилась неприятность, которую надо устранить... без огласки.
line:b3c35166	Phew, I was worried I'd make another mess of things.	Фух, а я боялся опять натворить дел.
line:314c3d8a	physically or emotionally?	Телу или душе?
line:156e0b50	Picnic bathket-	Коржинку для пикника...
line:0d9de1a1	player hooked up with conrad	Игрок сошёлся с Конрадом.
line:2cf1c95e	player hooked up with conrad	Игрок сошёлся с Конрадом.
line:c2529648	player hooked up with conrad	Игрок сошёлся с Конрадом.
line:f7fd34b2	player hooked up with conrad	Игрок сошёлся с Конрадом.
line:66e08b22	player hooked up with ryan	Игрок сошёлся с Райаном.
line:78039fd1	player hooked up with ryan	Игрок сошёлся с Райаном.
line:96a0c0c7	player hooked up with ryan	Игрок сошёлся с Райаном.
line:9bade6d6	player hooked up with ryan	Игрок сошёлся с Райаном.
line:0ddcd600	Please scrub Igwix off my back would you?	Не могли бы вы отскрести Игвикса с моей спины?
line:0632acbf	Plus they feel really nice.	Да и телу приятно.
line:c7b8ba3d	Possibly...?	Возможно...?
line:637629a8	Pretty sure I can digest anything.	Почти уверен, что могу переварить всё.
line:65a41bc5	Pretty sure I'm all clean!	По-моему, я уже совершенно чистый!
line:3750bbf0	Pretty sure that was everything.	Кажется, больше ничего не осталось.
line:960707b0	Primarily alchemy. Occasionally world history.	В основном алхимию. Изредка — всемирную историю.
line:1475f95c	Professor Igwyx- My colleague who self-immolated earlier.	Профессор Игвикс... Мой коллега, который тогда воспламенился.
line:26e9d692	Professor, but yes. You have.	Профессор. Но да, научили именно вы.
line:af0c15fd	Professor- But, yes. I usually don't go to public washes.	Профессора. Но в целом верно. Обычно я не пользуюсь общественными мойками.
line:962abe27	Project Scale mary	Project Scale mary
line:e5d47feb	prole- <i><size=70%>wuh?	Проле... <i><size=70%>чего?
line:c7b73162	Psst..!	Пс-с...!
line:9addfb4a	Ready!	Готов!
line:875b5372	Really damn good!	Просто офигенным!
line:9e9f3e75	Really damn good!	Просто офигенным!
line:9364911d	Really looking forward to finding new people.	Очень хочется познакомиться с кем-нибудь новым.
line:8b0b222c	Really sets the mood.	Создаёт нужное настроение.
line:4010d36d	Really well honestly.	Очень хорошо, честно.
line:cfcb40c7	Really?	В самом деле?
line:0ec807a4	Really? Aw, That's really sweet.	Правда? Ох, как же приятно.
line:630fed1b	Remove this barrier at once so I may enter.	Немедленно уберите преграду, чтобы я мог войти.
line:65deb150	Right after this wash!	Прямо после мойки!
line:0caa6657	Right, I'll get that for you ASAP.	Сейчас, как можно скорее!
line:1271b80c	Right.	Верно.
line:3ede5541	Right.	Верно.
line:6a2e4e0d	Right. I'll get to it.	Точно. Приступаю.
line:29daeb62	Right. Phoenix feather. Obviously.	А, ну да. Перо феникса. Само собой.
line:51d1b41e	Ryan is a sweetheart	Райан — душка.
line:202fce0c	RYAN THE BONE!	РАЙАН, ТАМ КОСТЬ!
line:93bd9a2b	Ryan!	Райан!
line:9b7e09b8	Ryan!	Райан!
line:b76f49cd	Ryan!	Райан!
line:1fa0fbbe	Ryan! I met him.	Райан! Я с ним познакомился.
line:f0427bb9	Ryan! this is so sweet.	Райан! Как это мило с твоей стороны.
line:92829935	Ryan's such a nice dragon.	Райан такой хороший дракон.
line:13ca0a74	Ryan, you're not supposed to eat the stems-	Райан, веточки есть не надо...
line:7a01d265	Ryan: I guess it is pretty exciting	Ryan: Пожалуй, это и правда волнительно.
line:e1526934	Ryan: I like that a lot	Ryan: Мне это очень нравится.
line:a430a2ff	Ryan: I think I am close too..	Ryan: Кажется, я тоже уже близко...
line:77626e43	Ryan: I would say it is going great	Ryan: По-моему, всё идёт замечательно.
line:f5f5b815	Ryan: I've never done this outside before	Ryan: Раньше я на улице этим не занимался.
line:6dd86b71	Ryan: This was nice	Ryan: Хорошо было.
line:41b9659f	Ryan: Wow.. Your stature is really the only thing small about you.	Ryan: Ух ты... Выходит, рост — единственное, что у тебя маленькое.
line:aad89688	Ryan: Yea definitely. Worried about me?	Ryan: Да, очень. За меня волнуешься?
line:ce6d6d7f	Ryan? you sure everything is okay...?	Райан? У тебя точно всё нормально...?
line:1d3b255b	Save your mood setting for tonight!	Вот вечером и будешь создавать настроение!
line:3ed6ab5d	Say do you remember the name of the college I work at?	Кстати, помните название колледжа, где я работаю?
line:a05a7804	Say...	Скажите...
line:82d7b5e4	Says who?	Кто сказал?
line:6c193ba9	Scales different today? <size=70%><i>is that a thing...? </i><size=100%>You look good today.	Чешую сегодня по-другому уложил? <size=70%><i>Так вообще делают...? </i><size=100%>Хорошо сегодня выглядишь.
line:426f40ff	See you again soon, yeah?	Скоро ещё увидимся, да?
line:3112d78d	See you soon.	До скорого.
line:8072b186	See you tonight.	До вечера.
line:0d3b23da	Sheesh.	Вот это да.
line:48435b12	Shh! I'm not from around here...	Тс-с! Я не здешний...
line:0f86dbf6	So am I!	И я!
line:3063100e	So am I.	Я тоже профессионал.
line:a241eec6	So far so good though, yeah?	Пока вроде неплохо, да?
line:813c6dd4	So is this like... our first date?	То есть... это наше первое свидание?
line:9b10d450	So this Conrad guy, seems like you like him?	Так тебе нравится этот Конрад, да?
line:0c5dcd3c	So uh, gate?	Так, эм... Ворота?
line:84d8a935	So uh, mind opening the gate?	Так это, ворота откроешь?
line:7da41ecd	So uhh, let me know if you need me to move.	Так, эм... Если нужно подвинуться, скажи.
line:3a469ae4	So yeah, I had a mishap..	В общем, произошла небольшая неприятность...
line:a6d6bf76	So you and Ryan huh?	Так у тебя с Райаном, да?
line:31fa3bdf	So you came in just to...	То есть ты пришёл только чтобы...
line:5f64c352	So you're a certified dragon washer huh?	Значит, ты дипломированный мойщик драконов?
line:c9e7bb1e	So you're a certified dragon washer huh?	Значит, ты дипломированный мойщик драконов?
line:aedb6a51	So, coming in for a wash?	Ну что, пришёл мыться?
line:1c856f1c	So, how was your date?	Так как же прошло ваше свидание?
line:3cda84e6	So, tell me more about conrad!	Ну, расскажи ещё о Конраде!
line:c10d9415	So, thanks on his behalf for caring.	Так что спасибо тебе от его имени за заботу.
line:e6aa9d20	So, with... relationships.	Вот если... в отношениях.
line:a99c5c88	So. How about a date?	Ну что, может, на свидание?
line:c2f44537	So. My girlfriend was home before me. she's a work-from-home dragon.	В общем, моя девушка уже была дома, когда я вернулся. Она драконица, работает удалённо.
line:d9652dff	So. Our date tonight...	Так вот. Наше свидание сегодня...
line:b983f922	So. Tonight.	Так вот. Сегодня вечером.
line:28c51dbf	So... A date. I think I'd like to go on one soon!	Так... Свидание. Я бы хотел поскорее выбраться!
line:7c56b2d8	So... I was thinking about my relationships.	Я тут... думал о своих отношениях.
line:5a5e7f21	So<size=90%>o<size=80%>o<size=70%>o<size=60%>o... <size=100%>I 'aint dirty. But I am <i>~dirty~</i> y'know?	Та<size=90%>а<size=80%>а<size=70%>а<size=60%>ак... <size=100%>Я не грязный. Зато мысли у меня <i>~грязные~</i>, сечёшь?
line:8a35fb7b	So<size=90%>o<size=80%>o<size=70%>o<size=60%>o... <size=100%>Was wonderin'	Та<size=90%>а<size=80%>а<size=70%>а<size=60%>ак... <size=100%>Хотел спросить.
line:5230bdfd	Soap, then rinse!	Сначала мыло, потом смыть!
line:c374e532	Somehow that feels more honest than anything anyone else says.	Почему-то в этом больше искренности, чем в любых чужих словах.
line:2898f680	Something happened last night	Вчера вечером кое-что случилось.
line:4dac3d2b	Something went wrong with flags!	Ошибка в переменных сюжета!
line:61c7f2d6	Something went wrong with flags!	Ошибка в переменных сюжета!
line:6d5ba814	Something went wrong with flags!	Ошибка в переменных сюжета!
line:8f64adc0	Something went wrong with flags!	Ошибка в переменных сюжета!
line:19cedc30	Sooo. You gonna jerk me off?	Ну та-ак. Подрочишь мне?
line:1646ece2	Sorry for coming in late. My sleeps borked.	Прости, что поздно пришёл. Режим сна совсем сбился.
line:b2b32876	Sorry I'm bad at flirting. Could you get the gate?	Прости, флиртовать не умею. Откроешь ворота?
line:13ba93ef	sorry!	Извините!
line:e2f9c70c	Sorry, I meant to say I enjoy your wash.	Простите, я хотел сказать, что ваша мойка мне нравится.
line:78ca8d95	Sorry...	Прости...
line:4af15fc3	Sounds good to me!	По мне, отлично!
line:8c6e66f3	Sounds good!	Договорились!
line:1ef36cb0	Sounds like a date then!	Ну вот и договорились о свидании!
line:d71ba53e	Sounds like a date then!	Ну вот и договорились о свидании!
line:5fc277a9	Sounds like a date then! Seafood then we play it by ear.	Тогда договорились! Поедим морепродуктов, а дальше разберёмся.
line:0e643191	Sounds like a date then, I'm excited.	Тогда договорились. Уже жду свидания.
line:c4642c9c	Sounds like a date then. I'm excited.	Значит, свидание решено. Жду с нетерпением.
line:ffc401d1	Sounds like a plan.	Договорились.
line:c4dd137b	Sounds like it was good then.	Значит, хорошо было.
line:7b6c47bd	Sounds like it.	Похоже на то.
line:5c51654f	Sounds nice.	Звучит хорошо.
line:3a23b81f	Sounds really cool.	Звучит очень здорово.
line:1dbf50b3	Sure	Конечно.
line:c14ceb34	Sure is!	Он самый!
line:de7cd73a	Sure it is. Thanks to Conrad for having me get it.	Конечно. Это Конрад меня уговорил его купить.
line:05c673e7	Sure!	Конечно!
line:52542beb	Sure!	Конечно!
line:67f14802	Sure!	Конечно!
line:a2dc4ac0	Sure! I'll go get the gate.	Конечно! Сейчас ворота открою.
line:dbb68858	Sure! I'll go get the gate.	Конечно! Сейчас ворота открою.
line:601e1b38	Sure! I'm excited to tell you about Conrad.	Конечно! Хочу скорее рассказать тебе про Конрада.
line:7b5c9d8c	Sure, but he needed someone who cared in that moment.	Конечно, но тогда ему был нужен кто-то неравнодушный.
line:709a9a57	Sure.	Конечно.
line:4af4703c	Tasted real good though!	Но вкусное было!
line:048fe71b	TELL ME ABOUT YOU AND CONRAD!	РАССКАЖИ ПРО ВАС С КОНРАДОМ!
line:2b84f2eb	Test line 1	Тестовая реплика 1
line:7a22b4d3	Test line 10	Тестовая реплика 10
line:ec12b3a4	Test line 11	Тестовая реплика 11
line:4f87d73a	Test line 12	Тестовая реплика 12
line:d9b7d04d	Test line 13	Тестовая реплика 13
line:63e6d9d4	Test line 14	Тестовая реплика 14
line:f5d6dea3	Test line 15	Тестовая реплика 15
line:64cb6133	Test line 16	Тестовая реплика 16
line:f2fb6644	Test line 17	Тестовая реплика 17
line:1772a124	Test line 18	Тестовая реплика 18
line:88119675	Test line 2	Тестовая реплика 2
line:1e219102	Test line 3	Тестовая реплика 3
line:a470989b	Test line 4	Тестовая реплика 4
line:32409fec	Test line 5	Тестовая реплика 5
line:a35d207c	Test line 6	Тестовая реплика 6
line:356d270b	Test line 7	Тестовая реплика 7
line:5643ba3d	Test line 8	Тестовая реплика 8
line:c073bd4a	Test line 9	Тестовая реплика 9
line:394db643	Thank the stars you're open.	Хвала звёздам, вы открыты.
line:f1946aab	Thank you for cleaning me!!	Спасибо, что отмыл меня!
line:75b5b084	Thank you for getting me and Ryan in contact.	Спасибо, что помог связаться с Райаном.
line:189d999e	Thank you for listening.	Спасибо, что выслушал.
line:3398aea2	Thank you for that.	Благодарю вас за это.
line:875f0961	Thank you for the clean!	Благодарю, что вымыли меня!
line:acb8a5aa	Thank you for the quick clean!	Спасибо за быстрое мытьё!
line:8512365e	Thank you!	Спасибо вам!
line:bbca8a46	Thank you!	Спасибо!
line:e449156d	Thank you!	Благодарю вас!
line:bb4e1dc1	Thank you, Ryan. I'm happy I got to meet you too	Спасибо, Райан. Я тоже рад нашему знакомству.
line:3b568c14	Thank you.	Благодарю вас.
line:6b245989	Thank you.	Спасибо тебе.
line:836d1b13	Thank you.	Благодарю вас.
line:d60f2dc0	Thank you.	Благодарю вас.
line:035a0830	Thank you. I'd really appreciate it	Спасибо. Был бы тебе очень благодарен.
line:f3e7a8fe	Thank you. Look good feel good!	Спасибо. Хорошо выгляжу — хорошо себя чувствую!
line:d2d97c90	Thank you. You make this a whole lot easier to go through.	Спасибо тебе. С тобой всё это гораздо проще пережить.
line:3027bcf7	Thanks for asking. It's enjoyable to be asked personal questions.	Спасибо за вопросы. Приятно, когда тобой интересуются.
line:aaf3066d	Thanks for cleaning me!	Спасибо, что моешь меня!
line:8150e2a2	Thanks for helping me out.	Спасибо, что помог.
line:a2217280	Thanks for helping me out.	Спасибо, что помог.
line:7db0baf0	Thanks for introducing me to him.	Спасибо, что нас познакомил.
line:c6cee89f	Thanks for letting me in so late.	Спасибо, что так поздно впустил.
line:079b3782	Thanks for sharing food with me, You're a great friend.	Спасибо, что поел со мной. Ты отличный друг.
line:85f901b0	Thanks for sharing food with me...	Спасибо, что составил компанию за едой...
line:a39fd5a9	Thanks for that. Felt pretty damn good.	Спасибо. Охренеть как хорошо было.
line:505e150f	Thanks for the clean.	Благодарю за чистоту.
line:a40e531c	Thanks for the food! I'll go get the gate.	Спасибо за угощение! Иду к воротам.
line:f1692a96	Thanks for the suggestion!	Спасибо, что предложил!
line:81ebbec0	Thanks for the wash so late in the night.	Спасибо, что помыл в такой поздний час.
line:a9df4c5e	Thanks I'll be waiting!	Спасибо, буду ждать!
line:f73a3fc7	Thanks mate, see you tomorrow then.	Спасибо, приятель. Тогда до завтра.
line:30f1f583	Thanks!	Спасибо!
line:3484ab9d	Thanks!	Спасибо!
line:44701902	Thanks!	Спасибо!
line:4d868f2f	Thanks!	Спасибо!
line:70190774	Thanks!	Спасибо!
line:8b8f57c4	Thanks!	Спасибо!
line:ab5b2574	Thanks!	Спасибо!
line:b588bf4c	Thanks!	Спасибо тебе!
line:bc5d790a	Thanks!	Спасибо!
line:c07a9171	Thanks!	Спасибо!
line:e7e57d9c	Thanks!	Спасибо!
line:fa293cde	Thanks! Whats with all the... Gloop?	Спасибо! А что это за... липкая масса?
line:e1609903	Thanks, but I'll be better. I promise.	Спасибо. Но я исправлюсь, обещаю.
line:02cbdc87	Thanks, I'm excited too.	Спасибо. Я тоже в предвкушении.
line:37c9d915	Thanks, You're pleasant too!	Спасибо. С вами тоже приятно!
line:cb847372	Thanks, You're pleasant too!	Спасибо. С вами тоже приятно!
line:188d4359	Thanks.	Спасибо.
line:316bb26e	Thanks.	Спасибо.
line:34ec4db7	Thanks.	Спасибо.
line:5183a6f2	Thanks.	Спасибо.
line:c642cb17	Thanks.	Спасибо.
line:cf716777	Thanks.	Спасибо тебе.
line:e00c6df5	Thanks.	Спасибо.
line:e521db76	Thanks.	Спасибо тебе.
line:f62e1c4f	Thanks.	Спасибо тебе.
line:fbba1293	Thanks.	Спасибо тебе.
line:8bfa88d7	Thanks. I like being around you too.	Спасибо. Мне тоже хорошо с тобой.
line:df0a8598	Thanks. I'm always happy to be here.	Спасибо. Мне здесь всегда хорошо.
line:084e3cbc	Thanks. See you soon.	Спасибо. До скорого.
line:71d57aeb	Thanks. That's kind of you to say.	Благодарю за добрые слова.
line:a1f9de62	Thanks. That's kind of you to say.	Благодарю за добрые слова.
line:9a9a6120	Thankth!	Фпасибо!
line:e721d512	That brings me to my next question...	И это подводит меня к следующему вопросу...
line:215a2d34	That felt <i>good</i>.	Это было <i>шикарно</i>.
line:89150715	That is rather kind of you to say.	Любезно с вашей стороны так сказать.
line:a57409fb	That is the source of my worry...	Вот что меня тревожит...
line:ad261b84	That just makes it harder!	От этого ещё труднее!
line:7111d265	That makes me feel a lot more sure of myself then.	Тогда я чувствую себя гораздо увереннее.
line:3fac5bff	That makes me feel good to hear.	Приятно такое услышать.
line:1c49f05b	That makes me happy to hear.	Очень рад такое услышать.
line:a8b70da7	That must mean it is! I'm glad.	Значит, не против! Здорово.
line:5738ea38	That nice to hear... But, I mean being taken care of more... Primally?	Приятно слышать... Но я говорю о заботе на более... инстинктивном уровне?
line:8f598864	That one was almost too big-	Этот еле пролез...
line:5960dcbb	That should be all though, could you go get the gate?	Кажется, это всё. Сходишь к воротам?
line:116f0e16	That should be every spot.	Полагаю, всё отмыто.
line:90444b09	That sounds like an over-reaction on her part.	По-моему, она чересчур остро отреагировала.
line:f07c9e39	That sounds like an over-reaction on her part.	По-моему, она чересчур остро отреагировала.
line:c78cf81f	That sounds lovely!	Звучит чудесно!
line:eaa3c173	That they are...	Это верно...
line:f4b9a455	That was much nicer than a hose.	Гораздо приятнее, чем из шланга поливаться.
line:78cef130	That was never a concern. I'm a rather risk averse dragon.	За это я и не волновался. Я весьма осторожный дракон.
line:22d271f4	That was really fun.	Было очень здорово.
line:019b83df	That was wonderful! I feel so much better about dating.	Было замечательно! Теперь свидания меня куда меньше тревожат.
line:d7bf167b	That was... Nicer than I expected.	Оказалось... приятнее, чем я ожидал.
line:577cec43	That's a mount, no?	Это ведь станок?
line:825536f5	That's a tricky question to answer.	На этот вопрос непросто ответить.
line:66fb84fe	That's all I want to ask.	Больше вопросов нет.
line:ac1ed298	That's all you can ask for, right?	Разве можно просить большего?
line:6605187b	That's an appeal to authority fallacy. But, yes. I'm correct.	Это логическая ошибка — ссылка на авторитет. Хотя в данном случае я действительно прав.
line:52f81dde	That's cute!	Здорово же!
line:45befc02	That's exciting!	Вот это здорово!
line:13cd5511	That's fast... But I think so!	Быстро ты... Но я, пожалуй, согласен!
line:4ff91cbd	That's fine!	Ничего страшного!
line:163c524a	That's good to hear.	Приятно слышать.
line:33e2bee6	That's good to hear.	Приятно слышать.
line:30e461f2	That's good. You deserve a decent man.	Славно. Вы заслуживаете достойного мужчину.
line:aeae4744	That's good... Now what?	Рад слышать... А теперь что?
line:f3eeb627	That's great! whens your first date?	Прекрасно! А когда у вас первое свидание?
line:215f4eba	That's me.	Да, это я.
line:cf8c5f37	That's not a thing... But thank you!	Нет, так не делают... Но спасибо!
line:3f29878b	That's rather nice of you to say.	Очень любезно с вашей стороны.
line:d38c63ea	That's really cute.	Как мило.
line:6474d7f7	That's really nice!	Это очень здорово!
line:c5001a4c	That's the best way to eat'em!	А ведь так вкуснее всего!
line:2a5cc3a5	That's very sweet.	Это так мило.
line:7052576b	That's what I like to hear.	Вот это приятно слышать.
line:2a154290	That's what I thought too.	Я тоже так подумал.
line:33d12f97	That's what I thought too.	Я тоже так подумал.
line:2b7bb6ce	That's what's terrifying.	Вот это и пугает.
line:36fb380f	That's wonderful, he's cute!	Здорово, он милый!
line:266836f8	That's... the first time you've yipped for me.	Ты... впервые мне йипнул.
line:9b0b24ad	That.	Это.
line:6ff80785	That... makes me feel a lot more sure of myself then.	Тогда... я чувствую себя гораздо увереннее.
line:cc6d631b	That... makes me feel a lot more sure of myself then.	Тогда... я чувствую себя гораздо увереннее.
line:ecf6206f	Thats awesome. I'm glad you two are working out.	Здорово. Рад, что вы поладили.
line:0f8bb606	Thats good to hear.	Рад это слышать.
line:f5324d68	Thats really good to hear.	Очень приятно такое слышать.
line:063dcd4b	The ability to open up to someone, even occasionally...	Возможность кому-то открыться, пусть лишь иногда...
line:8919009a	The ambiance is nice.	Зато атмосфера приятная.
line:08c850bf	The apothecary will tarnish my name for months.	Аптекарь потом месяцами будет полоскать моё имя.
line:01b4161e	The breakup I went through earlier was rough.	Тяжело было после расставания.
line:c932c99d	The breakup I went through earlier was rough.	Тяжело было после расставания.
line:dd06ed39	The Burnswick Community College of Thaumaturgy, of course!	Разумеется, в Общественном колледже тауматургии Бёрнсвика!
line:515099ec	The button on the wall, I mean.	В смысле ту, что на стене.
line:7fe73572	The clean was fine.	Помыл неплохо.
line:e8a38ed0	The college cannot find out about this okay?	В колледже не должны об этом узнать, понятно?
line:1a169dbc	The lights in the area are great too.	Там ещё освещение замечательное.
line:610dd8cb	The markers were fun.	Весело мы фломастерами разрисовывались.
line:4b36ea4e	The most prestigious college hosting prestigious professors like me:	Престижнейшее заведение с выдающимися профессорами вроде меня.
line:ec00a1fe	The mount? I... suppose!	Станок? Я... пожалуй, согласен!
line:94e04dcf	The mount? Sure!	Станок? Конечно!
line:d8273d7f	The night 'aint gonna start itself!	Вечер сам себя не начнёт!
line:1f2907ed	The rain has been unrelenting today!	Сегодня дождь льёт без передышки!
line:1804bf0a	The rain is nice.	Мне нравится дождь.
line:7e9a1f83	The stem is just extra food.	Веточка — просто добавка.
line:c88244b5	The vibe at night is fuckin' great.	По вечерам там охренительная атмосфера.
line:d8a2002e	Then I better let you out!	Тогда надо тебя поскорее выпустить!
line:d7b3cd09	Then- Have a productive day.	Тогда... Продуктивного вам дня.
line:448afe95	There was a fault in his method.	В его методе обнаружился изъян.
line:48d4a45a	There's this one red dragon, Conrad. He's... Hot headed, but cute.	Есть один красный дракон, Конрад. Он... вспыльчивый, но милый.
line:f4af8b88	Theres this club downtown. 'Wings'. It's an old favorite of mine.	В центре есть клуб, Wings. Давно его люблю.
line:972f132f	These washes really make things easier.	После таких моек на душе гораздо легче.
line:352d1d6f	They cum	Они кончают.
line:d78962e8	They cum	Они кончают.
line:3200a588	They keep going	Они продолжают.
line:a31d1a18	They keep going	Они продолжают.
line:035e5be6	They seem cute!	Кажется, он симпатичный!
line:454172b0	They took it too far.	Они перегнули палку.
line:d7b49fb8	They were! The stem is my favorite part though.	Он и был вкусный! Но веточки я люблю больше всего.
line:d156a87f	Think that's every spot.	Вроде нигде ничего не пропустил.
line:fa1a1e76	Think that's it.	Кажется, готово.
line:3112adad	This drake at the bar... I was stupid. Couldn't shut my mouth.	Один дракон в баре... Я дурак. Не смог вовремя заткнуться.
line:bfd70320	This feels scandalous	Это кажется неприличным.
line:cb437bd0	This is a common practice?	Это обычная практика?
line:831cbfda	This is a job only you can do.	С этим можете справиться только вы.
line:4944dbda	This is delicious!	Как вкусно!
line:088893da	This is my first time with a Kobold.	Я впервые с кобольдом.
line:e218722c	This is my first time, actually!	Вообще-то у меня тоже первый раз!
line:9eb894ad	This is really nice..	Так приятно...
line:c7e4e36f	This is the kind of shit I try to avoid!	Я ведь именно от такой херни держусь подальше!
line:22929636	This place could use a makeover, I know would it could use!	Здесь бы всё обновить. Я точно знаю, чего не хватает!
line:b06e13bc	This soap isn't fitting for a professor don't you think?	Не кажется ли вам, что это мыло не подобает профессору?
line:97841169	This was a nice escape.	А здесь можно было передохнуть.
line:5f02ceea	This was a wonderful escape...	Здесь было так хорошо отдыхать от всего...
line:d45f4788	This was nice...	Хорошо посидели...
line:418498cf	Those grapes looked good.	Виноград выглядел аппетитно.
line:e9d73205	Though every other wash I've been to at least has a mount	Но на всех других мойках, где я бывал, хотя бы станок стоит.
line:29e70457	Though I can't say I am not curious	Хотя не стану отрицать любопытство.
line:9c3e6004	Though you probably shouldn't eat them.	Хотя тебе, пожалуй, не стоит.
line:f1ca33da	title: Alexander_Done	title: Alexander_Done
line:3ed2f649	title: Conrad_OutroDone	title: Conrad_OutroDone
line:74c28add	title: ConradBeatup_OutroDone	title: ConradBeatup_OutroDone
line:722243c8	title: RyanDate_OutroDone	title: RyanDate_OutroDone
line:b4eee981	title: RyanExploded_OutroDone	title: RyanExploded_OutroDone
line:6298f08b	Told me about the time he got beat up.	Рассказал, как его избили.
line:ee954bd9	Told me to go to a wash, and was acting extremely offended.	Послала меня на мойку, будто я её ужасно оскорбил.
line:c66e1278	Tonight- on campus. The library is the large blue spire building.	Вечером, в кампусе. Библиотека — большое здание с голубым шпилем.
line:434527c6	Truly terrible, no?	Сущий кошмар, не правда ли?
line:5a5d646c	Truly?	Правда?
line:e3aa4e29	Truth be told, I got dirty to come here.	По правде говоря, я испачкался специально, чтобы прийти сюда.
line:0979dea3	Uh, I'm still really soapy!	Э-э, я всё ещё весь в мыле!
line:05bbe58c	Uh-huh, I'll go get the gate	Ага, пойду открою ворота.
line:7de638fb	Uh... Hello?	Эм... Здравствуйте?
line:7de9b3a4	Uh... uhm...	Э-э... Эм...
line:159c5c1f	Uh... Yeah.	Э-э... Ага.
line:2089db44	Uhhhm we're not exactly.	Э-э, вообще-то уже нет.
line:3ed62e6b	Uhm, no, I'll just be REALLY upset.	Эм, нет. Просто я ОЧЕНЬ разозлюсь.
line:f0a579a5	Uhm...	Эм...
line:cc295885	uhm... <size=60%>no?	Эм... <size=60%>нет?
line:29237bc3	Use the crowbar to open and place it in storage, would you?	Вскройте ящик ломом и уберите содержимое на склад, пожалуйста.
line:1ec0dc6a	Use the sprayer on the wall to wash me off.	Смой всё распылителем на стене.
line:a716d3b8	Uunf. T-that was... Rather undignified.	М-мф. Э-это было... Довольно недостойно.
line:a37177dd	V-very well. I'll try.	Х-хорошо. Я попробую.
line:209ddf97	Very cool	Очень круто.
line:2f10f572	Very well. Don't let me interrupt the wash then!	Хорошо. Тогда не стану отвлекать вас от мытья!
line:7678511c	Wah- huh- <size=80%>oah. <size=60%>we don't-	А- что- <size=80%>ой. <size=60%>Мы не...
line:82e2c158	Wait a sec, I need to open the gate.	Секунду, надо открыть ворота.
line:9c7a2fb7	Wait a sec, I need to open the gate.	Секунду, надо открыть ворота.
line:8ab5686b	Was great! Ryan is a sweetheart.	Прекрасно! Райан — такой душка.
line:d8c9f912	Was just doing my job!	Я просто выполнял свою работу!
line:148a63c8	Was just trying to play along. Happy to see you!	Просто хотел подыграть. Рад тебя видеть!
line:56261ccb	Was still good though! I like how it feels sliding down.	Но всё равно хорошо! Мне нравится чувствовать, как он проскальзывает вниз.
line:4d002f47	Was... <i>Really</i> upset I was muddy.	Её... <i>очень</i> разозлила грязь на мне.
line:014b5da5	Watch where those paws are going would you?	Следи-ка, куда тянешь лапки, ладно?
line:3028feb5	We also had sex after our date.	После свидания у нас ещё и секс был.
line:d132db41	We can just lay here...	Мы можем просто лежать здесь...
line:4da8b942	We can make an opening.	Для тебя место найдётся.
line:8c563ab8	We can make an opening.	Для тебя место найдётся.
line:33a79dbe	We do! Are you... from the college...?	Да! Вы... из колледжа...?
line:b83ec453	We got your request for the mount!	Ваш заказ на станок принят!
line:8b7b8d6b	We went out to eat. Had some good conversation.	Сходили поесть. Хорошо поговорили.
line:74706bb3	We will need to clean the floors...	Нужно будет вымыть пол...
line:df8fb8c9	We'll be going out to this seafood place-	Пойдём в одно место, где морепродукты готовят...
line:110a2ced	Welcome back!	С возвращением!
line:b042f12a	Welcome back!	С возвращением!
line:c46f5033	Well great, I appreciate your discretion, I'll be headed off to the apothecary.	Прекрасно. Благодарю за осмотрительность, а я отправлюсь к аптекарю.
line:08f40e32	Well I had a good time, see you later then!	Ну, мне понравилось. Тогда до встречи!
line:c1e8b05d	Well I had a good time, see you later then!	Ну, мне понравилось. Тогда до встречи!
line:fcff7b00	Well, go to the window and speak with your customer.	Что ж, подойдите к окошку и поговорите с клиентом.
line:fc1e497a	Well, good luck getting your hands around all of me.	Ну, удачи обхватить руками всё моё хозяйство.
line:60f14972	Well, I do enjoy the color. But I believe that is unrelated to my hue.	Что ж, цвет мне действительно нравится. Но, полагаю, мой окрас тут ни при чём.
line:c9f270de	Well, I'm a dragon- but... You know what I mean.	То есть дракон, конечно... Но ты понимаешь, о чём я.
line:f7f87f6c	Well, That's why I'm here!	Ну, на этот случай я тут и работаю!
line:629d89d1	Well, yes. I mean more... Primally?	Да, но я имею в виду... нечто более инстинктивное?
line:8aa0fc1a	Well, you are one hell of a catch.	Ну, ты же завидный жених.
line:5d34e715	Well, you better get one then!	Так обзаводись скорее!
line:f16e75f3	Well...	Ну...
line:a71a8385	Went to the bar... Things got spicy. You can imagine what happened next... <size=70%>Hah...	Пошли в бар... Стало жарко. Догадываешься, что было дальше... <size=70%>Ха...
line:2e0ec324	Wha..?	Чего...?
line:29ec93b2	Whaaat. Nothing wrong with it! figured you'd like to know.	А что-о? Ничего плохого! Я думал, тебе интересно.
line:18e5a573	Whaaat? It's good to make sure you're warmed up!	А что-о? Размяться полезно!
line:bd66082e	What about a movie?	Может, в кино?
line:ee3c126b	What about your private washers?	А как же ваши личные мойщики?
line:871137eb	What about?	Что говорил?
line:bb3b6c71	What brings you in so late?	Что тебя привело в такой час?
line:2dd518f0	What do you mean?	В каком смысле?
line:2fae1274	What do you mean?	В каком смысле?
line:3c2c53dc	What do you mean?	В каком смысле?
line:838cdf1b	What do you think of me?	Что вы обо мне думаете?
line:c2bdc402	What does the number 7 taste like?	Каков на вкус номер семь?
line:56fc085a	What happened!?	Что стряслось?!
line:0bc56d4d	what happened?	Что произошло?
line:8c3b76ea	What is it?	Что именно?
line:44b711a0	What is..	Что это...
line:53301d3b	What kind of egg was that?	Чьё это было яйцо?
line:073701b7	What kind of movie are you thinking?	На какой фильм думаешь?
line:03cf1c9a	What kind of question?	Какой вопрос?
line:003700c7	What kinds of classes do you teach?	Какие предметы вы ведёте?
line:e2406cc4	What now?	Что теперь?
line:0c583118	What was in those opened crates?	Что в тех вскрытых ящиках было?
line:5a195ff2	What!? that's terrible! You don't even have a mount...?	Что?! Да это же кошмар! У вас даже станка нет...?
line:8ebd442e	What's got you looking so happy?	Чему это ты так радуешься?
line:fc7aaaa0	What's teaching like?	Каково это — преподавать?
line:f99840cd	What's that?	А это что?
line:1a0b719d	What's up?	Да, слушаю?
line:29359884	What's up?	Да, слушаю?
line:8d5c7802	What's up?	Да, слушаю?
line:712f9d7c	what?	Что?
line:766c2abd	What? All the best places do it!	Что? Во всех лучших местах делают!
line:159a1d54	What? I'm a professor! Can't you tell from my crest?	Что? Я профессор! Разве по гербу не видно?
line:9aa86a9b	What? There is no harm caused by a genuine compliment!	Что? От искреннего комплимента никому вреда нет!
line:b2fe309b	Whats got you in a good mood?	Откуда такое хорошее настроение?
line:93a145d4	Whats up, big guy?	Что такое, здоровяк?
line:4efe8211	Whats up?	Что такое?
line:866cd495	Whats up?	Что такое?
line:bfc04b3a	Whats up?	Что такое?
line:e01885c3	Whats up?	Что такое?
line:f7d786b6	Whats with all the... Gloop?	А что это за... липкая масса?
line:c4c81aa9	Whats your favorite part about him?	А что в нём тебе нравится больше всего?
line:ff6ef027	When do you actually end the relationship?	В какой момент надо действительно расстаться?
line:2ffe284b	When I met him at first I was falling back on my old script.	При первой встрече я опять за старое взялся.
line:eb019075	When you're done go ahead and hit the button.	Когда закончишь, нажми кнопку.
line:5d4e9392	Where did he go...?	А куда он делся...?
line:7af04961	Where would you like to go?	Куда тебе хочется пойти?
line:7e9389a7	Which college?	В каком колледже?
line:2d315c6c	Who knew a dragon could get so dirty, huh?	Кто бы знал, что дракон может так изгваздаться, да?
line:a97338b0	Who knew places such as this existed so readily available to the public!	Кто бы мог подумать, что подобные заведения доступны каждому!
line:8b7915f4	Who's that?	Кто же?
line:ebd63f8c	Who's there?	Кто там?
line:eea7573f	Whoa! Cold!	Ух! Холодно!
line:1acbd02a	Whoops	Упс.
line:5a6c0d31	Whoops	Упс.
line:afc6c00a	Whoops	Упс.
line:c30013ff	Whoops	Упс.
line:9df56a3a	why are you here so late?	Почему вы пришли так поздно?
line:bb8583c1	With Ryan, I'm pretty sure we're gonna go on a date tonight.	Мы с Райаном, кажется, сегодня вечером на свидание пойдём.
line:c236bdf9	Woah. Uhm.	Ого. Эм.
line:390f05be	Woah... What is that in your mouth?	Ух ты... Что это у тебя во рту?
line:4b93b009	Woah... You want me to use that? Even with the food? Alright!	Ого... Хочешь, чтобы я этим воспользовался? Даже с едой рядом? Ладно!
line:4cacfab8	Wonderful to hear you're seeing someone!	Как приятно слышать, что вы с кем-то встречаетесь!
line:f6fdf321	Wonderful to hear you're seeing someone!	Как приятно слышать, что вы с кем-то встречаетесь!
line:7e2421b6	Wonderful to hear.	Приятная новость.
line:36d49875	Wonderful!	Прекрасно!
line:6046bedf	Wonderful!	Прекрасно!
line:ab423ac7	Wonderful!	Прекрасно!
line:5a9abbd4	Wonderful. Have a <i>productive</i> day.	Замечательно. <i>Продуктивного</i> вам дня.
line:ec771552	Woops.	Ой.
line:51bcff68	Would that interest you?	Тебе было бы интересно?
line:8c8591ec	Would you care to join me at the college library this evening...?	Не желаете ли составить мне компанию в библиотеке колледжа сегодня вечером...?
line:985436e6	Wouldn't that be degrading?	Тебе разве не будет унизительно?
line:1e027369	Wow thanks, that feels good.	Ого, спасибо, приятно.
line:737184f5	Wow!	Ого!
line:ead1bf44	Wow, it's an experience seeing you eat like that.	Ух ты, наблюдать, как ты ешь, — целое приключение.
line:5da1e074	Y'know?	Понимаешь?
line:79352475	Ya.	Ага, нравится.
line:f6c14e05	Ya.	Ага, поэтому.
line:b6add8e0	Yea! I do!	Ага! Вот именно!
line:b44edd29	Yeaaah I'm not sticking with that one.	Да-а, пожалуй, этот вариант не приживётся.
line:7a471225	Yeaaah.	Ага-а.
line:5483c5fd	Yeah	Ага.
line:3a5d5ca4	Yeah he seems like he'd push some buttons.	Да, похоже, он знает, как завести.
line:63024a1f	Yeah he's improved a lot.	Да, он сильно изменился к лучшему.
line:5847a779	Yeah I have.	Да, уже.
line:f3b5952a	Yeah I'm happy too.	Да, я тоже рад.
line:fb47f998	Yeah it go BRRT haha.	Ага, от неё такое БР-Р-Р, ха-ха.
line:eef9b2bb	Yeah It's fine. Sorry.	Да, нормально. Прости.
line:fbc80e96	Yeah let me get that for you.	Да, сейчас открою.
line:f212b2de	Yeah so I'm all muddy and stuff, love romping around in the public park.	Ну да, я весь в грязи. Люблю резвиться в городском парке.
line:108de471	Yeah that sounds pretty good.	Да, неплохо звучит.
line:fdd800c2	Yeah! clean as always.	Да! Как обычно, чисто.
line:dee4a32d	Yeah! Conrad, he's adorable. Though he'd hate I said that.	Да! Конрад, он прелесть. Хотя ему бы не понравилось, что я так сказал.
line:ab1bc039	Yeah! I feel clean.	Да! Чистоту чувствую.
line:6733a3df	Yeah! I'm going on a date with him soon.	Ага! У нас с ним скоро свидание.
line:66727cce	Yeah! It has food that should be good for both of us.	Ага! Тут должно найтись что-нибудь для нас обоих.
line:b482634c	Yeah! its useful.	Да! Удобная штука.
line:da9cfdcf	Yeah! Just went on a date with Conrad.	Да! Только что был на свидании с Конрадом.
line:3f153aaf	Yeah! Just went on a date with Ryan.	Да! Только что был на свидании с Райаном.
line:77ca2316	Yeah! Thanks for the food. I'll go get the gate.	Да! Спасибо за еду. Пойду к воротам.
line:c87d632b	Yeah! That would be amazing.	Да! Было бы замечательно.
line:71c0ee9a	Yeah, ever since the breakup I've been looking for something new.	Ага. После расставания всё ищу что-нибудь новое.
line:bee397db	Yeah, he's so kind to me.	Ага, так ко мне добр.
line:4815ddba	Yeah, I've got one.	Да, есть у меня.
line:24efaa49	Yeah, me too. He's real nice.	Да, и я. Он очень хороший.
line:6fa847ba	Yeah, nah. Mate you gotta get in on this. I'll pay good!	Да ну нет. Дружище, надо это освоить. Я хорошо заплачу!
line:266f699d	Yeah, taste good!	Да, вкусно!
line:67cc394b	Yeah, that was scary at first.	Да уж, сначала было страшновато.
line:a9980f5e	Yeah, this has been super nice.	Да, это было чудесно.
line:54c44240	Yeah, you're right.	Да, пожалуй, ты прав.
line:bb1827c7	Yeah- Though only if you want!	Да, но только если ты не против!
line:7311dc01	Yeah.	Ага.
line:95e2f7cc	Yeah.	Ага.
line:9fd5b834	Yeah. <size=90%>Oh- <size=80%>you know. I'm like... <size=70%>Haha. Yeah. Mhm!	Да. <size=90%>Ой... <size=80%>Ну, понимаешь. Я вроде... <size=70%>Ха-ха. Да. Ага!
line:a28a70c6	Yeah. At least I got to meet you because of it.	Да. Хорошо хоть благодаря всему этому мы познакомились.
line:e5937e30	Yeah. I like fish!	Хорошо. Люблю рыбу!
line:0372e0d1	Yeah. It wasn't too expensive.	Да. Обошёлся не так дорого.
line:6804839d	Yeah. It's hard to unwind groups after something like that.	Да. После такого трудно отделиться от общей компании.
line:6e0e4e11	Yeah. You two will be cute.	Да. Вы будете красивой парой.
line:616121a9	Yeah...	Ага...
line:f244d080	Yeah... He's really great.	Да... Он правда замечательный.
line:5bab2df8	Yeah... I've never gone on a date with a kobold before.	Ага... Я ведь раньше с кобольдом на свидания не ходил.
line:8eeb7e28	Yeah... It really isn't.	Да... Ещё как тяжело.
line:039a0c83	Yeah?	Да?
line:2fb3fe55	Yeah?	Да?
line:92bd78f3	Yeah?	Да?
line:3690a3eb	Yeah? I don't even see a mount.	Ага. А станка я что-то не вижу.
line:ea2adb20	Yeah? tell me about it!	Правда? Рассказывай!
line:78eccd9b	Yellow lime.	Как жёлтый лайм.
line:5fd7bc69	Yep!	Ага!
line:b6c878fa	Yep!	Ага!
line:fcff76d4	Yep! I'll get the gate.	Ага! Сейчас ворота открою.
line:3cdcbd4a	Yes	Да.
line:991dc643	Yes	Да.
line:e535cacb	Yes	Да.
line:fb4265f7	Yes	Да.
line:4ab6c5a9	yes	Да
line:db98be35	Yes right this way.	Да, проходи сюда.
line:52010e35	YES!	ДА!
line:c4310942	Yes!	Да!
line:d5f94e23	Yes!	Да!
line:5592e639	Yes, welcome to Drag'N Wash!	Да, добро пожаловать в Drag'N Wash!
line:f676b9a8	Yes, welcome to Drag'n wash!	Да, добро пожаловать в Drag'N Wash!
line:a610ce0b	YES.	ДА.
line:85fd5266	Yes.	Да.
line:152cb8ad	Yes. I'm in need of a clean. The situation is rather dire!	Да. Меня нужно отмыть. Положение весьма серьёзное!
line:c4595dd5	Yes. It's invigorating to be so candid.	Да. Такая откровенность придаёт сил.
line:d7e50f2d	Yes..	Да...
line:5811655d	Yes... But I believe we need to clean the floors.	Да... Но, полагаю, придётся вымыть пол.
line:9444cdba	Yip	Йип
line:14d2c62f	Yip!	Йип!
line:296ff3f4	Yip!	Йип!
line:3d516ddb	Yip!	Йип!
line:3e870ad0	Yip!	Йип!
line:5544e245	Yip!	Йип!
line:5efde4e2	Yip!	Йип!
line:c3e1f198	Yip!	Йип!
line:e662501c	Yip!	Йип!
line:5e181cf4	Yip! <size=70%>(Gate)	Йип! <size=70%>(Ворота.)
line:b12a3f31	Yip! <size=70%>(idk)	Йип! <size=70%>(Не знаю.)
line:a8ee5236	Yip! <size=70%>(It's because the dormant part of your draconic mind is remembering the deep set language bridge between your kind and mine. Which carries the deep meaning and intention of kobold 'Yips' within it. This sudden understanding of yours is simply from our connection growing over time and activating that part of your mind.)	Йип! <size=70%>(Потому что спящая часть вашего драконьего разума вспоминает глубинную языковую связь между нашими видами. В ней заключён весь смысл и замысел кобольдских «йипов». Внезапное понимание — просто результат того, что наша связь со временем окрепла и пробудила эту область разума.)
line:5935a413	Yip! <size=70%>(Yes)	Йип! <size=70%>(Да.)
line:f1c14f75	Yip-Man - The Final Yip	Йип Ман — Последний йип
line:4b9046ec	Yip-Man movies are real corny...	Фильмы про Йип Мана ужасно наивные...
line:3d6b2203	You again?	Снова ты?
line:81416c72	You already are, whats up?	Уже спрашиваешь. Что случилось?
line:6fbc3c1b	You also do <i>special endings</i> here, yeah?	У вас тут <i>особое завершение</i> тоже бывает, да?
line:e553c773	You also introduced me to Conrad.	И с Конрадом ты меня познакомил.
line:feb8727e	You always make me feel welcomed.	Ты всегда даёшь мне почувствовать, что я здесь желанный гость.
line:563d71ba	You are too!	Ты тоже!
line:4efafbb0	You are very skilled with your hands	Какие у вас умелые руки.
line:0dd63830	You brought food in?	Ты принёс еду?
line:38043f6c	You can act however you like around me.	Со мной можете вести себя как хочется.
line:3fbd01fb	You can come in whenever!	Приходи в любое время!
line:0eb37f1a	You can stay here if you want.	Можешь остаться, если хочешь.
line:ecc04e16	You decide!	Выбирай сам!
line:19698f13	You didn't even open the watermelon.	Ты даже арбуз не разрезал.
line:7e8c1ae2	You do know how to use your hands pretty well.	Ты же умеешь руками работать.
line:7023b6b4	You don't deserve that.	Ты этого не заслуживаешь.
line:c0cc0f2d	You got a medkit?	Аптечка есть?
line:c2b3c28a	you know about getting back into the dating scene...	Ну, о том, чтобы снова начать с кем-то встречаться...
line:512df07c	You know what that means.	Знаешь, что это значит.
line:e613cbe3	You know what that means...	Знаешь, что это значит...
line:73e4789c	You know... This environment is rather pleasant. Very... proletarian.	Знаете... Здесь довольно приятная обстановка. Такая... пролетарская.
line:404b17ef	You look good this clean!	Чистота тебе идёт!
line:780c151c	You needn't worry. The washer's union is... More powerful than I.	За них не тревожьтесь. Профсоюз мойщиков... Влиятельнее меня.
line:3fab049a	You probably shouldn't.	Лучше не надо.
line:0bc044da	You ready for this?	Ты готов?
line:f0a0565a	You ready to go back in to the club?	Готов вернуться в клуб?
line:c0e34d36	You really ate that entire thing... Woah.	Ты правда съел это целиком... Ого.
line:82cf49aa	You seemed to enjoy yourself.	Похоже, тебе понравилось.
line:ba66095e	You set a good example.	Вы подаёте хороший пример.
line:6c2a1901	You should be all clean!	Ну вот, теперь ты чистый!
line:36779352	You should be.	И правильно.
line:86154a64	You should feel it and check for me	Потрогай да проверь.
line:20503ab0	You sure? It's not like... fun stuff.	Точно? Тема-то... не самая весёлая.
line:0a0d6bc0	You too! I'll go get the gate.	Я тоже! Пойду открою.
line:e3106999	You too. Thanks for the wash.	И я тебе. Спасибо за мойку.
line:fc97aa74	You too. Thanks for the wash.	И я тебе. Спасибо за мойку.
line:5e4d645c	You two are really cute together...	Вы вместе такие милые...
line:b76a2a43	You were really going at it.	Ты прямо разошёлся.
line:83aa1a23	You work at a college?	Вы работаете в колледже?
line:85fa0d03	You'd need a dragon stomach first!	Сначала драконьим желудком обзаведись!
line:ebd2af6b	You'll have to give me all the Ryan details soon.	Скоро расскажешь мне всё-всё про Райана.
line:6c71dd83	You'll have to tell me all about it.	Расскажешь мне потом всё в подробностях.
line:91ab30f5	You'll have to tell me how you two work out!	Обязательно рассказывай, как у вас идут дела!
line:ffeff59b	You'll have to tell me more inside.	Внутри расскажешь поподробнее.
line:5eb243c2	You'll like it.	Тебе понравится.
line:6acf7c77	You'll need to let them in afterwards of course.	Затем его, разумеется, нужно будет впустить.
line:6b63d2d8	You'll take care of everything?	А вы обо всём позаботитесь?
line:f2527ed7	You're <i>spotless.	Ты <i>без единого пятнышка.
line:23ae97e6	You're a big deal	Это ты у меня важная персона.
line:323e546b	You're a good friend too, I'll go get the gate.	Ты тоже хороший друг. Сейчас открою.
line:44e97be7	You're always welcome here, Ryan.	Тебе тут всегда рады, Райан.
line:09e5bf43	You're cute by the way.	А ты, кстати, очень милый.
line:277d8257	You're fine. Thank you.	Да нет, всё хорошо. Спасибо тебе.
line:8c269acb	You're going to love it.	Тебе очень понравится.
line:173782fa	You're good at it.	И прекрасно с ней справляетесь.
line:1dca8fa0	You're just a very comfortable person to be around.	Просто с тобой так спокойно.
line:42124159	You're just a very comfortable person to be around.	Просто с тобой так спокойно.
line:d3b6d22a	You're kind. It's more than I deserve.	Добрый ты. Не заслужил я такого.
line:ca72bf2d	You're okay. You're clearly going through a lot.	Ничего. Видно же, сколько на тебя навалилось.
line:68887509	You're one of my favorite clients!	Ты один из моих любимых клиентов!
line:c4cc497f	You're pretty hot.	Ты очень даже ничего.
line:b6603dc7	You're right. I shouldn't pry.	Ты прав. Не надо мне лезть не в своё дело.
line:31ab814e	You're right... Theres no way you could.	Ты прав... Откуда тебе знать.
line:470cd652	You're the first person I've met who's only expectation is for me to be...	Вы первый, кто ждёт от меня лишь одного...
line:f718a7eb	You're the professor here. Must be correct.	Ну, профессор тут вы. Вам виднее.
line:15f55959	You're very sweet.	Ты очень добрый.
line:bc6cc4d2	You're very sweet.	Вы очень добры.
line:6289a322	You're very welcome.	Всегда пожалуйста.
line:39ddd682	You're...	Вы...
line:6e94f373	You're... cool.	Ты... классный.
line:61c96494	You're... Not that dirty.	Вы... не такой уж грязный.
line:8bab3246	You're... very forward.	Ты... весьма прямолинеен.
line:3bbab759	You've gotta keep me updated on you and Ryan, yeah?	Рассказывай мне, как у вас с Райаном, ладно?
line:a5a8a9d5	Your crest is cool. What is it?	У вас такой красивый герб. Что это?
line:3890b91c	Your date with Ryan.	Твоё свидание с Райаном.
line:82109412	Your secret's safe with me.	Всё останется между нами.
line:ed8e7994	Yours doesn't. It's nice.	А ваш — нет. И это приятно.
line:016a65e8	Yuh, that's me.	Ага, это я.
line:38eb6d26	Yup!	Ага, да!
line:7ac62718	Yup. I like it.	Ага. Мне это нравится.
