# line ID	exact English source	translation (English A-Z then ID)
line:39fd52f1	'Ey big dog.	היי, כלב גדול.
line:918d7820	'Ey big kobold.	היי, קובולד גדול.
line:155c00eb	'think', 'On the way here'? Then you weren't covered in ink before...	״חושב״? ״בדרך לכאן״? אז לא היית מכוסה בדיו לפני כן...
line:15bcd86c	'Yes way', There is nothing I am more certain of.	יש מצב בהחלט. אין דבר שאני בטוח בו יותר.
line:4d49ae72	'Yes way', There is nothing I am more certain of.	יש מצב בהחלט. אין דבר שאני בטוח בו יותר.
line:25f35611	---	---
line:4b9b3a43	---	---
line:97ab84a8	---	---
line:db5b3129	---	---
line:e2f28daa	---	---
line:3d2df033	..	..
line:8c0e2d04	..	..
line:b36eb839	..	..
line:03d2f0bb	...	...
line:045f5836	...	...
line:1113335e	...	...
line:227eda5e	...	...
line:30a74521	...	...
line:4810891f	...	...
line:4da86a7a	...	...
line:610824ef	...	...
line:6757e4a0	...	...
line:695ef750	...	...
line:7426a997	...	...
line:759a495e	...	...
line:7e189c92	...	...
line:812700a5	...	...
line:848f5cd8	...	...
line:85f39b27	...	...
line:9504ba33	...	...
line:a6531779	...	...
line:b59e9091	...	...
line:b7f0551c	...	...
line:c272e55f	...	...
line:cdb8d8db	...	...
line:cfe4b91d	...	...
line:d6483230	...	...
line:d90d368f	...	...
line:d9516fdd	...	...
line:dd197e7c	...	...
line:decf872a	...	...
line:e9d40a5c	...	...
line:20f87f8d	... A class which I'm teaching rather soon.	... שיעור שמתחיל בקרוב מאוד, למעשה.
line:4815d919	... Being a bit of a jerk honestly.	... קצת התנהגתי כמו חרא, האמת.
line:11bfce3b	... I thought we were good friends, we have sex all the time!	... חשבתי שאנחנו חברים טובים, אנחנו עושים סקס כל הזמן!
line:1bebf328	... Thank you..	... תודה..
line:a8eb78ed	... you're done? I'm still dirty..	... סיימת? אני עדיין מלוכלך..
line:ef611d11	... you're done? I'm still soapy..	... סיימת? אני עדיין מלא סבון..
line:496134bc	...!	...!
line:7cc45755	...!	...!
line:6585925d	...<i><size=70%>I have one on him at least.	...<i><size=70%>אני לפחות דלוק עליו.
line:e2ea4ead	...A wash for our date tonight.	... רחיצה לקראת הדייט שלנו הערב.
line:048d7f84	...About what I said earlier.	... בקשר למה שאמרתי קודם.
line:55d1f6ef	...and nice.	... ונחמד.
line:79a1a205	...But not in like a bad weird way.	... אבל לא במובן רע או מוזר.
line:3592632e	...It's intimidating knowing how much they look up to me.	... מאיים לדעת עד כמה הם נושאים אליי עיניים.
line:7e08544c	...It's odd being able to speak so freely with someone.	... מוזר שאפשר לדבר בחופשיות כזאת עם מישהו.
line:f0cb8389	...No	... לא.
line:92601622	...Okay, come in	... בסדר, תיכנס.
line:e381559c	...Thank you for this.	... תודה על כך.
line:b7b5f7fb	...Thanks.	... תודה.
line:dbab7a39	<b><i><size=130%>Did you suggest Ryan to Conrad?	<b><i><size=130%>הצעת לקונרד להכיר את ראיין?
line:36ff6bd9	<gradient="gold"><b> I know a dragon, Ryan. I could get you two in contact? </b></gradient><size=70%>(Unlocks Conrad/Ryan hookup OR Ryan romance)	<gradient="gold"><b> אני מכיר דרקון, ראיין. אולי אקשר ביניכם? </b></gradient><size=70%>(פותח מפגש בין קונרד לראיין או רומן עם ראיין)
line:7e9d40e6	<gradient="gold"><b> I wouldn't mind hanging out... </b></gradient><size=70%> (Unlocks Conrad romance)	<gradient="gold"><b> אני דווקא אשמח לבלות איתך... </b></gradient><size=70%> (פותח רומן עם קונרד)
line:a0e49f02	<gradient="gold"><b> I wouldn't mind! </b></gradient><size=70%> (Will lead to Alexander romance!)	<gradient="gold"><b> אשמח! </b></gradient><size=70%> (מוביל לרומן עם אלכסנדר!)
line:0371fb9c	<gradient="gold"><b> I'm going to be busy tonight. Sorry. </b></gradient><size=70%> (Will lead to no romance!)	<gradient="gold"><b> אהיה עסוק הערב. סליחה. </b></gradient><size=70%> (מוביל לסיום בלי רומן!)
line:f5a81524	<gradient="gold"><b>I don't have anyone off the top of my head.</b></gradient><size=70%> (Locks in Conrad romance!)	<gradient="gold"><b>לא עולה לי אף אחד בראש כרגע.</b></gradient><size=70%> (מאשר את מסלול הרומן עם קונרד!)
line:bedc761d	<gradient="gold"><b>I know this one red dragon. I think you'd like him! </b></gradient><size=70%> (Hooks up Ryan with Conrad!)	<gradient="gold"><b>אני מכיר דרקון אדום אחד. נראה לי שתאהב אותו! </b></gradient><size=70%> (מחבר בין ראיין לקונרד!)
line:e104b8e4	<gradient="gold"><b>Oh. Uhm. <size=70%> I wouldn't mind... If I was that someone. </b></gradient><size=70%> (Locks in Ryan romance!)	<gradient="gold"><b>אה. אממ. <size=70%> לא הייתי מתנגד... להיות אותו מישהו. </b></gradient><size=70%> (מאשר את מסלול הרומן עם ראיין!)
line:36073321	<gradient="yellow - orange"><size=140%>HEY! </gradient><size=100%>This is the cleaning place, ya?	<gradient="yellow - orange"><size=140%>היי! </gradient><size=100%>כאן רוחצים, נכון?
line:c777ce0c	<i> that feels nice...</i>	<i>זה נעים...</i>
line:e56dd423	<i><size=70%>uh oh.. and the books	<i><size=70%>אוי... וגם את הספרים.
line:d67b1098	<i>I like spraying you with water.	<i>אני אוהב להתיז עליך מים.
line:ad5d633a	<i>Oh...	<i>אה...
line:22b5941e	<i>Oh.</i> I don't think I'm ready for that just yet.	<i>אה.</i> איני חושב שאני מוכן לזה עדיין.
line:cacbff51	<i>Ooooh. </i>The mount? Hell yeah, man.	<i>אווו. </i>המתקן? ברור שכן, חבר.
line:04b7ce44	<i>This</i> isn't your fault, Conrad.	<i>זה</i> לא באשמתך, קונרד.
line:72b244b7	<size=100%> That felt damn good!	<size=100%>זה היה טוב בטירוף!
line:78cc49e8	<size=100%>I mean- Cool.	<size=100%>כלומר... מגניב.
line:e48243c0	<size=140%> FUCK YEAH!	<size=140%>פאק, כן!
line:f474ffa9	<size=140%>HEY, <size=100%>lookin' for a wash.	<size=140%>היי, <size=100%>באתי לרחיצה.
line:9d458e88	<size=160%>HELL YEAH!	<size=160%>פאק, כן!
line:f5462edf	<size=60%> that's hot.	<size=60%>זה סקסי.
line:7c745c31	<size=70%> A big dragon giving me control. Woah.	<size=70%>דרקון גדול נותן לי שליטה. וואו.
line:53d71f27	<size=70%> And for me.	<size=70%>וגם בשבילי.
line:4fe271cc	<size=70%> woah.	<size=70%>וואו.
line:e53b1bd3	<size=70%><i> holy shit, I just bagged a date with a dragon.	<size=70%><i>פאק, הרגע קבעתי דייט עם דרקון.
line:c4384e8e	<size=70%><i>but it was nice... Thank you.	<size=70%><i>אבל נעים... תודה.
line:ec0e5330	<size=70%><i>feel free to continue-</i>	<size=70%><i>אתה מוזמן להמשיך...</i>
line:e77c1f79	<size=70%><i>oah-</i> no that's really cool actually.	<size=70%><i>אה...</i> לא, האמת שזה ממש משמח אותי.
line:a618f9c2	<size=70%><i>Woah...	<size=70%><i>וואו...
line:ad460e4b	<size=70%><i>Yeah?	<size=70%><i>באמת?
line:c25d1c85	<size=70%>They're still on my payroll.	<size=70%>אני עדיין משלם להם משכורת.
line:22deeef6	==	==
line:67fa34ad	==	==
line:a8e2f13e	==	==
line:ce938344	==	==
line:e41244bf	==	==
line:497d3f67	A few days ago...	לפני כמה ימים...
line:c570a462	A rather good excuse to see my favorite kobold.	תירוץ טוב למדי לראות את הקובולד האהוב עליי.
line:5d2d16e0	A really good friend?	חבר ממש טוב?
line:df4d3810	About earlier.	בקשר למה שהיה קודם.
line:1a5e1ba4	Act what way?	איך?
line:cc532c02	After his spontaneous conflagration, I made sure to give him privacy.	אחרי הבעירה הספונטנית שלו, דאגתי להעניק לו פרטיות.
line:a983ffa3	Again...?	שוב...?
line:8e34b87d	Agreed, though I'd still like to be let in as soon as convenient.	מסכים, אם כי עדיין אשמח להיכנס בהקדם האפשרי.
line:934a1d5a	Ah yeah, that's the stuff.. keep at it.	אה, כן, זה זה... תמשיך.
line:e216aee0	Ah, good.	אה, טוב.
line:9b26ac5f	Ah, I see the button there, gotcha!	אה, אני רואה שם את הכפתור. הבנתי!
line:7f3fe9f9	Ah, sorry, I'm passionate about such things.	אה, סליחה, הנושאים האלה מרתקים אותי.
line:bf2a8309	Ah, the grime did sting a little, thank you.	אה, הלכלוך קצת צרב. תודה.
line:ebdb9888	Ah, yeah, those types are pretty cute.	אה, כן, כאלה יכולים להיות חמודים מאוד.
line:b920f205	Ah. Do not worry.	אה. אל תדאג.
line:a98d068c	Ah. Okay nevermind I'm not sorry then.	אה. בסדר, אז אני לוקח בחזרה את ההתנצלות.
line:6de2c490	Ah...	אה...
line:4d6b365e	Ahh, all cleaned and with a lighter load.	אהה, נקי ועם מטען קל יותר.
line:20f96302	Alexander!	אלכסנדר!
line:f167e3d7	Alexander!	אלכסנדר!
line:fe3996b8	Alexander!	אלכסנדר!
line:af7db134	Alexander...?	אלכסנדר...?
line:eb7cf9e5	All clean...	נקי לגמרי...
line:f57fc630	All done!	סיימנו!
line:0b734d82	All self respecting washers know how to please a dragon.	כל רוחץ שמכבד את עצמו יודע איך לענג דרקון.
line:599ffb25	Already got seats at that bar I mentioned earlier.	כבר השגתי מקומות בבר שהזכרתי.
line:642ddea3	Alright alright... Then I think I'd like to use it?	בסדר, בסדר... אז נדמה לי שהייתי רוצה להשתמש בו?
line:c7b3a185	Alright! I'll go get the gate.	בסדר! אפתח את השער.
line:7279121a	Alright! I'll go get you the gate.	בסדר! אפתח לך את השער.
line:4fc4259c	Alright! I'm ready to go.	בסדר! אני מוכן ללכת.
line:a722d0fa	Alright, go get the gate and I'll head out to the spot!	טוב, תפתח את השער ואני אצא למקום!
line:d04df8f8	Alright, I'll cya!	טוב, נתראה!
line:4766af08	Alrighty! That should be it.	זהו! נראה לי שסיימנו.
line:797ca540	Alrighty. All clean.	טוב. נקי לגמרי.
line:c4cb161a	Although grapes have always hit a specific craving.	אם כי ענבים תמיד מספקים חשק מסוים.
line:dc237557	Although, the portions might be a bit... dragon sized.	אם כי המנות אולי קצת... בגודל של דרקון.
line:655b8c01	Always happy to have you, Conrad.	תמיד שמח לארח אותך, קונרד.
line:afedd1f5	An anomaly.	תופעה חריגה.
line:0de4fe62	And I'm glad you have a medkit... You're very prepared.	ואני שמח שיש לך ערכת עזרה ראשונה... אתה מוכן לכל דבר.
line:0699aef9	And I'm really happy for you and Conrad.	ואני ממש שמח בשבילך ובשביל קונרד.
line:a3a26459	And not just physically.	ולא רק במובן הגופני.
line:507bd2b9	And that's why I'm here! Going to be heading out after this wash to go see him.	ובגלל זה אני כאן! אחרי הרחיצה אלך לפגוש אותו.
line:33440e8c	And why you are perfect for this job!	וזו הסיבה שאתה מושלם לעבודה הזאת!
line:cacb93ce	And you've tried everything.	וכבר ניסית הכול.
line:8cae6240	Another dragon? Usually I don't really get along...	עוד דרקון? בדרך כלל אני לא ממש מסתדר...
line:5a7e4fd4	Any chance you can clean me up again?	יש סיכוי שתוכל לרחוץ אותי שוב?
line:92d2a30a	Anything. I'm just curious.	כל דבר. אני רק סקרן.
line:52695aa2	Anything?	כל דבר?
line:8ead9ee9	Anytime, Ryan.	מתי שתרצה, ראיין.
line:6d77feef	Anyway glad you're not finished, lets keep at it!	בכל מקרה, שמח שלא סיימת. בוא נמשיך!
line:bdb4f59c	Anyway, time to get writing!	בכל מקרה, הגיע הזמן להתחיל לכתוב!
line:75dd56ae	Anyways,	בכל מקרה,
line:8980260e	Anyways-	בכל מקרה...
line:a8e6291c	Anyways- Let me out.	בכל מקרה, תוציא אותי.
line:493a82ef	Anyways. Could you go get the gate?	בכל מקרה, תוכל לפתוח את השער?
line:926f5f41	Anyways. Gonna use this thing now!	בכל מקרה, עכשיו אני משתמש בדבר הזה!
line:ad8ab02e	Anyways...	בכל מקרה...
line:e767dc51	Anywho, I'll get out of your scales now.	בכל מקרה, אניח לך עכשיו.
line:e81426c1	Anywho, I'm in need of a clean.	בכל מקרה, אני זקוק לרחיצה.
line:23e7d518	Approach the dragon entrance, and I will let you in.	גש לכניסת הדרקונים, ואני אכניס אותך.
line:72a9b5bb	Are you happy?	אתה מאושר?
line:be0118cc	Are you okay?	אתה בסדר?
line:de735c65	Are you open right now?	אתה פתוח כרגע?
line:9369755d	Are you sure it will fit?	אתה בטוח שזה ייכנס?
line:c35b717a	Are you sure...? In front of the food?	אתה בטוח...? מול האוכל?
line:cb06d2bf	As am I.	גם אני.
line:9a48b21c	As in you're unique.	כלומר, אתה ייחודי.
line:1c021ee0	At getting hand jobs.	בלקבל עבודת יד.
line:e861b464	At least that's what I've heard anyway.	לפחות זה מה ששמעתי.
line:2f54ceec	At least you can still use your hands. Heh.	לפחות עדיין יש לך ידיים. הא.
line:cb04e062	At least you can still use your hands. Heh.	לפחות עדיין יש לך ידיים. הא.
line:97792929	Aw, I'll go get you the gate.	אוי, אפתח לך את השער.
line:c6895517	Aw, Ryan.	אוי, ראיין.
line:db997182	Aw, thank you Alexander.	אוי, תודה, אלכסנדר.
line:7157db26	Aw, thanks Alexander.	אוי, תודה, אלכסנדר.
line:011f1458	Aw, thanks.	אוי, תודה.
line:aea0be6b	Aw, thanks.	אוי, תודה.
line:c00d76cd	Aw, thanks. I only look so good 'cause of your washes!	אוי, תודה. אני נראה טוב רק בזכות הרחיצות שלך!
line:453ff9be	Aw- Ryan...	אוי, ראיין...
line:5340a315	Aw... Thanks!	אוי... תודה!
line:c6202cf2	Aw... Thanks.	אוי... תודה.
line:cb1d1197	Aw... Thanks. Is it weird I consider you...	אוי... תודה. זה מוזר שאני רואה בך...
line:2bfa396c	Aw... That's really sweet	אוי... זה ממש מקסים.
line:22053f7f	Awesome!	מעולה!
line:6fdb2c3d	Awesome!	מעולה!
line:70306ba1	Awesome!	מעולה!
line:6126a614	Awesome! Come on in..	מעולה! תיכנס..
line:e85007ac	Awesome! See you later then!	מעולה! אז נתראה אחר כך!
line:4c7f15d6	Awesome, I'll go get the gate.	מעולה, אפתח את השער.
line:9d126e4e	Awesome, I'm glad.	מעולה, אני שמח.
line:b60cc4a5	Awesome.	מעולה.
line:59fb47b0	Awww. You don't need to be coverd in ink to say hi!	אוי... אתה לא צריך להתכסות בדיו כדי להגיד שלום!
line:8e20e028	Be yourself!	תהיה עצמך!
line:cd18f73f	Been looking forward to this.	חיכיתי לזה.
line:8f1fccf9	Being muddy is really fun up until it starts drying.	להיות בוצי זה כיף עד שהבוץ מתחיל להתייבש.
line:40783547	Berries.	פירות יער.
line:59d4be6a	Berries.	פירות יער.
line:61e781c1	Berries.	פירות יער.
line:18ae08ef	Bet you had fun.	בטח נהניתם.
line:982fd3c7	big C...?	ק׳ הגדול...?
line:4b3f7c6a	Biology...? <size=70%> <i>I think?	הביולוגיה...? <size=70%> <i>נראה לי?
line:9be63f47	Bleh. Thank you for grabbing that.	בלה. תודה שלקחת את זה.
line:66957ed2	Blue...?	כחולה...?
line:a77c3afd	Both.	גם וגם.
line:78975048	Brrr! Cold water!	בררר! מים קרים!
line:8487a2c4	Burnswick Community College of Thaumaturgy	המכללה הקהילתית לתאומטורגיה של ברנסוויק.
line:f75126de	But honestly you've helped me a lot.	אבל האמת היא שעזרת לי מאוד.
line:cab69268	But I already know I'm liking this a lot.	אבל אני כבר יודע שאני נהנה מאוד.
line:d9534386	But I know the type... They tend to be big softies on the inside.	אבל אני מכיר את הטיפוס... בדרך כלל הם רכים מבפנים.
line:f73ddfbc	But I think its time to get cleaned up.	אבל נראה לי שהגיע הזמן להתנקות.
line:088ea4a7	But I'm hot shit, so I'll be fine.	אבל אני חתיכת מציאה, אז יהיה בסדר.
line:c8f8bc22	But I'm only your washer?	אבל אני רק רוחץ אותך?
line:dda0419b	But I'm sure I'd enjoy it with you!	אבל איתך בטח אהנה!
line:aa74448a	But not in this sized package, right??	אבל לא על גוף בגודל הזה, נכון??
line:7d9ffc48	But nothing beats a large gulp!	אבל אין כמו בליעה גדולה אחת!
line:d1ec7684	But that is why I am here!	אבל בשביל זה אני כאן!
line:b0d9d1e5	But you're the teacher dragon.	אבל אתה הדרקון המורה.
line:2d7e1ab6	But, at least I got to meet you!	אבל לפחות הכרתי אותך!
line:b7f46902	But, I think you've taught me something.	אבל נדמה לי שלימדת אותי משהו.
line:b1040415	By the stars! No no. You're excellent.	בשם הכוכבים! לא, לא. אתה מצוין.
line:3a88a2dd	By the way would you be mad if your partner made a mess at home?	דרך אגב, היית כועס אם החצי השני שלך היה עושה בלגן בבית?
line:4199070f	Came in for another wash.	באתי לעוד רחיצה.
line:105cd3e2	Can I ask you a question?	אפשר לשאול שאלה?
line:535ee717	Can you repeat that?	תוכל לחזור על זה?
line:835e0c27	Can't sthpeak well.	קשה לדבר ככה.
line:afa450c0	Come back whenever, Ryan.	תחזור מתי שתרצה, ראיין.
line:0cedfc3d	Conrad can go as long as he needs	קונרד יכול להמשיך כמה שצריך.
line:5462913f	conrad hooked up with ryan	קונרד יחד עם ראיין.
line:61cd33c5	conrad hooked up with ryan	קונרד יחד עם ראיין.
line:6a7610f3	conrad hooked up with ryan	קונרד יחד עם ראיין.
line:bac1ce29	conrad hooked up with ryan	קונרד יחד עם ראיין.
line:61c9b7ac	Conrad needs a cleaning, got a slot for 'im?	קונרד צריך רחיצה. יש לך מקום בשבילו?
line:405b7ef1	Conrad needs a wash!	קונרד צריך רחיצה!
line:803c8f0c	Conrad was talking about you during our date.	קונרד דיבר עליך בדייט שלנו.
line:f1787092	Conrad!	קונרד!
line:fd6c6213	Conrad!	קונרד!
line:484cd04d	Conrad...?	קונרד...?
line:5b0360ad	Conrad: Actually.. I mean..	Conrad: בעצם... כלומר...
line:3ce891ff	Conrad: Conrad just enjoys himself	Conrad: קונרד פשוט נהנה.
line:fbe86c06	Conrad: Damn right!	Conrad: ברור שכן, לעזאזל!
line:5660dc8b	Conrad: Don't worry about it!	Conrad: אל תדאג!
line:c050dbfc	Conrad: I do it all the time	Conrad: אני עושה את זה כל הזמן.
line:cd3367da	Conrad: I want this to go well	Conrad: אני רוצה שזה ילך טוב.
line:194c1381	Conrad: I'm ready to blow	Conrad: אני עומד לגמור.
line:ce4d0fef	Conrad: Yea	Conrad: כן.
line:42c70daa	Conrad: You feel good	Conrad: נעים להרגיש אותך.
line:3bc52918	Conrad: You having a good time?	Conrad: אתה נהנה?
line:be0e51af	Cool.	מגניב.
line:88c36bc7	Could do that, then get a hotel room... Hmm.	נוכל ללכת לשם, ואז לקחת חדר במלון... הממ.
line:b99e1503	Could you ask <i>me</i> a question?	תוכל לשאול <i>אותי</i> שאלה?
line:12bf5baf	Could you get the gate...?	תוכל לפתוח את השער...?
line:3a6afae1	Could you go get the gate?	תוכל לפתוח את השער?
line:9f49d9d4	Could you wash it away?	תוכל לשטוף אותו?
line:7661a0e9	D'aw... thanks.	אוי... תודה.
line:59bc5840	Damn right I do!	ברור שאני נראה טוב!
line:64889395	Damn right!	ברור שכן, לעזאזל!
line:95aa0bf4	Damn right!	ברור שכן, לעזאזל!
line:db592d76	Damn right!	ברור שכן, לעזאזל!
line:0fcf9908	Damn right.	ברור שכן, לעזאזל.
line:b964c99b	Damn shame then. Better change that.	חבל מאוד, לעזאזל. כדאי שתשנה את זה.
line:c6955ecc	Damn, you know how to use your hands.	לעזאזל, אתה יודע להשתמש בידיים.
line:eaf45022	Damn, you know how to use your hands.	לעזאזל, אתה יודע להשתמש בידיים.
line:684fb29a	Damn... Always feels good.	לעזאזל... תמיד נעים.
line:7023cc94	DATE NIGHT!	ערב דייט!
line:c71df70b	Date night!	ערב דייט!
line:b57cc8ad	Depends	תלוי.
line:07bd7f57	Did you do your uh...	עשית משהו אחר עם ה...
line:4f38655d	Do I look like I'm okay?	אני נראה לך בסדר?
line:8147156a	Do it!	תעשה את זה!
line:9ab6ddfb	Do you also do "special endings" here?	אתם עושים כאן גם ״סיומים מיוחדים״?
line:4c90479c	Do you ask because I'm lavender?	אתה שואל כי אני בצבע לבנדר?
line:3020c97c	Do you believe I am attractive?	אתה חושב שאני מושך?
line:c5e71850	Do you even need a wash?	אתה בכלל צריך רחיצה?
line:1810e75f	Do you have any advice?	יש לך עצה?
line:6be807b5	Do you have any plans with ryan?	יש לך תוכניות עם ראיין?
line:a0cf6cae	Do you know any cool places, people, I could hang around?	אתה מכיר מקומות או אנשים נחמדים שאוכל לבלות איתם?
line:412ba249	Do you know any good bars?	מכיר ברים טובים?
line:28ec716a	Do you know anyone I could talk to? Y'know... about relationship stuffs?	אתה מכיר מישהו שאוכל לדבר איתו? אתה יודע... בכיוון של זוגיות?
line:21c0526b	Do you like being big?	אתה אוהב להיות גדול?
line:daa040eb	Do you like purple?	אתה אוהב סגול?
line:ef052302	Do you like purple?	אתה אוהב סגול?
line:d5ed3582	Do you make big dragons, <size=60%>like me, <size=100%>cum here?	אתה גורם כאן לדרקונים גדולים, <size=60%>כמוני, <size=100%>לגמור?
line:ec64a696	Do you mind double checking if I'm clean?	תוכל לבדוק שוב אם אני נקי?
line:647187f1	Do you want to say what happened...?	רוצה לספר מה קרה...?
line:807df02d	Do you want to use it?	רוצה להשתמש בו?
line:5c42b85a	Doesn't mean I need to yell at you.	זה לא אומר שאני צריך לצעוק עליך.
line:eefa8ae2	Don't be sorry! Get a mount!	אל תתנצל! תשיג מתקן!
line:dd0f7b1d	Don't worry, dragons are made to eat anything.	אל תדאג, דרקונים בנויים לאכול הכול.
line:b90b01a9	Don't worry, he's real nice.	אל תדאג, הוא ממש נחמד.
line:7de2a81c	Don't worry. I will.	אל תדאג. אספר.
line:c29d4071	Don't... make it sound like that.	אל... תגרום לזה להישמע ככה.
line:31bdd33c	Dont talk with your mouth full	אל תדבר בפה מלא.
line:8ee41fdc	Dragon history is complex. Ornamental crest <size=85%> are often <size=70%> worn by dragons to <size=55%>signify what family they belong to! <size=40%> It's an interesting mark of their culutral <size=35%> and familial heritage. I've often wondered if I should continue to wear mine. <size=20%> But culutural and familiar ties are considered important within the lore of dragons! so I must adhere to such things. <size=10%> Water. Earth. Fire. Air. Long ago, the four nations lived together in harmony. Then everything changed when the Fire Nation attacked.	ההיסטוריה של הדרקונים מורכבת. דרקונים עונדים סמלים דקורטיביים <size=85%> לעיתים קרובות <size=70%> כדי לציין <size=55%>לאיזו משפחה הם שייכים! <size=40%> זהו סימן מעניין למורשת התרבותית <size=35%> והמשפחתית שלהם. לא פעם תהיתי אם עליי להמשיך לענוד את שלי. <size=20%> אבל קשרים תרבותיים ומשפחתיים נחשבים חשובים במסורת הדרקונים! לכן עליי לכבד אותם. <size=10%> מים. אדמה. אש. אוויר. לפני זמן רב חיו ארבע האומות בהרמוניה. ואז הכול השתנה כשאומת האש תקפה.
line:0a0e6773	Dragon stomachs are a bit more... robust than yours.	קיבות של דרקונים קצת יותר... עמידות משלך.
line:7e352505	Dragons of the galaxy 2	דרקוני הגלקסיה 2.
line:c2c659d1	Eep!	איי!
line:0bd1699e	Ehh..	אממ...
line:43dd32f5	Er... That's not-	אממ... זה לא...
line:93b60dce	Even so. Not this time	ובכל זאת, לא הפעם.
line:573d9362	Even though you were just doing your job... I think it helped him a lot.	גם אם רק עשית את העבודה שלך... נראה לי שזה עזר לו מאוד.
line:a2ba222e	Evening. This establishment takes walk ins, correct?	ערב טוב. המקום הזה מקבל גם בלי תור, נכון?
line:f98c3b6c	Every ending here is special!	אצלנו כל סיום הוא מיוחד!
line:bfeaec15	Every self respecting wizard has a phoenix feather handy.	כל קוסם שמכבד את עצמו מחזיק נוצת עוף חול בהישג יד.
line:57df700d	Everyone's gaze carries an immense weight.	מבטם של כולם נושא משקל עצום.
line:9ad8d2dd	Excellent!	מצוין!
line:0c997163	Excellent.	מצוין.
line:1976bc60	Excellent. Then make sure to go greet your customer at the window.	מצוין. אז אל תשכח לגשת לחלון ולברך את הלקוח.
line:7bbe7ee3	Expectations are laaaame.	ציפיות זה מבאססס.
line:f99eb2ff	Ey! The mount! Fuck yeah.	היי! המתקן! פאק, כן.
line:d376acb9	Ey, so. Was thinkin'	היי, אז חשבתי...
line:85ec0862	Ey, sorry for coming in late.	היי, סליחה שבאתי מאוחר.
line:12e8ae42	Ey, Use your hands on my cock- it feels good!	היי, תשתמש בידיים על הזין שלי. זה נעים!
line:271a3846	Fair enough. I'll be waiting!	הגיוני. אחכה!
line:4789095b	Fair enough. You two do seem cute together.	הגיוני. אתם באמת נראים חמודים יחד.
line:f5b37855	Felt good sliding down though!	אבל הוא החליק למטה בנעימות!
line:274367d7	Figured I'd bring in something nice after all you've done.	חשבתי להביא משהו נחמד אחרי כל מה שעשית בשבילי.
line:aae8afca	Fine with me!	מבחינתי זה בסדר!
line:e98616be	For you!	בשבילך!
line:62a82aba	Found this one gryphon. About my size...	מצאתי גריפון אחד. בערך בגודל שלי...
line:807fdc76	From what I've heard he sounds like he's improved a lot recently, yeah?	ממה ששמעתי, נראה שהוא השתפר מאוד לאחרונה, נכון?
line:803bf378	Fuck man, I'm so pumped.	פאק, אני ממש מתרגש.
line:f2418086	Fuck no! Shit's embarrassing.	פאק, לא! זה מביך.
line:a7ca3ca8	Fuck something and then get a handjob hopefully.	לזיין משהו, ואז לקבל עבודת יד, בתקווה.
line:203bce10	Fuuuck. You really know how to work a dragon!	פאאאק. אתה באמת יודע איך לענג דרקון!
line:f7f9b0db	G'day mate!	היי, חבר!
line:664c994e	Gave me time to think.	נתת לי זמן לחשוב.
line:1d9b3531	Get a handjob and fuck this mount.	לקבל עבודת יד ולזיין את המתקן הזה.
line:48afdce4	Give it to me!	תן לי את זה!
line:9df043ad	Give me a bit	תן לי רגע.
line:e5c7f64a	Glad I'm here to remind you then.	אז טוב שאני כאן כדי להזכיר לך.
line:354170aa	Go for it!	קדימה!
line:2d0b6b06	Goin' downtown tonight. Needed to be spotless. Say...	יוצא למרכז העיר הערב. צריך להיות מצוחצח. תגיד...
line:dcb506d2	Good as!	מעולה!
line:bcbc6373	Good evening!	ערב טוב!
line:607a5c47	Good, I can't be having the Burnswick Community College of Thaumaturgy know that their best professor Alexander has caused another incident.	טוב. איני יכול להרשות למכללה הקהילתית לתאומטורגיה של ברנסוויק לדעת שהפרופסור הטוב ביותר שלה, אלכסנדר, גרם לתקרית נוספת.
line:12b72085	Good, you better. If I come back and there isn't one...	טוב, כדאי מאוד. אם אחזור ולא יהיה אחד...
line:2c851dad	Good.	טוב.
line:2712436c	Good. 'Aight, let me out.	טוב. יאללה, תוציא אותי.
line:bab51ada	Good... That'd be correct.	טוב... זאת המילה הנכונה.
line:44f2b8cf	Goodbye!	להתראות!
line:a8e6ac2a	Goodness, thanks to you I have a chance at redeeming this situation.	אלוהים, בזכותך יש לי סיכוי להציל את המצב.
line:745c3c12	Gosh!	אלוהים!
line:6b5c6564	Gotta <i>practice</i> for Ryan if you catch what I mean.	צריך <i>להתאמן</i> לקראת ראיין, אם אתה מבין למה אני מתכוון.
line:e3cef2bc	Gotta make sure you're spotless!	צריך לוודא שאתה מצוחצח!
line:b01b2159	Great, so uh,	מעולה, אז, אממ,
line:43c94954	Grouse as! Excited to see you work!	מעולה! מת לראות אותך עובד!
line:9de16ee9	Ha!	הא!
line:88d7e1e2	Haah. This is the best fuckin' wash.	האא. זה בית הרחצה הכי טוב, לעזאזל.
line:cc6e7856	Hah! There's the mount!	הא! הנה המתקן!
line:90dd6d9d	Hah, eager as always.	הא, נלהב כתמיד.
line:9542e7a6	Hah, good. Let's break this thing in!	הא, טוב. בוא נחנוך אותו!
line:fe21109b	Hah, he seems like the wild type.	הא, הוא אכן נראה מהטיפוסים הפראיים.
line:e8bc1d95	Hah, I imagine it would be.	הא, תיארתי לעצמי.
line:acbf628d	Hah, it is a motivator.	הא, זה בהחלט מדרבן.
line:65b23418	Hah, okay. I'm game.	הא, בסדר. אני בעניין.
line:058d9d5c	Hah, yeah. Conrad is definitely experienced...	הא, כן. לקונרד בהחלט יש ניסיון...
line:8b878971	Hah, yeah. He sounds fun.	הא, כן. הוא נשמע כיפי.
line:e3ed51d9	Hah. Conrad, you look good too.	הא. גם אתה נראה טוב, קונרד.
line:f8b2e23b	Hah. Fine.	הא. בסדר.
line:ea23c5f9	Hah. If only there was a kobold that could clean me.	הא. אילו רק היה קובולד שיכול לרחוץ אותי.
line:c9bb2a93	Hah. Yeah. <size=70%><i>It's cool that you learn to jerk off dragons in cleaning school...	הא. כן. <size=70%><i>מגניב שלומדים להביא ביד לדרקונים בבית הספר לרחיצה...
line:50a559bb	Hah... <size=70%> yeah.	הא... <size=70%>כן.
line:4d4d9986	Hah... Gonna jerk me off now? That's fine.	הא... אתה הולך להביא לי ביד עכשיו? סבבה.
line:4e920759	Hah... Yeah I'm excited.	הא... כן, אני מתרגש.
line:b36365ce	Hah... Yeah...	הא... כן...
line:b8724c64	Hah... you do like that noise.	הא... אתה באמת אוהב את הצליל הזה.
line:c8cde395	Haha, 'Yip' indeed.	חחח, ״ייפ״ אכן.
line:680991cf	Haha, yes. Happy to see you.	חחח, כן. שמח לראות אותך.
line:4c27b031	Haha, you certainly are!	חחח, בהחלט!
line:c3a2e14e	Haha, you certainly are!	חחח, בהחלט!
line:9ec40945	Haha. 'Yip' to you too.	חחח. ״ייפ״ גם לך.
line:5e91e0a7	Haha... Yeah. I'm not really used to complimenting.	חחח... כן. אני לא ממש רגיל להחמיא.
line:44689f21	Happy to be back.	שמח לחזור.
line:2672f65d	Happy to be here.	שמח להיות כאן.
line:192fcb8e	Happy to get it off.	שמח להיפטר ממנו.
line:3517b28e	Have a productive day.	שיהיה לך יום עבודה פורה.
line:7c1adc57	He called me, we met up. He's really damn nice.	הוא התקשר, נפגשנו. הוא ממש ממש נחמד.
line:e71f9a0b	HE DIED!?	הוא מת?!
line:ed6c9afb	He hadn't been... Well, cared about in a long time from what I could gather.	ממה שהבנתי, כבר הרבה זמן לא... טוב, לא היה למישהו אכפת ממנו.
line:de25de6e	He just... Knew what to say to snap me out of all that.	הוא פשוט... ידע מה לומר כדי לנער אותי מזה.
line:a035a3fd	He prefers 'vertically challenged'... But yes.	הוא מעדיף ״מוגבל אנכית״... אבל כן.
line:04b29e42	He really is.	באמת שכן.
line:c7e1b369	He really is.	באמת שכן.
line:c64bd5ce	He said I was chill, we planned a date...	הוא אמר שאני זורם, קבענו דייט...
line:e8a91447	He's a lot. But, I like it.	הוא אינטנסיבי. אבל אני אוהב את זה.
line:a7181b1a	He's a red dragon. I think you two would like eachother!	הוא דרקון אדום. נראה לי שתמצאו חן זה בעיני זה!
line:8245fe2b	He's already back to work. Thanks for helping with all that.	הוא כבר חזר לעבודה. תודה על העזרה בכל העניין.
line:aaea8391	He's been way nicer recently.	הוא הרבה יותר נחמד לאחרונה.
line:7363c004	He's great.	הוא נהדר.
line:c13d4e24	He's hot.	הוא סקסי.
line:675d7e37	He's like. SUPER hung.	יש לו... זין ענק.
line:7deb9fff	He's like... a big softy surrounded by sharp pointy bits.	הוא כמו... לב רך מוקף בקוצים חדים.
line:800c553d	He's my dream dragon.	הוא דרקון החלומות שלי.
line:4b3c70d9	He's snappy, but tender too!	הוא קוצני, אבל גם רך!
line:31281c6d	He's this REALLY cute red drake who goes to the wash!	דרקון אדום ממש חמוד שבא להתרחץ כאן!
line:4c11c83e	He's tiny, I like being eye level with him.	הוא קטן. אני אוהב שאפשר להסתכל לו בעיניים באותו גובה.
line:b9ce2f3c	He's... Considerate. Real understanding too.	הוא... מתחשב. וממש מבין.
line:8e9e0f98	Heard about you and the big blue guy. Ryan was it?	שמעתי עליך ועל הכחול הגדול. ראיין, נכון?
line:ca4a9672	Heeeey Ryan.	הייי, ראיין.
line:24ce37ec	Heeeey.	הייי.
line:bb70c1ed	Heh. Yeah.	הא. כן.
line:3fa80829	Heh. Yeah. I like you too.	הא. כן. גם אני מחבב אותך.
line:20393ff6	Heh. Yeah. That's me.	הא. כן. זה אני.
line:ac769d93	heh.. yea.. sorry..	הא... כן... סליחה..
line:5246ceea	Heh... alright.	הא... בסדר.
line:75fef5cb	Heh... Damn right.	הא... ברור שכן.
line:5f0edcb2	Heh... Handsy today, huh?	הא... הידיים פעילות היום, אה?
line:2f55b3aa	Hehe	חח.
line:7e991330	Hehe yeah.	חח, כן.
line:3223473f	Hehe, I'm excited to get into the dating scene again.	חח, אני מתרגש לחזור לעולם הדייטים.
line:4a137220	Hehe, thanks. It has stuff that should be good for both of us.	חח, תודה. יש כאן דברים שאמורים להתאים לשנינו.
line:1a3e2a73	Hell yea	פאק, כן.
line:93f67490	Hell yeah	פאק, כן.
line:389e4033	Hell yeah I did!	ברור שנהניתי, לעזאזל!
line:17dbb9b7	Hell yeah.	פאק, כן.
line:4b7b33d9	Hello!	שלום!
line:c3d3da41	Hello!	שלום!
line:4183ca7e	Hello, <i>'Drag'n wash franchise 223'...</i> Have you figured out how to interact yet?	שלום, <i>״זכיינות Drag'n'wash מספר 223״...</i> כבר הבנת איך לקיים אינטראקציה?
line:a99c515c	Hello, <i>'Drag'n wash franchise 223'...</i> Have you spoken to your first customer yet?	שלום, <i>״זכיינות Drag'n'wash מספר 223״...</i> כבר דיברת עם הלקוח הראשון שלך?
line:b7cce838	Hello.	שלום.
line:a8779ebf	Hello?	יש כאן מישהו?
line:dd4b34ae	Hello?	יש כאן מישהו?
line:1954aab7	Help the developers out please..	עזרו למפתחים, בבקשה...
line:db9c3a5c	Help the developers out please..	עזרו למפתחים, בבקשה...
line:f7f7f5a1	Help the developers out please..	עזרו למפתחים, בבקשה...
line:fc461784	Help the developers out please..	עזרו למפתחים, בבקשה...
line:ee3398a6	Hey big guy.	היי, גדול.
line:0090c7b0	Hey Conrad!	היי, קונרד!
line:3d0a5aeb	Hey Conrad!	היי, קונרד!
line:a2b4acea	Hey conrad!	היי, קונרד!
line:975a629f	Hey Conrad.	היי, קונרד.
line:21235886	Hey could you come up front where I can see you?	היי, תוכל לבוא קדימה כדי שאוכל לראות אותך?
line:533532c4	Hey fine by me!	היי, לי זה מתאים!
line:1538bc7e	Hey good lookin'	היי, חתיך.
line:0121c874	Hey hey. Glad you're open.	היי, היי. שמח שפתוח.
line:71b651dd	Hey I have something to say!	היי, יש לי משהו לומר!
line:0d4e0ecf	Hey kobold!	היי, קובולד!
line:af3f02c9	Hey Ryan, what do you have there?	היי, ראיין, מה הבאת?
line:6374414d	Hey thanks for being here for me...	היי, תודה שאתה כאן בשבילי...
line:bf5ff483	Hey there, happy to be back.	היי, טוב לחזור.
line:c38b7fa6	Hey there, Ryan!	היי, ראיין!
line:2d5fc8a2	Hey there- Maybe you can get 'hands on' later?	היי... אולי נשמור את ״עבודת הידיים״ לאחר כך?
line:1b6c7f75	Hey there.	שלום.
line:5dacf226	Hey there.	שלום.
line:82698bd1	Hey there.	שלום.
line:ab3a5d9c	Hey there.	היי.
line:3d2bc74e	Hey uh, do you think Ryan and I will <i>actually</i> work out?	היי, אממ, אתה חושב שראיין ואני <i>באמת</i> נסתדר יחד?
line:04501155	Hey uh, I just need a cleaning.	היי, אממ, אני רק צריך רחיצה.
line:2a29842a	Hey uh... Not now.	היי, אממ... לא עכשיו.
line:8caa3196	Hey uhm, thanks once again.	היי, אממ, שוב תודה.
line:5c7a9105	Hey!	היי!
line:eed2cc64	Hey!	היי!
line:2f3f5508	Hey! He's just... 'vertically challenged'.	היי! הוא רק... ״מוגבל אנכית״.
line:55bb78d1	Hey! I'm here for a wash.	היי! באתי לרחיצה.
line:33480903	Hey, Alexander!	היי, אלכסנדר!
line:21fcef4f	Hey, Alexander.	היי, אלכסנדר.
line:14598ca6	Hey, big guy!	היי, גדול!
line:e7353d24	Hey, I've got a question for you.	היי, יש לי שאלה אליך.
line:674877e5	Hey, nothin' wrong with asking!	היי, אין רע בלשאול!
line:d2589856	Hey, welcome back!	היי, ברוך שובך!
line:0d3e4054	Hey.	היי.
line:aa0dda7b	Hey.	היי.
line:7f2e2736	Hey... little guy!	היי... קטן!
line:933efa6d	Hi again!	שוב שלום!
line:873a2b9a	Hi again..	שוב שלום..
line:83ac5b68	Hi Conrad.	היי, קונרד.
line:050efd1a	Hi, Ryan!	היי, ראיין!
line:06ed6aea	Hiiiii! Hiii!	שלווום! שלווום!
line:5a632b75	His physical form is currently reconstituting in the staff lounge.	גופו מתהווה מחדש כרגע בחדר הסגל.
line:6bd91ca7	Hm, I think I'll pass on the mount.	הממ, נראה לי שאוותר על המתקן.
line:370d719b	Hm?	הממ?
line:3c3ddd0c	Hm?	הממ?
line:44658d73	Hmm...	הממ...
line:bf059ff3	Hmm...	הממ...
line:730b1ca4	Hmm?	הממ?
line:fc571337	Hmmm, maybe something else?	הממ, אולי משהו אחר?
line:19207e44	Hold on a little longer for me?	תחזיק עוד קצת בשבילי?
line:f2ae89c4	Honestly, I'm surprised how nice this is.	האמת, לא חשבתי שזה יהיה נעים כל כך.
line:a2ff0176	Hope it went well.	מקווה שהיה טוב.
line:b17360a0	Hope that's alright?	מקווה שזה בסדר?
line:ae08853f	Hope you're doing alright!	מקווה שאתה בטוב!
line:e1fa2461	Hopefully! I'll go get the gate.	מקווה שכן! אפתח את השער.
line:99931b37	Hopefully.	בתקווה.
line:d9c91bca	How about you though? have you been seeing anyone?	ומה איתך? אתה יוצא עם מישהו?
line:4ec92454	How about you? Anyone exciting?	ומה איתך? מישהו מעניין?
line:86bde306	How are you with seafood?	מה דעתך על מאכלי ים?
line:7fb611c9	How come you brought this all in?	למה הבאת את כל זה?
line:af0d0972	How come you're covered in ink?	איך התכסית בדיו?
line:e385b7f3	How did it go?	איך היה?
line:c0161bbc	How did it taste?	מה היה הטעם?
line:262b262e	how do I get in?	איך אני נכנס?
line:676b0638	how do I get in?	איך אני נכנס?
line:8308bb09	How do I look?	איך אני נראה?
line:4f172746	How do you even digest that?	איך אתה בכלל מעכל את זה?
line:28d390ac	How so?	באיזה מובן?
line:4ef9fe65	How so?	באיזה מובן?
line:ea66b5af	How so?	באיזה מובן?
line:4b29790b	How was the sex.	איך היה הסקס?
line:7736270c	How was your date with Conrad?	איך היה הדייט עם קונרד?
line:18d418ab	However, it's ornamental! My family crest. You see...	אבל זה קישוט! סמל המשפחה שלי. ובכן...
line:1f250062	However, My <i>image</i> is far more permanent than Igwyx's fleeting physical forms.	אבל <i>התדמית</i> שלי קבועה הרבה יותר מצורותיו הגופניות החולפות של איגוויקס.
line:ae34381b	However, that respect comes with an expectation to act as I look. It's incredibly stressful.	אבל הכבוד הזה בא עם ציפייה שאתנהג בהתאם למראה שלי. זה מלחיץ מאוד.
line:d2baf9e2	However...	אולם...
line:fb8401c3	Huff...	הוף...
line:b54ee04d	huff... Thank you for that.	הוף... תודה על כך.
line:16420ca7	Huff... Thanks for that.	הוף... תודה על זה.
line:45507089	Huff... That was nice... Made a bit of a mess though.	הוף... זה היה נעים... אבל עשיתי קצת בלגן.
line:ae83cfb6	huh...?	מה...?
line:0c78b56b	Huh?	מה?
line:e96114a2	Huh? ofcourse not!	מה? ברור שלא!
line:836c079c	I <i>think </i> I must've spilled an inkwell <i>on the way here</i>. Rather clumsy of me!	אני <i>חושב </i>ששפכתי קסת דיו <i>בדרך לכאן</i>. מגושם מאוד מצדי!
line:d37175c7	I act tough but am a small dragon...	אני משחק אותה קשוח, אבל אני דרקון קטן...
line:b4e27683	I agree	מסכים.
line:68ebf07b	I allowed him, as my stature provides ample height.	הרשיתי לו, שכן קומתי מספקת גובה רב.
line:a051821a	I already feel a lot better.	אני כבר מרגיש הרבה יותר טוב.
line:49bfbfbe	I already have spot at the club reserved.	כבר שמרתי מקום במועדון.
line:14ff4edd	I always do~	אני תמיד נותן את כולי~
line:b05c6259	I always look forward to seeing you. I'll go get the gate.	אני תמיד מחכה לראות אותך. אפתח את השער.
line:52bf5ede	I am THE kobold. Yip!	אני הקובולד. ייפ!
line:141c006f	I am too.	גם אני.
line:363f6f6a	I am too.	גם אני.
line:405b9622	I am too.	גם אני.
line:d4c5faea	I am too.	גם אני.
line:556897bf	I am! Even better now that you're here.	כן! ועכשיו כשאתה כאן, אפילו יותר.
line:e499b2cc	I am.	אני כן.
line:5ec8bb55	I believe that's in part because of you.	אני חושב שזה בחלקו בזכותך.
line:9883786d	I booked the night.	הזמנתי את כל הלילה.
line:eae85bf9	I broke up with my partner...	נפרדתי מבת הזוג שלי...
line:ffcfee20	I brought watermelon, bread, grapes, and some other stuff.	הבאתי אבטיח, לחם, ענבים ועוד כמה דברים.
line:e8aa18f4	I can digest pretty much anything.	אני יכול לעכל כמעט כל דבר.
line:7f543c2a	I can let loose whenever you are ready	אני יכול לשחרר הכול כשתהיה מוכן.
line:c83a6a0d	I can't believe Igwix would make a mistake like this!	אני לא מאמין שאיגוויקס יעשה טעות כזאת!
line:e051a79e	I consider you a good friend too	גם אני רואה בך חבר טוב.
line:f382336f	I could get us the <i>nicest</i> spots for their show.	אני יכול להשיג לנו את המקומות <i>הכי טובים</i> להופעה.
line:2602b8c6	I could use a wash.	רחיצה תעזור לי.
line:c66153d3	I couldn't help but notice the... device over there.	לא יכולתי שלא להבחין ב... מכשיר שם.
line:b71f0756	I decided to try baking.	החלטתי לנסות לאפות.
line:e62b989c	I decided to try baking.	החלטתי לנסות לאפות.
line:efea7148	I decided to try baking.	החלטתי לנסות לאפות.
line:98f800d3	I didn't know anyone could like me that much so easily.	לא ידעתי שאוכל למצוא חן בעיני מישהו כל כך בקלות ובמידה כזאת.
line:4116f001	I didn't know what the button did.	לא ידעתי מה הכפתור עושה.
line:7a5c7f54	I didn't mean to fluster you!	לא התכוונתי להביך אותך!
line:55542a9b	I do enjoy the color. Though I believe its unrelated to my own hue.	אני אוהב את הצבע, אם כי לדעתי אין לכך קשר לגוון שלי.
line:f9c800f2	I do!	בהחלט!
line:ad9c1ada	I do. But, what happened?	יש. אבל מה קרה?
line:a45ccf3a	I don't believe I can hold back any longer	איני חושב שאוכל להתאפק יותר.
line:8c6e1cd3	I don't get it! Why do I have to act this way?	אני לא מבין! למה אני חייב להתנהג ככה?
line:cc4e48a3	I don't know where they went but I feel dirty again.	אני לא יודע לאן הוא נעלם, אבל אני שוב מרגיש מלוכלך.
line:71127249	I don't mean to be rude, but I must decline	איני רוצה להיות גס רוח, אבל עליי לסרב.
line:f5696cc4	I don't need to tell you.	אני לא חייב לספר לך.
line:878fc94c	I don't understand..	אני לא מבין..
line:4f3d31f8	I don't want your pitty!	אני לא רוצה את הרחמים שלך!
line:8fc36ab7	I enjoy being a part of so many individuals lives in a positive way.	אני נהנה להיות חלק חיובי בחייהם של רבים כל כך.
line:14653182	I enjoy parts of it. The respect is pleasant...	יש צדדים שאני נהנה מהם. הכבוד נעים...
line:bd4bb1b9	I enjoy that I do not fear failure around you.	אני אוהב שבחברתך איני חושש להיכשל.
line:c108ed4f	I enjoy when you tell me what to do with a pat of your hand.	אני נהנה כשאתה מורה לי מה לעשות בטפיחה קלה.
line:6db406b4	I enjoyed this quite a lot.	נהניתי מזה מאוד.
line:e838533b	I feel as I could say anything to you.	אני מרגיש שאוכל לומר לך כל דבר.
line:9b9567ec	I feel much better.	אני מרגיש הרבה יותר טוב.
line:ed6be68f	I feel spotless as always.	אני מרגיש מצוחצח כתמיד.
line:938be2fb	I forget the ignorance of a layman. I apologize.	אני שוכח את חוסר הידע של מי שאינו בתחום. מתנצל.
line:63837f22	I forgot to bite into it so... Nothing?	שכחתי לנגוס בו, אז... בלי טעם?
line:fe3484ea	I get how you'd feel that way after a breakup, yeah.	כן, אני מבין שתרגיש ככה אחרי פרידה.
line:adf1550f	I give my other bipedal friends rides all the time.	אני נותן לחבריי האחרים שהולכים על שתיים טרמפ כל הזמן.
line:9a68366f	I got a mount.	השגתי מתקן.
line:78a54cae	I got back home a bit dirty. And she yelled at me.	חזרתי קצת מלוכלך, והיא צעקה עליי.
line:22a9094a	I guess so!	כנראה שכן!
line:28d6c0aa	I hate that I'm always getting into situations like this.	אני שונא שאני תמיד מסתבך במצבים כאלה.
line:366a7f73	I have a question.	יש לי שאלה.
line:82b63c18	I have something to say!	יש לי משהו לומר!
line:fd68807c	I have to say, you did as good a job as private washers.	עלי לומר שעשית עבודה טובה לא פחות מרוחצים פרטיים.
line:761f413a	I heard a loud bang	שמעתי פיצוץ חזק.
line:9d7cc63c	I heard a loud bang, I don't think Igwix made it.	שמעתי פיצוץ חזק. איני חושב שאיגוויקס שרד.
line:7ede5030	I heard there was kobolds down here that could wash me up?	שמעתי שיש כאן קובולדים שיכולים לרחוץ אותי?
line:efb2d4af	I heard there were kobolds down here that could wash me up?	שמעתי שיש כאן קובולדים שיכולים לרחוץ אותי?
line:2f9b499a	I honestly don't know how you are doing that.	האמת, אין לי מושג איך אתה עושה את זה.
line:6f5dbc90	I hope he's okay too.	גם אני מקווה שהוא בסדר.
line:cd0197ed	I hope I can learn from that.	אני מקווה שאוכל ללמוד מזה.
line:cf50dbcc	I hope it all works out.	אני מקווה שהכול יצליח.
line:b2dfad3e	I hope so.	אני מקווה.
line:0477b0d7	I hope so. I really want a fresh start with someone.	הלוואי. אני באמת רוצה להתחיל מחדש עם מישהו.
line:7429dab7	I hope that you'll help me prove them wrong!	אני מקווה שתעזור לי להוכיח שזה לא נכון!
line:be5feb3e	I hope things get better.	אני מקווה שהדברים ישתפרו.
line:114ac9a0	I hope you're right.	אני מקווה שאתה צודק.
line:06744c7e	I just don't like that she takes it out on me.	אני פשוט לא אוהב שהיא מוציאה את זה עליי.
line:1fb02179	I just don't like that she takes it out on me.	אני פשוט לא אוהב שהיא מוציאה את זה עליי.
line:c8a1e7d0	I Just need a quick wash... Maybe the mount would be nice too.	אני רק צריך רחיצה מהירה... אולי גם המתקן יהיה נחמד.
line:95ff1bed	I just wish for you to ask me a question. Any question.	אני פשוט רוצה שתשאל אותי שאלה. כל שאלה.
line:f716a163	I knew you were too busy, so I figured I'd bring the date to you!	ידעתי שאתה עסוק מדי, אז החלטתי להביא את הדייט אליך!
line:2461773d	I knew you'd have my back	ידעתי שתתמוך בי.
line:6a671440	I know a decent equine-kin place by the pier.	אני מכיר מסעדה טובה של בני הסוס ליד המזח.
line:50102b85	I know he can be a bit hot headed and forget to thank folks.	אני יודע שהוא לפעמים חם מזג ושוכח להודות.
line:83c55e2e	I know things can be tough.	אני יודע שלפעמים קשה.
line:2ffb026d	I know you need to close down shop. I'll make sure you get the address and we can meet up there, yeah?	אני יודע שאתה צריך לסגור את המקום. אתן לך את הכתובת וניפגש שם, טוב?
line:ded99a0c	I know, I'll reserve your spot!	אני יודע, אשמור לך מקום!
line:59e503b2	I know. But the ability to open up to someone, even occasionally-	אני יודע. אבל היכולת להיפתח למישהו, ולו מדי פעם...
line:d30ffec9	I know. I know I shouldn't be dumping this on you.	אני יודע. לא הייתי צריך להפיל את כל זה עליך.
line:875048ca	I know. I know.	אני יודע. אני יודע.
line:7b59e4d6	I like how sure of yourself you are. Even if it just has to do with washing.	אני אוהב את הביטחון שלך. גם אם הוא נוגע רק לרחיצה.
line:46061aae	I like it! I think you'd enjoy it too.	אני אוהב אותה! נראה לי שגם אתה תהנה.
line:f4ad8ea6	I like taking care of you.	אני אוהב לטפל בך.
line:8ffedb47	I like the mount you chose. Mind grabbing it?	אני אוהב את המתקן שבחרת. תוכל להביא אותו?
line:5c86951f	I like you a lot.	אני מאוד מחבב אותך.
line:a91980fc	I like you for who you are.	אני אוהב אותך כמו שאתה.
line:bdca3e1b	I like... him.	אני אוהב... אותו.
line:2b65bf83	I love bubbles, they tickle!	אני אוהב בועות, הן מדגדגות!
line:f8a4f404	I mean it. Really.	אני מתכוון לזה. באמת.
line:ae719afc	I need to be better. I <i>want </i>to be better.	אני צריך להשתפר. אני <i>רוצה </i>להשתפר.
line:a0373456	I need to be spotless. Seems that's what you're for. <size=70%> Ha.	אני צריך להיות מצוחצח. נראה שבשביל זה אתה כאן. <size=70%>הא.
line:3da2dd1d	I never expected myself to confide such embarrassing things in someone.	מעולם לא חשבתי שאחלוק דברים מביכים כל כך עם מישהו.
line:0c986dec	I never expected you to be the type to be so messy!	לא חשבתי שאתה טיפוס שמתלכלך כל כך!
line:95db900b	I never miss a spot.	אני אף פעם לא מפספס כתם.
line:d620d41a	I never thought someone like him would be my type...	לא חשבתי שמישהו כמוהו יהיה הטיפוס שלי...
line:67592de1	I probably need to head out though.	אבל אני כנראה צריך לצאת.
line:e41c6dc5	I really do hope it all works out!	אני באמת מקווה שזה יצליח!
line:a722aada	I really think it was this time...	הפעם אני באמת חושב שזאת אשמתי...
line:e80e5edd	I see what you're doing, thank you.	אני מבין מה אתה עושה. תודה.
line:cc6ec337	I see..	אני מבין..
line:d57520b1	I seem to have gotten myself covered in ink!	נראה שהתכסיתי בדיו!
line:3b161cf3	I still need more!	אני עדיין צריך עוד!
line:47dc71f3	I suppose I understand disliking the mess it may cause.	אני מניח שאני מבין את הסלידה מהלכלוך שהוא יוצר.
line:234ccfda	I suppose it depends on the circumstances.	אני מניח שזה תלוי בנסיבות.
line:910706c0	I think a movie could be fun!	נראה לי שסרט יהיה כיף!
line:99bbb171	I think he was in a bad environment. He's doing better now.	נראה לי שהוא היה בסביבה לא טובה. עכשיו טוב לו יותר.
line:9247b7a0	I think he'd like the new you!	נראה לי שהוא יאהב את הגרסה החדשה שלך!
line:f4982dcd	I think he's got a crush on me.	נראה לי שהוא דלוק עליי.
line:fc6fdd10	I think I can still feel some explosion grime on me...	נראה לי שעדיין נשאר עליי קצת לכלוך מהפיצוץ...
line:4efc873f	I think I like being taken care of?	נדמה לי שאני אוהב שמטפלים בי?
line:f5d36d9a	I think I might be close..	נראה לי שאני מתקרב..
line:52fc4e08	I think I'd like that!	נראה לי שאשמח לזה!
line:5c78099a	I think I'd like to meet him!	נראה לי שאשמח לפגוש אותו!
line:14e0edf6	I think I'd like to try!	נראה לי שאשמח לנסות!
line:164df75a	I think I'd like to use it?	נדמה לי שהייתי רוצה להשתמש בו?
line:4f6168aa	I think I'd like to use it?	נדמה לי שהייתי רוצה להשתמש בו?
line:ab314624	I think I'd like to?	נדמה לי שהייתי רוצה?
line:170c6aa3	I think I'd like you to be that someone aswell.	נראה לי שגם אני הייתי רוצה שתהיה אותו מישהו.
line:8f46bb17	I think I've got it!	נראה לי שהבנתי!
line:a5e128e0	I think she's upset about something else...	אני חושב שהיא כועסת בגלל משהו אחר...
line:bc2545e7	I think she's upset about something else...	אני חושב שהיא כועסת בגלל משהו אחר...
line:335c5156	I think so!	נראה לי שכן!
line:3292625e	I think that would make a decent place! They put on good shows every night.	נראה לי שהוא יתאים! יש שם מופעים טובים בכל ערב.
line:eaafe671	I think you got every spot!	נראה לי שלא פספסת אף כתם!
line:1760e5d5	I think you got every spot.	נראה לי שלא פספסת אף כתם.
line:341175f7	I think you got every spot.	נראה לי שלא פספסת אף כתם.
line:770e7473	I think you got every spot.	נראה לי שלא פספסת אף כתם.
line:f4a8f7fc	I think you helped him a lot more than you realize.	נראה לי שעזרת לו הרבה יותר ממה שאתה מבין.
line:f28fd15d	I think you missed a few spots still...	נראה לי שעדיין פספסת כמה כתמים...
line:77509e74	I think you're cool too. Self improvement is hard.	גם אתה מגניב. קשה להשתפר.
line:763c6a82	I think you're good looking.	אני חושב שאתה נאה.
line:69e7dbb3	I think you're pretty cool, Conrad.	אני חושב שאתה די מגניב, קונרד.
line:9c393f61	I think you're special too.	גם בעיניי אתה מיוחד.
line:7d5ae3b4	I usually make do with a hose down at home...	בדרך כלל אני מסתפק בשטיפה עם צינור בבית...
line:c4fc9b28	I wanna talk face to face!	אני רוצה לדבר פנים אל פנים!
line:548dc375	I want to be more open. It feels good.	אני רוצה להיפתח יותר. זה נעים.
line:e02f464d	I was helping the alchemist reach a high shelf	עזרתי לאלכימאי להגיע למדף גבוה.
line:fa97376e	I was helping the alchemist reach a high shelf	עזרתי לאלכימאי להגיע למדף גבוה.
line:bb015b1b	I was romping around the forest	השתוללתי ביער.
line:78e2cb13	I was thinking about what you said,	חשבתי על מה שאמרת,
line:b8282714	I was thinking.	חשבתי לעצמי.
line:ca616238	I was thinking. We could go out some time next week?	חשבתי, אולי נצא מתישהו בשבוע הבא?
line:a13d76ec	I was thinking...	חשבתי לעצמי...
line:c1a4edf0	I wasn't making her happy either.	וגם היא לא הייתה מאושרת איתי.
line:a4214fe6	I went out of my way for a discrete washing, I was sure I wasn't followed.	טרחתי במיוחד למצוא רחיצה דיסקרטית. הייתי בטוח שלא עקבו אחריי.
line:db5cd152	I went out with some friends.	יצאתי עם כמה חברים.
line:b6b9dc33	I will pay double. Triple- This is a job only you can do!	אשלם כפול. פי שלושה! רק אתה יכול לעשות זאת!
line:0c31345e	I will, thanks.	אחזור, תודה.
line:fa41daf4	I will. I just need a quick wash, and wouldn't mind using the mount today.	אספר. אני רק צריך רחיצה מהירה, ואשמח להשתמש במתקן היום.
line:399457b7	I wish it was easy as it is in movies.	הלוואי שזה היה קל כמו בסרטים.
line:2185f08c	I won't.	לא אספר.
line:45950848	I would like that!	זה ישמח אותי!
line:099ec7fd	I would love to.	אשמח מאוד.
line:e6006cd6	I wouldn't mind!	אשמח!
line:81905be1	I'd like to go out to eat.	ארצה לצאת לאכול.
line:75b152eb	I'd love to talk more, truly, but class is soon.	באמת אשמח להמשיך לשוחח, אבל השיעור מתחיל בקרוב.
line:2fe8a558	I'd love to!	אשמח מאוד!
line:87ba56cc	I'll be back again, yeah?	אני אחזור, טוב?
line:ca035ef2	I'll be back again. It's nice having you as a friend.	אחזור שוב. נעים שיש לי חבר כמוך.
line:0fcd9c26	I'll be back soon, yeah? Thanks for the wash.	אחזור בקרוב, בסדר? תודה על הרחיצה.
line:d9f422eb	I'll be waiting at the bar for you tonight!	אחכה לך בבר הערב!
line:69dff2ec	I'll be waiting for the gate!	אחכה שתפתח את השער!
line:ae4d09f6	I'll be waiting for the gate!	אחכה שתפתח את השער!
line:ab616aac	I'll definitely keep this place in mind.	אני בהחלט אזכור את המקום הזה.
line:b122441b	I'll get one ordered I promise!	אני מבטיח להזמין אחד!
line:1642b6f1	I'll get out of your scales now. Thank you for the wash.	אניח לך כעת. תודה על הרחיצה.
line:707d2693	I'll get out of your scales...	אני אניח לך עכשיו...
line:ca480eed	I'll get you two in contact then.	אז אקשר ביניכם.
line:59416000	I'll go get the gate for ya'	אפתח לך את השער.
line:6aa7ad03	I'll go get the gate for ya'	אפתח לך את השער.
line:2a6d7e7d	I'll go get the gate for you.	אלך לפתוח לך את השער.
line:8107858d	I'll go get the gate for you.	אלך לפתוח עבורך את השער.
line:d1755010	I'll go get the gate for you.	אלך לפתוח לך את השער.
line:4d692a01	I'll go get the gate.	אלך לפתוח את השער.
line:a75bb519	I'll go get the gate.	אלך לפתוח את השער.
line:8689a124	I'll happily get that for you.	אשמח להביא לך אותו.
line:48e99d7b	I'll have to close up shop first-	אני צריך קודם לסגור את המקום...
line:f2b894e2	I'll have to reserve your spot while you close up.	אשמור לך מקום בזמן שתסגור.
line:6c5e2459	I'll keep that in mind. I'm used to things being transactional.	אזכור זאת. אני רגיל לכך שכל דבר הוא עסקת חליפין.
line:956a0f47	I'll make sure to ask him next time I see him.	אשאל אותו בפעם הבאה שאראה אותו.
line:e64d21e4	I'll make sure to come back.	אני בהחלט אחזור.
line:7c9fe106	I'll make sure to get out of your scales.	אני אניח לך עכשיו.
line:87006442	I'll make sure to tell others about this place	אני אספר לאחרים על המקום הזה.
line:1db78e06	I'll make sure to tell you how it goes, yeah?	אני אספר לך איך הולך, טוב?
line:49b6a167	I'll make sure you're <i>spotless.	אדאג שתהיה <i>מצוחצח.
line:96981b61	I'll manage.	אני אסתדר.
line:9aa97614	I'll need this to be swift, students won't teach themselves.	אצטרך שזה יהיה מהיר. הסטודנטים לא ילמדו את עצמם.
line:9ef857c8	I'll need to resurrect Igwix, oh how embarrassing!	אצטרך להחיות את איגוויקס. כמה מביך!
line:90a9a98e	I'll see you next time I come in, yeah?	נתראה בביקור הבא, טוב?
line:d0f6a49a	I'll see you next time I come in, yeah?	נתראה בביקור הבא, טוב?
line:160bf40f	I'll start prepping for it.	אתחיל להתארגן לזה.
line:8af64cb8	I'll take care of this, don't you worry.	אטפל בזה, אל תדאג.
line:e20c6391	I'll tell you in a bit. Could you just get the gate for now?	אספר עוד מעט. תוכל בינתיים פשוט לפתוח את השער?
line:04c62f9b	I'm <i>spotless</i>.	אני <i>מצוחצח</i>.
line:629f8cff	I'm a bit of a big deal around there.	אני קצת שם דבר שם.
line:d9272031	I'm a dragon.	אני דרקון.
line:675e7284	I'm a rule breaker!	אני שובר את הכללים!
line:afcd5586	I'm a... kobold.	אני... קובולד.
line:5d41b5d6	I'm all dirty still!	אני עדיין מלוכלך לגמרי!
line:2f6eb3c3	I'm all soapy still!	אני עדיין מלא סבון!
line:18707b19	I'm always happy to give you a wash!	אני תמיד שמח לרחוץ אותך!
line:3b01eb3b	I'm always happy to give you a wash!	אני תמיד שמח לרחוץ אותך!
line:d82b1a7d	I'm always happy to help. <i><size=70%> especially a big dragon.	אני תמיד שמח לעזור. <i><size=70%>במיוחד לדרקון גדול.
line:46c6a3ed	I'm always happy to see you Ryan.	אני תמיד שמח לראות אותך, ראיין.
line:75206eee	I'm always happy to see you Ryan.	אני תמיד שמח לראות אותך, ראיין.
line:fa6e232e	I'm always happy to see you. I'll go get the gate for you.	אני תמיד שמח לראות אותך. אלך לפתוח לך.
line:07e5fc05	I'm amazed!	אני נדהם!
line:4586d55d	I'm an asshole. I know I am.	אני חרא. אני יודע.
line:a6d46685	I'm certain he also finds you pleasant!	אני בטוח שגם הוא מחבב אותך!
line:ef399e26	I'm doing good!	אני בטוב!
line:a6c1f2f4	I'm excited for you!	אני מתרגש בשבילך!
line:94fbdbf0	I'm excited for you. I'll get the gate!	אני שמח בשבילך. אפתח את השער!
line:f83e4966	I'm excited to hear about it!	אני כבר רוצה לשמוע!
line:bd55b8f4	I'm excited to see them washing down the drain though.	אבל אני גם מחכה לראות אותן יורדות בפתח הניקוז.
line:24832f01	I'm excited.	אני מתרגש.
line:69f406a6	I'm excited.	אני מתרגש.
line:a00f681d	I'm excited.	אני מתרגש.
line:a0479425	I'm excited.	אני מתרגש.
line:b5d7d26f	I'm excited.	אני מתרגש.
line:d66b9155	I'm excited.	אני מתרגש.
line:4e1b1d0a	I'm glad you derive enjoyment from this as well.	אני שמח שגם אתה מפיק מכך הנאה.
line:5db47405	I'm glad you enjoy him. I'm certain he finds you pleasant.	אני שמח שאתה נהנה מחברתו. אני בטוח שגם הוא מחבב אותך.
line:c56ee060	I'm glad you enjoy my crest.	אני שמח שאתה אוהב את הסמל שלי.
line:f44a1493	I'm glad you trust me.	אני שמח שאתה סומך עליי.
line:3a2ed5ef	I'm glad you two are working out though.	בכל מקרה, אני שמח שהולך לכם טוב.
line:c0972e81	I'm glad you two are working out.	אני שמח שהולך לכם טוב.
line:34ba77b1	I'm glad you were able to make the choice that was best for you.	אני שמח שהצלחת לבחור במה שהכי טוב בשבילך.
line:d5a90e1c	I'm glad!	אני שמח!
line:286fec49	I'm glad.	אני שמח.
line:42f5fd9d	I'm glad.	אני שמח.
line:99b6dc81	I'm glad.	אני שמח.
line:570d4953	I'm happy for you!	אני שמח בשבילכם!
line:ac6d5bd3	I'm happy for you!	אני שמח בשבילכם!
line:ed5c40ca	I'm happy for you!	אני שמח בשבילכם!
line:79099951	I'm happy to be here too.	גם אני שמח להיות כאן.
line:99fd9b51	I'm happy to give you a place you can relax.	אני שמח לתת לך מקום שבו תוכל להירגע.
line:5d36d5c8	I'm happy to have met you.	אני שמח שהכרתי אותך.
line:ce21622a	I'm happy to hear that.	אני שמח לשמוע.
line:69963a6c	I'm happy you feel comfy here.	אני שמח שנוח לך כאן.
line:38388248	I'm here for a wash.	באתי לרחיצה.
line:a6974256	I'm here if you need someone to talk to.	אני כאן אם אתה צריך לדבר עם מישהו.
line:6690512d	I'm impressed.	אני מתרשם.
line:2e424b13	I'm in need of another wash.	אני צריך עוד רחיצה.
line:ef91a572	I'm Jealous!	אני מקנא!
line:a79b8639	I'm just happy I don't feel judged here.	אני פשוט שמח שאני לא מרגיש ששופטים אותי כאן.
line:8076eb95	I'm just here for a wash though.	אבל אני כאן רק לרחיצה.
line:c2caa0b7	I'm just here to bring you food!	באתי רק להביא לך אוכל!
line:ec6c7823	I'm just... Happy.	אני פשוט... מאושר.
line:ed4b0d48	I'm kind of excited.	אני קצת מתרגש.
line:266c652e	I'm looking forward to seeing you again	אני מחכה לראות אותך שוב.
line:e91e2041	I'm not <i>that</i> little-	אני לא <i>עד כדי כך</i> קטן...
line:cf05a364	I'm not certain why I suddenly understand your 'Yips'	איני יודע מדוע אני מבין פתאום את ה״ייפים״ שלך.
line:dcc4774b	I'm not too sure. It was on sale at WingCo.	אני לא ממש בטוח. היא הייתה במבצע ב־WingCo.
line:5b31909a	I'm only doing what I think is right.	אני רק עושה את מה שנראה לי נכון.
line:7fe349d7	I'm profoundly embarrassed by this whole ordeal.	אני נבוך עמוקות מכל הפרשה הזאת.
line:cfaffc52	I'm pumped.	אני נלהב.
line:c0a140f8	I'm really fond of letting folks ride on my back.	אני ממש אוהב לתת לאנשים לרכוב לי על הגב.
line:1a5e6184	I'm really looking forward to this.	אני ממש מחכה לזה.
line:8b43a434	I'm really sorry you got hurt. Who did this?	ממש מצטער שנפגעת. מי עשה את זה?
line:69ffe957	I'm so excited about this date!	אני כל כך מתרגש מהדייט הזה!
line:e6290003	I'm so excited. I'll get you two in contact!	אני כל כך מתרגש. אקשר ביניכם!
line:e8611ad0	I'm sorry for dumping that all on you earlier.	סליחה שהפלתי עליך את כל זה קודם.
line:e613b1c3	I'm sorry I snapped at you earlier.	סליחה שהתפרצתי עליך קודם.
line:de208e68	I'm sorry you got hurt...	מצטער שפגעו בך...
line:4843bb47	I'm still very muddy, if you could soap me up that'd be great.	אני עדיין מלא בוץ. יהיה מצוין אם תסבן אותי.
line:51d4e418	I'm such an idiot.	אני כזה אידיוט.
line:32114891	I'm sure nobody will know...	אני בטוח שאף אחד לא יידע...
line:17a05c96	I'm sure we'll figure something out! just meet me at the pier!	בטוח שנחשוב על משהו! תפגוש אותי במזח!
line:8136ef1a	I'm surprised how nice it is.	מפתיע כמה שזה נעים.
line:722c6ab2	I'm thinking a date soon.	אני חושב על דייט בקרוב.
line:3471e9b1	I'm trying my best.	אני עושה כמיטב יכולתי.
line:01492e5e	I'm trying not to be pushy.	אני מנסה לא ללחוץ.
line:4d6cd625	I'm trying to get away from the house for a bit.	אני מנסה לצאת קצת מהבית.
line:c1ef777a	I'm unsure why speaking with you is so easy.	איני יודע מדוע קל כל כך לדבר איתך.
line:822c0718	I'm very excited.	אני ממש מתרגש.
line:ddab3d34	I'm very satisfied with these results..	אני מרוצה מאוד מהתוצאות..
line:03eb977c	I'm well aware. A deep clean has a distinct feel!	אני יודע היטב. לניקוי יסודי יש תחושה מיוחדת!
line:f9193c0d	I'm willing to do it. But I'd like something new.	אני מוכן לנסות. אבל הייתי רוצה משהו חדש.
line:63981253	I'm... Happy.	אני... מאושר.
line:f80bd44b	I'm... not certain I'd like to use this today.	אני... לא בטוח שארצה להשתמש בזה היום.
line:d422462e	I'm... not sure I can answer that for you.	אני... לא בטוח שאוכל לענות על זה בשבילך.
line:8f107933	I'm... Rather close now	אני... די קרוב עכשיו.
line:24c52c54	I'm... wondering...	אני... תוהה...
line:6bbd7f1d	I've always hated the rain.	תמיד שנאתי גשם.
line:b4353808	I've always loved giving my biped friends rides...	תמיד אהבתי לתת לחבריי ההולכים על שתיים טרמפ...
line:9541fceb	I've been considering asking you this for a while now.	אני שוקל לשאול אותך כבר זמן מה.
line:505154a4	I've been thinking...	חשבתי לעצמי...
line:58b4f5fb	I've been told it's polite to talk to smaller folk face to face.	אמרו לי שמנומס לדבר פנים אל פנים עם מי שקטן ממך.
line:2c560e29	I've been trying to get into the social sciences aswell.	אני מנסה להיכנס גם לתחום מדעי החברה.
line:b4a29141	I've got a guy who can drop a gift by tomorrow that would spruce things up.	אני מכיר מישהו שיוכל להביא מתנה מחר, שתשפר את האווירה.
line:212f0021	I've had a lot of free time lately.	יש לי הרבה זמן פנוי לאחרונה.
line:701b9feb	I've had a lot of free time lately.	יש לי הרבה זמן פנוי לאחרונה.
line:79da763f	I've had a lot of free time lately.	יש לי הרבה זמן פנוי לאחרונה.
line:3c4443fd	I've seen bigger	ראיתי גדולים יותר.
line:d7a90078	I...	אני...
line:393d0e05	I... hm.	אני... הממ.
line:0da5609b	I... Know this is unprompted.	אני... יודע שזה בא משום מקום.
line:5cfb94b9	If a relationship is <i>so</i> bumpy and you know its going to end.	אם הקשר <i>כל כך</i> קשה ואתה יודע שהוא עומד להיגמר.
line:b2f52b23	If I could uhm...	אם אוכל, אממ...
line:b4990e3d	If I'm honest. I've had a crush on you for a bit.	האמת היא שאני דלוק עליך כבר זמן מה.
line:7c13c28e	If only.	אילו רק.
line:a56c5621	If someone like Ryan is interested, you're doing great.	אם מישהו כמו ראיין מעוניין, אתה עושה עבודה מצוינת.
line:52f28749	If we're caught violating another policy my reputation would be in ruins!	אם יתפסו אותנו מפרים עוד נוהל, המוניטין שלי ייהרס!
line:83f511d2	If ya' place the mount for me I'll have at it.	אם תעמיד לי את המתקן, אני אגש לעניין.
line:7ead92b1	If you could come up front so I could talk.	אם תוכל לבוא קדימה כדי שאוכל לדבר.
line:e78656aa	If you could come up to where I can see you.	תוכל לבוא למקום שבו אוכל לראות אותך?
line:9a013329	If you wanna talk about it more, I've got a minute.	אם תרצה לדבר עוד, יש לי רגע.
line:3d014153	If you want to use it that's fine!	אם אתה רוצה להשתמש בו, זה בסדר!
line:a9eb9a76	if you're seeing this please grab nael or submit a bug report	אם אתה רואה את זה, הודע לנאל או שלח דיווח על באג.
line:b9ab4eed	Im not complaining though.	אבל אני לא מתלונן.
line:27340362	In a bad way?	במובן הרע?
line:2019bb85	In a good way?	במובן הטוב?
line:91d5fb72	Incredible!	לא ייאמן!
line:61c8781b	Indeed! You're the only kobold I wish to wash me now.	אכן! כעת אתה הקובולד היחיד שאני רוצה שירחץ אותי.
line:a5979ac9	Indeed, you must know of my crest! I teach alchemy.	אכן, ודאי זיהית את הסמל שלי! אני מלמד אלכימיה.
line:dd9d30d2	Indeed. I'm glad you were able to help.	אכן. אני שמח שהצלחת לעזור.
line:fd5ddfcb	Indeed. You're an excellent person to be around.	אכן. נעים מאוד להיות בחברתך.
line:78c9b5cc	Is everything okay?	הכול בסדר?
line:bea8f1f7	Is something on your mind?	משהו מטריד אותך?
line:6b6dd8bc	Is that a good thing...?	זה דבר טוב...?
line:848727f2	Is that a threat...?	זה איום...?
line:db302830	Is that why you came in the first time?	בגלל זה באת בפעם הראשונה?
line:00e41343	Is this good?	זה טוב?
line:7982d3d8	Is this the right place?	הגעתי למקום הנכון?
line:c48f59a9	Is this the right place?	הגעתי למקום הנכון?
line:b05f6eea	Isn't that... Wood?	זה לא... עץ?
line:bf137cb4	It arrived this morning, it should be near the gate.	הוא הגיע הבוקר. הוא אמור להיות ליד השער.
line:5080b6dd	It depends! Dragon thing.	זה תלוי! עניין של דרקונים.
line:34cf0601	It did! Thanks for asking.	היה! תודה ששאלת.
line:900dca3c	It does wonders.	עושה פלאים.
line:cfd504c5	It does wonders.	עושה פלאים.
line:ac13bf68	It is indeed rather cool.	אכן, זה די מגניב.
line:ea445b46	It is rather novel isn't it?	זה די חדש, לא?
line:56d34a41	It is? Good to know...	באמת? טוב לדעת...
line:b058318f	It means you're doing a good job in kobold.	בקובולדית זה אומר שאתה עושה עבודה טובה.
line:13c906c7	It really has been. You're wonderful.	באמת היה. אתה נפלא.
line:b032bfb1	It turns out baking is messy!	מסתבר שאפייה מלכלכת!
line:da4f12a1	It turns out baking is messy!	מסתבר שאפייה מלכלכת!
line:e106207b	It turns out baking is messy!	מסתבר שאפייה מלכלכת!
line:e0c8c57b	It was good. We had sex.	טוב. עשינו סקס.
line:681117ec	It was great. Conrad is wild. Good wild.	מצוין. קונרד פראי. במובן הטוב.
line:28eee9f5	It went great!	היה מצוין!
line:92bfe06c	It went great!	היה מצוין!
line:a5d2b991	It went well.	היה טוב.
line:1ab5969b	It would be a... date. As most would say.	זה יהיה... דייט. כפי שנהוג לומר.
line:8440a3f4	It's a regrettable state I find myself in...	זהו מצב מצער שאני שרוי בו...
line:1706e86d	It's also new to me...	זה חדש גם לי...
line:c1b8e62b	It's always good when a kobold knows what they like.	תמיד טוב שקובולד יודע מה הוא אוהב.
line:deffce5c	It's crazy how much your neck can handle.	מטורף כמה הצוואר שלך מסוגל להכיל.
line:2e182063	It's difficult to find folks that are outside of my current bubble.	קשה להכיר אנשים מחוץ למעגל שלי.
line:48cfc92b	It's endearing!	זה מקסים!
line:5b6f00bd	It's fine.	זה בסדר.
line:13dc0f15	It's fine. I close in about an hour.	זה בסדר. אני סוגר בעוד שעה בערך.
line:23ac92c8	It's freeing. I'll be back, yeah?	זה משחרר. אחזור, בסדר?
line:de9fdb93	It's hard to hold back..	קשה להתאפק..
line:9ebea3d0	It's hard to not be nervous after everything...	קשה לא להיות לחוץ אחרי הכול...
line:ec8243d8	It's interesting; you bipeds tend to savor your meals.	זה מעניין, אתם ההולכים על שתיים נוטים להתענג על הארוחות שלכם.
line:d50cb509	It's just that something happened to Conrad, I hope he's okay.	פשוט קרה משהו לקונרד. אני מקווה שהוא בסדר.
line:bee6c7dd	It's just that...	זה פשוט ש...
line:3b76093c	It's made for eating things whole.	הוא נועד לבליעת דברים שלמים.
line:19f36dc0	It's my dream.	זה החלום שלי.
line:18db795f	It's never easy to end things.	אף פעם לא קל לסיים קשר.
line:049fb01f	It's nice to have friends to rely on.	טוב שיש חברים שאפשר לסמוך עליהם.
line:ed69e3a1	It's nice to relinquish control, even for a moment.	נעים לוותר על השליטה, ולו לרגע.
line:e9d34ea0	It's no biggie. It sounds like everyone is fine.	זה לא נורא. נשמע שכולם בסדר.
line:7e511da7	It's okay!	זה בסדר!
line:b14d8520	It's okay, you sound like you need it.	זה בסדר, נשמע שאתה צריך את זה.
line:50b95260	It's okay. I needed to. She wasn't making me happy.	זה בסדר. הייתי חייב. לא הייתי מאושר איתה.
line:47455767	It's okay. I'll figure something out.	זה בסדר. כבר אחשוב על משהו.
line:9287c933	It's starting to feel like it's <i>my</i> fault.	אני מתחיל להרגיש שזאת אשמתי <i>שלי</i>.
line:7ab244af	It's the best way to enjoy food.	זאת הדרך הכי טובה ליהנות מאוכל.
line:0b7589ff	It's the mount you asked for.	זה המתקן שביקשת.
line:a5780e74	It's wonderful to be back!	נפלא לחזור!
line:649e8eb3	Its a nice get away from everything out there.	טוב להתנתק קצת מכל מה שקורה בחוץ.
line:d0361dd9	Its like an equine fusion thing...	זאת מין מסעדת פיוז'ן סוסית...
line:df86a610	Jokes aside, your wash is definitely the best.	בלי צחוק, בית הרחצה שלך בהחלט הכי טוב.
line:7fe40d2b	Just a rough day. Hoping this helps!	פשוט היה יום קשה. מקווה שזה יעזור!
line:ce77a00e	Just did!	הרגע!
line:7c93c604	Just doing my job!	אני רק עושה את העבודה שלי!
line:fa0a9fbb	Just having fun.	סתם נהנה.
line:9e9425cd	Just possibly...	ייתכן ש...
line:1d73a343	Just some drake at the bar. Was stupid... Couldn't shut my mouth.	סתם דרקון מהבר. הייתי טיפש... לא הצלחתי לסתום את הפה.
line:ecb9a15d	Just touch me with your hand and I'll try to help.	פשוט תיגע בי ביד ואנסה לעזור.
line:14209365	Just uhm... Don't tell anyone I'm saying all this.	רק, אממ... אל תספר לאף אחד שאני אומר את כל זה.
line:3bac1dad	Just... open the gate.	פשוט... תפתח את השער.
line:4f826403	Keep going a little longer please	תמשיך עוד קצת, בבקשה.
line:087039ba	Keep going.	תמשיך.
line:d8f92323	Kinda! I've been getting out more.	בערך! אני יוצא יותר.
line:b965b4dd	Knock that off, we're not done yet. Right?	תפסיק, עוד לא סיימנו. נכון?
line:d9d276bb	Kobolds always seem enamored by me eating.	קובולדים תמיד נראים מרותקים כשאני אוכל.
line:0274cacd	Kobolds are very flexible. It will fit.	קובולדים גמישים מאוד. זה ייכנס.
line:20cb68b9	lemme in?	תכניס אותי?
line:41d5085a	Let go whenever you are ready.	תשתחרר כשתהיה מוכן.
line:29a77d09	Let me give it a try!	תן לי לנסות!
line:265e14cb	Let me know when you're finished rinsing.	הודע לי כשתסיים לשטוף.
line:0e1fd4b0	Let the <i>big C</i> out of this place!	תוציא מכאן את <i>ק׳ הגדול</i>!
line:f7382398	Let's get going~!	בוא נתחיל~!
line:c50535b3	Let's have it!	תן לי הכול!
line:9accd60e	Lets wash it off for our date tonight then.	אז בוא נשטוף את זה לקראת הדייט הערב.
line:7ce1b833	Like what?	איך?
line:cb91e703	Like, I love those around me, but there's a lot of baggage there.	אני אוהב את האנשים סביבי, אבל יש שם הרבה מטען.
line:aa1c54ab	Like, in general.	בכלל, על הכול.
line:bbe51f87	Like, in general.	בכלל, על הכול.
line:7b7b0a3f	Like, the future of my relationships.	על העתיד שלהם, כלומר.
line:db79a905	Like... a lemon?	כמו... לימון?
line:ffd7dcc4	Like... An asshole? I know I'm miserable to be around.	כמו... חרא של בן אדם? אני יודע שקשה להיות בחברתי.
line:a0a0a49c	Like... sexual stuff?	כאילו... דברים מיניים?
line:9becd177	Look at me! I'll be the laughing stock of my students.	תראה אותי! אהיה לבדיחה בעיני הסטודנטים שלי.
line:9711cf03	Lookin' for a hose down. Wouldn't mind using the mount aswell.	באתי לשטיפה. לא אתנגד גם למתקן.
line:abdb5822	Looking forward to seeing ya'	מחכה לראות אותך שוב.
line:5c335985	Looking forward to seeing you soon.	מחכה לראות אותך שוב בקרוב.
line:1d0abc80	Looking forward to the wash.	אני מצפה לרחיצה.
line:646279a0	Looks like it.	ככה נראה.
line:b6093881	Looks like ya' got a shipment, eh?	נראה שהגיע משלוח, אה?
line:f1fc3e3c	Luckily death via spontaneous combustion is a concept we have thoroughly curtailed in the modern world.	למרבה המזל, בעולם המודרני צמצמנו מאוד את המוות עקב בעירה ספונטנית.
line:d2ba8ba9	Made a bit of a mess... Still worth it.	עשיתי קצת בלגן... עדיין היה שווה.
line:301e8665	Make haste! My reputation is on the line.	הזדרז! המוניטין שלי מונח על הכף.
line:5072cc60	Make sure you're very clean. <size=70%><i>hehe.	תוודא שאתה נקי לגמרי. <size=70%><i>חח.
line:da21cf49	Makes sense! Yeah tiny drakes are fun.	הגיוני! כן, דרקונים קטנים הם כיפיים.
line:22b2643b	Makes sense.	הגיוני.
line:e7f0e9ed	Makes sense.	הגיוני.
line:89c9a73b	Many think it's part of my body.	רבים חושבים שהוא חלק מהגוף שלי.
line:d7bcbe29	Max says I'm a clumsy dragon,	לדברי מקס, אני דרקון מגושם.
line:db986d0d	May you open the gate?	תוכל לפתוח את השער?
line:76a97730	Maybe later...?	אולי אחר כך...?
line:08a422ba	Maybe like...	אולי, כאילו...
line:6f293b7a	Maybe someone new...	אולי מישהו חדש...
line:d2558a04	Maybe someone?	אולי מישהו?
line:67a46ddc	Maybe we can hang out later?	אולי נוכל לבלות יחד אחר כך?
line:5691478f	Maybe we could just... Walk?	אולי נוכל פשוט... לטייל?
line:7734bf93	Me too, thanks!	גם אני, תודה!
line:627a13e4	Me too.	גם אני.
line:d3c733f5	Me too.	גם אני.
line:ffa63d1b	Me too.	גם אני.
line:040ee2a7	me too.	גם אני.
line:d13cd125	Me.	אני עצמי.
line:14e7b293	Me?	אני?
line:b9cb051a	Means I'm ready to go on a date with a certain kobold.	זה אומר שאני מוכן לדייט עם קובולד מסוים.
line:e5da247d	Means you know how to get hands on!	אז אתה יודע לעבוד עם הידיים!
line:171707d2	Mhm!	ממ־המ!
line:11306335	Mhm! Come back anytime.	ממ־המ! תחזור מתי שתרצה.
line:69dd6a73	Mhm! he's trying to meet new people.	ממ־המ! הוא מנסה להכיר אנשים חדשים.
line:da17b746	Mhm! I'm <i>the</i> kobold!	ממ־המ! אני <i>ה</i>קובולד!
line:a0cb3f78	Mhm! that's him.	ממ־המ! זה הוא.
line:164fdb01	Mhm, he's trying.	ממ־המ, הוא מנסה.
line:1a663dcf	Mhm, right this way.	ממ־המ, מכאן.
line:3cd8a8bd	Mhm... Thank you.	ממ־המ... תודה.
line:4546abce	Might seem kinda weird to ask now. Buuuut.	אולי זה מוזר לשאול עכשיו. אבבבל...
line:57d8b72a	Mind opening the gate to let me out?	תוכל לפתוח את השער כדי שאצא?
line:b2a507ab	Mind opening the gate to let me out?	תוכל לפתוח את השער כדי שאצא?
line:6d726280	Mind washing more?	תוכל לרחוץ עוד קצת?
line:c8281b83	Mmm, I understand that to mean you'll get the gate?	הממ, אני מבין שזה אומר שתפתח את השער?
line:dd0c77ae	Mmm, Yeah I know the type.	מממ, כן, אני מכיר את הטיפוס.
line:d8cafcc7	mmm..	מממ...
line:729cea0c	Mmmhm, I always do my best.	ממ־המ, אני תמיד עושה כמיטב יכולתי.
line:f36b8b76	Mmmhm. I'll work on my sleep schedule...	ממ־המ. אעבוד על שעות השינה שלי...
line:d38efb75	Mmmmhm, gotta prep for a date with him.	ממ־המ, צריך להתכונן לדייט איתו.
line:a78dd44b	mmph! (Yea!)	ממף! (כן!)
line:b132719c	Mmph- Hm?	ממף... הממ?
line:16ee6b14	Money... mmm...	כסף... מממ...
line:d8cc8048	Most people do!	רוב האנשים אוהבים!
line:3d723db0	Must mean you two are a good match.	זה כנראה אומר שאתם מתאימים.
line:9ca994a5	My bad	טעות שלי.
line:aaecba3d	My bad	טעות שלי.
line:fedbf70c	My colleague, professor Igwyx, wished to use me as a platform.	עמיתי, פרופסור איגוויקס, רצה להשתמש בי כבמה.
line:08af3902	My date with Ryan was...	הדייט עם ראיין היה...
line:116b5405	My date with Ryan was...	הדייט עם ראיין היה...
line:e26c3b65	My first ever Yarn script in Unity!	תסריט ה-Yarn הראשון שלי ב-Unity!
line:f15b014f	My names Ryan. So...	קוראים לי ראיין. אז...
line:e4aced7b	My students could learn a thing or two from your work ethic!	הסטודנטים שלי יכולים ללמוד ממך על מוסר עבודה!
line:dfe74420	My-	אלוהים...
line:9b915bf2	Nah.	לא.
line:c3642dec	Nah.	לא.
line:393c128a	Never cleaned a teacher dragon... woah.	אף פעם לא רחצתי דרקון מורה... וואו.
line:a99b03ed	Never tried it.	אף פעם לא ניסיתי.
line:6df809e1	Nevermind. Could you get the gate?	לא משנה. תוכל לפתוח את השער?
line:d3a50f3f	Next time I come in for a wash we'll go.	בפעם הבאה שאבוא לרחיצה, נלך.
line:ac5afd96	Next time I come in I'll have reservations!	בפעם הבאה שאבוא, כבר תהיה לי הזמנה!
line:8990fcc9	Nice! Whats with all the... Gloop?	מעולה! מה זה כל ה... דביק הזה?
line:1d4b8528	Nice. Gotta open the gate though. Let Conrad in!	טוב. אבל צריך לפתוח את השער. תכניס את קונרד!
line:acab92d4	Nnf... I believe I needed that. Thank you.	ננף... נדמה לי שהייתי זקוק לזה. תודה.
line:8fe11008	Nnnf... That was way better than those berries.	ננף... זה היה הרבה יותר טוב מפירות היער האלה.
line:b251704a	No	לא.
line:e05c2dca	No	לא.
line:dc86c2de	no	לא
line:5794ea87	No amount of justification makes it feel good though.	אבל שום הצדקה לא גורמת לזה להרגיש טוב.
line:5a5ec440	No I actually just got it	לא, האמת שרק עכשיו קיבלתי אותו.
line:cd5f07ca	No more excuses.	די לתירוצים.
line:4b38230f	No need for thanks. I'll get the gate.	אין צורך להודות. אפתח את השער.
line:11604fbd	No need to be nervous, Alexander!	אין צורך להילחץ, אלכסנדר!
line:eefef647	No need to be.	אין צורך להתבייש.
line:73ea230a	No no, you're a certified cleaner yeah?	לא, לא. אתה רוחץ מוסמך, נכון?
line:743c64e6	No not really.	לא, לא ממש.
line:50feefe8	No problem!	אין בעיה!
line:1a9a36e1	No problem! Can't wait for you to meet Conrad.	אין בעיה! אני כבר מחכה שתפגוש את קונרד.
line:0a9993d2	No problem, thanks!	אין בעיה, תודה!
line:10bdb3a4	No problem, thanks!	אין בעיה, תודה!
line:3a8f65fa	No problem.	אין בעיה.
line:ee3d0ee4	No problem. Let me get that gate for ya'!	אין בעיה. אפתח לך את השער!
line:eedccaec	No way.	אין מצב.
line:f0351f0c	No way.	אין מצב.
line:d726f776	No worries,	אין בעיה,
line:12b7a5b3	No! I mean, yes, but for the sake of my reputation could you please keep my incursion here to yourself.	לא! כלומר כן, אבל למען המוניטין שלי, תוכל בבקשה לשמור את הביקור הזה בסוד?
line:f7f963e3	No, I am.	לא, אני כן.
line:54faa7c0	No, I don't think I do.	לא, לא נראה לי.
line:38419d8b	No, it's not. No more excuses.	לא, זה לא בסדר. די לתירוצים.
line:cd9b2a8f	No, thank you. I'm... Really excited.	לא, תודה לך. אני... ממש מתרגש.
line:1af1ad05	No, we don't offer things like that here.	לא, אנחנו לא מציעים כאן שירותים כאלה.
line:cb7e94e5	no.	לא.
line:6128a09c	No. A lime that is yellow.	לא. ליים שצבעו צהוב.
line:de25dacd	No. I'm not. Do you have a medkit or not?	לא. אני לא בסדר. יש לך ערכה או לא?
line:1cc64bcf	No.. No it's fine... thank you.	לא... לא, זה בסדר... תודה.
line:525f5744	Nope	לא.
line:fbd2c3e7	Nope.	לא.
line:5406ba8e	Normally I'd say yes to a mount. But, not right now.	בדרך כלל הייתי מסכים למתקן. אבל לא עכשיו.
line:ab92da6a	Not anymore at least!	לפחות כבר לא!
line:0cfcd179	Not for a date though.	אבל לא לדייט.
line:d1b90e2c	Not sure yet.	עוד לא בטוח.
line:e9643b5d	Not yet.	עוד לא.
line:326cc84d	Not yet. a little longer.	עוד לא. קצת יותר.
line:56a729f6	Nothing more attractive than a man who can improve!	אין דבר מושך יותר מגבר שיכול להשתפר!
line:b5dabf9f	Nothing more attractive than a man who can improve!	אין דבר מושך יותר מגבר שיכול להשתפר!
line:8a321997	Now I'm eyeballing the mount...	עכשיו אני לא מצליח להוריד את העיניים מהמתקן...
line:5e0a6d7a	Now I'm out here, agh!	ועכשיו אני כאן בחוץ, אוף!
line:564a9606	Now they'll never need to know!	עכשיו הם לעולם לא יצטרכו לדעת!
line:d66b7986	Now!	ועכשיו!
line:63596bb3	Now, do you have a medkit or not?	אז יש לך ערכת עזרה ראשונה או לא?
line:eefc4e9f	Now, lemme in! I want to try that thing out!	עכשיו תכניס אותי! אני רוצה לנסות את הדבר הזה!
line:0554966a	Now, more food?	אז... עוד אוכל?
line:3fb3f8d4	Now, round two!	עכשיו, סיבוב שני!
line:12e6043e	Now... Food?	אז... אוכל?
line:5f8b2de4	oah. <size=70%>okay.	אה. <size=70%>בסדר.
line:13223129	Of course	כמובן.
line:283e56d8	Of course I am! I know I'm very...	ברור! אני יודע שאני מאוד...
line:5788e15c	Of course I do. I'm a <i>professional</i>.	ברור. אני <i>מקצוען</i>.
line:0b226939	Of course it is!	ברור שכן!
line:f21dd9d4	Of course it is!	ברור שכן!
line:642255fc	Of course!	ברור!
line:76f8c20c	Of course!	ברור!
line:877aced7	Of course!	ברור!
line:d2401e75	Of course!	ברור!
line:f9eb2b4a	Of course! Right this way!	כמובן! מכאן!
line:0d20d327	Of course! Thank you for the food.	כמובן! תודה על האוכל.
line:4da976f5	Of course! You run a fine establishment.	כמובן! אתה מנהל מקום מצוין.
line:b629bcf2	Of course! You're wonderful.	כמובן! אתה נפלא.
line:b6c96475	Of course, you run a fine establishment.	כמובן, אתה מנהל מקום מצוין.
line:dd082478	Of course.	כמובן.
line:203cc3d2	Of course. One moment!	כמובן. רק רגע!
line:fd145efe	Of course. Sorry you're going through all this.	כמובן. מצטער שאתה עובר את כל זה.
line:7305cdbc	Oh cool!	אה, מגניב!
line:eb6ae4c3	Oh cool!	אה, מגניב!
line:77c996e8	Oh damn! You really are adventurous!	פאק! אתה באמת הרפתקן!
line:3fdb9d01	Oh fcuk something went wrong	פאק, משהו השתבש.
line:9e403ecd	Oh fuck yeah.	אוי, פאק, כן.
line:13c39c50	Oh fudge, forget I said that!	אוי ואבוי, תשכח שאמרתי את זה!
line:e722753e	Oh goodness no..	אוי ואבוי, לא..
line:55e3dd36	Oh hi! um..	אה, היי! אממ...
line:e8ee5747	Oh hi! um..	אה, היי! אממ...
line:b90f527f	Oh huh, that's the tiny drake I saw coming in a bit back yeah?	אה, זה הדרקון הקטנטן שראיתי נכנס לפני כמה זמן, נכון?
line:001ab950	Oh I heard good things about that.	אה, שמעתי עליו דברים טובים.
line:0a4a28c0	Oh I see the button there, gotcha!	אה, אני רואה את הכפתור שם. הבנתי!
line:c6b0b1aa	Oh like, swallowing things whole?	אה, בולע דברים שלמים?
line:10254d13	Oh my	אלוהים.
line:39f6c77d	Oh my bad	אה, טעות שלי.
line:79511a66	Oh my bad	אה, טעות שלי.
line:8cfbd75d	Oh my bad	אה, טעות שלי.
line:cb71b2a1	Oh my bad	אה, טעות שלי.
line:7d13eca0	Oh my- I didn't expect you to be so... hands on	אלוהים... לא ציפיתי שתהיה כל כך... מעשי עם הידיים.
line:c60c65e8	Oh my. I suppose I could use the mount!	אלוהים. אני מניח שאוכל להשתמש במתקן!
line:433cb27e	Oh no! Do you want to talk about it?	אוי לא! רוצה לדבר על זה?
line:d908622a	Oh no, Conrad. are you okay?	אוי לא, קונרד. אתה בסדר?
line:bf977a7e	Oh okay. I'll go grab it.	אה, בסדר. אביא אותו.
line:7428755b	Oh so it's new for both of us!	אה, אז זה חדש לשנינו!
line:513bed5a	Oh so it's new to both of us!	אז זה חדש לשנינו!
line:4bad37a5	Oh that's good. I'm happy he's okay.	אה, טוב. אני שמח שהוא בסדר.
line:7d791906	Oh this is better, but I still feel dirty.	אה, זה יותר טוב, אבל אני עדיין מרגיש מלוכלך.
line:63926ecd	Oh we're done?	אה, סיימנו?
line:546d1bf2	Oh wow, you're really covered in it!	וואו, אתה באמת מכוסה כולך!
line:b2d99a43	Oh wow..	אוי, וואו..
line:e8052272	Oh yeah I liked the first one.	אה, כן, אהבתי את הראשון.
line:a4a26529	Oh yeah, there's this nice place downtown called wings.	אה, כן, יש מקום נחמד במרכז העיר בשם וינגס.
line:d4d3ecd5	Oh yeah.	אה, כן.
line:059142a3	Oh Yeah?	אה, כן?
line:71053a53	Oh Yeah?	אה, כן?
line:1121309c	Oh yeah?	אה, כן?
line:2b560f59	Oh yeah?	אה, כן?
line:2d2820b0	Oh yeah?	אה, כן?
line:6e82e54c	Oh yeah?	אה, כן?
line:b9d8a22f	Oh yeah?	אה, כן?
line:d8ce8566	Oh yeah?	אה, כן?
line:f103a4a8	Oh yeah?	אה, כן?
line:4f6344f1	Oh yeah? He sounds like a bit of a hothead.	אה, כן? הוא נשמע קצת חם מזג.
line:60cdf456	Oh yeah? The little red drake?	אה, כן? הדרקון האדום הקטן?
line:a9253dd8	Oh yeah? The sky blue drake I've seen around?	אה, כן? הדרקון התכול שראיתי בסביבה?
line:762882b4	Oh yeeeaaah?	אה, כןןן?
line:5d737ca7	Oh yes	אה, כן.
line:1c90fb6d	Oh you. Gonna make me blush.	אוי, אתה. עוד תגרום לי להסמיק.
line:7e3e59aa	Oh!	אה!
line:3605a48a	Oh! I think I've seen him. The tiny one, yeah?	אה! נראה לי שראיתי אותו. הקטנטן, נכון?
line:3bc15278	Oh! No it wouldn't be. It's fun!	אה! ממש לא. זה כיף!
line:c95a153d	Oh! nothing. I'll get the gate.	אה! כלום. אפתח את השער.
line:b6fb6fce	Oh! Okay. I'll get the gate!	אה! בסדר. אפתח את השער!
line:4d3233a1	Oh! That's cold!	אה! זה קר!
line:403f2ab7	Oh! Then I better let you in. I'll go get the gate.	אה! אז כדאי שאכניס אותך. אלך לפתוח את השער.
line:0f2dc134	Oh! Yeah that makes sense...	אה! כן, הגיוני...
line:1270a483	Oh, and I apologize for being absolutely filthy.	אה, ואני מתנצל על כך שאני מלוכלך כל כך.
line:7b5be1f8	Oh, and I've figured it where to go.	אה, והחלטתי לאן נלך.
line:52fb116d	Oh, and seems I got some on my face. woops.	אה, ונראה שנמרח לי קצת על הפנים. אופס.
line:73a37947	Oh, awesome. I'm a big salmon guy.	אה, מעולה. אני איש של סלמון.
line:74c9c07b	Oh, like... working class?	אה, כאילו... של מעמד הפועלים?
line:e048566b	Oh, no.	אה, לא.
line:1a9e6537	Oh, no. Ryan is a sweetheart.	אה, לא. ראיין מקסים.
line:5f6a124a	Oh, okay. Thanks.	אה, בסדר. תודה.
line:17716b05	Oh, right. Sorry.	אה, נכון. סליחה.
line:82ba64bf	Oh, sorry-	אה, סליחה...
line:956e5c91	Oh, sorry.	אה, סליחה.
line:54a8bb22	Oh, sure. Come on in.	אה, בטח. תיכנס.
line:270276eb	Oh, that's my favorite part!	אה, זה החלק האהוב עליי!
line:1ff9a04c	Oh, the crest around my head?	אה, הסמל שמקיף את הראש שלי?
line:ffed6d04	Oh, wonderful. Seem's we're similar.	אה, נפלא. נראה שאנחנו דומים.
line:30e6b801	Oh, yeah!	אה, כן!
line:bedeee82	Oh- Eager!	אה, איזו התלהבות!
line:38b3c8c1	Oh- I mean. I'll go open the gate!	אה... כלומר, אני הולך לפתוח את השער!
line:714c180e	Oh- I'm glad!	אה, אני שמח!
line:ccf87ea9	Oh- I'm not too interested in using that right now.	אה... אני לא ממש מעוניין להשתמש בזה עכשיו.
line:963981e4	Oh- I'm sorry for making a mess...	אה... סליחה על הבלגן...
line:8e407c6e	Oh- Not just the wash.	אה... לא רק הרחיצה.
line:ad31ec4c	Oh- Not just the wash.	אה... לא רק הרחיצה.
line:6866c2c9	Oh- Right now? 'aight I'm down.	אה, עכשיו? בסדר, אני בעניין.
line:9a6dca4b	Oh- Ya. On it.	אה, כן. כבר מטפל בזה.
line:3b6d644d	Oh.	אה.
line:4399096b	Oh.	אה.
line:8441bf7b	Oh.	אה.
line:87233429	Oh.	אה.
line:e90fee8e	Oh.	אה.
line:ebd9b4d3	Oh.	אה.
line:8a79f72c	Oh. And one other thing.	אה, ועוד משהו.
line:e8289be5	Oh. good.	אה, טוב.
line:5442e228	Oh. Okay I'll go get the gate.	אה. בסדר, אפתח את השער.
line:0da15c85	Oh. Okay.	אה. בסדר.
line:73f7f13d	OH. RIGHT.	אה. נכון.
line:c35890c8	Oh. That's... Wonderful!	אה. זה... נפלא!
line:0ce8d5aa	Oh. Then yeah, we're open.	אה. אז כן, אנחנו פתוחים.
line:52ed140c	Oh. Uhm. <size=70%>Good.	אה. אממ. <size=70%>טוב.
line:780d0993	Oh. yeah. Sorry.	אה. כן. סליחה.
line:7f5113d5	OH. You're not used to eating them whole.	אה. אתה לא רגיל לאכול אותן שלמות.
line:45bc649d	Oh...	אה...
line:0a093816	Oh... hah. I like that.	אה... הא. אני אוהב את זה.
line:f885f11d	Oh... I suppose this is alright~	אה... אני מניח שזה בסדר גמור~
line:7cd85c8e	Oh... I'm so sorry.	אוי... אני ממש מצטער.
line:8cc1aa72	Oh... yeah we don't have one.	אה... כן, אין לנו.
line:f16d7940	Oh... Yeah, tinier dragons tend to... Compensate.	אה... כן, דרקונים קטנים נוטים... לפצות.
line:1d491283	Oh?	אה?
line:21c46e75	Oh?	אה?
line:fd8d786a	Oh?	אה?
line:0ce8d3c2	ohmygod I thought the egg was decorative.	אלוהים, חשבתי שהביצה לקישוט.
line:d9b26374	Ok I can do that	בסדר, אני יכול.
line:1777121d	Ok I got this..	בסדר, אני מסוגל..
line:f3af3ce8	Ok just tell me if you get uncomfortable or anything.	בסדר, רק תגיד לי אם משהו לא נוח או משהו כזה.
line:6c3a98cc	Ok lets wash it off for our date tonight then.	בסדר, נשטוף את זה לקראת הדייט הערב.
line:7a54a1e1	Okay	בסדר.
line:f64a5b30	Okay	בסדר.
line:249500dc	Okay!	בסדר!
line:a327b5f9	Okay!	בסדר!
line:ccaabca3	Okay!	בסדר!
line:82d0ea81	Okay! I'll be back later then.	בסדר! אז אחזור אחר כך.
line:3deb5f55	Okay! I'll go get the gate for you.	בסדר! אלך לפתוח לך את השער.
line:9c3d6cb7	Okay! I'll see you soon.	בסדר! נתראה בקרוב.
line:72e0348e	Okay, bye!	בסדר, להתראות!
line:255362b9	Okay, Conrad.	בסדר, קונרד.
line:0d16ab28	Okay, I'll be waiting. Thanks.	בסדר, אחכה. תודה.
line:155d1c64	Okay, I'll open the gate!	בסדר, אפתח את השער!
line:886f5df2	Okay, I'll see you later!	בסדר, נתראה!
line:585d6a08	Okay, thank you.	בסדר, תודה.
line:c298bc55	Okay, thank you.	בסדר, תודה.
line:6acf71a3	Okay, thanks.	בסדר, תודה.
line:8ed5a204	Okay- okay. I'll go get the gate.	בסדר, בסדר. אפתח את השער.
line:10b9a653	Okay- Thanks.	בסדר. תודה.
line:00a81c16	Okay. I hope you're doing alright though.	בסדר. אני בכל זאת מקווה שאתה מחזיק מעמד.
line:118a51bb	Okay. I should probably get out of your scales.	בסדר. כנראה כדאי שאניח לך.
line:a62e8112	Okay. I'll open up shop. Give me a sec.	בסדר. אפתח את המקום. רק רגע.
line:9d434af5	Okay. I'll order a mount.	בסדר. אזמין מתקן.
line:2f3b06de	Okay. Then I think I'd like to try.	בסדר. אז נראה לי שאשמח לנסות.
line:54ad4706	Okay...	בסדר...
line:28311fbb	Omg you're hurt!	אלוהים, אתה פצוע!
line:8b3abbf7	On it!	כבר מטפל בזה!
line:42e3eba2	Once I'm cleaned up I'm gonna head out and get our spot ready.	ברגע שאהיה נקי, אלך להכין את המקום שלנו.
line:1d4b8a1c	One thing led to another...	דבר אחד הוביל לאחר...
line:c70bea2d	Only been cleaning for a few weeks now!	אני עושה את זה רק כמה שבועות!
line:5188bd4a	Only If that's alright-	רק אם זה בסדר...
line:01505282	Only realized how much of a mess I made after Max yelled at me, haha.	רק אחרי הצעקות של מקס הבנתי כמה בלגן עשיתי, חחח.
line:828eed25	Oof... Needed that. Thank you.	אוף... הייתי צריך את זה. תודה.
line:2d40c69a	Oooh, alrighty.	אווו, בסדר.
line:99ff9e7f	Ooooh must be a big deal then.	אווו, אז אתה בטח חשוב מאוד.
line:e8ad4791	Ooooh.	אווו.
line:64bfd62a	Oops, my bad.	אופס, טעות שלי.
line:0fa31c40	Our first meeting went great though!	אבל הפגישה הראשונה שלנו הייתה מצוינת!
line:77cebc41	People tell me I've got a fat cock, is that true?	אומרים שיש לי זין עבה. זה נכון?
line:80de6c63	Perfectly clean again. Thank you for taking me in at this hour.	שוב נקי לגמרי. תודה שקיבלת אותי בשעה כזאת.
line:f212528b	Phew! I had an accident that needs to be taken care of... discretely.	פיו! קרתה לי תאונה שדורשת טיפול... דיסקרטי.
line:b3c35166	Phew, I was worried I'd make another mess of things.	פיו, חששתי שאעשה שוב בלגן.
line:314c3d8a	physically or emotionally?	גופנית או נפשית?
line:156e0b50	Picnic bathket-	סל פיקניק...
line:0d9de1a1	player hooked up with conrad	השחקן יחד עם קונרד.
line:2cf1c95e	player hooked up with conrad	השחקן יחד עם קונרד.
line:c2529648	player hooked up with conrad	השחקן יחד עם קונרד.
line:f7fd34b2	player hooked up with conrad	השחקן יחד עם קונרד.
line:66e08b22	player hooked up with ryan	השחקן יחד עם ראיין.
line:78039fd1	player hooked up with ryan	השחקן יחד עם ראיין.
line:96a0c0c7	player hooked up with ryan	השחקן יחד עם ראיין.
line:9bade6d6	player hooked up with ryan	השחקן יחד עם ראיין.
line:0ddcd600	Please scrub Igwix off my back would you?	תוכל לקרצף את איגוויקס מהגב שלי, בבקשה?
line:0632acbf	Plus they feel really nice.	וחוץ מזה, הן נעימות מאוד.
line:c7b8ba3d	Possibly...?	אולי...?
line:637629a8	Pretty sure I can digest anything.	די בטוח שאני יכול לעכל הכול.
line:65a41bc5	Pretty sure I'm all clean!	נראה לי שאני נקי לגמרי!
line:3750bbf0	Pretty sure that was everything.	נראה לי שזה הכול.
line:960707b0	Primarily alchemy. Occasionally world history.	בעיקר אלכימיה. לפעמים היסטוריה עולמית.
line:1475f95c	Professor Igwyx- My colleague who self-immolated earlier.	פרופסור איגוויקס, עמיתי שהתלקח קודם.
line:26e9d692	Professor, but yes. You have.	פרופסור, אבל כן. לימדת אותי.
line:af0c15fd	Professor- But, yes. I usually don't go to public washes.	פרופסור, אבל כן. בדרך כלל איני מבקר בבתי רחצה ציבוריים.
line:962abe27	Project Scale mary	Project Scale mary
line:e5d47feb	prole- <i><size=70%>wuh?	פרול... <i><size=70%>מה?
line:c7b73162	Psst..!	פססט...!
line:9addfb4a	Ready!	מוכן!
line:875b5372	Really damn good!	ממש טוב, לעזאזל!
line:9e9f3e75	Really damn good!	ממש טוב, לעזאזל!
line:9364911d	Really looking forward to finding new people.	אני ממש מחכה להכיר אנשים חדשים.
line:8b0b222c	Really sets the mood.	ממש יוצרת אווירה.
line:4010d36d	Really well honestly.	ממש טוב, האמת.
line:cfcb40c7	Really?	באמת?
line:0ec807a4	Really? Aw, That's really sweet.	באמת? אוי, זה מקסים.
line:630fed1b	Remove this barrier at once so I may enter.	הסר את המחסום הזה מיד כדי שאוכל להיכנס.
line:65deb150	Right after this wash!	מיד אחרי הרחיצה הזאת!
line:0caa6657	Right, I'll get that for you ASAP.	נכון, כבר אפתח לך.
line:1271b80c	Right.	נכון.
line:3ede5541	Right.	נכון.
line:6a2e4e0d	Right. I'll get to it.	נכון. אגש לזה.
line:29daeb62	Right. Phoenix feather. Obviously.	נכון. נוצת עוף חול. ברור.
line:51d1b41e	Ryan is a sweetheart	ראיין מקסים.
line:202fce0c	RYAN THE BONE!	ראיין, העצם!
line:93bd9a2b	Ryan!	ראיין!
line:9b7e09b8	Ryan!	ראיין!
line:b76f49cd	Ryan!	ראיין!
line:1fa0fbbe	Ryan! I met him.	ראיין! פגשתי אותו.
line:f0427bb9	Ryan! this is so sweet.	ראיין! זה כל כך נחמד.
line:92829935	Ryan's such a nice dragon.	ראיין הוא דרקון כל כך נחמד.
line:13ca0a74	Ryan, you're not supposed to eat the stems-	ראיין, לא אמורים לאכול את הגבעולים...
line:7a01d265	Ryan: I guess it is pretty exciting	Ryan: זה באמת די מרגש.
line:e1526934	Ryan: I like that a lot	Ryan: אני אוהב את זה מאוד.
line:a430a2ff	Ryan: I think I am close too..	Ryan: נראה לי שגם אני קרוב..
line:77626e43	Ryan: I would say it is going great	Ryan: הייתי אומר שהולך מצוין.
line:f5f5b815	Ryan: I've never done this outside before	Ryan: אף פעם לא עשיתי את זה בחוץ.
line:6dd86b71	Ryan: This was nice	Ryan: זה היה נעים.
line:41b9659f	Ryan: Wow.. Your stature is really the only thing small about you.	Ryan: וואו... הגובה שלך הוא באמת הדבר הקטן היחיד אצלך.
line:aad89688	Ryan: Yea definitely. Worried about me?	Ryan: כן, בהחלט. אתה דואג לי?
line:ce6d6d7f	Ryan? you sure everything is okay...?	ראיין? אתה בטוח שהכול בסדר...?
line:1d3b255b	Save your mood setting for tonight!	תשמור את יצירת האווירה לערב!
line:3ed6ab5d	Say do you remember the name of the college I work at?	תגיד, אתה זוכר את שם המכללה שבה אני עובד?
line:a05a7804	Say...	תגיד...
line:82d7b5e4	Says who?	מי אמר?
line:6c193ba9	Scales different today? <size=70%><i>is that a thing...? </i><size=100%>You look good today.	קשקשים שלך היום? <size=70%><i>זה בכלל דבר...? </i><size=100%>אתה נראה טוב היום.
line:426f40ff	See you again soon, yeah?	נתראה שוב בקרוב, טוב?
line:3112d78d	See you soon.	נתראה בקרוב.
line:8072b186	See you tonight.	נתראה הערב.
line:0d3b23da	Sheesh.	וואו.
line:48435b12	Shh! I'm not from around here...	ששש! אני לא מהסביבה...
line:0f86dbf6	So am I!	גם אני!
line:3063100e	So am I.	גם אני.
line:a241eec6	So far so good though, yeah?	עד עכשיו הולך טוב, לא?
line:813c6dd4	So is this like... our first date?	אז זה כאילו... הדייט הראשון שלנו?
line:9b10d450	So this Conrad guy, seems like you like him?	אז הקונרד הזה... נשמע שאתה מחבב אותו?
line:0c5dcd3c	So uh, gate?	אז, אממ... השער?
line:84d8a935	So uh, mind opening the gate?	אז, אממ, תוכל לפתוח את השער?
line:7da41ecd	So uhh, let me know if you need me to move.	אז תגיד לי אם אתה צריך שאזוז.
line:3a469ae4	So yeah, I had a mishap..	אז כן, קרתה לי תקלה..
line:a6d6bf76	So you and Ryan huh?	אז אתה וראיין, אה?
line:31fa3bdf	So you came in just to...	אז באת רק כדי...
line:5f64c352	So you're a certified dragon washer huh?	אז יש לך הסמכה לרחיצת דרקונים, מה?
line:c9e7bb1e	So you're a certified dragon washer huh?	אז יש לך הסמכה לרחיצת דרקונים, מה?
line:aedb6a51	So, coming in for a wash?	אז, באת לרחיצה?
line:1c856f1c	So, how was your date?	אז איך היה הדייט שלך?
line:3cda84e6	So, tell me more about conrad!	אז ספר לי עוד על קונרד!
line:c10d9415	So, thanks on his behalf for caring.	אז בשמו, תודה שאכפת לך.
line:e6aa9d20	So, with... relationships.	אז, בנוגע ל... זוגיות.
line:a99c5c88	So. How about a date?	אז, מה דעתך על דייט?
line:c2f44537	So. My girlfriend was home before me. she's a work-from-home dragon.	אז החברה שלי הייתה בבית לפניי. היא עובדת מהבית.
line:d9652dff	So. Our date tonight...	אז, הדייט שלנו הערב...
line:b983f922	So. Tonight.	אז, הערב.
line:28c51dbf	So... A date. I think I'd like to go on one soon!	אז... דייט. נראה לי שאשמח לצאת בקרוב!
line:7c56b2d8	So... I was thinking about my relationships.	אז... חשבתי על חיי האהבה שלי.
line:5a5e7f21	So<size=90%>o<size=80%>o<size=70%>o<size=60%>o... <size=100%>I 'aint dirty. But I am <i>~dirty~</i> y'know?	אז<size=90%>ז<size=80%>ז<size=70%>ז<size=60%>ז... <size=100%>אני לא מלוכלך. אבל הראש שלי <i>~מלוכלך~</i>, מבין?
line:8a35fb7b	So<size=90%>o<size=80%>o<size=70%>o<size=60%>o... <size=100%>Was wonderin'	אז<size=90%>ז<size=80%>ז<size=70%>ז<size=60%>ז... <size=100%>תהיתי...
line:5230bdfd	Soap, then rinse!	קודם סבון, ואז שטיפה!
line:c374e532	Somehow that feels more honest than anything anyone else says.	משום מה זה מרגיש כן יותר מכל מה שהאחרים אומרים.
line:2898f680	Something happened last night	קרה משהו אתמול בלילה.
line:4dac3d2b	Something went wrong with flags!	משהו השתבש במשתני העלילה!
line:61c7f2d6	Something went wrong with flags!	משהו השתבש במשתני העלילה!
line:6d5ba814	Something went wrong with flags!	משהו השתבש במשתני העלילה!
line:8f64adc0	Something went wrong with flags!	משהו השתבש במשתני העלילה!
line:19cedc30	Sooo. You gonna jerk me off?	אזזז. אתה הולך להביא לי ביד?
line:1646ece2	Sorry for coming in late. My sleeps borked.	סליחה שבאתי מאוחר. השינה שלי נדפקה.
line:b2b32876	Sorry I'm bad at flirting. Could you get the gate?	סליחה, אני גרוע בפלרטוט. תוכל לפתוח את השער?
line:13ba93ef	sorry!	סליחה!
line:e2f9c70c	Sorry, I meant to say I enjoy your wash.	סליחה, התכוונתי לומר שאני נהנה מבית הרחצה שלך.
line:78ca8d95	Sorry...	סליחה...
line:4af15fc3	Sounds good to me!	נשמע לי טוב!
line:8c6e66f3	Sounds good!	נשמע טוב!
line:1ef36cb0	Sounds like a date then!	אז קבענו דייט!
line:d71ba53e	Sounds like a date then!	אז קבענו דייט!
line:5fc277a9	Sounds like a date then! Seafood then we play it by ear.	אז קבענו דייט! מאכלי ים, ואז נזרום.
line:0e643191	Sounds like a date then, I'm excited.	אז קבענו דייט. אני מתרגש.
line:c4642c9c	Sounds like a date then. I'm excited.	אז קבענו דייט. אני מתרגש.
line:ffc401d1	Sounds like a plan.	קבענו.
line:c4dd137b	Sounds like it was good then.	אז נשמע שהיה טוב.
line:7b6c47bd	Sounds like it.	ככה זה נשמע.
line:5c51654f	Sounds nice.	נשמע נעים.
line:3a23b81f	Sounds really cool.	נשמע ממש מגניב.
line:1dbf50b3	Sure	בטח.
line:c14ceb34	Sure is!	בהחלט!
line:de7cd73a	Sure it is. Thanks to Conrad for having me get it.	כמובן. צריך להודות לקונרד שגרם לי להשיג אותו.
line:05c673e7	Sure!	בטח!
line:52542beb	Sure!	בטח!
line:67f14802	Sure!	בטח!
line:a2dc4ac0	Sure! I'll go get the gate.	בטח! אפתח את השער.
line:dbb68858	Sure! I'll go get the gate.	בטח! אפתח את השער.
line:601e1b38	Sure! I'm excited to tell you about Conrad.	בטח! אני כבר רוצה לספר לך על קונרד.
line:7b5c9d8c	Sure, but he needed someone who cared in that moment.	כן, אבל באותו רגע הוא היה צריך מישהו שאכפת לו.
line:709a9a57	Sure.	בטח.
line:4af4703c	Tasted real good though!	אבל היא הייתה טעימה מאוד!
line:048fe71b	TELL ME ABOUT YOU AND CONRAD!	ספר לי עליך ועל קונרד!
line:2b84f2eb	Test line 1	שורת בדיקה 1
line:7a22b4d3	Test line 10	שורת בדיקה 10
line:ec12b3a4	Test line 11	שורת בדיקה 11
line:4f87d73a	Test line 12	שורת בדיקה 12
line:d9b7d04d	Test line 13	שורת בדיקה 13
line:63e6d9d4	Test line 14	שורת בדיקה 14
line:f5d6dea3	Test line 15	שורת בדיקה 15
line:64cb6133	Test line 16	שורת בדיקה 16
line:f2fb6644	Test line 17	שורת בדיקה 17
line:1772a124	Test line 18	שורת בדיקה 18
line:88119675	Test line 2	שורת בדיקה 2
line:1e219102	Test line 3	שורת בדיקה 3
line:a470989b	Test line 4	שורת בדיקה 4
line:32409fec	Test line 5	שורת בדיקה 5
line:a35d207c	Test line 6	שורת בדיקה 6
line:356d270b	Test line 7	שורת בדיקה 7
line:5643ba3d	Test line 8	שורת בדיקה 8
line:c073bd4a	Test line 9	שורת בדיקה 9
line:394db643	Thank the stars you're open.	תודה לכוכבים שאתה פתוח.
line:f1946aab	Thank you for cleaning me!!	תודה שרחצת אותי!!
line:75b5b084	Thank you for getting me and Ryan in contact.	תודה שקישרת ביני לבין ראיין.
line:189d999e	Thank you for listening.	תודה שהקשבת.
line:3398aea2	Thank you for that.	תודה על כך.
line:875f0961	Thank you for the clean!	תודה שרחצת אותי!
line:acb8a5aa	Thank you for the quick clean!	תודה על הרחיצה המהירה!
line:8512365e	Thank you!	תודה רבה!
line:bbca8a46	Thank you!	תודה רבה!
line:e449156d	Thank you!	תודה רבה!
line:bb4e1dc1	Thank you, Ryan. I'm happy I got to meet you too	תודה, ראיין. גם אני שמח שהכרתי אותך.
line:3b568c14	Thank you.	תודה רבה.
line:6b245989	Thank you.	תודה לך.
line:836d1b13	Thank you.	תודה רבה.
line:d60f2dc0	Thank you.	תודה רבה.
line:035a0830	Thank you. I'd really appreciate it	תודה. אעריך את זה מאוד.
line:f3e7a8fe	Thank you. Look good feel good!	תודה. כשנראים טוב, מרגישים טוב!
line:d2d97c90	Thank you. You make this a whole lot easier to go through.	תודה. בזכותך הרבה יותר קל לעבור את כל זה.
line:3027bcf7	Thanks for asking. It's enjoyable to be asked personal questions.	תודה ששאלת. נעים ששואלים אותי שאלות אישיות.
line:aaf3066d	Thanks for cleaning me!	תודה שרחצת אותי!
line:8150e2a2	Thanks for helping me out.	תודה שעזרת לי.
line:a2217280	Thanks for helping me out.	תודה שעזרת לי.
line:7db0baf0	Thanks for introducing me to him.	תודה שהכרת לי אותו.
line:c6cee89f	Thanks for letting me in so late.	תודה שהכנסת אותי מאוחר כל כך.
line:079b3782	Thanks for sharing food with me, You're a great friend.	תודה שחלקת איתי אוכל. אתה חבר נהדר.
line:85f901b0	Thanks for sharing food with me...	תודה שחלקת איתי את האוכל...
line:a39fd5a9	Thanks for that. Felt pretty damn good.	תודה על זה. היה טוב בטירוף.
line:505e150f	Thanks for the clean.	תודה על הרחיצה.
line:a40e531c	Thanks for the food! I'll go get the gate.	תודה על האוכל! אפתח את השער.
line:f1692a96	Thanks for the suggestion!	תודה על ההצעה!
line:81ebbec0	Thanks for the wash so late in the night.	תודה על הרחיצה בשעה מאוחרת כזאת.
line:a9df4c5e	Thanks I'll be waiting!	תודה, אחכה!
line:f73a3fc7	Thanks mate, see you tomorrow then.	תודה, חבר. אז נתראה מחר.
line:30f1f583	Thanks!	תודה!
line:3484ab9d	Thanks!	תודה!
line:44701902	Thanks!	תודה!
line:4d868f2f	Thanks!	תודה!
line:70190774	Thanks!	תודה!
line:8b8f57c4	Thanks!	תודה!
line:ab5b2574	Thanks!	תודה!
line:b588bf4c	Thanks!	תודה לך!
line:bc5d790a	Thanks!	תודה!
line:c07a9171	Thanks!	תודה!
line:e7e57d9c	Thanks!	תודה!
line:fa293cde	Thanks! Whats with all the... Gloop?	תודה! מה זה כל ה... דביק הזה?
line:e1609903	Thanks, but I'll be better. I promise.	תודה, אבל אני אשתפר. מבטיח.
line:02cbdc87	Thanks, I'm excited too.	תודה, גם אני מתרגש.
line:37c9d915	Thanks, You're pleasant too!	תודה, גם איתך נעים להיות!
line:cb847372	Thanks, You're pleasant too!	תודה, גם איתך נעים להיות!
line:188d4359	Thanks.	תודה.
line:316bb26e	Thanks.	תודה.
line:34ec4db7	Thanks.	תודה.
line:5183a6f2	Thanks.	תודה.
line:c642cb17	Thanks.	תודה.
line:cf716777	Thanks.	תודה לך.
line:e00c6df5	Thanks.	תודה.
line:e521db76	Thanks.	תודה לך.
line:f62e1c4f	Thanks.	תודה לך.
line:fbba1293	Thanks.	תודה לך.
line:8bfa88d7	Thanks. I like being around you too.	תודה. גם לי נעים להיות איתך.
line:df0a8598	Thanks. I'm always happy to be here.	תודה. אני תמיד שמח להיות כאן.
line:084e3cbc	Thanks. See you soon.	תודה. נתראה בקרוב.
line:71d57aeb	Thanks. That's kind of you to say.	תודה. נחמד מצדך לומר זאת.
line:a1f9de62	Thanks. That's kind of you to say.	תודה. נחמד מצדך לומר זאת.
line:9a9a6120	Thankth!	תודה!
line:e721d512	That brings me to my next question...	וזה מביא אותי לשאלה הבאה...
line:215a2d34	That felt <i>good</i>.	זה היה <i>טוב</i>.
line:89150715	That is rather kind of you to say.	נחמד מאוד מצדך לומר זאת.
line:a57409fb	That is the source of my worry...	זה מקור הדאגה שלי...
line:ad261b84	That just makes it harder!	זה רק מקשה עוד יותר!
line:7111d265	That makes me feel a lot more sure of myself then.	זה נותן לי הרבה יותר ביטחון בעצמי.
line:3fac5bff	That makes me feel good to hear.	כיף לשמוע את זה.
line:1c49f05b	That makes me happy to hear.	משמח אותי לשמוע.
line:a8b70da7	That must mean it is! I'm glad.	זה כנראה אומר שכן! אני שמח.
line:5738ea38	That nice to hear... But, I mean being taken care of more... Primally?	נעים לשמוע... אבל אני מתכוון לטיפול במובן... יצרי יותר?
line:8f598864	That one was almost too big-	זה היה כמעט גדול מדי...
line:5960dcbb	That should be all though, could you go get the gate?	טוב, נראה לי שזה הכול. תוכל לפתוח את השער?
line:116f0e16	That should be every spot.	נדמה לי שכל הכתמים נעלמו.
line:90444b09	That sounds like an over-reaction on her part.	נשמע שהתגובה שלה הייתה מוגזמת.
line:f07c9e39	That sounds like an over-reaction on her part.	נשמע שהתגובה שלה הייתה מוגזמת.
line:c78cf81f	That sounds lovely!	זה נשמע מקסים!
line:eaa3c173	That they are...	אכן כך...
line:f4b9a455	That was much nicer than a hose.	זה היה הרבה יותר נעים מצינור.
line:78cef130	That was never a concern. I'm a rather risk averse dragon.	זאת מעולם לא הייתה דאגה. אני דרקון שנזהר מאוד מסיכונים.
line:22d271f4	That was really fun.	זה היה ממש כיף.
line:019b83df	That was wonderful! I feel so much better about dating.	זה היה נפלא! אני מרגיש הרבה יותר טוב לגבי דייטים עכשיו.
line:d7bf167b	That was... Nicer than I expected.	זה היה... נעים יותר משציפיתי.
line:577cec43	That's a mount, no?	זה מתקן, נכון?
line:825536f5	That's a tricky question to answer.	זאת שאלה שקשה לענות עליה.
line:66fb84fe	That's all I want to ask.	זה כל מה שרציתי לשאול.
line:ac1ed298	That's all you can ask for, right?	זה כל מה שאפשר לבקש, לא?
line:6605187b	That's an appeal to authority fallacy. But, yes. I'm correct.	זהו כשל של פנייה לסמכות. אבל כן, אני צודק.
line:52f81dde	That's cute!	זה חמוד!
line:45befc02	That's exciting!	מרגש!
line:13cd5511	That's fast... But I think so!	זה מהיר... אבל נראה לי שכן!
line:4ff91cbd	That's fine!	אין בעיה!
line:163c524a	That's good to hear.	טוב לשמוע.
line:33e2bee6	That's good to hear.	טוב לשמוע.
line:30e461f2	That's good. You deserve a decent man.	טוב מאוד. מגיע לך גבר הגון.
line:aeae4744	That's good... Now what?	טוב... ועכשיו מה?
line:f3eeb627	That's great! whens your first date?	מעולה! מתי הדייט הראשון שלכם?
line:215f4eba	That's me.	זה אני.
line:cf8c5f37	That's not a thing... But thank you!	זה לא דבר... אבל תודה!
line:3f29878b	That's rather nice of you to say.	נחמד מאוד מצדך לומר זאת.
line:d38c63ea	That's really cute.	זה ממש חמוד.
line:6474d7f7	That's really nice!	זה ממש טוב!
line:c5001a4c	That's the best way to eat'em!	זאת הדרך הכי טובה לאכול אותן!
line:2a5cc3a5	That's very sweet.	זה מקסים.
line:7052576b	That's what I like to hear.	זה מה שאני אוהב לשמוע.
line:2a154290	That's what I thought too.	גם אני חשבתי כך.
line:33d12f97	That's what I thought too.	גם אני חשבתי כך.
line:2b7bb6ce	That's what's terrifying.	זה מה שמפחיד.
line:36fb380f	That's wonderful, he's cute!	זה נפלא, הוא חמוד!
line:266836f8	That's... the first time you've yipped for me.	זאת... הפעם הראשונה שעשית לי ייפ.
line:9b0b24ad	That.	זה.
line:6ff80785	That... makes me feel a lot more sure of myself then.	זה... נותן לי הרבה יותר ביטחון בעצמי.
line:cc6d631b	That... makes me feel a lot more sure of myself then.	זה... נותן לי הרבה יותר ביטחון בעצמי.
line:ecf6206f	Thats awesome. I'm glad you two are working out.	מעולה. אני שמח שהולך לכם טוב.
line:0f8bb606	Thats good to hear.	טוב לשמוע.
line:f5324d68	Thats really good to hear.	ממש טוב לשמוע.
line:063dcd4b	The ability to open up to someone, even occasionally...	היכולת להיפתח למישהו, ולו מדי פעם...
line:8919009a	The ambiance is nice.	האווירה נעימה.
line:08c850bf	The apothecary will tarnish my name for months.	הרוקח יכפיש את שמי במשך חודשים.
line:01b4161e	The breakup I went through earlier was rough.	הפרידה שעברתי הייתה קשה.
line:c932c99d	The breakup I went through earlier was rough.	הפרידה שעברתי הייתה קשה.
line:dd06ed39	The Burnswick Community College of Thaumaturgy, of course!	המכללה הקהילתית לתאומטורגיה של ברנסוויק, כמובן!
line:515099ec	The button on the wall, I mean.	הכפתור שעל הקיר, כלומר.
line:7fe73572	The clean was fine.	הרחיצה הייתה בסדר.
line:e8a38ed0	The college cannot find out about this okay?	אסור שהמכללה תגלה על זה, בסדר?
line:1a169dbc	The lights in the area are great too.	גם התאורה באזור נהדרת.
line:610dd8cb	The markers were fun.	נהנינו לשחק עם הטושים.
line:4b36ea4e	The most prestigious college hosting prestigious professors like me:	המכללה היוקרתית ביותר, עם פרופסורים יוקרתיים כמוני:
line:ec00a1fe	The mount? I... suppose!	המתקן? אני... מניח שכן!
line:94e04dcf	The mount? Sure!	המתקן? בטח!
line:d8273d7f	The night 'aint gonna start itself!	הערב לא יתחיל מעצמו!
line:1f2907ed	The rain has been unrelenting today!	הגשם לא פסק היום!
line:1804bf0a	The rain is nice.	הגשם נעים.
line:7e9a1f83	The stem is just extra food.	הגבעול הוא פשוט עוד אוכל.
line:c88244b5	The vibe at night is fuckin' great.	האווירה שם בלילה פשוט מעולה, לעזאזל.
line:d8a2002e	Then I better let you out!	אז כדאי שאוציא אותך!
line:d7b3cd09	Then- Have a productive day.	אז שיהיה לך יום עבודה פורה.
line:448afe95	There was a fault in his method.	היה פגם בשיטה שלו.
line:48d4a45a	There's this one red dragon, Conrad. He's... Hot headed, but cute.	יש דרקון אדום אחד, קונרד. הוא... חם מזג, אבל חמוד.
line:f4af8b88	Theres this club downtown. 'Wings'. It's an old favorite of mine.	יש מועדון במרכז העיר, וינגס. אהוב עליי כבר מזמן.
line:972f132f	These washes really make things easier.	הרחיצות האלה באמת מקלות על הכול.
line:352d1d6f	They cum	הם גומרים.
line:d78962e8	They cum	הם גומרים.
line:3200a588	They keep going	הם ממשיכים.
line:a31d1a18	They keep going	הם ממשיכים.
line:035e5be6	They seem cute!	הוא נראה חמוד!
line:454172b0	They took it too far.	הם הלכו רחוק מדי.
line:d7b49fb8	They were! The stem is my favorite part though.	הם היו טובים! אבל הגבעול הוא החלק האהוב עליי.
line:d156a87f	Think that's every spot.	נראה לי שניקיתי כל כתם.
line:fa1a1e76	Think that's it.	נראה לי שזהו.
line:3112adad	This drake at the bar... I was stupid. Couldn't shut my mouth.	דרקון אחד בבר... הייתי טיפש. לא הצלחתי לסתום את הפה.
line:bfd70320	This feels scandalous	זה מרגיש שערורייתי.
line:cb437bd0	This is a common practice?	זה נוהג מקובל?
line:831cbfda	This is a job only you can do.	זוהי עבודה שרק אתה יכול לעשות.
line:4944dbda	This is delicious!	זה טעים!
line:088893da	This is my first time with a Kobold.	זאת הפעם הראשונה שלי עם קובולד.
line:e218722c	This is my first time, actually!	זאת הפעם הראשונה שלי, למעשה!
line:9eb894ad	This is really nice..	זה ממש נעים..
line:c7e4e36f	This is the kind of shit I try to avoid!	זה בדיוק החרא שאני מנסה להימנע ממנו!
line:22929636	This place could use a makeover, I know would it could use!	המקום הזה צריך מתיחת פנים. אני יודע מה חסר לו!
line:b06e13bc	This soap isn't fitting for a professor don't you think?	הסבון הזה אינו הולם פרופסור, אינך חושב?
line:97841169	This was a nice escape.	כאן יכולתי לנשום.
line:5f02ceea	This was a wonderful escape...	זה היה מקום מפלט נפלא...
line:d45f4788	This was nice...	זה היה נעים...
line:418498cf	Those grapes looked good.	הענבים האלה נראו טוב.
line:e9d73205	Though every other wash I've been to at least has a mount	אבל בכל מקום אחר שהייתי בו היה לפחות מתקן.
line:29e70457	Though I can't say I am not curious	אם כי איני יכול לומר שאיני סקרן.
line:9c3e6004	Though you probably shouldn't eat them.	אבל לך כנראה עדיף לא לאכול אותם.
line:f1ca33da	title: Alexander_Done	title: Alexander_Done
line:3ed2f649	title: Conrad_OutroDone	title: Conrad_OutroDone
line:74c28add	title: ConradBeatup_OutroDone	title: ConradBeatup_OutroDone
line:722243c8	title: RyanDate_OutroDone	title: RyanDate_OutroDone
line:b4eee981	title: RyanExploded_OutroDone	title: RyanExploded_OutroDone
line:6298f08b	Told me about the time he got beat up.	הוא סיפר על הפעם שהרביצו לו.
line:ee954bd9	Told me to go to a wash, and was acting extremely offended.	אמרה לי ללכת לבית רחצה והתנהגה כאילו העלבתי אותה מאוד.
line:c66e1278	Tonight- on campus. The library is the large blue spire building.	הערב, בקמפוס. הספרייה היא הבניין עם הצריח הכחול הגדול.
line:434527c6	Truly terrible, no?	נורא ממש, לא?
line:5a5d646c	Truly?	באמת?
line:e3aa4e29	Truth be told, I got dirty to come here.	למען האמת, התלכלכתי כדי לבוא לכאן.
line:0979dea3	Uh, I'm still really soapy!	אממ, אני עדיין ממש מלא סבון!
line:05bbe58c	Uh-huh, I'll go get the gate	ממ־המ, אלך לפתוח את השער.
line:7de638fb	Uh... Hello?	אממ... שלום?
line:7de9b3a4	Uh... uhm...	אה... אממ...
line:159c5c1f	Uh... Yeah.	אממ... כן.
line:2089db44	Uhhhm we're not exactly.	אממ, לא בדיוק.
line:3ed62e6b	Uhm, no, I'll just be REALLY upset.	אממ, לא. אני פשוט אהיה ממש מאוכזב.
line:f0a579a5	Uhm...	אממ...
line:cc295885	uhm... <size=60%>no?	אממ... <size=60%>לא?
line:29237bc3	Use the crowbar to open and place it in storage, would you?	פתח את הארגז במוט הברזל ושים אותו במחסן, בסדר?
line:1ec0dc6a	Use the sprayer on the wall to wash me off.	תשתמש במתז שעל הקיר כדי לשטוף אותי.
line:a716d3b8	Uunf. T-that was... Rather undignified.	אונף. ז־זה היה... לא מכובד במיוחד.
line:a37177dd	V-very well. I'll try.	ב־בסדר גמור. אנסה.
line:209ddf97	Very cool	מאוד מגניב.
line:2f10f572	Very well. Don't let me interrupt the wash then!	טוב מאוד. אז לא אפריע לרחיצה!
line:7678511c	Wah- huh- <size=80%>oah. <size=60%>we don't-	מה... אה... <size=80%>וואו. <size=60%>אנחנו לא...
line:82e2c158	Wait a sec, I need to open the gate.	רגע, אני צריך לפתוח את השער.
line:9c7a2fb7	Wait a sec, I need to open the gate.	רגע, אני צריך לפתוח את השער.
line:8ab5686b	Was great! Ryan is a sweetheart.	מצוין! ראיין מקסים.
line:d8c9f912	Was just doing my job!	רק עשיתי את העבודה שלי!
line:148a63c8	Was just trying to play along. Happy to see you!	רק ניסיתי לזרום עם הבדיחה. שמח לראות אותך!
line:56261ccb	Was still good though! I like how it feels sliding down.	אבל זה עדיין היה טוב! אני אוהב את התחושה כשהוא מחליק למטה.
line:4d002f47	Was... <i>Really</i> upset I was muddy.	היא הייתה... <i>ממש</i> נסערת מזה שהייתי בוצי.
line:014b5da5	Watch where those paws are going would you?	תשים לב לאן הכפות האלה הולכות, טוב?
line:3028feb5	We also had sex after our date.	גם עשינו סקס אחרי הדייט.
line:d132db41	We can just lay here...	אפשר פשוט לשכב כאן...
line:4da8b942	We can make an opening.	נמצא לך מקום.
line:8c563ab8	We can make an opening.	נמצא לך מקום.
line:33a79dbe	We do! Are you... from the college...?	כן! אתה... מהמכללה...?
line:b83ec453	We got your request for the mount!	קיבלנו את הבקשה שלך למתקן!
line:8b7b8d6b	We went out to eat. Had some good conversation.	יצאנו לאכול והייתה לנו שיחה ממש טובה.
line:74706bb3	We will need to clean the floors...	נצטרך לנקות את הרצפה...
line:df8fb8c9	We'll be going out to this seafood place-	אנחנו הולכים למסעדת פירות ים...
line:110a2ced	Welcome back!	ברוך שובך!
line:b042f12a	Welcome back!	ברוך שובך!
line:c46f5033	Well great, I appreciate your discretion, I'll be headed off to the apothecary.	מצוין, אני מעריך את הדיסקרטיות. אני יוצא אל הרוקח.
line:08f40e32	Well I had a good time, see you later then!	ובכן, היה לי נעים מאוד. אז נתראה!
line:c1e8b05d	Well I had a good time, see you later then!	ובכן, היה לי נעים מאוד. אז נתראה!
line:fcff7b00	Well, go to the window and speak with your customer.	ובכן, גש לחלון ודבר עם הלקוח שלך.
line:fc1e497a	Well, good luck getting your hands around all of me.	טוב, בהצלחה להקיף את הכול עם הידיים שלך.
line:60f14972	Well, I do enjoy the color. But I believe that is unrelated to my hue.	ובכן, אני אוהב את הצבע. אך איני חושב שזה קשור לצבע שלי.
line:c9f270de	Well, I'm a dragon- but... You know what I mean.	בעצם, דרקון, אבל... אתה מבין למה אני מתכוון.
line:f7f87f6c	Well, That's why I'm here!	ובכן, בשביל זה אני כאן!
line:629d89d1	Well, yes. I mean more... Primally?	ובכן, כן. אני מתכוון במובן... יצרי יותר?
line:8aa0fc1a	Well, you are one hell of a catch.	ובכן, כל אחד יהיה בר מזל להיות איתך.
line:5d34e715	Well, you better get one then!	אז כדאי שתשיג אחד!
line:f16e75f3	Well...	ובכן...
line:a71a8385	Went to the bar... Things got spicy. You can imagine what happened next... <size=70%>Hah...	הלכנו לבר... האווירה התחממה. אתה יכול לדמיין מה קרה אחר כך... <size=70%>הא...
line:2e0ec324	Wha..?	מה...?
line:29ec93b2	Whaaat. Nothing wrong with it! figured you'd like to know.	מההה? אין בזה שום דבר רע! חשבתי שתרצה לדעת.
line:18e5a573	Whaaat? It's good to make sure you're warmed up!	מההה? טוב לוודא שאתה מחומם!
line:bd66082e	What about a movie?	מה דעתך על סרט?
line:ee3c126b	What about your private washers?	ומה עם הרוחצים הפרטיים שלך?
line:871137eb	What about?	על מה?
line:bb3b6c71	What brings you in so late?	מה מביא אותך בשעה כזאת?
line:2dd518f0	What do you mean?	למה אתה מתכוון?
line:2fae1274	What do you mean?	למה אתה מתכוון?
line:3c2c53dc	What do you mean?	למה אתה מתכוון?
line:838cdf1b	What do you think of me?	מה אתה חושב עליי?
line:c2bdc402	What does the number 7 taste like?	מה הטעם של המספר 7?
line:56fc085a	What happened!?	מה קרה?!
line:0bc56d4d	what happened?	מה קרה?
line:8c3b76ea	What is it?	מה היא?
line:44b711a0	What is..	מה זה..
line:53301d3b	What kind of egg was that?	איזו מין ביצה זאת הייתה?
line:073701b7	What kind of movie are you thinking?	על איזה סרט אתה חושב?
line:03cf1c9a	What kind of question?	איזו שאלה?
line:003700c7	What kinds of classes do you teach?	אילו מקצועות אתה מלמד?
line:e2406cc4	What now?	מה עכשיו?
line:0c583118	What was in those opened crates?	מה היה בארגזים הפתוחים האלה?
line:5a195ff2	What!? that's terrible! You don't even have a mount...?	מה?! נורא! אין לך אפילו מתקן...?
line:8ebd442e	What's got you looking so happy?	למה אתה נראה מאושר כל כך?
line:fc7aaaa0	What's teaching like?	איך זה ללמד?
line:f99840cd	What's that?	מה זה?
line:1a0b719d	What's up?	מה קורה?
line:29359884	What's up?	מה קורה?
line:8d5c7802	What's up?	מה קורה?
line:712f9d7c	what?	מה?
line:766c2abd	What? All the best places do it!	מה? כל המקומות הטובים עושים את זה!
line:159a1d54	What? I'm a professor! Can't you tell from my crest?	מה? אני פרופסור! אינך רואה לפי הסמל שלי?
line:9aa86a9b	What? There is no harm caused by a genuine compliment!	מה? אין שום נזק במחמאה כנה!
line:b2fe309b	Whats got you in a good mood?	למה מצב הרוח הטוב?
line:93a145d4	Whats up, big guy?	מה יש, גדול?
line:4efe8211	Whats up?	מה יש?
line:866cd495	Whats up?	מה יש?
line:bfc04b3a	Whats up?	מה יש?
line:e01885c3	Whats up?	מה יש?
line:f7d786b6	Whats with all the... Gloop?	מה זה כל ה... דביק הזה?
line:c4c81aa9	Whats your favorite part about him?	מה אתה הכי אוהב בו?
line:ff6ef027	When do you actually end the relationship?	מתי אתה באמת מסיים אותו?
line:2ffe284b	When I met him at first I was falling back on my old script.	כשרק פגשתי אותו, חזרתי להרגלים הישנים שלי.
line:eb019075	When you're done go ahead and hit the button.	כשתסיים, פשוט תלחץ על הכפתור.
line:5d4e9392	Where did he go...?	לאן הוא נעלם...?
line:7af04961	Where would you like to go?	לאן תרצה ללכת?
line:7e9389a7	Which college?	איזו מכללה?
line:2d315c6c	Who knew a dragon could get so dirty, huh?	מי היה מאמין שדרקון יכול להתלכלך כל כך, אה?
line:a97338b0	Who knew places such as this existed so readily available to the public!	מי היה מאמין שמקומות כאלה זמינים כל כך לציבור!
line:8b7915f4	Who's that?	מי זה?
line:ebd63f8c	Who's there?	מי שם?
line:eea7573f	Whoa! Cold!	וואו! קר!
line:1acbd02a	Whoops	אופס.
line:5a6c0d31	Whoops	אופס.
line:afc6c00a	Whoops	אופס.
line:c30013ff	Whoops	אופס.
line:9df56a3a	why are you here so late?	למה באת כל כך מאוחר?
line:bb8583c1	With Ryan, I'm pretty sure we're gonna go on a date tonight.	אני די בטוח שראיין ואני נצא לדייט הערב.
line:c236bdf9	Woah. Uhm.	וואו. אממ.
line:390f05be	Woah... What is that in your mouth?	וואו... מה יש לך בפה?
line:4b93b009	Woah... You want me to use that? Even with the food? Alright!	וואו... אתה רוצה שאשתמש בזה? אפילו עם האוכל כאן? בסדר!
line:4cacfab8	Wonderful to hear you're seeing someone!	נפלא לשמוע שאתה יוצא עם מישהו!
line:f6fdf321	Wonderful to hear you're seeing someone!	נפלא לשמוע שאתה יוצא עם מישהו!
line:7e2421b6	Wonderful to hear.	נפלא לשמוע.
line:36d49875	Wonderful!	נפלא!
line:6046bedf	Wonderful!	נפלא!
line:ab423ac7	Wonderful!	נפלא!
line:5a9abbd4	Wonderful. Have a <i>productive</i> day.	נפלא. שיהיה לך יום <i>פורה</i>.
line:ec771552	Woops.	אופס.
line:51bcff68	Would that interest you?	זה יעניין אותך?
line:8c8591ec	Would you care to join me at the college library this evening...?	תרצה להצטרף אליי לספריית המכללה הערב...?
line:985436e6	Wouldn't that be degrading?	זה לא משפיל?
line:1e027369	Wow thanks, that feels good.	וואו, תודה, זה נעים.
line:737184f5	Wow!	וואו!
line:ead1bf44	Wow, it's an experience seeing you eat like that.	וואו, לראות אותך אוכל ככה זאת חוויה.
line:5da1e074	Y'know?	מבין?
line:79352475	Ya.	כן.
line:f6c14e05	Ya.	כן.
line:b6add8e0	Yea! I do!	כן! נכון!
line:b44edd29	Yeaaah I'm not sticking with that one.	כןןן, אני לא אשאר עם הכינוי הזה.
line:7a471225	Yeaaah.	כןןן.
line:5483c5fd	Yeah	כן.
line:3a5d5ca4	Yeah he seems like he'd push some buttons.	כן, הוא נראה כמו מישהו שיודע לעורר תגובה.
line:63024a1f	Yeah he's improved a lot.	כן, הוא השתפר מאוד.
line:5847a779	Yeah I have.	כן, דיברתי איתו.
line:f3b5952a	Yeah I'm happy too.	כן, גם אני מאושר.
line:fb47f998	Yeah it go BRRT haha.	כן, הוא עושה ברררט, חחח.
line:eef9b2bb	Yeah It's fine. Sorry.	כן, הכול בסדר. סליחה.
line:fbc80e96	Yeah let me get that for you.	כן, אפתח לך.
line:f212b2de	Yeah so I'm all muddy and stuff, love romping around in the public park.	כן, אני מלא בוץ וכל זה. אני אוהב להשתולל בפארק הציבורי.
line:108de471	Yeah that sounds pretty good.	כן, זה נשמע טוב.
line:fdd800c2	Yeah! clean as always.	כן! נקי כתמיד.
line:dee4a32d	Yeah! Conrad, he's adorable. Though he'd hate I said that.	כן! קונרד, הוא מקסים. אף שהוא ישנא לשמוע שאמרתי את זה.
line:ab1bc039	Yeah! I feel clean.	כן! אני מרגיש נקי.
line:6733a3df	Yeah! I'm going on a date with him soon.	כן! אני יוצא איתו לדייט בקרוב.
line:66727cce	Yeah! It has food that should be good for both of us.	כן! יש כאן אוכל שאמור להתאים לשנינו.
line:b482634c	Yeah! its useful.	כן! זה שימושי.
line:da9cfdcf	Yeah! Just went on a date with Conrad.	כן! הרגע יצאתי לדייט עם קונרד.
line:3f153aaf	Yeah! Just went on a date with Ryan.	כן! הרגע יצאתי לדייט עם ראיין.
line:77ca2316	Yeah! Thanks for the food. I'll go get the gate.	כן! תודה על האוכל. אפתח את השער.
line:c87d632b	Yeah! That would be amazing.	כן! זה יהיה מדהים.
line:71c0ee9a	Yeah, ever since the breakup I've been looking for something new.	כן, מאז הפרידה אני מחפש משהו חדש.
line:bee397db	Yeah, he's so kind to me.	כן, הוא ממש טוב אליי.
line:4815ddba	Yeah, I've got one.	כן, יש לי.
line:24efaa49	Yeah, me too. He's real nice.	כן, גם אני. הוא ממש נחמד.
line:6fa847ba	Yeah, nah. Mate you gotta get in on this. I'll pay good!	נו, לא, חבר. אתה חייב להיכנס לזה. אשלם טוב!
line:266f699d	Yeah, taste good!	כן, זה טעים!
line:67cc394b	Yeah, that was scary at first.	כן, בהתחלה זה היה מפחיד.
line:a9980f5e	Yeah, this has been super nice.	כן, היה ממש נעים.
line:54c44240	Yeah, you're right.	כן, אתה צודק.
line:bb1827c7	Yeah- Though only if you want!	כן... אבל רק אם אתה רוצה!
line:7311dc01	Yeah.	כן.
line:95e2f7cc	Yeah.	כן.
line:9fd5b834	Yeah. <size=90%>Oh- <size=80%>you know. I'm like... <size=70%>Haha. Yeah. Mhm!	כן. <size=90%>אה... <size=80%>אתה יודע. אני כזה... <size=70%>חחח. כן. ממ־המ!
line:a28a70c6	Yeah. At least I got to meet you because of it.	כן. לפחות בזכות זה הכרתי אותך.
line:e5937e30	Yeah. I like fish!	כן. אני אוהב דגים!
line:0372e0d1	Yeah. It wasn't too expensive.	כן. זה לא היה יקר מדי.
line:6804839d	Yeah. It's hard to unwind groups after something like that.	כן. קשה להתיר קשרים בין קבוצות חברים אחרי דבר כזה.
line:6e0e4e11	Yeah. You two will be cute.	כן. תהיו חמודים יחד.
line:616121a9	Yeah...	כן...
line:f244d080	Yeah... He's really great.	כן... הוא באמת נהדר.
line:5bab2df8	Yeah... I've never gone on a date with a kobold before.	כן... מעולם לא יצאתי לדייט עם קובולד.
line:8eeb7e28	Yeah... It really isn't.	כן... זה באמת לא קל.
line:039a0c83	Yeah?	כן?
line:2fb3fe55	Yeah?	כן?
line:92bd78f3	Yeah?	כן?
line:3690a3eb	Yeah? I don't even see a mount.	כן? אני אפילו לא רואה מתקן.
line:ea2adb20	Yeah? tell me about it!	כן? ספר לי!
line:78eccd9b	Yellow lime.	ליים צהוב.
line:5fd7bc69	Yep!	כן!
line:b6c878fa	Yep!	כן!
line:fcff76d4	Yep! I'll get the gate.	כן! אפתח את השער.
line:3cdcbd4a	Yes	כן.
line:991dc643	Yes	כן.
line:e535cacb	Yes	כן.
line:fb4265f7	Yes	כן.
line:4ab6c5a9	yes	כן
line:db98be35	Yes right this way.	כן, מכאן.
line:52010e35	YES!	כן, בהחלט!
line:c4310942	Yes!	כן!
line:d5f94e23	Yes!	כן!
line:5592e639	Yes, welcome to Drag'N Wash!	כן, ברוך הבא ל־Drag'N Wash!
line:f676b9a8	Yes, welcome to Drag'n wash!	כן, ברוך הבא ל־Drag'N Wash!
line:a610ce0b	YES.	כן!
line:85fd5266	Yes.	כן.
line:152cb8ad	Yes. I'm in need of a clean. The situation is rather dire!	כן. אני זקוק לרחיצה. המצב דחוף למדי!
line:c4595dd5	Yes. It's invigorating to be so candid.	כן. מרענן להיות גלוי כל כך.
line:d7e50f2d	Yes..	כן..
line:5811655d	Yes... But I believe we need to clean the floors.	כן... אבל נראה לי שנצטרך לנקות את הרצפה.
line:9444cdba	Yip	ייפ.
line:14d2c62f	Yip!	ייפ!
line:296ff3f4	Yip!	ייפ!
line:3d516ddb	Yip!	ייפ!
line:3e870ad0	Yip!	ייפ!
line:5544e245	Yip!	ייפ!
line:5efde4e2	Yip!	ייפ!
line:c3e1f198	Yip!	ייפ!
line:e662501c	Yip!	ייפ!
line:5e181cf4	Yip! <size=70%>(Gate)	ייפ! <size=70%>(שער)
line:b12a3f31	Yip! <size=70%>(idk)	ייפ! <size=70%>(לא יודע)
line:a8ee5236	Yip! <size=70%>(It's because the dormant part of your draconic mind is remembering the deep set language bridge between your kind and mine. Which carries the deep meaning and intention of kobold 'Yips' within it. This sudden understanding of yours is simply from our connection growing over time and activating that part of your mind.)	ייפ! <size=70%>(זה משום שחלק רדום בתודעה הדרקונית שלך נזכר בקשר הלשוני העמוק בין מינך למיני, שנושא את המשמעות והכוונה העמוקות של ה״ייפים״ הקובולדיים. ההבנה הפתאומית הזאת נובעת פשוט מהקשר שלנו, שהתחזק עם הזמן והפעיל את החלק הזה בתודעתך.)
line:5935a413	Yip! <size=70%>(Yes)	ייפ! <size=70%>(כן)
line:f1c14f75	Yip-Man - The Final Yip	ייפ מן: הייפ האחרון.
line:4b9046ec	Yip-Man movies are real corny...	הסרטים של ייפ מן די קיטשיים...
line:3d6b2203	You again?	שוב אתה?
line:81416c72	You already are, whats up?	אתה כבר שואל. מה קרה?
line:6fbc3c1b	You also do <i>special endings</i> here, yeah?	אתם עושים כאן גם <i>סיומים מיוחדים</i>, כן?
line:e553c773	You also introduced me to Conrad.	וגם הכרת לי את קונרד.
line:feb8727e	You always make me feel welcomed.	אתה תמיד גורם לי להרגיש רצוי.
line:563d71ba	You are too!	גם אתה!
line:4efafbb0	You are very skilled with your hands	הידיים שלך מיומנות מאוד.
line:0dd63830	You brought food in?	הבאת אוכל?
line:38043f6c	You can act however you like around me.	בחברתי אתה יכול להתנהג איך שתרצה.
line:3fbd01fb	You can come in whenever!	אתה יכול לבוא מתי שתרצה!
line:0eb37f1a	You can stay here if you want.	אתה יכול להישאר כאן אם תרצה.
line:ecc04e16	You decide!	אתה תחליט!
line:19698f13	You didn't even open the watermelon.	אפילו לא פתחת את האבטיח.
line:7e8c1ae2	You do know how to use your hands pretty well.	אתה בהחלט יודע להשתמש בידיים.
line:7023b6b4	You don't deserve that.	לא מגיע לך יחס כזה.
line:c0cc0f2d	You got a medkit?	יש לך ערכת עזרה ראשונה?
line:c2b3c28a	you know about getting back into the dating scene...	אתה יודע, על לחזור לצאת לדייטים...
line:512df07c	You know what that means.	אתה יודע מה זה אומר.
line:e613cbe3	You know what that means...	אתה יודע מה זה אומר...
line:73e4789c	You know... This environment is rather pleasant. Very... proletarian.	אתה יודע... הסביבה הזאת נעימה למדי. מאוד... פרולטרית.
line:404b17ef	You look good this clean!	אתה נראה טוב כשאתה נקי ככה!
line:780c151c	You needn't worry. The washer's union is... More powerful than I.	אין צורך לדאוג. איגוד הרוחצים... חזק ממני.
line:3fab049a	You probably shouldn't.	כנראה עדיף שלא.
line:0bc044da	You ready for this?	אתה מוכן לזה?
line:f0a0565a	You ready to go back in to the club?	מוכן לחזור למועדון?
line:c0e34d36	You really ate that entire thing... Woah.	באמת אכלת את כל זה... וואו.
line:82cf49aa	You seemed to enjoy yourself.	נראה שנהנית.
line:ba66095e	You set a good example.	אתה נותן דוגמה טובה.
line:6c2a1901	You should be all clean!	אתה אמור להיות נקי לגמרי!
line:36779352	You should be.	כדאי לך.
line:86154a64	You should feel it and check for me	תיגע בו ותבדוק בשבילי.
line:20503ab0	You sure? It's not like... fun stuff.	אתה בטוח? זה לא ממש... נושא כיפי.
line:0a0d6bc0	You too! I'll go get the gate.	גם אני! אפתח את השער.
line:e3106999	You too. Thanks for the wash.	גם אני. תודה על הרחיצה.
line:fc97aa74	You too. Thanks for the wash.	גם אני. תודה על הרחיצה.
line:5e4d645c	You two are really cute together...	אתם ממש חמודים יחד...
line:b76a2a43	You were really going at it.	ממש נתת את כולך.
line:83aa1a23	You work at a college?	אתה עובד במכללה?
line:85fa0d03	You'd need a dragon stomach first!	קודם תצטרך קיבה של דרקון!
line:ebd2af6b	You'll have to give me all the Ryan details soon.	בקרוב תצטרך לתת לי את כל הפרטים על ראיין.
line:6c71dd83	You'll have to tell me all about it.	תצטרך לספר לי הכול.
line:91ab30f5	You'll have to tell me how you two work out!	תצטרך לספר לי איך הולך ביניכם!
line:ffeff59b	You'll have to tell me more inside.	תצטרך לספר לי עוד בפנים.
line:5eb243c2	You'll like it.	אתה תאהב את זה.
line:6acf7c77	You'll need to let them in afterwards of course.	אחר כך תצטרך להכניס אותו, כמובן.
line:6b63d2d8	You'll take care of everything?	אתה תטפל בהכול?
line:f2527ed7	You're <i>spotless.	אתה <i>מצוחצח.
line:23ae97e6	You're a big deal	אתה שם דבר.
line:323e546b	You're a good friend too, I'll go get the gate.	גם אתה חבר טוב. אפתח את השער.
line:44e97be7	You're always welcome here, Ryan.	אתה תמיד רצוי כאן, ראיין.
line:09e5bf43	You're cute by the way.	אתה חמוד, דרך אגב.
line:277d8257	You're fine. Thank you.	הכול בסדר. תודה.
line:8c269acb	You're going to love it.	אתה תאהב את זה מאוד.
line:173782fa	You're good at it.	ואתה עושה אותה היטב.
line:1dca8fa0	You're just a very comfortable person to be around.	פשוט נעים לי מאוד בחברתך.
line:42124159	You're just a very comfortable person to be around.	פשוט נעים לי מאוד בחברתך.
line:d3b6d22a	You're kind. It's more than I deserve.	אתה נחמד. יותר ממה שמגיע לי.
line:ca72bf2d	You're okay. You're clearly going through a lot.	זה בסדר. ברור שעובר עליך הרבה.
line:68887509	You're one of my favorite clients!	אתה אחד הלקוחות האהובים עליי!
line:c4cc497f	You're pretty hot.	אתה די סקסי.
line:b6603dc7	You're right. I shouldn't pry.	אתה צודק. לא הייתי צריך לחטט.
line:31ab814e	You're right... Theres no way you could.	אתה צודק... אין לך דרך לדעת.
line:470cd652	You're the first person I've met who's only expectation is for me to be...	אתה האדם הראשון שפגשתי שהציפייה היחידה שלו ממני היא שאהיה...
line:f718a7eb	You're the professor here. Must be correct.	אתה הפרופסור כאן. אתה בטח צודק.
line:15f55959	You're very sweet.	אתה מקסים.
line:bc6cc4d2	You're very sweet.	אתה מקסים.
line:6289a322	You're very welcome.	בשמחה רבה.
line:39ddd682	You're...	אתה...
line:6e94f373	You're... cool.	אתה... מגניב.
line:61c96494	You're... Not that dirty.	אתה... לא מלוכלך עד כדי כך.
line:8bab3246	You're... very forward.	אתה... מאוד ישיר.
line:3bbab759	You've gotta keep me updated on you and Ryan, yeah?	אתה חייב לעדכן אותי לגביך ולגבי ראיין, טוב?
line:a5a8a9d5	Your crest is cool. What is it?	הסמל שלך יפה. מה הוא?
line:3890b91c	Your date with Ryan.	הדייט שלך עם ראיין.
line:82109412	Your secret's safe with me.	הסוד שלך שמור איתי.
line:ed8e7994	Yours doesn't. It's nice.	שלך לא. זה נעים.
line:016a65e8	Yuh, that's me.	כן, זה אני.
line:38eb6d26	Yup!	כן!
line:7ac62718	Yup. I like it.	כן. אני אוהב את זה.
