# line ID	exact English source	translation (English A-Z then ID)
line:39fd52f1	'Ey big dog.	Čau, hafane.
line:918d7820	'Ey big kobold.	Čau, velkej kobolde.
line:155c00eb	'think', 'On the way here'? Then you weren't covered in ink before...	„Myslím“, „cestou sem“? Takže předtím jste od inkoustu nebyl...
line:15bcd86c	'Yes way', There is nothing I am more certain of.	„To snad ano.“ Ničím si nejsem jistější.
line:4d49ae72	'Yes way', There is nothing I am more certain of.	„To snad ano.“ Ničím si nejsem jistější.
line:25f35611	---	---
line:4b9b3a43	---	---
line:97ab84a8	---	---
line:db5b3129	---	---
line:e2f28daa	---	---
line:3d2df033	..	..
line:8c0e2d04	..	..
line:b36eb839	..	..
line:03d2f0bb	...	...
line:045f5836	...	...
line:1113335e	...	...
line:227eda5e	...	...
line:30a74521	...	...
line:4810891f	...	...
line:4da86a7a	...	...
line:610824ef	...	...
line:6757e4a0	...	...
line:695ef750	...	...
line:7426a997	...	...
line:759a495e	...	...
line:7e189c92	...	...
line:812700a5	...	...
line:848f5cd8	...	...
line:85f39b27	...	...
line:9504ba33	...	...
line:a6531779	...	...
line:b59e9091	...	...
line:b7f0551c	...	...
line:c272e55f	...	...
line:cdb8d8db	...	...
line:cfe4b91d	...	...
line:d6483230	...	...
line:d90d368f	...	...
line:d9516fdd	...	...
line:dd197e7c	...	...
line:decf872a	...	...
line:e9d40a5c	...	...
line:20f87f8d	... A class which I'm teaching rather soon.	... A zanedlouho mám hodinu.
line:4815d919	... Being a bit of a jerk honestly.	...Upřímně jsem byl trochu kretén.
line:11bfce3b	... I thought we were good friends, we have sex all the time!	...Myslel jsem, že jsme dobří kámoši. Vždyť spolu pořád máme sex!
line:1bebf328	... Thank you..	...Děkuju...
line:a8eb78ed	... you're done? I'm still dirty..	...Už jsi skončil? Pořád jsem špinavej...
line:ef611d11	... you're done? I'm still soapy..	...Už jsi skončil? Pořád jsem od mýdla...
line:496134bc	...!	...!
line:7cc45755	...!	...!
line:6585925d	...<i><size=70%>I have one on him at least.	...<i><size=70%>Mně se teda líbí určitě.
line:e2ea4ead	...A wash for our date tonight.	...Umytí před naším dnešním randem.
line:048d7f84	...About what I said earlier.	...K tomu, co jsem předtím říkal.
line:55d1f6ef	...and nice.	...a milej.
line:79a1a205	...But not in like a bad weird way.	...Ale ne nějak zle nebo divně.
line:3592632e	...It's intimidating knowing how much they look up to me.	...Je děsivé vědět, jak moc ke mně vzhlížejí.
line:7e08544c	...It's odd being able to speak so freely with someone.	...Je zvláštní moci s někým mluvit tak otevřeně.
line:f0cb8389	...No	...Ne.
line:92601622	...Okay, come in	...Dobře, pojď dál.
line:e381559c	...Thank you for this.	... Děkuji vám za to.
line:b7b5f7fb	...Thanks.	... Díky.
line:dbab7a39	<b><i><size=130%>Did you suggest Ryan to Conrad?	<b><i><size=130%>Doporučil jsi Conradovi Ryana?
line:36ff6bd9	<gradient="gold"><b> I know a dragon, Ryan. I could get you two in contact? </b></gradient><size=70%>(Unlocks Conrad/Ryan hookup OR Ryan romance)	<gradient="gold"><b> Znám jednoho draka, Ryana. Mohl bych vás seznámit? </b></gradient><size=70%>(Odemkne vztah Conrada a Ryana NEBO románek s Ryanem)
line:7e9d40e6	<gradient="gold"><b> I wouldn't mind hanging out... </b></gradient><size=70%> (Unlocks Conrad romance)	<gradient="gold"><b> Klidně bych s tebou někam zašel... </b></gradient><size=70%> (Odemkne románek s Conradem)
line:a0e49f02	<gradient="gold"><b> I wouldn't mind! </b></gradient><size=70%> (Will lead to Alexander romance!)	<gradient="gold"><b> Rád přijdu! </b></gradient><size=70%> (Vede k románku s Alexandrem!)
line:0371fb9c	<gradient="gold"><b> I'm going to be busy tonight. Sorry. </b></gradient><size=70%> (Will lead to no romance!)	<gradient="gold"><b> Dnes večer budu mít práci. Promiňte. </b></gradient><size=70%> (Vede k závěru bez románku!)
line:f5a81524	<gradient="gold"><b>I don't have anyone off the top of my head.</b></gradient><size=70%> (Locks in Conrad romance!)	<gradient="gold"><b>Teď mě nikdo nenapadá.</b></gradient><size=70%> (Potvrdí románek s Conradem!)
line:bedc761d	<gradient="gold"><b>I know this one red dragon. I think you'd like him! </b></gradient><size=70%> (Hooks up Ryan with Conrad!)	<gradient="gold"><b>Znám jednoho červeného draka. Myslím, že by se ti líbil! </b></gradient><size=70%> (Dá Ryana dohromady s Conradem!)
line:e104b8e4	<gradient="gold"><b>Oh. Uhm. <size=70%> I wouldn't mind... If I was that someone. </b></gradient><size=70%> (Locks in Ryan romance!)	<gradient="gold"><b>Aha. Ehm. <size=70%> Nevadilo by mi... být tím někým já. </b></gradient><size=70%> (Potvrdí románek s Ryanem!)
line:36073321	<gradient="yellow - orange"><size=140%>HEY! </gradient><size=100%>This is the cleaning place, ya?	<gradient="yellow - orange"><size=140%>HEJ! </gradient><size=100%>Tady se myje, jo?
line:c777ce0c	<i> that feels nice...</i>	<i>To je příjemné...</i>
line:e56dd423	<i><size=70%>uh oh.. and the books	<i><size=70%>Jejda... a knihy.
line:d67b1098	<i>I like spraying you with water.	<i>Rád tě stříkám vodou.
line:ad5d633a	<i>Oh...	<i>Ach...
line:22b5941e	<i>Oh.</i> I don't think I'm ready for that just yet.	<i>Aha.</i> Myslím, že na to ještě nejsem připravený.
line:cacbff51	<i>Ooooh. </i>The mount? Hell yeah, man.	<i>Ooo. </i>Kozlík? Kurva jo, kámo.
line:04b7ce44	<i>This</i> isn't your fault, Conrad.	<i>Tohle</i> není tvoje chyba, Conrade.
line:72b244b7	<size=100%> That felt damn good!	<size=100%> To bylo zatraceně dobrý!
line:78cc49e8	<size=100%>I mean- Cool.	<size=100%>Teda... Paráda.
line:e48243c0	<size=140%> FUCK YEAH!	<size=140%> KURVA, JO!
line:f474ffa9	<size=140%>HEY, <size=100%>lookin' for a wash.	<size=140%>ČAU, <size=100%>potřebuju umýt.
line:9d458e88	<size=160%>HELL YEAH!	<size=160%>KURVA JO!
line:f5462edf	<size=60%> that's hot.	<size=60%>To je sexy.
line:7c745c31	<size=70%> A big dragon giving me control. Woah.	<size=70%>Velký drak mi přenechává vedení. Páni.
line:53d71f27	<size=70%> And for me.	<size=70%> A kvůli sobě.
line:4fe271cc	<size=70%> woah.	<size=70%>Páni.
line:e53b1bd3	<size=70%><i> holy shit, I just bagged a date with a dragon.	<size=70%><i>Ty kráso, právě jsem si domluvil rande s drakem.
line:c4384e8e	<size=70%><i>but it was nice... Thank you.	<size=70%><i>Ale příjemné... Děkuji vám.
line:ec0e5330	<size=70%><i>feel free to continue-</i>	<size=70%><i>Klidně pokračujte...</i>
line:e77c1f79	<size=70%><i>oah-</i> no that's really cool actually.	<size=70%><i>Jé-</i> ne, naopak, to je moc fajn.
line:a618f9c2	<size=70%><i>Woah...	<size=70%><i>Páni...
line:ad460e4b	<size=70%><i>Yeah?	<size=70%><i>Vážně?
line:c25d1c85	<size=70%>They're still on my payroll.	<size=70%>Stále je platím.
line:22deeef6	==	==
line:67fa34ad	==	==
line:a8e2f13e	==	==
line:ce938344	==	==
line:e41244bf	==	==
line:497d3f67	A few days ago...	Před pár dny...
line:c570a462	A rather good excuse to see my favorite kobold.	Docela dobrá záminka navštívit svého oblíbeného kobolda.
line:5d2d16e0	A really good friend?	Opravdu dobrého kamaráda?
line:df4d3810	About earlier.	K tomu předtím.
line:1a5e1ba4	Act what way?	Jak chovat?
line:cc532c02	After his spontaneous conflagration, I made sure to give him privacy.	Po jeho samovolném vzplanutí jsem mu zajistil soukromí.
line:a983ffa3	Again...?	Znovu...?
line:8e34b87d	Agreed, though I'd still like to be let in as soon as convenient.	Souhlasím, ale přesto bych rád dovnitř, jakmile to bude možné.
line:934a1d5a	Ah yeah, that's the stuff.. keep at it.	Á jo, to je ono... Nepřestávej.
line:e216aee0	Ah, good.	Výborně.
line:9b26ac5f	Ah, I see the button there, gotcha!	Aha, vidím tam to tlačítko. Jasně!
line:7f3fe9f9	Ah, sorry, I'm passionate about such things.	Ach, promiňte, tyhle věci mě velmi zajímají.
line:bf2a8309	Ah, the grime did sting a little, thank you.	Ach, ta špína trochu štípala. Děkuji.
line:ebdb9888	Ah, yeah, those types are pretty cute.	Jo, takoví bývají docela roztomilí.
line:b920f205	Ah. Do not worry.	Ach. Nedělejte si starosti.
line:a98d068c	Ah. Okay nevermind I'm not sorry then.	Aha. Tak nic, v tom případě se neomlouvám.
line:6de2c490	Ah...	Aha...
line:4d6b365e	Ahh, all cleaned and with a lighter load.	Áá, celej čistej a o pořádnou nálož lehčí.
line:20f96302	Alexander!	Alexandere!
line:f167e3d7	Alexander!	Alexander!
line:fe3996b8	Alexander!	Alexandere!
line:af7db134	Alexander...?	Alexandere...?
line:eb7cf9e5	All clean...	Celej čistej...
line:f57fc630	All done!	Hotovo!
line:0b734d82	All self respecting washers know how to please a dragon.	Každý myč, který si váží sám sebe, ví, jak uspokojit draka.
line:599ffb25	Already got seats at that bar I mentioned earlier.	Už mám místa v tom baru, o kterým jsem ti říkal.
line:642ddea3	Alright alright... Then I think I'd like to use it?	Dobře, dobře... Tak bych ho asi rád použil?
line:c7b3a185	Alright! I'll go get the gate.	Dobře! Otevřu ti bránu.
line:7279121a	Alright! I'll go get you the gate.	Dobře! Otevřu vám bránu.
line:4fc4259c	Alright! I'm ready to go.	Tak jo! Jsem připravenej vyrazit.
line:a722d0fa	Alright, go get the gate and I'll head out to the spot!	Dobře, otevři bránu a já tam vyrazím!
line:d04df8f8	Alright, I'll cya!	Tak jo, měj se!
line:4766af08	Alrighty! That should be it.	Tak jo! To by mělo být všechno.
line:797ca540	Alrighty. All clean.	Tak jo. Všechno čisté.
line:c4cb161a	Although grapes have always hit a specific craving.	Ale hrozny vždycky uspokojí jednu moji zvláštní chuť.
line:dc237557	Although, the portions might be a bit... dragon sized.	I když ty porce možná budou trochu... dračí.
line:655b8c01	Always happy to have you, Conrad.	Vždycky tě tu rád mám, Conrade.
line:afedd1f5	An anomaly.	Anomálie.
line:0de4fe62	And I'm glad you have a medkit... You're very prepared.	A jsem rád, že máš lékárničku... Jsi dobře připravený.
line:0699aef9	And I'm really happy for you and Conrad.	A moc to tobě a Conradovi přeju.
line:a3a26459	And not just physically.	A nejen kvůli mé výšce.
line:507bd2b9	And that's why I'm here! Going to be heading out after this wash to go see him.	A proto jsem tady! Až mě umeješ, půjdu za ním.
line:33440e8c	And why you are perfect for this job!	A proto jste pro tuhle práci ideální!
line:cacb93ce	And you've tried everything.	A už jsi vyzkoušel všechno...
line:8cae6240	Another dragon? Usually I don't really get along...	Další drak? S těma většinou moc nevycházím...
line:5a7e4fd4	Any chance you can clean me up again?	Mohl bys mě náhodou znovu umýt?
line:92d2a30a	Anything. I'm just curious.	Na cokoli. Jen mě to zajímá.
line:52695aa2	Anything?	Cokoli?
line:8ead9ee9	Anytime, Ryan.	Kdykoli, Ryane.
line:6d77feef	Anyway glad you're not finished, lets keep at it!	Každopádně jsem rád, že ještě nekončíme. Pokračujme!
line:bdb4f59c	Anyway, time to get writing!	Každopádně je čas pustit se do psaní!
line:75dd56ae	Anyways,	Každopádně.
line:8980260e	Anyways-	Každopádně...
line:a8e6291c	Anyways- Let me out.	Každopádně... Pusť mě ven.
line:493a82ef	Anyways. Could you go get the gate?	Každopádně. Otevřeš mi bránu?
line:926f5f41	Anyways. Gonna use this thing now!	Každopádně. Teď se do toho pustím!
line:ad8ab02e	Anyways...	Každopádně...
line:e767dc51	Anywho, I'll get out of your scales now.	Každopádně už vás nebudu zdržovat.
line:e81426c1	Anywho, I'm in need of a clean.	Každopádně potřebuji očistu.
line:23e7d518	Approach the dragon entrance, and I will let you in.	Přijďte k dračímu vchodu a já vás pustím dovnitř.
line:72a9b5bb	Are you happy?	Jste šťastný?
line:be0118cc	Are you okay?	Jsi v pořádku?
line:de735c65	Are you open right now?	Máte právě otevřeno?
line:9369755d	Are you sure it will fit?	Jsi si jistý, že se vejde?
line:c35b717a	Are you sure...? In front of the food?	Jsi si jistý...? Tady u jídla?
line:cb06d2bf	As am I.	Já také.
line:9a48b21c	As in you're unique.	Tím myslím, že jste jedinečný.
line:1c021ee0	At getting hand jobs.	Na to, když mi někdo honí.
line:e861b464	At least that's what I've heard anyway.	Aspoň jsem to tak slyšel.
line:2f54ceec	At least you can still use your hands. Heh.	Aspoň máš pořád ruce. Hehe.
line:cb04e062	At least you can still use your hands. Heh.	Aspoň máš pořád ruce. Hehe.
line:97792929	Aw, I'll go get you the gate.	Jé, otevřu ti bránu.
line:c6895517	Aw, Ryan.	Ach, Ryane.
line:db997182	Aw, thank you Alexander.	Jé, děkuju, Alexandere.
line:7157db26	Aw, thanks Alexander.	Jé, děkuju, Alexandere.
line:011f1458	Aw, thanks.	Jé, díky.
line:aea0be6b	Aw, thanks.	Jé, díky.
line:c00d76cd	Aw, thanks. I only look so good 'cause of your washes!	Jé, díky. Vypadám tak dobře jen díky tomu, jak mě myješ!
line:453ff9be	Aw- Ryan...	Ach, Ryane...
line:5340a315	Aw... Thanks!	Jé... Děkuju!
line:c6202cf2	Aw... Thanks.	Jé... Díky.
line:cb1d1197	Aw... Thanks. Is it weird I consider you...	Jé... Díky. Je divné, že tě považuju za...
line:2bfa396c	Aw... That's really sweet	Jé... To je moc milé.
line:22053f7f	Awesome!	Paráda!
line:6fdb2c3d	Awesome!	Paráda!
line:70306ba1	Awesome!	Paráda!
line:6126a614	Awesome! Come on in..	Bezva! Pojď dál...
line:e85007ac	Awesome! See you later then!	Bezva! Tak zatím!
line:4c7f15d6	Awesome, I'll go get the gate.	Bezva, otevřu ti bránu.
line:9d126e4e	Awesome, I'm glad.	Skvělé, to jsem rád.
line:b60cc4a5	Awesome.	Paráda.
line:59fb47b0	Awww. You don't need to be coverd in ink to say hi!	Jé. Nemusíte být od inkoustu, abyste se přišel pozdravit!
line:8e20e028	Be yourself!	Buď sám sebou!
line:cd18f73f	Been looking forward to this.	Těšil jsem se na to.
line:8f1fccf9	Being muddy is really fun up until it starts drying.	Být od bláta je hrozná zábava, dokud nezačne schnout.
line:40783547	Berries.	Bobule.
line:59d4be6a	Berries.	Bobule.
line:61e781c1	Berries.	Bobule.
line:18ae08ef	Bet you had fun.	Vsadím se, že jste si užili.
line:982fd3c7	big C...?	Velkýho C...?
line:4b3f7c6a	Biology...? <size=70%> <i>I think?	Biologie...? <size=70%> <i>Asi?
line:9be63f47	Bleh. Thank you for grabbing that.	Ble. Díky, že jsi to vzal.
line:66957ed2	Blue...?	Modré...?
line:a77c3afd	Both.	Obojí.
line:78975048	Brrr! Cold water!	Brrr! Studená voda!
line:8487a2c4	Burnswick Community College of Thaumaturgy	Komunitní vysoká škola thaumaturgie v Burnswicku
line:f75126de	But honestly you've helped me a lot.	Ale upřímně, hodně jsi mi pomohl.
line:cab69268	But I already know I'm liking this a lot.	Ale už teď vím, že se mi to moc líbí.
line:d9534386	But I know the type... They tend to be big softies on the inside.	Ale tenhle typ znám... Uvnitř to bývají velcí dobráci.
line:f73ddfbc	But I think its time to get cleaned up.	Ale myslím, že je načase se umýt.
line:088ea4a7	But I'm hot shit, so I'll be fine.	Ale jsem fakt kus, takže to zvládnu.
line:c8f8bc22	But I'm only your washer?	Ale vždyť vás jen myju?
line:dda0419b	But I'm sure I'd enjoy it with you!	Ale s tebou si ho určitě užiju!
line:aa74448a	But not in this sized package, right??	Ale ne na někom takhle malým, ne??
line:7d9ffc48	But nothing beats a large gulp!	Ale pořádnému spolknutí se nic nevyrovná!
line:d1ec7684	But that is why I am here!	Ale právě proto jsem tady!
line:b0d9d1e5	But you're the teacher dragon.	Ale učitel jste přece vy.
line:2d7e1ab6	But, at least I got to meet you!	Ale aspoň jsem díky tomu poznal tebe!
line:b7f46902	But, I think you've taught me something.	Ale myslím, že jste mě něco naučil.
line:b1040415	By the stars! No no. You're excellent.	U všech hvězd! Ne, ne. Jste skvělý.
line:3a88a2dd	By the way would you be mad if your partner made a mess at home?	Mimochodem, zlobil by ses, kdyby ti partner doma nadělal nepořádek?
line:4199070f	Came in for another wash.	Přišel jsem se zase nechat umýt.
line:105cd3e2	Can I ask you a question?	Můžu se tě na něco zeptat?
line:535ee717	Can you repeat that?	Můžete to zopakovat?
line:835e0c27	Can't sthpeak well.	Nemůžu pořádně mluvit.
line:afa450c0	Come back whenever, Ryan.	Přijď kdykoli, Ryane.
line:0cedfc3d	Conrad can go as long as he needs	Conrad vydrží tak dlouho, jak bude potřeba.
line:5462913f	conrad hooked up with ryan	Conrad se dal dohromady s Ryanem.
line:61cd33c5	conrad hooked up with ryan	Conrad se dal dohromady s Ryanem.
line:6a7610f3	conrad hooked up with ryan	Conrad se dal dohromady s Ryanem.
line:bac1ce29	conrad hooked up with ryan	Conrad se dal dohromady s Ryanem.
line:61c9b7ac	Conrad needs a cleaning, got a slot for 'im?	Conrad potřebuje umýt. Máš pro něj místo?
line:405b7ef1	Conrad needs a wash!	Conrad potřebuje umýt!
line:803c8f0c	Conrad was talking about you during our date.	Conrad o tobě na našem rande mluvil.
line:f1787092	Conrad!	Conrade!
line:fd6c6213	Conrad!	Conrade!
line:484cd04d	Conrad...?	Conradovi...?
line:5b0360ad	Conrad: Actually.. I mean..	Conrad: Vlastně... Chci říct...
line:3ce891ff	Conrad: Conrad just enjoys himself	Conrad: Conrad si prostě užívá.
line:fbe86c06	Conrad: Damn right!	Conrad: To si piš!
line:5660dc8b	Conrad: Don't worry about it!	Conrad: S tím si nedělej starosti!
line:c050dbfc	Conrad: I do it all the time	Conrad: Dělám to pořád.
line:cd3367da	Conrad: I want this to go well	Conrad: Chci, aby to dobře dopadlo.
line:194c1381	Conrad: I'm ready to blow	Conrad: Už budu stříkat.
line:ce4d0fef	Conrad: Yea	Conrad: Jo.
line:42c70daa	Conrad: You feel good	Conrad: Jsi moc příjemnej.
line:3bc52918	Conrad: You having a good time?	Conrad: Užíváš si to?
line:be0e51af	Cool.	Borec.
line:88c36bc7	Could do that, then get a hotel room... Hmm.	Mohli bychom tam a pak si vzít pokoj v hotelu... Hmm.
line:b99e1503	Could you ask <i>me</i> a question?	Mohl byste položit otázku <i>vy mně</i>?
line:12bf5baf	Could you get the gate...?	Mohl byste otevřít bránu...?
line:3a6afae1	Could you go get the gate?	Mohl bys otevřít bránu?
line:9f49d9d4	Could you wash it away?	Mohl bys to opláchnout?
line:7661a0e9	D'aw... thanks.	Jé... Díky.
line:59bc5840	Damn right I do!	To si piš, že jo!
line:64889395	Damn right!	To si piš!
line:95aa0bf4	Damn right!	To si piš!
line:db592d76	Damn right!	To si piš!
line:0fcf9908	Damn right.	To si piš.
line:b964c99b	Damn shame then. Better change that.	Tak to je sakra škoda. Měl bys to změnit.
line:c6955ecc	Damn, you know how to use your hands.	Sakra, s rukama to vážně umíš.
line:eaf45022	Damn, you know how to use your hands.	Sakra, s rukama to vážně umíš.
line:684fb29a	Damn... Always feels good.	Sakra... Vždycky je to příjemný.
line:7023cc94	DATE NIGHT!	VEČER MÁME RANDE!
line:c71df70b	Date night!	Večer máme rande!
line:b57cc8ad	Depends	Záleží.
line:07bd7f57	Did you do your uh...	Udělal sis nějak jinak ty svoje...
line:4f38655d	Do I look like I'm okay?	Vypadám snad v pořádku?
line:8147156a	Do it!	Udělej se!
line:9ab6ddfb	Do you also do "special endings" here?	Děláte tu taky „šťastný konce“?
line:4c90479c	Do you ask because I'm lavender?	Ptáte se proto, že jsem levandulový?
line:3020c97c	Do you believe I am attractive?	Připadám vám přitažlivý?
line:c5e71850	Do you even need a wash?	Potřebuješ vůbec umýt?
line:1810e75f	Do you have any advice?	Máš nějakou radu?
line:6be807b5	Do you have any plans with ryan?	Plánujete něco s Ryanem?
line:a0cf6cae	Do you know any cool places, people, I could hang around?	Znáš nějaký fajn místa, kam bych mohl zajít? Nebo lidi, se kterejma bych mohl trávit čas?
line:412ba249	Do you know any good bars?	Znáš nějaké dobré bary?
line:28ec716a	Do you know anyone I could talk to? Y'know... about relationship stuffs?	Znáš někoho, s kým bych si mohl promluvit? Víš... o vztazích a tak?
line:21c0526b	Do you like being big?	Jste rád, že jste tak velký?
line:daa040eb	Do you like purple?	Máte rád fialovou?
line:ef052302	Do you like purple?	Máte rád fialovou?
line:d5ed3582	Do you make big dragons, <size=60%>like me, <size=100%>cum here?	Umíte tady velké draky, <size=60%>jako jsem já, <size=100%>udělat?
line:ec64a696	Do you mind double checking if I'm clean?	Mohl bys ještě jednou zkontrolovat, jestli jsem čistý?
line:647187f1	Do you want to say what happened...?	Chceš mi říct, co se stalo...?
line:807df02d	Do you want to use it?	Chcete ho použít?
line:5c42b85a	Doesn't mean I need to yell at you.	To neznamená, že na tebe musím řvát.
line:eefa8ae2	Don't be sorry! Get a mount!	Neomlouvej se! Pořiď kozlík!
line:dd0f7b1d	Don't worry, dragons are made to eat anything.	Neboj, draci jsou stavění na to, aby snědli cokoli.
line:b90b01a9	Don't worry, he's real nice.	Neboj, je vážně moc milý.
line:7de2a81c	Don't worry. I will.	Neboj. Povím.
line:c29d4071	Don't... make it sound like that.	Neříkej to... takhle.
line:31bdd33c	Dont talk with your mouth full	Nemluv s plnou pusou.
line:8ee41fdc	Dragon history is complex. Ornamental crest <size=85%> are often <size=70%> worn by dragons to <size=55%>signify what family they belong to! <size=40%> It's an interesting mark of their culutral <size=35%> and familial heritage. I've often wondered if I should continue to wear mine. <size=20%> But culutural and familiar ties are considered important within the lore of dragons! so I must adhere to such things. <size=10%> Water. Earth. Fire. Air. Long ago, the four nations lived together in harmony. Then everything changed when the Fire Nation attacked.	Dračí dějiny jsou složité. Ozdobné erby <size=85%> draci často <size=70%> nosí, aby <size=55%>ukázali příslušnost ke svému rodu! <size=40%> Je to zajímavý symbol jejich kulturního <size=35%> a rodinného dědictví. Často přemýšlím, zda bych měl ten svůj dál nosit. <size=20%> Kulturní a rodinné vazby jsou však v dračích tradicích důležité! Proto je musím ctít. <size=10%> Voda. Země. Oheň. Vzduch. Kdysi dávno žily čtyři národy v harmonii. Pak se však všechno změnilo, když Národ ohně zaútočil.
line:0a0e6773	Dragon stomachs are a bit more... robust than yours.	Dračí žaludek je trochu... odolnější než tvůj.
line:7e352505	Dragons of the galaxy 2	Draci galaxie 2
line:c2c659d1	Eep!	Ík!
line:0bd1699e	Ehh..	Ehm...
line:43dd32f5	Er... That's not-	Ehm... Takhle ne...
line:93b60dce	Even so. Not this time	I tak. Tentokrát ne.
line:573d9362	Even though you were just doing your job... I think it helped him a lot.	I když jsi jen dělal svou práci... Myslím, že mu to hodně pomohlo.
line:a2ba222e	Evening. This establishment takes walk ins, correct?	Dobrý večer. Přijímáte zákazníky bez objednání, správně?
line:f98c3b6c	Every ending here is special!	Tady je každý konec šťastný!
line:bfeaec15	Every self respecting wizard has a phoenix feather handy.	Každý čaroděj, který si váží sám sebe, má po ruce fénixovo pero.
line:57df700d	Everyone's gaze carries an immense weight.	Pohled každého druhého na sobě nese nesmírnou tíhu.
line:9ad8d2dd	Excellent!	Skvělé!
line:0c997163	Excellent.	Výborně.
line:1976bc60	Excellent. Then make sure to go greet your customer at the window.	Výborně. Tak nezapomeňte jít k oknu přivítat zákazníka.
line:7bbe7ee3	Expectations are laaaame.	Očekávání jsou tááák otravná.
line:f99eb2ff	Ey! The mount! Fuck yeah.	Hej! Kozlík! Kurva jo.
line:d376acb9	Ey, so. Was thinkin'	Hele, tak jsem přemejšlel.
line:85ec0862	Ey, sorry for coming in late.	Hele, promiň, že jdu pozdě.
line:12e8ae42	Ey, Use your hands on my cock- it feels good!	Hej, vezmi mi ptáka do rukou. Je to příjemný!
line:271a3846	Fair enough. I'll be waiting!	Dobrá tedy. Počkám!
line:4789095b	Fair enough. You two do seem cute together.	Jasně. Vypadáte spolu roztomile.
line:f5b37855	Felt good sliding down though!	Ale příjemně klouzal do krku!
line:274367d7	Figured I'd bring in something nice after all you've done.	Po tom všem, cos pro mě udělal, jsem ti chtěl přinést něco dobrého.
line:aae8afca	Fine with me!	Mně to nevadí!
line:e98616be	For you!	Kvůli tobě!
line:62a82aba	Found this one gryphon. About my size...	Poznal jsem jednoho gryfa. Asi tak mojí velikosti...
line:807fdc76	From what I've heard he sounds like he's improved a lot recently, yeah?	Podle toho, co jsem slyšel, se poslední dobou hodně zlepšil, že?
line:803bf378	Fuck man, I'm so pumped.	Kurva, já se tak těším.
line:f2418086	Fuck no! Shit's embarrassing.	Kurva, ne! Je to trapný.
line:a7ca3ca8	Fuck something and then get a handjob hopefully.	Něco ojel a pak si snad nechal vyhonit.
line:203bce10	Fuuuck. You really know how to work a dragon!	Kurváá. Ty fakt víš, jak na draka!
line:f7f9b0db	G'day mate!	Zdar, kámo!
line:664c994e	Gave me time to think.	Dal jsi mi čas přemýšlet.
line:1d9b3531	Get a handjob and fuck this mount.	Nechal si vyhonit a ojel tenhle kozlík.
line:48afdce4	Give it to me!	Dej mi to!
line:9df043ad	Give me a bit	Dej mi chvilku.
line:e5c7f64a	Glad I'm here to remind you then.	Tak ještě že jsem ti to přišel připomenout.
line:354170aa	Go for it!	Do toho!
line:2d0b6b06	Goin' downtown tonight. Needed to be spotless. Say...	Dneska vyrážím do centra. Potřebuju bejt dokonale čistej. Hele...
line:dcb506d2	Good as!	Paráda!
line:bcbc6373	Good evening!	Dobrý večer!
line:607a5c47	Good, I can't be having the Burnswick Community College of Thaumaturgy know that their best professor Alexander has caused another incident.	Dobře, nemohu dopustit, aby se Komunitní vysoká škola thaumaturgie v Burnswicku dozvěděla, že její nejlepší profesor Alexander způsobil další nehodu.
line:12b72085	Good, you better. If I come back and there isn't one...	Fajn, radši to udělej. Jestli přijdu znovu a pořád tu nebude...
line:2c851dad	Good.	Dobře.
line:2712436c	Good. 'Aight, let me out.	Fajn. Tak mě pusť ven.
line:bab51ada	Good... That'd be correct.	Příjemné... Ano, to je správné slovo.
line:44f2b8cf	Goodbye!	Na shledanou!
line:a8e6ac2a	Goodness, thanks to you I have a chance at redeeming this situation.	Propána, díky vám mám šanci tuhle situaci napravit.
line:745c3c12	Gosh!	Páni!
line:6b5c6564	Gotta <i>practice</i> for Ryan if you catch what I mean.	Musím na Ryana <i>potrénovat</i>, jestli víš, jak to myslím.
line:e3cef2bc	Gotta make sure you're spotless!	Musíme se ujistit, že budeš dokonale čistý!
line:b01b2159	Great, so uh,	Skvělé, takže, ehm...
line:43c94954	Grouse as! Excited to see you work!	Naprostá paráda! Těším se, až tě uvidím v akci!
line:9de16ee9	Ha!	Ha!
line:88d7e1e2	Haah. This is the best fuckin' wash.	Háá. Tohle je kurva nejlepší myčka.
line:cc6e7856	Hah! There's the mount!	Ha! Tady je ten kozlík!
line:90dd6d9d	Hah, eager as always.	Ha, nadšený jako vždy.
line:9542e7a6	Hah, good. Let's break this thing in!	Ha, dobře. Tak ho zajedeme!
line:fe21109b	Hah, he seems like the wild type.	Ha, působí jako divoký typ.
line:e8bc1d95	Hah, I imagine it would be.	Ha, to si dokážu představit.
line:acbf628d	Hah, it is a motivator.	Ha, ty člověka motivují.
line:65b23418	Hah, okay. I'm game.	Ha, dobře. Jdu do toho.
line:058d9d5c	Hah, yeah. Conrad is definitely experienced...	Ha, jo. Conrad má rozhodně zkušenosti...
line:8b878971	Hah, yeah. He sounds fun.	Ha, jo. Zdá se, že s ním bude zábava.
line:e3ed51d9	Hah. Conrad, you look good too.	Ha. Tobě to taky sluší, Conrade.
line:f8b2e23b	Hah. Fine.	Ha. Dobře.
line:ea23c5f9	Hah. If only there was a kobold that could clean me.	Ha. Kdyby tu tak byl kobold, co by mě umyl.
line:c9bb2a93	Hah. Yeah. <size=70%><i>It's cool that you learn to jerk off dragons in cleaning school...	Ha. Jo. <size=70%><i>Je fajn, že vás na škole pro myče učí honit drakům...
line:50a559bb	Hah... <size=70%> yeah.	Ha... <size=70%>Jo.
line:4d4d9986	Hah... Gonna jerk me off now? That's fine.	Ha... Teď mi ho vyhoníš? Klidně.
line:4e920759	Hah... Yeah I'm excited.	Ha... Jo, těším se.
line:b36365ce	Hah... Yeah...	Ha... Jo...
line:b8724c64	Hah... you do like that noise.	Ha... Ten zvuk se ti vážně líbí.
line:c8cde395	Haha, 'Yip' indeed.	Haha, vskutku „jip“.
line:680991cf	Haha, yes. Happy to see you.	Haha, ano. Rád vás vidím.
line:4c27b031	Haha, you certainly are!	Haha, to tedy jsi!
line:c3a2e14e	Haha, you certainly are!	Haha, to tedy jsi!
line:9ec40945	Haha. 'Yip' to you too.	Haha. Tobě taky „jip“.
line:5e91e0a7	Haha... Yeah. I'm not really used to complimenting.	Haha... Jo. Nejsem moc zvyklej někoho chválit.
line:44689f21	Happy to be back.	Jsem rád, že jsem zpátky.
line:2672f65d	Happy to be here.	Jsem rád, že tu jsem.
line:192fcb8e	Happy to get it off.	Rád se ho zbavím.
line:3517b28e	Have a productive day.	Ať vám jde práce od ruky.
line:7c1adc57	He called me, we met up. He's really damn nice.	Zavolal mi a sešli jsme se. Je fakt zatraceně milej.
line:e71f9a0b	HE DIED!?	ON UMŘEL!?
line:ed6c9afb	He hadn't been... Well, cared about in a long time from what I could gather.	Podle toho, co jsem pochopil, o něj už dlouho... nikdo moc nestál.
line:de25de6e	He just... Knew what to say to snap me out of all that.	On prostě... věděl, co říct, abych se z toho probral.
line:a035a3fd	He prefers 'vertically challenged'... But yes.	Dává přednost výrazu „vertikálně znevýhodněný“... Ale ano.
line:04b29e42	He really is.	To opravdu je.
line:c7e1b369	He really is.	To opravdu je.
line:c64bd5ce	He said I was chill, we planned a date...	Řekl, že jsem v pohodě, a domluvili jsme si rande...
line:e8a91447	He's a lot. But, I like it.	Je ho všude plno. Ale to se mi líbí.
line:a7181b1a	He's a red dragon. I think you two would like eachother!	Je to červený drak. Myslím, že byste si padli do oka!
line:8245fe2b	He's already back to work. Thanks for helping with all that.	Už je zpátky v práci. Děkuji za všechnu vaši pomoc.
line:aaea8391	He's been way nicer recently.	Poslední dobou je mnohem milejší.
line:7363c004	He's great.	Je skvělý.
line:c13d4e24	He's hot.	Je sexy.
line:675d7e37	He's like. SUPER hung.	Má jako FAKT obrovského ptáka.
line:7deb9fff	He's like... a big softy surrounded by sharp pointy bits.	Je to jako... velký dobrák obalený ostrými bodlinami.
line:800c553d	He's my dream dragon.	Je to drak mých snů.
line:4b3c70d9	He's snappy, but tender too!	Je kousavý, ale taky něžný!
line:31281c6d	He's this REALLY cute red drake who goes to the wash!	Chodí sem jeden HROZNĚ roztomilý červený drak!
line:4c11c83e	He's tiny, I like being eye level with him.	Je maličký. Líbí se mi, že si vidíme do očí.
line:b9ce2f3c	He's... Considerate. Real understanding too.	Je... ohleduplnej. A hodně chápavej.
line:8e9e0f98	Heard about you and the big blue guy. Ryan was it?	Slyšel jsem o tobě a tom velkým modrým. Ryan, že?
line:ca4a9672	Heeeey Ryan.	Ahoooj, Ryane.
line:24ce37ec	Heeeey.	Čáááu.
line:bb70c1ed	Heh. Yeah.	Heh. Jo.
line:3fa80829	Heh. Yeah. I like you too.	Heh. Jo. Taky tě mám rád.
line:20393ff6	Heh. Yeah. That's me.	Heh. Jo. To jsem já.
line:ac769d93	heh.. yea.. sorry..	Heh... Jo... Promiň...
line:5246ceea	Heh... alright.	Heh... Dobře.
line:75fef5cb	Heh... Damn right.	Heh... To si piš.
line:5f0edcb2	Heh... Handsy today, huh?	Heh... Dneska se mě rád dotýkáš, co?
line:2f55b3aa	Hehe	Hehe.
line:7e991330	Hehe yeah.	Hehe, jo.
line:3223473f	Hehe, I'm excited to get into the dating scene again.	Hehe, těším se, až zase začnu randit.
line:4a137220	Hehe, thanks. It has stuff that should be good for both of us.	Hehe, díky. Jsou tam věci, které by měly chutnat nám oběma.
line:1a3e2a73	Hell yea	Kurva jo!
line:93f67490	Hell yeah	Kurva jo.
line:389e4033	Hell yeah I did!	To si kurva piš!
line:17dbb9b7	Hell yeah.	Kurva jo.
line:4b7b33d9	Hello!	Ahoj!
line:c3d3da41	Hello!	Ahoj!
line:4183ca7e	Hello, <i>'Drag'n wash franchise 223'...</i> Have you figured out how to interact yet?	Dobrý den, <i>„pobočko Drag'n'wash číslo 223“...</i> Už jste zjistil, jak interagovat?
line:a99c515c	Hello, <i>'Drag'n wash franchise 223'...</i> Have you spoken to your first customer yet?	Dobrý den, <i>„pobočko Drag'n'wash číslo 223“...</i> Už jste mluvil se svým prvním zákazníkem?
line:b7cce838	Hello.	Dobrý den.
line:a8779ebf	Hello?	Haló?
line:dd4b34ae	Hello?	Haló?
line:1954aab7	Help the developers out please..	Pomozte prosím vývojářům...
line:db9c3a5c	Help the developers out please..	Pomozte prosím vývojářům...
line:f7f7f5a1	Help the developers out please..	Pomozte prosím vývojářům...
line:fc461784	Help the developers out please..	Pomozte prosím vývojářům...
line:ee3398a6	Hey big guy.	Ahoj, velikáne.
line:0090c7b0	Hey Conrad!	Ahoj, Conrade!
line:3d0a5aeb	Hey Conrad!	Ahoj, Conrade!
line:a2b4acea	Hey conrad!	Čau, Conrade!
line:975a629f	Hey Conrad.	Ahoj, Conrade.
line:21235886	Hey could you come up front where I can see you?	Hele, mohl bys přijít dopředu, abych na tebe viděl?
line:533532c4	Hey fine by me!	Hej, mně to vyhovuje!
line:1538bc7e	Hey good lookin'	Čau, fešáku.
line:0121c874	Hey hey. Glad you're open.	Čau, čau. Jsem rád, že máš otevřeno.
line:71b651dd	Hey I have something to say!	Hele, chci ti něco říct!
line:0d4e0ecf	Hey kobold!	Ahoj, kobolde!
line:af3f02c9	Hey Ryan, what do you have there?	Ahoj, Ryane. Copak to máš?
line:6374414d	Hey thanks for being here for me...	Hele, díky, že jsi tu pro mě...
line:bf5ff483	Hey there, happy to be back.	Ahoj, rád jsem zpátky.
line:c38b7fa6	Hey there, Ryan!	Ahoj, Ryane!
line:2d5fc8a2	Hey there- Maybe you can get 'hands on' later?	Hele... Co takhle nechat ty ruční práce na později?
line:1b6c7f75	Hey there.	Zdravím vás.
line:5dacf226	Hey there.	Dobrý den.
line:82698bd1	Hey there.	Zdravím vás.
line:ab3a5d9c	Hey there.	Čau.
line:3d2bc74e	Hey uh, do you think Ryan and I will <i>actually</i> work out?	Hele, myslíš, že nám to s Ryanem <i>vážně</i> vyjde?
line:04501155	Hey uh, I just need a cleaning.	Hele, ehm, potřebuju jen umýt.
line:2a29842a	Hey uh... Not now.	Hele, ehm... Teď ne.
line:8caa3196	Hey uhm, thanks once again.	Hele, ehm, ještě jednou díky.
line:5c7a9105	Hey!	Ahoj!
line:eed2cc64	Hey!	Ahoj!
line:2f3f5508	Hey! He's just... 'vertically challenged'.	Hej! Je jenom... „vertikálně znevýhodněný“.
line:55bb78d1	Hey! I'm here for a wash.	Ahoj! Jdu se nechat umýt.
line:33480903	Hey, Alexander!	Zdravím, Alexandere!
line:21fcef4f	Hey, Alexander.	Zdravím, Alexandere.
line:14598ca6	Hey, big guy!	Zdravím, velikáne!
line:e7353d24	Hey, I've got a question for you.	Hele, mám na tebe otázku.
line:674877e5	Hey, nothin' wrong with asking!	Hej, na tom není nic špatnýho se zeptat!
line:d2589856	Hey, welcome back!	Zdravím, vítejte zpátky!
line:0d3e4054	Hey.	Ahoj.
line:aa0dda7b	Hey.	Hele.
line:7f2e2736	Hey... little guy!	Ahoj... prcku!
line:933efa6d	Hi again!	Zase ahoj!
line:873a2b9a	Hi again..	Zase ahoj...
line:83ac5b68	Hi Conrad.	Ahoj, Conrade.
line:050efd1a	Hi, Ryan!	Ahoj, Ryane!
line:06ed6aea	Hiiiii! Hiii!	Zdravííím! Zdravím!
line:5a632b75	His physical form is currently reconstituting in the staff lounge.	Jeho tělesná schránka se právě znovu utváří ve sborovně.
line:6bd91ca7	Hm, I think I'll pass on the mount.	Hm, myslím, že kozlík vynechám.
line:370d719b	Hm?	Hm?
line:3c3ddd0c	Hm?	Hm?
line:44658d73	Hmm...	Hmm...
line:bf059ff3	Hmm...	Hmm...
line:730b1ca4	Hmm?	Hm?
line:fc571337	Hmmm, maybe something else?	Hmm, možná něco jiného?
line:19207e44	Hold on a little longer for me?	Vydržíte mi ještě chvilku?
line:f2ae89c4	Honestly, I'm surprised how nice this is.	Upřímně mě překvapuje, jak je to příjemné.
line:a2ff0176	Hope it went well.	Doufám, že to šlo dobře.
line:b17360a0	Hope that's alright?	Doufám, že to nevadí?
line:ae08853f	Hope you're doing alright!	Doufám, že se máte dobře!
line:e1fa2461	Hopefully! I'll go get the gate.	Doufám! Otevřu ti bránu.
line:99931b37	Hopefully.	Snad.
line:d9c91bca	How about you though? have you been seeing anyone?	A co ty? Scházíš se s někým?
line:4ec92454	How about you? Anyone exciting?	A co ty? Někdo zajímavý?
line:86bde306	How are you with seafood?	Co říkáš na mořské plody?
line:7fb611c9	How come you brought this all in?	Proč jsi to všechno přinesl?
line:af0d0972	How come you're covered in ink?	Jak to, že jste celý od inkoustu?
line:e385b7f3	How did it go?	Jak to šlo?
line:c0161bbc	How did it taste?	Jak chutnal?
line:262b262e	how do I get in?	jak se dostanu dovnitř?
line:676b0638	how do I get in?	jak se dostanu dovnitř?
line:8308bb09	How do I look?	Jak vypadám?
line:4f172746	How do you even digest that?	Jak to vůbec dokážeš strávit?
line:28d390ac	How so?	Jak to myslíš?
line:4ef9fe65	How so?	Jak to myslíš?
line:ea66b5af	How so?	Jak to myslíš?
line:4b29790b	How was the sex.	Jakej byl sex?
line:7736270c	How was your date with Conrad?	Jaké bylo rande s Conradem?
line:18d418ab	However, it's ornamental! My family crest. You see...	Je však ozdobný! Je to můj rodový erb. Víte...
line:1f250062	However, My <i>image</i> is far more permanent than Igwyx's fleeting physical forms.	Moje <i>pověst</i> je však mnohem trvalejší než Igwyxovy pomíjivé tělesné schránky.
line:ae34381b	However, that respect comes with an expectation to act as I look. It's incredibly stressful.	S tím respektem se však pojí očekávání, že se budu chovat podle svého vzezření. Je to nesmírně stresující.
line:d2baf9e2	However...	Nicméně...
line:fb8401c3	Huff...	Uf...
line:b54ee04d	huff... Thank you for that.	Uf... Děkuji vám za to.
line:16420ca7	Huff... Thanks for that.	Uf... Díky za to.
line:45507089	Huff... That was nice... Made a bit of a mess though.	Uf... To bylo příjemné... Ale trochu jsem tu nadělal.
line:ae83cfb6	huh...?	Co...?
line:0c78b56b	Huh?	Cože?
line:e96114a2	Huh? ofcourse not!	Cože? Jasně že ne!
line:836c079c	I <i>think </i> I must've spilled an inkwell <i>on the way here</i>. Rather clumsy of me!	<i>Myslím</i>, že jsem na sebe musel vylít kalamář <i>cestou sem</i>. To jsem ale nešika!
line:d37175c7	I act tough but am a small dragon...	Dělám drsňáka, ale jsem malej drak...
line:b4e27683	I agree	Souhlasím.
line:68ebf07b	I allowed him, as my stature provides ample height.	Dovolil jsem mu to, jelikož má postava poskytuje dostatečnou výšku.
line:a051821a	I already feel a lot better.	Už se cítím mnohem líp.
line:49bfbfbe	I already have spot at the club reserved.	Už mám v klubu rezervaci.
line:14ff4edd	I always do~	To já vždycky~
line:b05c6259	I always look forward to seeing you. I'll go get the gate.	Vždycky se na tebe těším. Otevřu ti bránu.
line:52bf5ede	I am THE kobold. Yip!	Já jsem TEN kobold. Jip!
line:141c006f	I am too.	Já taky.
line:363f6f6a	I am too.	Já taky.
line:405b9622	I am too.	Já taky.
line:d4c5faea	I am too.	Já taky.
line:556897bf	I am! Even better now that you're here.	Mám! A teď, když jste tady, ještě líp.
line:e499b2cc	I am.	Jsem.
line:5ec8bb55	I believe that's in part because of you.	Myslím, že zčásti i díky vám.
line:9883786d	I booked the night.	Mám rezervaci na celou noc.
line:eae85bf9	I broke up with my partner...	Jsem se rozešel s přítelkyní...
line:ffcfee20	I brought watermelon, bread, grapes, and some other stuff.	Přinesl jsem meloun, chléb, hrozny a další věci.
line:e8aa18f4	I can digest pretty much anything.	Strávím skoro všechno.
line:7f543c2a	I can let loose whenever you are ready	Můžu to pustit, jakmile budeš připravenej.
line:c83a6a0d	I can't believe Igwix would make a mistake like this!	Nemohu uvěřit, že Igwix udělal takovou chybu!
line:e051a79e	I consider you a good friend too	Taky tě považuju za dobrého kamaráda.
line:f382336f	I could get us the <i>nicest</i> spots for their show.	Můžu nám sehnat ta <i>nejlepší</i> místa na jejich vystoupení.
line:2602b8c6	I could use a wash.	Hodilo by se mi umytí.
line:c66153d3	I couldn't help but notice the... device over there.	Nemohl jsem si nevšimnout toho... zařízení támhle.
line:b71f0756	I decided to try baking.	Rozhodl jsem se zkusit pečení.
line:e62b989c	I decided to try baking.	Rozhodl jsem se zkusit pečení.
line:efea7148	I decided to try baking.	Rozhodl jsem se zkusit pečení.
line:98f800d3	I didn't know anyone could like me that much so easily.	Netušil jsem, že si mě někdo může tak rychle tolik oblíbit.
line:4116f001	I didn't know what the button did.	Nevěděl jsem, co to tlačítko dělá.
line:7a5c7f54	I didn't mean to fluster you!	Nechtěl jsem tě uvést do rozpaků!
line:55542a9b	I do enjoy the color. Though I believe its unrelated to my own hue.	Tu barvu mám rád. Ačkoli to podle mě s mým zbarvením nesouvisí.
line:f9c800f2	I do!	Ano!
line:ad9c1ada	I do. But, what happened?	Mám. Ale co se stalo?
line:a45ccf3a	I don't believe I can hold back any longer	Myslím, že už to déle nevydržím.
line:8c6e1cd3	I don't get it! Why do I have to act this way?	Nechápu to! Proč se musím takhle chovat?
line:cc4e48a3	I don't know where they went but I feel dirty again.	Nevím, kam se alchymista poděl, ale zase se cítím špinavý.
line:71127249	I don't mean to be rude, but I must decline	Nechci být nezdvořilý, ale musím odmítnout.
line:f5696cc4	I don't need to tell you.	Nemusím ti to říkat.
line:878fc94c	I don't understand..	Nerozumím tomu...
line:4f3d31f8	I don't want your pitty!	Nechci tvoji lítost!
line:8fc36ab7	I enjoy being a part of so many individuals lives in a positive way.	Těší mě, že mohu pozitivně ovlivnit životy tolika lidí.
line:14653182	I enjoy parts of it. The respect is pleasant...	Některé stránky se mi líbí. Respekt je příjemný...
line:bd4bb1b9	I enjoy that I do not fear failure around you.	Líbí se mi, že se ve vaší společnosti nebojím selhání.
line:c108ed4f	I enjoy when you tell me what to do with a pat of your hand.	Líbí se mi, když mi plácnutím ruky naznačíte, co mám dělat.
line:6db406b4	I enjoyed this quite a lot.	Velmi jsem si to užil.
line:e838533b	I feel as I could say anything to you.	Mám pocit, že vám mohu říci cokoli.
line:9b9567ec	I feel much better.	Cítím se mnohem lépe.
line:ed6be68f	I feel spotless as always.	Jako vždycky jsem dokonale čistej.
line:938be2fb	I forget the ignorance of a layman. I apologize.	Zapomínám na neznalost laiků. Omlouvám se.
line:63837f22	I forgot to bite into it so... Nothing?	Zapomněl jsem se do něj zakousnout, takže... nijak?
line:fe3484ea	I get how you'd feel that way after a breakup, yeah.	Chápu, že to po rozchodu tak cítíš.
line:adf1550f	I give my other bipedal friends rides all the time.	Ostatní dvounohé kamarády vozím pořád.
line:9a68366f	I got a mount.	Mám kozlík.
line:78a54cae	I got back home a bit dirty. And she yelled at me.	Vrátil jsem se trochu špinavý a ona na mě křičela.
line:22a9094a	I guess so!	Asi ano!
line:28d6c0aa	I hate that I'm always getting into situations like this.	Nesnáším, že se pořád dostávám do takových situací.
line:366a7f73	I have a question.	Mám otázku.
line:82b63c18	I have something to say!	Chci ti něco říct!
line:fd68807c	I have to say, you did as good a job as private washers.	Musím říct, že jste odvedl stejně dobrou práci jako soukromí myči.
line:761f413a	I heard a loud bang	Slyšel jsem hlasitou ránu.
line:9d7cc63c	I heard a loud bang, I don't think Igwix made it.	Ozvala se hlasitá rána. Myslím, že to Igwix nepřežil.
line:7ede5030	I heard there was kobolds down here that could wash me up?	Slyšel jsem, že tu dole jsou koboldi, kteří by mě mohli umýt?
line:efb2d4af	I heard there were kobolds down here that could wash me up?	Slyšel jsem, že jsou tu koboldi, kteří by mě mohli umýt?
line:2f9b499a	I honestly don't know how you are doing that.	Upřímně nechápu, jak to děláš.
line:6f5dbc90	I hope he's okay too.	Taky doufám, že je v pořádku.
line:cd0197ed	I hope I can learn from that.	Snad se od tebe něco naučím.
line:cf50dbcc	I hope it all works out.	Doufám, že vám to vyjde.
line:b2dfad3e	I hope so.	Doufám, že ano.
line:0477b0d7	I hope so. I really want a fresh start with someone.	Doufám. Vážně chci s někým začít znovu.
line:7429dab7	I hope that you'll help me prove them wrong!	Doufám, že mi pomůžeš dokázat opak!
line:be5feb3e	I hope things get better.	Snad se to zlepší.
line:114ac9a0	I hope you're right.	Doufám, že máš pravdu.
line:06744c7e	I just don't like that she takes it out on me.	Jen se mi nelíbí, že si to vybíjí na mně.
line:1fb02179	I just don't like that she takes it out on me.	Jen se mi nelíbí, že si to vybíjí na mně.
line:c8a1e7d0	I Just need a quick wash... Maybe the mount would be nice too.	Potřebuju jen rychle umýt... A možná by se hodil i kozlík.
line:95ff1bed	I just wish for you to ask me a question. Any question.	Jen si přeji, abyste se mě na něco zeptal. Na cokoli.
line:f716a163	I knew you were too busy, so I figured I'd bring the date to you!	Věděl jsem, že máš moc práce, tak jsem si řekl, že přinesu rande za tebou!
line:2461773d	I knew you'd have my back	Věděl jsem, že budeš na mé straně.
line:6a671440	I know a decent equine-kin place by the pier.	U mola znám dobrou restauraci koňského lidu.
line:50102b85	I know he can be a bit hot headed and forget to thank folks.	Vím, že umí být prchlivý a zapomíná děkovat.
line:83c55e2e	I know things can be tough.	Vím, že to někdy bývá těžké.
line:2ffb026d	I know you need to close down shop. I'll make sure you get the address and we can meet up there, yeah?	Vím, že musíš zavřít. Dám ti adresu a můžeme se sejít tam, jo?
line:ded99a0c	I know, I'll reserve your spot!	Já vím, podržím ti místo!
line:59e503b2	I know. But the ability to open up to someone, even occasionally-	Já vím. Ale možnost se někomu svěřit, byť jen občas...
line:d30ffec9	I know. I know I shouldn't be dumping this on you.	Já vím. Vím, že bych to na tebe neměl házet.
line:875048ca	I know. I know.	Já vím. Já vím.
line:7b59e4d6	I like how sure of yourself you are. Even if it just has to do with washing.	Líbí se mi vaše sebejistota. I když jde jen o mytí.
line:46061aae	I like it! I think you'd enjoy it too.	Mně chutná! Myslím, že by chutnala i tobě.
line:f4ad8ea6	I like taking care of you.	Rád o vás pečuju.
line:8ffedb47	I like the mount you chose. Mind grabbing it?	Líbí se mi, jakej kozlík jsi vybral. Přineseš ho?
line:5c86951f	I like you a lot.	Mám tě moc rád.
line:a91980fc	I like you for who you are.	Mám vás rád takového, jaký jste.
line:bdca3e1b	I like... him.	Mám rád... jeho.
line:2b65bf83	I love bubbles, they tickle!	Miluju bublinky, lechtají!
line:f8a4f404	I mean it. Really.	Myslím to vážně. Fakt.
line:ae719afc	I need to be better. I <i>want </i>to be better.	Musím se zlepšit. <i>Chci </i>se zlepšit.
line:a0373456	I need to be spotless. Seems that's what you're for. <size=70%> Ha.	Potřebuju být jako ze škatulky. Od toho tu asi jsi. <size=70%> Ha.
line:3da2dd1d	I never expected myself to confide such embarrassing things in someone.	Nikdy bych nečekal, že se někomu svěřím s tak trapnými věcmi.
line:0c986dec	I never expected you to be the type to be so messy!	Nikdy bych nečekal, že se takhle zamažete!
line:95db900b	I never miss a spot.	Nikdy nevynechám ani místečko.
line:d620d41a	I never thought someone like him would be my type...	Nikdy mě nenapadlo, že někdo jako on bude můj typ...
line:67592de1	I probably need to head out though.	Ale asi už budu muset jít.
line:e41c6dc5	I really do hope it all works out!	Fakt doufám, že vám to vyjde!
line:a722aada	I really think it was this time...	Tentokrát si opravdu myslím, že byla...
line:e80e5edd	I see what you're doing, thank you.	Chápu, co děláte. Děkuji vám.
line:cc6ec337	I see..	Chápu...
line:d57520b1	I seem to have gotten myself covered in ink!	Zdá se, že jsem se celý potřísnil inkoustem!
line:3b161cf3	I still need more!	Ještě potřebuju víc!
line:47dc71f3	I suppose I understand disliking the mess it may cause.	Chápu, že vám může vadit nepořádek, který způsobuje.
line:234ccfda	I suppose it depends on the circumstances.	Asi záleží na okolnostech.
line:910706c0	I think a movie could be fun!	Kino by mohlo být fajn!
line:99bbb171	I think he was in a bad environment. He's doing better now.	Myslím, že byl ve špatném prostředí. Teď je na tom líp.
line:9247b7a0	I think he'd like the new you!	Myslím, že by se mu tvoje nové já líbilo!
line:f4982dcd	I think he's got a crush on me.	Myslím, že se mu líbím.
line:fc6fdd10	I think I can still feel some explosion grime on me...	Myslím, že na sobě ještě cítím trochu špíny z výbuchu...
line:4efc873f	I think I like being taken care of?	Myslím, že se mi líbí, když o mě někdo pečuje?
line:f5d36d9a	I think I might be close..	Myslím, že už budu...
line:52fc4e08	I think I'd like that!	To by se mi asi líbilo!
line:5c78099a	I think I'd like to meet him!	Myslím, že bych ho rád poznal!
line:14e0edf6	I think I'd like to try!	Myslím, že bych to rád zkusil!
line:164df75a	I think I'd like to use it?	Myslím, že bych ho rád použil?
line:4f6168aa	I think I'd like to use it?	Myslím, že bych ho rád použil?
line:ab314624	I think I'd like to?	Myslím, že bych rád?
line:170c6aa3	I think I'd like you to be that someone aswell.	Myslím, že bych taky chtěl, abys tím někým byl ty.
line:8f46bb17	I think I've got it!	Myslím, že už to umím!
line:a5e128e0	I think she's upset about something else...	Myslím, že ji trápí něco jiného...
line:bc2545e7	I think she's upset about something else...	Myslím, že ji trápí něco jiného...
line:335c5156	I think so!	Myslím, že jo!
line:3292625e	I think that would make a decent place! They put on good shows every night.	Myslím, že by se hodil! Každý večer tam mají dobrá vystoupení.
line:eaafe671	I think you got every spot!	Myslím, že jsi vzal každý místečko!
line:1760e5d5	I think you got every spot.	Myslím, že jsi vzal každé místečko.
line:341175f7	I think you got every spot.	Myslím, že jsi vzal každé místečko.
line:770e7473	I think you got every spot.	Myslím, že jsi vzal každé místečko.
line:f4a8f7fc	I think you helped him a lot more than you realize.	Myslím, žes mu pomohl mnohem víc, než si uvědomuješ.
line:f28fd15d	I think you missed a few spots still...	Myslím, že jsi ještě pár míst vynechal...
line:77509e74	I think you're cool too. Self improvement is hard.	Taky jsi fajn. Změnit se k lepšímu je těžké.
line:763c6a82	I think you're good looking.	Myslím, že vám to sluší.
line:69e7dbb3	I think you're pretty cool, Conrad.	Mně připadáš docela fajn, Conrade.
line:9c393f61	I think you're special too.	Taky si myslím, že jsi výjimečný.
line:7d5ae3b4	I usually make do with a hose down at home...	Obvykle si doma vystačím s hadicí...
line:c4fc9b28	I wanna talk face to face!	Chci si promluvit tváří v tvář!
line:548dc375	I want to be more open. It feels good.	Chci být otevřenější. Je to příjemné.
line:e02f464d	I was helping the alchemist reach a high shelf	Pomáhal jsem alchymistovi dosáhnout na vysokou polici.
line:fa97376e	I was helping the alchemist reach a high shelf	Pomáhal jsem alchymistovi dosáhnout na vysokou polici.
line:bb015b1b	I was romping around the forest	Dováděl jsem v lese.
line:78e2cb13	I was thinking about what you said,	Přemýšlel jsem o tom, cos říkal.
line:b8282714	I was thinking.	Tak jsem přemýšlel.
line:ca616238	I was thinking. We could go out some time next week?	Napadlo mě, že bychom si mohli někam zajít příští týden?
line:a13d76ec	I was thinking...	Přemýšlel jsem...
line:c1a4edf0	I wasn't making her happy either.	A ona nebyla šťastná se mnou.
line:a4214fe6	I went out of my way for a discrete washing, I was sure I wasn't followed.	Dal jsem si tolik záležet, aby mytí proběhlo diskrétně. Byl jsem si jistý, že mě nikdo nesledoval.
line:db5cd152	I went out with some friends.	Byl jsem venku s přáteli.
line:b6b9dc33	I will pay double. Triple- This is a job only you can do!	Zaplatím dvojnásobek. Trojnásobek... Tohle můžete udělat jen vy!
line:0c31345e	I will, thanks.	Přijdu, díky.
line:fa41daf4	I will. I just need a quick wash, and wouldn't mind using the mount today.	Povím. Jen potřebuju rychle umýt a dneska bych si dal i ten kozlík.
line:399457b7	I wish it was easy as it is in movies.	Kéž by to bylo tak snadné jako ve filmech.
line:2185f08c	I won't.	Neřeknu.
line:45950848	I would like that!	To by se mi líbilo!
line:099ec7fd	I would love to.	Moc rád.
line:e6006cd6	I wouldn't mind!	Rád půjdu!
line:81905be1	I'd like to go out to eat.	Rád bych si zašel na jídlo.
line:75b152eb	I'd love to talk more, truly, but class is soon.	Opravdu bych si rád ještě povídal, ale brzy začíná hodina.
line:2fe8a558	I'd love to!	Moc rád!
line:87ba56cc	I'll be back again, yeah?	Zase se stavím, jo?
line:ca035ef2	I'll be back again. It's nice having you as a friend.	Zase se vrátím. Je příjemné mít vás za přítele.
line:0fcd9c26	I'll be back soon, yeah? Thanks for the wash.	Brzy se vrátím, ano? Děkuji za umytí.
line:d9f422eb	I'll be waiting at the bar for you tonight!	Dneska večer tě budu čekat v baru!
line:69dff2ec	I'll be waiting for the gate!	Počkám, až otevřeš!
line:ae4d09f6	I'll be waiting for the gate!	Počkám, až otevřeš!
line:ab616aac	I'll definitely keep this place in mind.	Tohle místo si určitě zapamatuju.
line:b122441b	I'll get one ordered I promise!	Objednám ho, slibuju!
line:1642b6f1	I'll get out of your scales now. Thank you for the wash.	Už vás nebudu zdržovat. Děkuji za umytí.
line:707d2693	I'll get out of your scales...	Nebudu ti dál překážet...
line:ca480eed	I'll get you two in contact then.	Tak vás spolu seznámím.
line:59416000	I'll go get the gate for ya'	Půjdu ti otevřít bránu.
line:6aa7ad03	I'll go get the gate for ya'	Půjdu ti otevřít bránu.
line:2a6d7e7d	I'll go get the gate for you.	Půjdu ti otevřít bránu.
line:8107858d	I'll go get the gate for you.	Půjdu vám otevřít bránu.
line:d1755010	I'll go get the gate for you.	Půjdu ti otevřít bránu.
line:4d692a01	I'll go get the gate.	Půjdu otevřít bránu.
line:a75bb519	I'll go get the gate.	Půjdu otevřít bránu.
line:8689a124	I'll happily get that for you.	Rád vám ho přinesu.
line:48e99d7b	I'll have to close up shop first-	Nejdřív musím zavřít...
line:f2b894e2	I'll have to reserve your spot while you close up.	Zatímco budeš zavírat, podržím ti místo.
line:6c5e2459	I'll keep that in mind. I'm used to things being transactional.	Budu si to pamatovat. Jsem zvyklý, že všechno je něco za něco.
line:956a0f47	I'll make sure to ask him next time I see him.	Až ho příště uvidím, určitě se ho zeptám.
line:e64d21e4	I'll make sure to come back.	Určitě se vrátím.
line:7c9fe106	I'll make sure to get out of your scales.	Už tě nebudu otravovat.
line:87006442	I'll make sure to tell others about this place	Určitě o tomhle místě řeknu ostatním.
line:1db78e06	I'll make sure to tell you how it goes, yeah?	Určitě ti povím, jak to dopadlo, jo?
line:49b6a167	I'll make sure you're <i>spotless.	Postarám se, abys byl <i>naprosto čistý.
line:96981b61	I'll manage.	Nějak to zvládnu.
line:9aa97614	I'll need this to be swift, students won't teach themselves.	Potřebuji to rychle. Studenti se sami vzdělávat nebudou.
line:9ef857c8	I'll need to resurrect Igwix, oh how embarrassing!	Budu muset vzkřísit Igwixe. Jak trapné!
line:90a9a98e	I'll see you next time I come in, yeah?	Uvidíme se, až příště přijdu, jo?
line:d0f6a49a	I'll see you next time I come in, yeah?	Uvidíme se, až příště přijdu, jo?
line:160bf40f	I'll start prepping for it.	Začnu to zařizovat.
line:8af64cb8	I'll take care of this, don't you worry.	Postarám se o to, neboj se.
line:e20c6391	I'll tell you in a bit. Could you just get the gate for now?	Za chvíli ti to povím. Zatím mi prosím otevři.
line:04c62f9b	I'm <i>spotless</i>.	Jsem <i>naprosto čistý</i>.
line:629f8cff	I'm a bit of a big deal around there.	Jsem tam docela známá firma.
line:d9272031	I'm a dragon.	Jsem drak.
line:675e7284	I'm a rule breaker!	Já pravidla porušuju!
line:afcd5586	I'm a... kobold.	Já jsem... kobold.
line:5d41b5d6	I'm all dirty still!	Pořád jsem celej špinavej!
line:2f6eb3c3	I'm all soapy still!	Pořád jsem celej od mýdla!
line:18707b19	I'm always happy to give you a wash!	Vždycky tě rád umyju!
line:3b01eb3b	I'm always happy to give you a wash!	Vždycky tě rád umyju!
line:d82b1a7d	I'm always happy to help. <i><size=70%> especially a big dragon.	Vždycky rád pomůžu. <i><size=70%>Obzvlášť velkému drakovi.
line:46c6a3ed	I'm always happy to see you Ryan.	Vždycky tě rád vidím, Ryane.
line:75206eee	I'm always happy to see you Ryan.	Vždycky tě rád vidím, Ryane.
line:fa6e232e	I'm always happy to see you. I'll go get the gate for you.	Vždycky vás rád vidím. Otevřu vám bránu.
line:07e5fc05	I'm amazed!	Jsem ohromený!
line:4586d55d	I'm an asshole. I know I am.	Jsem kretén. Vím to.
line:a6d46685	I'm certain he also finds you pleasant!	Jsem si jistý, že i on má rád vaši společnost!
line:ef399e26	I'm doing good!	Mám se dobře!
line:a6c1f2f4	I'm excited for you!	Mám z tebe radost!
line:94fbdbf0	I'm excited for you. I'll get the gate!	Mám z tebe radost. Otevřu ti bránu!
line:f83e4966	I'm excited to hear about it!	Už se těším, až mi to povíš!
line:bd55b8f4	I'm excited to see them washing down the drain though.	Ale těším se, až je uvidím mizet v odtoku.
line:24832f01	I'm excited.	Těším se.
line:69f406a6	I'm excited.	Těším se.
line:a00f681d	I'm excited.	Těším se.
line:a0479425	I'm excited.	Těším se.
line:b5d7d26f	I'm excited.	Těším se.
line:d66b9155	I'm excited.	Těším se.
line:4e1b1d0a	I'm glad you derive enjoyment from this as well.	Těší mě, že z toho máte radost i vy.
line:5db47405	I'm glad you enjoy him. I'm certain he finds you pleasant.	Jsem rád, že ho máte rád. Určitě i on rád tráví čas s vámi.
line:c56ee060	I'm glad you enjoy my crest.	Jsem rád, že se vám můj erb líbí.
line:f44a1493	I'm glad you trust me.	Jsem rád, že mi důvěřujete.
line:3a2ed5ef	I'm glad you two are working out though.	Ale jsem rád, že vám to spolu jde.
line:c0972e81	I'm glad you two are working out.	Jsem rád, že vám to spolu jde.
line:34ba77b1	I'm glad you were able to make the choice that was best for you.	Jsem rád, žes dokázal udělat to, co je pro tebe nejlepší.
line:d5a90e1c	I'm glad!	To jsem rád!
line:286fec49	I'm glad.	Jsem rád.
line:42f5fd9d	I'm glad.	Jsem rád.
line:99b6dc81	I'm glad.	Jsem rád.
line:570d4953	I'm happy for you!	Přeju ti to!
line:ac6d5bd3	I'm happy for you!	Přeju ti to!
line:ed5c40ca	I'm happy for you!	Přeju ti to!
line:79099951	I'm happy to be here too.	I já jsem rád, že jsem tady.
line:99fd9b51	I'm happy to give you a place you can relax.	Jsem rád, že vám můžu nabídnout místo, kde si odpočinete.
line:5d36d5c8	I'm happy to have met you.	Jsem rád, že jsem vás poznal.
line:ce21622a	I'm happy to hear that.	To rád slyším.
line:69963a6c	I'm happy you feel comfy here.	Jsem rád, že se tu cítíte dobře.
line:38388248	I'm here for a wash.	Přišel jsem se nechat umýt.
line:a6974256	I'm here if you need someone to talk to.	Jsem tady, kdyby sis potřeboval s někým promluvit.
line:6690512d	I'm impressed.	Jsem ohromenej.
line:2e424b13	I'm in need of another wash.	Potřebuju zase umýt.
line:ef91a572	I'm Jealous!	Závidím!
line:a79b8639	I'm just happy I don't feel judged here.	Jsem jen rád, že mě tady nikdo nesoudí.
line:8076eb95	I'm just here for a wash though.	Ale jdu jen na mytí.
line:c2caa0b7	I'm just here to bring you food!	Přišel jsem ti jen přinést jídlo!
line:ec6c7823	I'm just... Happy.	Jsem jenom... šťastný.
line:ed4b0d48	I'm kind of excited.	Docela se těším.
line:266c652e	I'm looking forward to seeing you again	Těším se, až tě zase uvidím.
line:e91e2041	I'm not <i>that</i> little-	Zase <i>tak</i> malý nejsem...
line:cf05a364	I'm not certain why I suddenly understand your 'Yips'	Nevím, proč vašemu „jipání“ najednou rozumím.
line:dcc4774b	I'm not too sure. It was on sale at WingCo.	Ani nevím. Bylo ve slevě ve WingCo.
line:5b31909a	I'm only doing what I think is right.	Dělám jen to, co považuju za správné.
line:7fe349d7	I'm profoundly embarrassed by this whole ordeal.	Celá ta příhoda mě hluboce zahanbuje.
line:cfaffc52	I'm pumped.	Nemůžu se dočkat.
line:c0a140f8	I'm really fond of letting folks ride on my back.	Moc rád vozím ostatní na zádech.
line:1a5e6184	I'm really looking forward to this.	Moc se na to těším.
line:8b43a434	I'm really sorry you got hurt. Who did this?	Vážně mě mrzí, že jsi zraněný. Kdo ti to udělal?
line:69ffe957	I'm so excited about this date!	Na tohle rande se tak těším!
line:e6290003	I'm so excited. I'll get you two in contact!	To mám radost. Seznámím vás!
line:e8611ad0	I'm sorry for dumping that all on you earlier.	Promiň, že jsem na tebe předtím vyklopil všechny svoje problémy.
line:e613b1c3	I'm sorry I snapped at you earlier.	Promiň, že jsem na tebe předtím vyjel.
line:de208e68	I'm sorry you got hurt...	Mrzí mě, že jsi zraněný...
line:4843bb47	I'm still very muddy, if you could soap me up that'd be great.	Pořád jsem dost od bláta. Bylo by fajn, kdybys mě namydlil.
line:51d4e418	I'm such an idiot.	Jsem takový idiot.
line:32114891	I'm sure nobody will know...	Určitě se to nikdo nedozví...
line:17a05c96	I'm sure we'll figure something out! just meet me at the pier!	Určitě něco vymyslíme! Jen se se mnou sejdi u mola!
line:8136ef1a	I'm surprised how nice it is.	Překvapuje mě, jak je to příjemné.
line:722c6ab2	I'm thinking a date soon.	Přemýšlím, že si brzy dáme rande.
line:3471e9b1	I'm trying my best.	Snažím se, jak můžu.
line:01492e5e	I'm trying not to be pushy.	Snažím se moc netlačit.
line:4d6cd625	I'm trying to get away from the house for a bit.	Snažím se na chvíli dostat z domu.
line:c1ef777a	I'm unsure why speaking with you is so easy.	Nevím, proč je tak snadné s vámi mluvit.
line:822c0718	I'm very excited.	Moc se těším.
line:ddab3d34	I'm very satisfied with these results..	S výsledkem jsem velmi spokojený...
line:03eb977c	I'm well aware. A deep clean has a distinct feel!	To dobře vím. Důkladnou očistu člověk pozná!
line:f9193c0d	I'm willing to do it. But I'd like something new.	Jsem ochotný to zvládnout. Ale chtěl bych něco nového.
line:63981253	I'm... Happy.	Jsem... šťastný.
line:f80bd44b	I'm... not certain I'd like to use this today.	Nejsem si... jistý, jestli bych to dnes chtěl použít.
line:d422462e	I'm... not sure I can answer that for you.	Nejsem si... jistý, jestli na to můžu odpovědět za tebe.
line:8f107933	I'm... Rather close now	Už jsem... docela blízko.
line:24c52c54	I'm... wondering...	Já... říkal jsem si...
line:6bbd7f1d	I've always hated the rain.	Vždycky jsem déšť nesnášel.
line:b4353808	I've always loved giving my biped friends rides...	Vždycky jsem rád vozil své dvounohé kamarády...
line:9541fceb	I've been considering asking you this for a while now.	Už nějakou dobu zvažuji, že se vás zeptám.
line:505154a4	I've been thinking...	Přemýšlel jsem...
line:58b4f5fb	I've been told it's polite to talk to smaller folk face to face.	Říkali mi, že je slušné mluvit s menšími lidmi tváří v tvář.
line:2c560e29	I've been trying to get into the social sciences aswell.	Snažím se také proniknout do společenských věd.
line:b4a29141	I've got a guy who can drop a gift by tomorrow that would spruce things up.	Znám někoho, kdo sem zejtra může hodit dárek, kterej to tu oživí.
line:212f0021	I've had a lot of free time lately.	Poslední dobou mám spoustu volného času.
line:701b9feb	I've had a lot of free time lately.	Poslední dobou mám spoustu volného času.
line:79da763f	I've had a lot of free time lately.	Poslední dobou mám spoustu volného času.
line:3c4443fd	I've seen bigger	Viděl jsem větší.
line:d7a90078	I...	Já...
line:393d0e05	I... hm.	Já... hm.
line:0da5609b	I... Know this is unprompted.	Vím... že se mě nikdo neptal.
line:5cfb94b9	If a relationship is <i>so</i> bumpy and you know its going to end.	Když vztah <i>takhle</i> skřípe a víš, že skončí...
line:b2f52b23	If I could uhm...	Jestli bych mohl, ehm...
line:b4990e3d	If I'm honest. I've had a crush on you for a bit.	Upřímně, už nějakou dobu se mi líbíš.
line:7c13c28e	If only.	Kdyby tak.
line:a56c5621	If someone like Ryan is interested, you're doing great.	Když o tebe stojí někdo jako Ryan, vedeš si skvěle.
line:52f28749	If we're caught violating another policy my reputation would be in ruins!	Jestli nás přistihnou při dalším porušení předpisů, má pověst bude v troskách!
line:83f511d2	If ya' place the mount for me I'll have at it.	Když mi přistavíš kozlík, hned se do něj pustím.
line:7ead92b1	If you could come up front so I could talk.	Mohl bys přijít dopředu, abych s tebou mohl mluvit?
line:e78656aa	If you could come up to where I can see you.	Mohl bys přijít sem, ať na tebe vidím?
line:9a013329	If you wanna talk about it more, I've got a minute.	Jestli si o tom chceš ještě promluvit, chvilku mám.
line:3d014153	If you want to use it that's fine!	Jestli ho chcete použít, klidně můžete!
line:a9eb9a76	if you're seeing this please grab nael or submit a bug report	Pokud tohle vidíte, ozvěte se naelovi nebo nahlaste chybu.
line:b9ab4eed	Im not complaining though.	Ale nestěžuju si.
line:27340362	In a bad way?	Ve zlém?
line:2019bb85	In a good way?	V dobrém?
line:91d5fb72	Incredible!	Neuvěřitelné!
line:61c8781b	Indeed! You're the only kobold I wish to wash me now.	Vskutku! Teď už se chci nechat mýt jedině od vás.
line:a5979ac9	Indeed, you must know of my crest! I teach alchemy.	Přesně tak, jistě znáte můj erb! Učím alchymii.
line:dd9d30d2	Indeed. I'm glad you were able to help.	Vskutku. Jsem rád, že jste mohl pomoci.
line:fd5ddfcb	Indeed. You're an excellent person to be around.	Vskutku. Je radost být ve vaší společnosti.
line:78c9b5cc	Is everything okay?	Je všechno v pořádku?
line:bea8f1f7	Is something on your mind?	Trápí tě něco?
line:6b6dd8bc	Is that a good thing...?	Je to dobře...?
line:848727f2	Is that a threat...?	To je výhrůžka...?
line:db302830	Is that why you came in the first time?	Proto jsi přišel poprvé?
line:00e41343	Is this good?	Je to příjemné?
line:7982d3d8	Is this the right place?	Jsem tu správně?
line:c48f59a9	Is this the right place?	Jsem tu správně?
line:b05f6eea	Isn't that... Wood?	Není to... dřevo?
line:bf137cb4	It arrived this morning, it should be near the gate.	Dorazil dnes ráno, měl by být u brány.
line:5080b6dd	It depends! Dragon thing.	Jak kdy! Dračí záležitost.
line:34cf0601	It did! Thanks for asking.	Šlo! Díky za optání.
line:900dca3c	It does wonders.	Dokáže zázraky.
line:cfd504c5	It does wonders.	Dokáže zázraky.
line:ac13bf68	It is indeed rather cool.	Je to vskutku zajímavé.
line:ea445b46	It is rather novel isn't it?	Je to vskutku nezvyklé, že?
line:56d34a41	It is? Good to know...	Vážně? To je dobré vědět...
line:b058318f	It means you're doing a good job in kobold.	V koboldštině to znamená, že si vedeš dobře.
line:13c906c7	It really has been. You're wonderful.	To opravdu bylo. Jsi báječný.
line:b032bfb1	It turns out baking is messy!	Ukázalo se, že při pečení je spousta nepořádku!
line:da4f12a1	It turns out baking is messy!	Ukázalo se, že při pečení je spousta nepořádku!
line:e106207b	It turns out baking is messy!	Ukázalo se, že při pečení je spousta nepořádku!
line:e0c8c57b	It was good. We had sex.	Bylo dobré. Měli jsme sex.
line:681117ec	It was great. Conrad is wild. Good wild.	Bylo skvělé. Conrad je divoch. V dobrém.
line:28eee9f5	It went great!	Dopadlo skvěle!
line:92bfe06c	It went great!	Dopadlo skvěle!
line:a5d2b991	It went well.	Dopadlo to dobře.
line:1ab5969b	It would be a... date. As most would say.	Bylo by to... rande. Jak se obvykle říká.
line:8440a3f4	It's a regrettable state I find myself in...	Dostal jsem se do politováníhodného stavu...
line:1706e86d	It's also new to me...	I pro mě je to nové...
line:c1b8e62b	It's always good when a kobold knows what they like.	Je vždycky fajn, když kobold ví, co se mu líbí.
line:deffce5c	It's crazy how much your neck can handle.	Je šílené, co všechno tvůj krk zvládne.
line:2e182063	It's difficult to find folks that are outside of my current bubble.	Je těžké poznat někoho mimo svůj okruh známých.
line:48cfc92b	It's endearing!	Je to roztomilé!
line:5b6f00bd	It's fine.	To nevadí.
line:13dc0f15	It's fine. I close in about an hour.	To je v pohodě. Zavírám asi za hodinu.
line:23ac92c8	It's freeing. I'll be back, yeah?	Je to osvobozující. Zase se vrátím, ano?
line:de9fdb93	It's hard to hold back..	Je těžké se držet...
line:9ebea3d0	It's hard to not be nervous after everything...	Po tom všem je těžký nebejt nervózní...
line:ec8243d8	It's interesting; you bipeds tend to savor your meals.	Je zajímavé, jak si vy dvounozí jídlo vychutnáváte po soustech.
line:d50cb509	It's just that something happened to Conrad, I hope he's okay.	Jen se něco stalo Conradovi. Doufám, že je v pořádku.
line:bee6c7dd	It's just that...	Jde jen o to...
line:3b76093c	It's made for eating things whole.	Je stavěný na polykání celých věcí.
line:19f36dc0	It's my dream.	Je to můj sen.
line:18db795f	It's never easy to end things.	Ukončit vztah nikdy není snadné.
line:049fb01f	It's nice to have friends to rely on.	Je fajn mít kamarády, na který se dá spolehnout.
line:ed69e3a1	It's nice to relinquish control, even for a moment.	Je příjemné přenechat řízení někomu jinému, byť jen na chvíli.
line:e9d34ea0	It's no biggie. It sounds like everyone is fine.	To nic není. Zní to, že jsou všichni v pořádku.
line:7e511da7	It's okay!	To nevadí!
line:b14d8520	It's okay, you sound like you need it.	To nevadí, zní to, že si potřebuješ promluvit.
line:50b95260	It's okay. I needed to. She wasn't making me happy.	To nic. Musel jsem. Nebyl jsem s ní šťastný.
line:47455767	It's okay. I'll figure something out.	To nic. Něco vymyslím.
line:9287c933	It's starting to feel like it's <i>my</i> fault.	Začínám mít pocit, že je to <i>moje</i> chyba.
line:7ab244af	It's the best way to enjoy food.	Tak si člověk jídlo nejlíp vychutná.
line:0b7589ff	It's the mount you asked for.	Ten kozlík, cos chtěl.
line:a5780e74	It's wonderful to be back!	Je báječné být zpátky!
line:649e8eb3	Its a nice get away from everything out there.	Je fajn na chvíli uniknout všemu tam venku.
line:d0361dd9	Its like an equine fusion thing...	Dělají takovou koňskou fusion kuchyni...
line:df86a610	Jokes aside, your wash is definitely the best.	Ale vážně, tvoje mytí je fakt nejlepší.
line:7fe40d2b	Just a rough day. Hoping this helps!	Jen náročný den. Snad to pomůže!
line:ce77a00e	Just did!	Právě teď!
line:7c93c604	Just doing my job!	Jen dělám svou práci!
line:fa0a9fbb	Just having fun.	Jen se bavím.
line:9e9425cd	Just possibly...	Čistě teoreticky...
line:1d73a343	Just some drake at the bar. Was stupid... Couldn't shut my mouth.	Nějaký drak v baru. Byl jsem blbej... Nedokázal jsem držet hubu.
line:ecb9a15d	Just touch me with your hand and I'll try to help.	Jen se mě dotkni rukou a zkusím ti pomoct.
line:14209365	Just uhm... Don't tell anyone I'm saying all this.	Jen, ehm... Nikomu neříkej, že tohle všechno říkám.
line:3bac1dad	Just... open the gate.	Prostě... otevři bránu.
line:4f826403	Keep going a little longer please	Pokračuj ještě chvilku, prosím.
line:087039ba	Keep going.	Pokračuj.
line:d8f92323	Kinda! I've been getting out more.	Tak trochu! Víc teď chodím mezi lidi.
line:b965b4dd	Knock that off, we're not done yet. Right?	Nech toho, ještě nejsme hotoví. Nebo jo?
line:d9d276bb	Kobolds always seem enamored by me eating.	Koboldi jsou vždycky okouzlení, když jím.
line:0274cacd	Kobolds are very flexible. It will fit.	Koboldi jsou hodně pružní. Vejde se.
line:20cb68b9	lemme in?	Pusštíš mě?
line:41d5085a	Let go whenever you are ready.	Pusťte to, až budete připravený.
line:29a77d09	Let me give it a try!	Nech mě ho vyzkoušet!
line:265e14cb	Let me know when you're finished rinsing.	Dejte mi vědět, až mě přestanete oplachovat.
line:0e1fd4b0	Let the <i>big C</i> out of this place!	Pusť odsud <i>velkýho C</i>!
line:f7382398	Let's get going~!	Tak jdeme na to~!
line:c50535b3	Let's have it!	Sem s tím!
line:9accd60e	Lets wash it off for our date tonight then.	Tak to před naším dnešním randem smyjeme.
line:7ce1b833	Like what?	Jíst jak?
line:cb91e703	Like, I love those around me, but there's a lot of baggage there.	Mám lidi kolem sebe rád, ale je za tím spousta společné minulosti.
line:aa1c54ab	Like, in general.	Myslím tak celkově.
line:bbe51f87	Like, in general.	Myslím tak celkově.
line:7b7b0a3f	Like, the future of my relationships.	O tom, jak by mohly vypadat do budoucna.
line:db79a905	Like... a lemon?	Jako... citron?
line:ffd7dcc4	Like... An asshole? I know I'm miserable to be around.	Jako... kretén? Vím, že je se mnou hrozně.
line:a0a0a49c	Like... sexual stuff?	Jako... něco sexuálního?
line:9becd177	Look at me! I'll be the laughing stock of my students.	Jen se na mě podívejte! Budu studentům pro smích.
line:9711cf03	Lookin' for a hose down. Wouldn't mind using the mount aswell.	Potřebuju opláchnout. A nepohrdnul bych ani kozlíkem.
line:abdb5822	Looking forward to seeing ya'	Budu se na tebe těšit.
line:5c335985	Looking forward to seeing you soon.	Těším se, až vás zase brzy uvidím.
line:1d0abc80	Looking forward to the wash.	Těším se na umytí.
line:646279a0	Looks like it.	Vypadá to tak.
line:b6093881	Looks like ya' got a shipment, eh?	Koukám, že ti něco přivezli, co?
line:f1fc3e3c	Luckily death via spontaneous combustion is a concept we have thoroughly curtailed in the modern world.	Naštěstí jsme v moderním světě dokázali úmrtí samovznícením výrazně omezit.
line:d2ba8ba9	Made a bit of a mess... Still worth it.	Trochu jsem tu nadělal... Ale stálo to za to.
line:301e8665	Make haste! My reputation is on the line.	Pospěšte si! Jde o mou pověst.
line:5072cc60	Make sure you're very clean. <size=70%><i>hehe.	Hlavně buď pořádně čistý. <size=70%><i>Hehe.
line:da21cf49	Makes sense! Yeah tiny drakes are fun.	To chápu! Jo, s malými draky je zábava.
line:22b2643b	Makes sense.	To dává smysl.
line:e7f0e9ed	Makes sense.	To dává smysl.
line:89c9a73b	Many think it's part of my body.	Mnozí si myslí, že je součástí mého těla.
line:d7bcbe29	Max says I'm a clumsy dragon,	Max říká, že jsem nemotorný drak.
line:db986d0d	May you open the gate?	Mohl byste otevřít bránu?
line:76a97730	Maybe later...?	Možná později...?
line:08a422ba	Maybe like...	Možná tak...
line:6f293b7a	Maybe someone new...	Možná někoho nového...
line:d2558a04	Maybe someone?	Možná někoho?
line:67a46ddc	Maybe we can hang out later?	Mohli bychom se pak někdy sejít?
line:5691478f	Maybe we could just... Walk?	Možná bychom se mohli jen... projít?
line:7734bf93	Me too, thanks!	Já taky, díky!
line:627a13e4	Me too.	Já také.
line:d3c733f5	Me too.	Já také.
line:ffa63d1b	Me too.	Já také.
line:040ee2a7	me too.	Já taky.
line:d13cd125	Me.	Sám sebou.
line:14e7b293	Me?	Já?
line:b9cb051a	Means I'm ready to go on a date with a certain kobold.	Že jsem připravený na rande s jedním konkrétním koboldem.
line:e5da247d	Means you know how to get hands on!	Takže umíš pořádně přiložit ruku k dílu!
line:171707d2	Mhm!	Mhm!
line:11306335	Mhm! Come back anytime.	Mhm! Přijď kdykoli.
line:69dd6a73	Mhm! he's trying to meet new people.	Mhm! Snaží se poznat nové lidi.
line:da17b746	Mhm! I'm <i>the</i> kobold!	Mhm! Já jsem <i>ten</i> kobold!
line:a0cb3f78	Mhm! that's him.	Mhm! To je on.
line:164fdb01	Mhm, he's trying.	Mhm, snaží se.
line:1a663dcf	Mhm, right this way.	Mhm, tudy.
line:3cd8a8bd	Mhm... Thank you.	Mhm... Děkuji vám.
line:4546abce	Might seem kinda weird to ask now. Buuuut.	Možná je divný se ptát zrovna teď. Aleee.
line:57d8b72a	Mind opening the gate to let me out?	Mohl bys otevřít bránu, abych mohl ven?
line:b2a507ab	Mind opening the gate to let me out?	Mohl bys otevřít bránu, abych mohl ven?
line:6d726280	Mind washing more?	Mohl bys mě ještě umýt?
line:c8281b83	Mmm, I understand that to mean you'll get the gate?	Mmm, rozumím tomu správně, že otevřete bránu?
line:dd0c77ae	Mmm, Yeah I know the type.	Mmm, jo, tenhle typ znám.
line:d8cafcc7	mmm..	Mmm...
line:729cea0c	Mmmhm, I always do my best.	Mhm, vždycky dělám, co můžu.
line:f36b8b76	Mmmhm. I'll work on my sleep schedule...	Mmmhm. Zapracuju na svým spánkovým režimu...
line:d38efb75	Mmmmhm, gotta prep for a date with him.	Mmmmhm, musím se připravit na rande s ním.
line:a78dd44b	mmph! (Yea!)	Mmf! (Jo!)
line:b132719c	Mmph- Hm?	Mmf... Hm?
line:16ee6b14	Money... mmm...	Peníze... Mmh...
line:d8cc8048	Most people do!	To většině lidí!
line:3d723db0	Must mean you two are a good match.	To musí znamenat, že se k sobě hodíte.
line:9ca994a5	My bad	Moje chyba.
line:aaecba3d	My bad	Moje chyba.
line:fedbf70c	My colleague, professor Igwyx, wished to use me as a platform.	Můj kolega, profesor Igwyx, si přál použít mě jako plošinu.
line:08af3902	My date with Ryan was...	Moje rande s Ryanem bylo...
line:116b5405	My date with Ryan was...	Moje rande s Ryanem bylo...
line:e26c3b65	My first ever Yarn script in Unity!	Můj úplně první skript Yarn v Unity!
line:f15b014f	My names Ryan. So...	Jmenuju se Ryan. Takže...
line:e4aced7b	My students could learn a thing or two from your work ethic!	Moji studenti by se od vás mohli učit pracovní morálce!
line:dfe74420	My-	Propána...
line:9b915bf2	Nah.	Ne.
line:c3642dec	Nah.	Ne.
line:393c128a	Never cleaned a teacher dragon... woah.	Ještě jsem nemyl dračího učitele... Páni.
line:a99b03ed	Never tried it.	Nikdy jsem je nezkusil.
line:6df809e1	Nevermind. Could you get the gate?	To nic. Otevřel bys mi bránu?
line:d3a50f3f	Next time I come in for a wash we'll go.	Až příště přijdu na mytí, vyrazíme.
line:ac5afd96	Next time I come in I'll have reservations!	Až příště přijdu, budu mít rezervaci!
line:8990fcc9	Nice! Whats with all the... Gloop?	Bezva! Co je to za... břečku?
line:1d4b8528	Nice. Gotta open the gate though. Let Conrad in!	Fajn. Ale musíš otevřít bránu. Pusť Conrada dovnitř!
line:acab92d4	Nnf... I believe I needed that. Thank you.	Nnf... Myslím, že jsem to potřeboval. Děkuji vám.
line:8fe11008	Nnnf... That was way better than those berries.	Nnnf... To bylo mnohem lepší než ty bobule.
line:b251704a	No	Ne
line:e05c2dca	No	Ne
line:dc86c2de	no	ne
line:5794ea87	No amount of justification makes it feel good though.	Ale i když pro to mám důvody, bolet to nepřestává.
line:5a5ec440	No I actually just got it	Ne, vlastně jsem to právě pořídil.
line:cd5f07ca	No more excuses.	Žádné další výmluvy.
line:4b38230f	No need for thanks. I'll get the gate.	Není zač. Otevřu ti bránu.
line:11604fbd	No need to be nervous, Alexander!	Nemusíte být nervózní, Alexandere!
line:eefef647	No need to be.	Nemusíte se stydět.
line:73ea230a	No no, you're a certified cleaner yeah?	Ne, ne. Jsi vyučenej myč, že jo?
line:743c64e6	No not really.	Ne, vlastně není.
line:50feefe8	No problem!	Není zač!
line:1a9a36e1	No problem! Can't wait for you to meet Conrad.	Není zač! Nemůžu se dočkat, až poznáš Conrada.
line:0a9993d2	No problem, thanks!	To nic, díky!
line:10bdb3a4	No problem, thanks!	To nic, díky!
line:3a8f65fa	No problem.	Žádný problém.
line:ee3d0ee4	No problem. Let me get that gate for ya'!	Žádný problém. Otevřu vám bránu!
line:eedccaec	No way.	To snad ne.
line:f0351f0c	No way.	To snad ne.
line:d726f776	No worries,	To nic.
line:12b7a5b3	No! I mean, yes, but for the sake of my reputation could you please keep my incursion here to yourself.	Ne! Tedy ano, ale kvůli mé pověsti si prosím nechte mou zdejší návštěvu pro sebe.
line:f7f963e3	No, I am.	Ne, jsem.
line:54faa7c0	No, I don't think I do.	Ne, myslím, že ne.
line:38419d8b	No, it's not. No more excuses.	Ne, není to v pořádku. Žádné další výmluvy.
line:cd9b2a8f	No, thank you. I'm... Really excited.	Ne, já děkuju tobě. Moc... se těším.
line:1af1ad05	No, we don't offer things like that here.	Ne, takové služby tady nenabízíme.
line:cb7e94e5	no.	Ne.
line:6128a09c	No. A lime that is yellow.	Ne. Jako limetka, která je žlutá.
line:de25dacd	No. I'm not. Do you have a medkit or not?	Ne, nejsem. Máš lékárničku, nebo ne?
line:1cc64bcf	No.. No it's fine... thank you.	Ne... Ne, to je dobrý... Děkuju.
line:525f5744	Nope	Ne.
line:fbd2c3e7	Nope.	Ne.
line:5406ba8e	Normally I'd say yes to a mount. But, not right now.	Normálně bych kozlík bral. Ale teď ne.
line:ab92da6a	Not anymore at least!	Alespoň teď už ne!
line:0cfcd179	Not for a date though.	Ale na rande to není.
line:d1b90e2c	Not sure yet.	Ještě nevím.
line:e9643b5d	Not yet.	Ještě ne.
line:326cc84d	Not yet. a little longer.	Ještě ne. Ještě chviličku.
line:56a729f6	Nothing more attractive than a man who can improve!	Nic není přitažlivější než muž, který na sobě dokáže pracovat!
line:b5dabf9f	Nothing more attractive than a man who can improve!	Nic není přitažlivější než muž, který na sobě dokáže pracovat!
line:8a321997	Now I'm eyeballing the mount...	Teď pokukuju po tom kozlíku...
line:5e0a6d7a	Now I'm out here, agh!	A teď jsem kvůli tomu tady, ach!
line:564a9606	Now they'll never need to know!	Teď už se to nemusí nikdy dozvědět!
line:d66b7986	Now!	A teď!
line:63596bb3	Now, do you have a medkit or not?	Tak máš tu lékárničku, nebo ne?
line:eefc4e9f	Now, lemme in! I want to try that thing out!	Tak mě pusť dovnitř! Chci ho vyzkoušet!
line:0554966a	Now, more food?	Tak co, dáme si ještě něco?
line:3fb3f8d4	Now, round two!	Teď druhý kolo!
line:12e6043e	Now... Food?	Tak... Jídlo?
line:5f8b2de4	oah. <size=70%>okay.	Aha. <size=70%>Dobře.
line:13223129	Of course	Samozřejmě.
line:283e56d8	Of course I am! I know I'm very...	Jasně že jo! Vím, že jsem fakt...
line:5788e15c	Of course I do. I'm a <i>professional</i>.	Samozřejmě. Jsem <i>profesionál</i>.
line:0b226939	Of course it is!	Samozřejmě že ne!
line:f21dd9d4	Of course it is!	Samozřejmě že ne!
line:642255fc	Of course!	Samozřejmě!
line:76f8c20c	Of course!	Samozřejmě!
line:877aced7	Of course!	Samozřejmě!
line:d2401e75	Of course!	Samozřejmě!
line:f9eb2b4a	Of course! Right this way!	Samozřejmě! Tudy!
line:0d20d327	Of course! Thank you for the food.	Samozřejmě! Díky za jídlo.
line:4da976f5	Of course! You run a fine establishment.	Samozřejmě! Vedete znamenitý podnik.
line:b629bcf2	Of course! You're wonderful.	Samozřejmě! Jste báječný.
line:b6c96475	Of course, you run a fine establishment.	Samozřejmě, vedete znamenitý podnik.
line:dd082478	Of course.	Samozřejmě.
line:203cc3d2	Of course. One moment!	Jistě. Moment!
line:fd145efe	Of course. Sorry you're going through all this.	Samozřejmě. Mrzí mě, že tím vším procházíš.
line:7305cdbc	Oh cool!	Jé, super!
line:eb6ae4c3	Oh cool!	Jé, super!
line:77c996e8	Oh damn! You really are adventurous!	No sakra! Ty se toho vážně nebojíš!
line:3fdb9d01	Oh fcuk something went wrong	Do prdele, něco se pokazilo.
line:9e403ecd	Oh fuck yeah.	Jo, kurva, jo.
line:13c39c50	Oh fudge, forget I said that!	Kruci, zapomeňte, že jsem to řekl!
line:e722753e	Oh goodness no..	Proboha, ne...
line:55e3dd36	Oh hi! um..	Jé, ahoj! Ehm...
line:e8ee5747	Oh hi! um..	Jé, ahoj! Ehm...
line:b90f527f	Oh huh, that's the tiny drake I saw coming in a bit back yeah?	Aha, to je ten maličký drak, co sem nedávno šel, že?
line:001ab950	Oh I heard good things about that.	O tom jsem slyšel dobré věci.
line:0a4a28c0	Oh I see the button there, gotcha!	Ach, už vidím to tlačítko. Jasně!
line:c6b0b1aa	Oh like, swallowing things whole?	Ach, myslíš polykat věci celé?
line:10254d13	Oh my	Propána.
line:39f6c77d	Oh my bad	Aha, moje chyba.
line:79511a66	Oh my bad	Aha, moje chyba.
line:8cfbd75d	Oh my bad	Aha, moje chyba.
line:cb71b2a1	Oh my bad	Aha, moje chyba.
line:7d13eca0	Oh my- I didn't expect you to be so... hands on	Ach, propána... Nečekal jsem, že budete tak... hmatatelně důkladný.
line:c60c65e8	Oh my. I suppose I could use the mount!	Propána. Snad bych mohl použít kozlík!
line:433cb27e	Oh no! Do you want to talk about it?	Ale ne! Chceš si o tom promluvit?
line:d908622a	Oh no, Conrad. are you okay?	Ach ne, Conrade. Jsi v pořádku?
line:bf977a7e	Oh okay. I'll go grab it.	Aha, dobře. Dojdu pro něj.
line:7428755b	Oh so it's new for both of us!	Takže je to nové pro nás oba!
line:513bed5a	Oh so it's new to both of us!	Aha, takže je to nové pro nás oba!
line:4bad37a5	Oh that's good. I'm happy he's okay.	To je dobře. Jsem rád, že je v pořádku.
line:7d791906	Oh this is better, but I still feel dirty.	Tohle je lepší, ale pořád se cítím špinavý.
line:63926ecd	Oh we're done?	Ach, už jsme hotoví?
line:546d1bf2	Oh wow, you're really covered in it!	Páni, opravdu jste od něj celý!
line:b2d99a43	Oh wow..	Ach, páni...
line:e8052272	Oh yeah I liked the first one.	Jo, jednička se mi líbila.
line:a4a26529	Oh yeah, there's this nice place downtown called wings.	Jo, v centru je fajn podnik jménem Wings.
line:d4d3ecd5	Oh yeah.	No jo.
line:059142a3	Oh Yeah?	Vážně jo?
line:71053a53	Oh Yeah?	Vážně jo?
line:1121309c	Oh yeah?	Vážně?
line:2b560f59	Oh yeah?	Vážně?
line:2d2820b0	Oh yeah?	Vážně?
line:6e82e54c	Oh yeah?	Vážně?
line:b9d8a22f	Oh yeah?	Vážně?
line:d8ce8566	Oh yeah?	Vážně?
line:f103a4a8	Oh yeah?	Vážně?
line:4f6344f1	Oh yeah? He sounds like a bit of a hothead.	Vážně? Zní trochu jako horká hlava.
line:60cdf456	Oh yeah? The little red drake?	Vážně? S tím malým červeným drakem?
line:a9253dd8	Oh yeah? The sky blue drake I've seen around?	Vážně? S tím nebesky modrým drakem, kterého tu vídám?
line:762882b4	Oh yeeeaaah?	Vážně jooo?
line:5d737ca7	Oh yes	Ale ano.
line:1c90fb6d	Oh you. Gonna make me blush.	Ale ty. Ještě se budu červenat.
line:7e3e59aa	Oh!	Ach!
line:3605a48a	Oh! I think I've seen him. The tiny one, yeah?	Ach! Myslím, že jsem ho viděl. Ten maličký, že?
line:3bc15278	Oh! No it wouldn't be. It's fun!	Ach! Vůbec ne. Je to zábava!
line:c95a153d	Oh! nothing. I'll get the gate.	Ale! Nic. Otevřu ti bránu.
line:b6fb6fce	Oh! Okay. I'll get the gate!	Ach! Dobře. Otevřu ti bránu!
line:4d3233a1	Oh! That's cold!	Ach! To studí!
line:403f2ab7	Oh! Then I better let you in. I'll go get the gate.	Ach! Tak to bych vás měl pustit dovnitř. Otevřu vám bránu.
line:0f2dc134	Oh! Yeah that makes sense...	Ach! Jo, to dává smysl...
line:1270a483	Oh, and I apologize for being absolutely filthy.	A omlouvám se, že jsem tak příšerně špinavý.
line:7b5be1f8	Oh, and I've figured it where to go.	A už jsem vymyslel, kam půjdeme.
line:52fb116d	Oh, and seems I got some on my face. woops.	A koukám, že mám trochu na obličeji. Jejda.
line:73a37947	Oh, awesome. I'm a big salmon guy.	Skvěle. Já jsem chlap, co miluje lososa.
line:74c9c07b	Oh, like... working class?	Aha, jako... dělnické?
line:e048566b	Oh, no.	Aha, ne.
line:1a9e6537	Oh, no. Ryan is a sweetheart.	Ale ne. Ryan je zlatíčko.
line:5f6a124a	Oh, okay. Thanks.	Aha, dobře. Díky.
line:17716b05	Oh, right. Sorry.	Aha, jo. Promiň.
line:82ba64bf	Oh, sorry-	Ach, promiň...
line:956e5c91	Oh, sorry.	Ach, promiň.
line:54a8bb22	Oh, sure. Come on in.	Jasně, pojď dál.
line:270276eb	Oh, that's my favorite part!	Ach, tu mám nejradši!
line:1ff9a04c	Oh, the crest around my head?	Ach, ten erb kolem mé hlavy?
line:ffed6d04	Oh, wonderful. Seem's we're similar.	Výborně. Zdá se, že jsme na tom podobně.
line:30e6b801	Oh, yeah!	Jo, přesně!
line:bedeee82	Oh- Eager!	Ach, ty jsi ale zvědavý!
line:38b3c8c1	Oh- I mean. I'll go open the gate!	Aha... Teda, jdu otevřít bránu!
line:714c180e	Oh- I'm glad!	Ach, to jsem rád!
line:ccf87ea9	Oh- I'm not too interested in using that right now.	Ach, zrovna teď to moc používat nechci.
line:963981e4	Oh- I'm sorry for making a mess...	Ach, omlouvám se za ten nepořádek...
line:8e407c6e	Oh- Not just the wash.	Ach, nemyslím jen mytí.
line:ad31ec4c	Oh- Not just the wash.	Ach, nemyslím jen mytí.
line:6866c2c9	Oh- Right now? 'aight I'm down.	Ach, teď hned? Tak jo, jdu do toho.
line:9a6dca4b	Oh- Ya. On it.	Aha... Jo. Už jdu.
line:3b6d644d	Oh.	Aha.
line:4399096b	Oh.	Aha.
line:8441bf7b	Oh.	Aha.
line:87233429	Oh.	Aha.
line:e90fee8e	Oh.	Aha.
line:ebd9b4d3	Oh.	Aha.
line:8a79f72c	Oh. And one other thing.	Ach. A ještě jedna věc.
line:e8289be5	Oh. good.	Aha. Dobře.
line:5442e228	Oh. Okay I'll go get the gate.	Aha. Dobře, otevřu ti bránu.
line:0da15c85	Oh. Okay.	Ach. Dobře.
line:73f7f13d	OH. RIGHT.	AHA. JASNĚ.
line:c35890c8	Oh. That's... Wonderful!	Ach. To je... báječné!
line:0ce8d5aa	Oh. Then yeah, we're open.	Aha. Tak ano, máme otevřeno.
line:52ed140c	Oh. Uhm. <size=70%>Good.	Ach. Ehm. <size=70%>Dobrý.
line:780d0993	Oh. yeah. Sorry.	Aha, ano. Promiňte.
line:7f5113d5	OH. You're not used to eating them whole.	AHA. Ty nejsi zvyklý jíst je celá.
line:45bc649d	Oh...	Ach...
line:0a093816	Oh... hah. I like that.	Aha... Ha. To se mi líbí.
line:f885f11d	Oh... I suppose this is alright~	Ach... Myslím, že mi to nevadí~
line:7cd85c8e	Oh... I'm so sorry.	Ach... To mě moc mrzí.
line:8cc1aa72	Oh... yeah we don't have one.	Aha... Jo, ten nemáme.
line:f16d7940	Oh... Yeah, tinier dragons tend to... Compensate.	Ach... Jo, menší draci si to obvykle... vynahrazují.
line:1d491283	Oh?	Vážně?
line:21c46e75	Oh?	Vážně?
line:fd8d786a	Oh?	Vážně?
line:0ce8d3c2	ohmygod I thought the egg was decorative.	Proboha, myslel jsem, že to vejce je na ozdobu.
line:d9b26374	Ok I can do that	Dobře, to zvládnu.
line:1777121d	Ok I got this..	Dobře, zvládnu to...
line:f3af3ce8	Ok just tell me if you get uncomfortable or anything.	Dobře, jen mi řekni, kdyby ti to bylo nepříjemné nebo tak.
line:6c3a98cc	Ok lets wash it off for our date tonight then.	Dobře, tak to před naším dnešním randem smyjeme.
line:7a54a1e1	Okay	Dobře.
line:f64a5b30	Okay	Dobře.
line:249500dc	Okay!	Dobře!
line:a327b5f9	Okay!	Dobře!
line:ccaabca3	Okay!	Dobře!
line:82d0ea81	Okay! I'll be back later then.	Dobře! Tak se pak zase stavím.
line:3deb5f55	Okay! I'll go get the gate for you.	Dobře! Půjdu ti otevřít bránu.
line:9c3d6cb7	Okay! I'll see you soon.	Dobře! Brzy na viděnou.
line:72e0348e	Okay, bye!	Dobře, ahoj!
line:255362b9	Okay, Conrad.	Dobře, Conrade.
line:0d16ab28	Okay, I'll be waiting. Thanks.	Dobře, počkám. Díky.
line:155d1c64	Okay, I'll open the gate!	Dobře, otevřu bránu!
line:886f5df2	Okay, I'll see you later!	Dobře, tak zatím!
line:585d6a08	Okay, thank you.	Dobře, děkuju.
line:c298bc55	Okay, thank you.	Dobře, děkuju.
line:6acf71a3	Okay, thanks.	Dobře, díky.
line:8ed5a204	Okay- okay. I'll go get the gate.	Dobře, dobře. Otevřu ti bránu.
line:10b9a653	Okay- Thanks.	Dobře. Děkuji.
line:00a81c16	Okay. I hope you're doing alright though.	Dobře. Ale doufám, že to zvládáš.
line:118a51bb	Okay. I should probably get out of your scales.	Tak jo. Asi bych tě měl přestat otravovat.
line:a62e8112	Okay. I'll open up shop. Give me a sec.	Dobře. Otevřu podnik. Dejte mi chvilku.
line:9d434af5	Okay. I'll order a mount.	Dobře. Objednám kozlík.
line:2f3b06de	Okay. Then I think I'd like to try.	Dobře. Tak bych to asi rád zkusil.
line:54ad4706	Okay...	Dobře...
line:28311fbb	Omg you're hurt!	Proboha, jsi zraněný!
line:8b3abbf7	On it!	Jdu na to!
line:42e3eba2	Once I'm cleaned up I'm gonna head out and get our spot ready.	Až budu čistej, vyrazím a připravím nám tam místo.
line:1d4b8a1c	One thing led to another...	Jedno vedlo k druhému...
line:c70bea2d	Only been cleaning for a few weeks now!	Dělám to teprve pár týdnů!
line:5188bd4a	Only If that's alright-	Jen jestli to nevadí...
line:01505282	Only realized how much of a mess I made after Max yelled at me, haha.	Kolik jsem nadělal nepořádku, mi došlo až při Maxově křiku, haha.
line:828eed25	Oof... Needed that. Thank you.	Uf... To jsem potřeboval. Děkuju.
line:2d40c69a	Oooh, alrighty.	Ó, tak dobře.
line:99ff9e7f	Ooooh must be a big deal then.	Ooo, tak to musíš být někdo.
line:e8ad4791	Ooooh.	Ooo.
line:64bfd62a	Oops, my bad.	Jejda, moje chyba.
line:0fa31c40	Our first meeting went great though!	Ale první setkání šlo skvěle!
line:77cebc41	People tell me I've got a fat cock, is that true?	Říkaj mi, že mám tlustýho ptáka. Je to pravda?
line:80de6c63	Perfectly clean again. Thank you for taking me in at this hour.	Zase dokonale čistý. Děkuji, že jste mě přijal v tuto hodinu.
line:f212528b	Phew! I had an accident that needs to be taken care of... discretely.	Uf! Měl jsem nehodu, kterou je třeba vyřešit... diskrétně.
line:b3c35166	Phew, I was worried I'd make another mess of things.	Uf, bál jsem se, že zase nadělám nepořádek.
line:314c3d8a	physically or emotionally?	Tělesně, nebo duševně?
line:156e0b50	Picnic bathket-	Piknikovej koššík...
line:0d9de1a1	player hooked up with conrad	Hráč se dal dohromady s Conradem.
line:2cf1c95e	player hooked up with conrad	Hráč se dal dohromady s Conradem.
line:c2529648	player hooked up with conrad	Hráč se dal dohromady s Conradem.
line:f7fd34b2	player hooked up with conrad	Hráč se dal dohromady s Conradem.
line:66e08b22	player hooked up with ryan	Hráč se dal dohromady s Ryanem.
line:78039fd1	player hooked up with ryan	Hráč se dal dohromady s Ryanem.
line:96a0c0c7	player hooked up with ryan	Hráč se dal dohromady s Ryanem.
line:9bade6d6	player hooked up with ryan	Hráč se dal dohromady s Ryanem.
line:0ddcd600	Please scrub Igwix off my back would you?	Vydrhněte mi prosím Igwixe ze zad, ano?
line:0632acbf	Plus they feel really nice.	A navíc je to mytí moc příjemné.
line:c7b8ba3d	Possibly...?	Možná...?
line:637629a8	Pretty sure I can digest anything.	Myslím, že strávím úplně všechno.
line:65a41bc5	Pretty sure I'm all clean!	Myslím, že už jsem celý čistý!
line:3750bbf0	Pretty sure that was everything.	Myslím, že to bylo všechno.
line:960707b0	Primarily alchemy. Occasionally world history.	Především alchymii. Občas světové dějiny.
line:1475f95c	Professor Igwyx- My colleague who self-immolated earlier.	Profesor Igwyx, ten můj kolega, který předtím sám vzplanul.
line:26e9d692	Professor, but yes. You have.	Profesor, ale ano. Naučil jste mě něco.
line:af0c15fd	Professor- But, yes. I usually don't go to public washes.	Profesora... Ale ano. Obvykle do veřejných myček nechodím.
line:962abe27	Project Scale mary	Project Scale mary
line:e5d47feb	prole- <i><size=70%>wuh?	Prole... <i><size=70%>cože?
line:c7b73162	Psst..!	Psst...!
line:9addfb4a	Ready!	Připraven!
line:875b5372	Really damn good!	Fakt zatraceně dobrý!
line:9e9f3e75	Really damn good!	Fakt zatraceně dobrý!
line:9364911d	Really looking forward to finding new people.	Vážně se těším, až poznám někoho nového.
line:8b0b222c	Really sets the mood.	Pořádně navoděj náladu.
line:4010d36d	Really well honestly.	Upřímně, fakt dobře.
line:cfcb40c7	Really?	Opravdu?
line:0ec807a4	Really? Aw, That's really sweet.	Vážně? Jé, to je moc milé.
line:630fed1b	Remove this barrier at once so I may enter.	Okamžitě odstraňte tu překážku, abych mohl vstoupit.
line:65deb150	Right after this wash!	Hned po tomhle mytí!
line:0caa6657	Right, I'll get that for you ASAP.	Jasně, hned ti otevřu.
line:1271b80c	Right.	Jistě.
line:3ede5541	Right.	Jistě.
line:6a2e4e0d	Right. I'll get to it.	Jasně. Pustím se do toho.
line:29daeb62	Right. Phoenix feather. Obviously.	Jasně. Fénixovo pero. Samozřejmě.
line:51d1b41e	Ryan is a sweetheart	Ryan je zlatíčko.
line:202fce0c	RYAN THE BONE!	RYANE, TA KOST!
line:93bd9a2b	Ryan!	Ryane!
line:9b7e09b8	Ryan!	Ryane!
line:b76f49cd	Ryan!	Ryane!
line:1fa0fbbe	Ryan! I met him.	Ryan! Už jsem ho potkal.
line:f0427bb9	Ryan! this is so sweet.	Ryane! To je od tebe tak milé.
line:92829935	Ryan's such a nice dragon.	Ryan je tak milej drak.
line:13ca0a74	Ryan, you're not supposed to eat the stems-	Ryane, stopky se nejí...
line:7a01d265	Ryan: I guess it is pretty exciting	Ryan: Je to vlastně docela vzrušující.
line:e1526934	Ryan: I like that a lot	Ryan: To se mi moc líbí.
line:a430a2ff	Ryan: I think I am close too..	Ryan: Myslím, že už jsem taky blízko...
line:77626e43	Ryan: I would say it is going great	Ryan: Řekl bych, že to jde skvěle.
line:f5f5b815	Ryan: I've never done this outside before	Ryan: Ještě nikdy jsem to nedělal venku.
line:6dd86b71	Ryan: This was nice	Ryan: Tohle bylo příjemné.
line:41b9659f	Ryan: Wow.. Your stature is really the only thing small about you.	Ryan: Páni... Tvoje výška je na tobě vážně to jediné malé.
line:aad89688	Ryan: Yea definitely. Worried about me?	Ryan: Jo, rozhodně. Máš o mě starost?
line:ce6d6d7f	Ryan? you sure everything is okay...?	Ryane? Jsi si jistý, že je všechno v pořádku...?
line:1d3b255b	Save your mood setting for tonight!	Nech si to navozování nálady na večer!
line:3ed6ab5d	Say do you remember the name of the college I work at?	Poslyšte, pamatujete si jméno školy, na které pracuji?
line:a05a7804	Say...	Poslyšte...
line:82d7b5e4	Says who?	Kdo to říká?
line:6c193ba9	Scales different today? <size=70%><i>is that a thing...? </i><size=100%>You look good today.	Šupiny? <size=70%><i>Jde to vůbec...? </i><size=100%>Dneska ti to sluší.
line:426f40ff	See you again soon, yeah?	Zase se brzy uvidíme, jo?
line:3112d78d	See you soon.	Brzy na viděnou.
line:8072b186	See you tonight.	Uvidíme se večer.
line:0d3b23da	Sheesh.	Páni.
line:48435b12	Shh! I'm not from around here...	Pššt! Nejsem zdejší...
line:0f86dbf6	So am I!	Já také!
line:3063100e	So am I.	Já taky.
line:a241eec6	So far so good though, yeah?	Zatím mi to jde, ne?
line:813c6dd4	So is this like... our first date?	Takže tohle je jako... naše první rande?
line:9b10d450	So this Conrad guy, seems like you like him?	Takže ten Conrad, zdá se, že ho máš rád?
line:0c5dcd3c	So uh, gate?	Takže, ehm... brána?
line:84d8a935	So uh, mind opening the gate?	Tak co, otevřeš mi bránu?
line:7da41ecd	So uhh, let me know if you need me to move.	Tak ehm, dej mi vědět, kdybys potřeboval, abych se pohnul.
line:3a469ae4	So yeah, I had a mishap..	Tak jo, stala se mi nehoda...
line:a6d6bf76	So you and Ryan huh?	Takže ty a Ryan, co?
line:31fa3bdf	So you came in just to...	Takže jsi přišel jenom, abys...
line:5f64c352	So you're a certified dragon washer huh?	Takže jsi certifikovaný myč draků, co?
line:c9e7bb1e	So you're a certified dragon washer huh?	Takže jsi certifikovaný myč draků, co?
line:aedb6a51	So, coming in for a wash?	Tak co, jdeš se umýt?
line:1c856f1c	So, how was your date?	Tak jaké bylo vaše rande?
line:3cda84e6	So, tell me more about conrad!	Tak mi pověz víc o Conradovi!
line:c10d9415	So, thanks on his behalf for caring.	Takže ti za něj děkuju, že ti na něm záleželo.
line:e6aa9d20	So, with... relationships.	Takže, ohledně... vztahů.
line:a99c5c88	So. How about a date?	Tak co? Dáme si rande?
line:c2f44537	So. My girlfriend was home before me. she's a work-from-home dragon.	Takže. Moje přítelkyně byla doma přede mnou. Je to dračice, která pracuje z domova.
line:d9652dff	So. Our date tonight...	Takže. Naše dnešní rande...
line:b983f922	So. Tonight.	Takže. Dnešní večer.
line:28c51dbf	So... A date. I think I'd like to go on one soon!	Takže... rande. Myslím, že bych na nějaký brzo rád šel!
line:7c56b2d8	So... I was thinking about my relationships.	Tak... Přemýšlel jsem o svých vztazích.
line:5a5e7f21	So<size=90%>o<size=80%>o<size=70%>o<size=60%>o... <size=100%>I 'aint dirty. But I am <i>~dirty~</i> y'know?	Tá<size=90%>á<size=80%>á<size=70%>á<size=60%>ák... <size=100%>Nejsem špinavej. Ale mám <i>~špinavý~</i> myšlenky, chápeš?
line:8a35fb7b	So<size=90%>o<size=80%>o<size=70%>o<size=60%>o... <size=100%>Was wonderin'	Takž<size=90%>e<size=80%>e<size=70%>e<size=60%>e... <size=100%>Zajímalo by mě...
line:5230bdfd	Soap, then rinse!	Namydlit a pak opláchnout!
line:c374e532	Somehow that feels more honest than anything anyone else says.	To mi nějak připadá upřímnější než cokoli, co říkají ostatní.
line:2898f680	Something happened last night	Včera večer se něco stalo.
line:4dac3d2b	Something went wrong with flags!	Něco se pokazilo s příznaky příběhu!
line:61c7f2d6	Something went wrong with flags!	Něco se pokazilo s příznaky příběhu!
line:6d5ba814	Something went wrong with flags!	Něco se pokazilo s příznaky příběhu!
line:8f64adc0	Something went wrong with flags!	Něco se pokazilo s příznaky příběhu!
line:19cedc30	Sooo. You gonna jerk me off?	Táák. Vyhoníš mi ho?
line:1646ece2	Sorry for coming in late. My sleeps borked.	Promiň, že jdu pozdě. Mám rozhozenej spánek.
line:b2b32876	Sorry I'm bad at flirting. Could you get the gate?	Promiň, flirtování mi nejde. Otevřeš mi bránu?
line:13ba93ef	sorry!	Omlouváme se!
line:e2f9c70c	Sorry, I meant to say I enjoy your wash.	Promiňte, chtěl jsem říct, že se mi vaše myčka líbí.
line:78ca8d95	Sorry...	Promiň...
line:4af15fc3	Sounds good to me!	Za mě dobrý!
line:8c6e66f3	Sounds good!	To zní dobře!
line:1ef36cb0	Sounds like a date then!	Tak máme rande domluveno!
line:d71ba53e	Sounds like a date then!	Tak máme rande domluveno!
line:5fc277a9	Sounds like a date then! Seafood then we play it by ear.	Tak máme domluveno! Mořské plody a pak se uvidí.
line:0e643191	Sounds like a date then, I'm excited.	Tak máme domluveno. Těším se.
line:c4642c9c	Sounds like a date then. I'm excited.	Tak máme domluveno. Těším se.
line:ffc401d1	Sounds like a plan.	Tak jsme domluvení.
line:c4dd137b	Sounds like it was good then.	Takže to zní, že dobrej.
line:7b6c47bd	Sounds like it.	To je vidět.
line:5c51654f	Sounds nice.	To zní hezky.
line:3a23b81f	Sounds really cool.	To zní moc zajímavě.
line:1dbf50b3	Sure	Jistě.
line:c14ceb34	Sure is!	Přesně tak!
line:de7cd73a	Sure it is. Thanks to Conrad for having me get it.	Jistěže ne. Můžeme poděkovat Conradovi, že mě přiměl ho pořídit.
line:05c673e7	Sure!	Jistě!
line:52542beb	Sure!	Jistě!
line:67f14802	Sure!	Jistě!
line:a2dc4ac0	Sure! I'll go get the gate.	Jistě! Otevřu ti bránu.
line:dbb68858	Sure! I'll go get the gate.	Jistě! Otevřu ti bránu.
line:601e1b38	Sure! I'm excited to tell you about Conrad.	Jasně! Už se těším, až ti povím o Conradovi.
line:7b5c9d8c	Sure, but he needed someone who cared in that moment.	Jistě, ale v tu chvíli potřeboval někoho, komu na něm záleží.
line:709a9a57	Sure.	Jasně.
line:4af4703c	Tasted real good though!	Ale chutnalo skvěle!
line:048fe71b	TELL ME ABOUT YOU AND CONRAD!	POVÍDEJ O SOBĚ A CONRADOVI!
line:2b84f2eb	Test line 1	Testovací replika 1
line:7a22b4d3	Test line 10	Testovací replika 10
line:ec12b3a4	Test line 11	Testovací replika 11
line:4f87d73a	Test line 12	Testovací replika 12
line:d9b7d04d	Test line 13	Testovací replika 13
line:63e6d9d4	Test line 14	Testovací replika 14
line:f5d6dea3	Test line 15	Testovací replika 15
line:64cb6133	Test line 16	Testovací replika 16
line:f2fb6644	Test line 17	Testovací replika 17
line:1772a124	Test line 18	Testovací replika 18
line:88119675	Test line 2	Testovací replika 2
line:1e219102	Test line 3	Testovací replika 3
line:a470989b	Test line 4	Testovací replika 4
line:32409fec	Test line 5	Testovací replika 5
line:a35d207c	Test line 6	Testovací replika 6
line:356d270b	Test line 7	Testovací replika 7
line:5643ba3d	Test line 8	Testovací replika 8
line:c073bd4a	Test line 9	Testovací replika 9
line:394db643	Thank the stars you're open.	Díky hvězdám, že máte otevřeno.
line:f1946aab	Thank you for cleaning me!!	Děkuju za umytí!!
line:75b5b084	Thank you for getting me and Ryan in contact.	Díky, že jsi mě seznámil s Ryanem.
line:189d999e	Thank you for listening.	Děkuju, že jsi mě vyslechl.
line:3398aea2	Thank you for that.	Za to vám děkuji.
line:875f0961	Thank you for the clean!	Děkuji za očistu!
line:acb8a5aa	Thank you for the quick clean!	Děkuju za rychlé umytí!
line:8512365e	Thank you!	Děkuji!
line:bbca8a46	Thank you!	Děkuji!
line:e449156d	Thank you!	Děkuji vám!
line:bb4e1dc1	Thank you, Ryan. I'm happy I got to meet you too	Děkuju, Ryane. Taky jsem rád, že jsem tě poznal.
line:3b568c14	Thank you.	Děkuji vám.
line:6b245989	Thank you.	Děkuju.
line:836d1b13	Thank you.	Děkuji vám.
line:d60f2dc0	Thank you.	Děkuji vám.
line:035a0830	Thank you. I'd really appreciate it	Díky. Fakt bych to ocenil.
line:f3e7a8fe	Thank you. Look good feel good!	Díky. Když dobře vypadáš, dobře se cítíš!
line:d2d97c90	Thank you. You make this a whole lot easier to go through.	Děkuju. Díky tobě se přes to všechno dostávám mnohem snáz.
line:3027bcf7	Thanks for asking. It's enjoyable to be asked personal questions.	Děkuji, že se ptáte. Je příjemné odpovídat na osobní otázky.
line:aaf3066d	Thanks for cleaning me!	Díky za umytí!
line:8150e2a2	Thanks for helping me out.	Díky za pomoc.
line:a2217280	Thanks for helping me out.	Díky za pomoc.
line:7db0baf0	Thanks for introducing me to him.	Díky, že jsi mě s ním seznámil.
line:c6cee89f	Thanks for letting me in so late.	Díky, žes mě pustil dovnitř tak pozdě.
line:079b3782	Thanks for sharing food with me, You're a great friend.	Díky, že sis se mnou dal něco k jídlu. Jsi skvělý kamarád.
line:85f901b0	Thanks for sharing food with me...	Díky, že sis se mnou dal něco k jídlu...
line:a39fd5a9	Thanks for that. Felt pretty damn good.	Díky za to. Bylo to fakt zatraceně dobrý.
line:505e150f	Thanks for the clean.	Děkuji za očistu.
line:a40e531c	Thanks for the food! I'll go get the gate.	Díky za jídlo! Otevřu ti bránu.
line:f1692a96	Thanks for the suggestion!	Díky za tip!
line:81ebbec0	Thanks for the wash so late in the night.	Díky, žes mě umyl takhle pozdě večer.
line:a9df4c5e	Thanks I'll be waiting!	Díky, počkám!
line:f73a3fc7	Thanks mate, see you tomorrow then.	Díky, kámo. Tak zase zejtra.
line:30f1f583	Thanks!	Díky!
line:3484ab9d	Thanks!	Díky!
line:44701902	Thanks!	Díky!
line:4d868f2f	Thanks!	Díky!
line:70190774	Thanks!	Díky!
line:8b8f57c4	Thanks!	Díky!
line:ab5b2574	Thanks!	Díky!
line:b588bf4c	Thanks!	Děkuju!
line:bc5d790a	Thanks!	Díky!
line:c07a9171	Thanks!	Díky!
line:e7e57d9c	Thanks!	Díky!
line:fa293cde	Thanks! Whats with all the... Gloop?	Díky! Co je to za... břečku?
line:e1609903	Thanks, but I'll be better. I promise.	Díky, ale polepším se. Slibuju.
line:02cbdc87	Thanks, I'm excited too.	Díky, taky se těším.
line:37c9d915	Thanks, You're pleasant too!	Děkuju, i s vámi je mi příjemně!
line:cb847372	Thanks, You're pleasant too!	Děkuju, i s vámi je mi příjemně!
line:188d4359	Thanks.	Díky.
line:316bb26e	Thanks.	Díky.
line:34ec4db7	Thanks.	Díky.
line:5183a6f2	Thanks.	Díky.
line:c642cb17	Thanks.	Díky.
line:cf716777	Thanks.	Děkuju.
line:e00c6df5	Thanks.	Díky.
line:e521db76	Thanks.	Děkuju.
line:f62e1c4f	Thanks.	Děkuju.
line:fbba1293	Thanks.	Děkuju.
line:8bfa88d7	Thanks. I like being around you too.	Díky. Taky jsem s tebou rád.
line:df0a8598	Thanks. I'm always happy to be here.	Díky. Vždycky jsem tady rád.
line:084e3cbc	Thanks. See you soon.	Díky. Brzy na viděnou.
line:71d57aeb	Thanks. That's kind of you to say.	Děkuju. To je od vás milé.
line:a1f9de62	Thanks. That's kind of you to say.	Děkuju. To je od vás milé.
line:9a9a6120	Thankth!	Díkyš!
line:e721d512	That brings me to my next question...	Což mě přivádí k další otázce...
line:215a2d34	That felt <i>good</i>.	To bylo <i>dobrý</i>.
line:89150715	That is rather kind of you to say.	To je od vás velmi laskavé.
line:a57409fb	That is the source of my worry...	Právě to mě znepokojuje...
line:ad261b84	That just makes it harder!	Tím mi to vůbec neusnadňuješ!
line:7111d265	That makes me feel a lot more sure of myself then.	To mi dodává mnohem větší jistotu.
line:3fac5bff	That makes me feel good to hear.	To rád slyším.
line:1c49f05b	That makes me happy to hear.	To mi dělá radost.
line:a8b70da7	That must mean it is! I'm glad.	To musí znamenat, že ne! To jsem rád.
line:5738ea38	That nice to hear... But, I mean being taken care of more... Primally?	To rád slyším... Ale myslím péči spíše... pudovou?
line:8f598864	That one was almost too big-	Tenhle už byl skoro moc velký...
line:5960dcbb	That should be all though, could you go get the gate?	Ale to už by mělo bejt všechno. Otevřeš mi bránu?
line:116f0e16	That should be every spot.	Tím by měla být všechna místa čistá.
line:90444b09	That sounds like an over-reaction on her part.	To zní, jako by to trochu přehnala.
line:f07c9e39	That sounds like an over-reaction on her part.	To zní, jako by to trochu přehnala.
line:c78cf81f	That sounds lovely!	To zní báječně!
line:eaa3c173	That they are...	To tedy jsou...
line:f4b9a455	That was much nicer than a hose.	To bylo mnohem lepší než hadice.
line:78cef130	That was never a concern. I'm a rather risk averse dragon.	To mě nikdy netrápilo. Jsem drak, který se riziku spíše vyhýbá.
line:22d271f4	That was really fun.	Tohle bylo moc fajn.
line:019b83df	That was wonderful! I feel so much better about dating.	To bylo báječné! Z randění mám teď mnohem lepší pocit.
line:d7bf167b	That was... Nicer than I expected.	Bylo to... příjemnější, než jsem čekal.
line:577cec43	That's a mount, no?	To je kozlík, že?
line:825536f5	That's a tricky question to answer.	Na to není snadné odpovědět.
line:66fb84fe	That's all I want to ask.	To je všechno, na co jsem se chtěl zeptat.
line:ac1ed298	That's all you can ask for, right?	Víc si člověk nemůže přát, ne?
line:6605187b	That's an appeal to authority fallacy. But, yes. I'm correct.	To je argumentační klam odvolávání na autoritu. Ale ano. Mám pravdu.
line:52f81dde	That's cute!	To je roztomilé!
line:45befc02	That's exciting!	To je vzrušující!
line:13cd5511	That's fast... But I think so!	To je rychlé... Ale asi ano!
line:4ff91cbd	That's fine!	To nevadí!
line:163c524a	That's good to hear.	To rád slyším.
line:33e2bee6	That's good to hear.	To rád slyším.
line:30e461f2	That's good. You deserve a decent man.	To je dobře. Zasloužíte si slušného muže.
line:aeae4744	That's good... Now what?	To je dobře... A co teď?
line:f3eeb627	That's great! whens your first date?	To je skvělé! Kdy máte první rande?
line:215f4eba	That's me.	To jsem já.
line:cf8c5f37	That's not a thing... But thank you!	To se nedělá... Ale děkuju!
line:3f29878b	That's rather nice of you to say.	To je od vás velmi milé.
line:d38c63ea	That's really cute.	To je moc roztomilé.
line:6474d7f7	That's really nice!	To je moc hezké!
line:c5001a4c	That's the best way to eat'em!	Tak chutnají nejlíp!
line:2a5cc3a5	That's very sweet.	To je moc milé.
line:7052576b	That's what I like to hear.	To rád slyším.
line:2a154290	That's what I thought too.	To jsem si taky myslel.
line:33d12f97	That's what I thought too.	To jsem si taky myslel.
line:2b7bb6ce	That's what's terrifying.	Právě to je děsivé.
line:36fb380f	That's wonderful, he's cute!	To je skvělé, je roztomilý!
line:266836f8	That's... the first time you've yipped for me.	To je... poprvý, cos kvůli mně zapištěl.
line:9b0b24ad	That.	To.
line:6ff80785	That... makes me feel a lot more sure of myself then.	To mi... dodává mnohem větší jistotu.
line:cc6d631b	That... makes me feel a lot more sure of myself then.	To mi... dodává mnohem větší jistotu.
line:ecf6206f	Thats awesome. I'm glad you two are working out.	To je skvělé. Jsem rád, že vám to spolu jde.
line:0f8bb606	Thats good to hear.	To je dobře.
line:f5324d68	Thats really good to hear.	To moc rád slyším.
line:063dcd4b	The ability to open up to someone, even occasionally...	Možnost se někomu svěřit, byť jen občas...
line:8919009a	The ambiance is nice.	Má to hezkou atmosféru.
line:08c850bf	The apothecary will tarnish my name for months.	Lékárník mi bude kazit pověst celé měsíce.
line:01b4161e	The breakup I went through earlier was rough.	Ten nedávný rozchod byl těžký.
line:c932c99d	The breakup I went through earlier was rough.	Ten nedávný rozchod byl těžký.
line:dd06ed39	The Burnswick Community College of Thaumaturgy, of course!	Komunitní vysoká škola thaumaturgie v Burnswicku, samozřejmě!
line:515099ec	The button on the wall, I mean.	Myslím to tlačítko na zdi.
line:7fe73572	The clean was fine.	Mytí ušlo.
line:e8a38ed0	The college cannot find out about this okay?	Škola se o tom nesmí dozvědět, ano?
line:1a169dbc	The lights in the area are great too.	I ta světla v okolí jsou skvělý.
line:610dd8cb	The markers were fun.	S fixami byla zábava.
line:4b36ea4e	The most prestigious college hosting prestigious professors like me:	Ta nejprestižnější škola s tak váženými profesory, jako jsem já:
line:ec00a1fe	The mount? I... suppose!	Kozlík? Já... snad ano!
line:94e04dcf	The mount? Sure!	Kozlík? Jistě!
line:d8273d7f	The night 'aint gonna start itself!	Noc sama od sebe nezačne!
line:1f2907ed	The rain has been unrelenting today!	Dnes prší bez ustání!
line:1804bf0a	The rain is nice.	Déšť je příjemný.
line:7e9a1f83	The stem is just extra food.	Stopka je jen další sousto.
line:c88244b5	The vibe at night is fuckin' great.	V noci je tam kurva skvělá atmosféra.
line:d8a2002e	Then I better let you out!	Tak to bych tě měl pustit ven!
line:d7b3cd09	Then- Have a productive day.	Tak tedy... Ať vám jde práce od ruky.
line:448afe95	There was a fault in his method.	V jeho postupu byla chyba.
line:48d4a45a	There's this one red dragon, Conrad. He's... Hot headed, but cute.	S jedním červeným drakem, Conradem. Je... prchlivý, ale roztomilý.
line:f4af8b88	Theres this club downtown. 'Wings'. It's an old favorite of mine.	V centru je klub Wings. Už dlouho patří k mejm oblíbenejm.
line:972f132f	These washes really make things easier.	Díky těmhle návštěvám to líp zvládám.
line:352d1d6f	They cum	Udělají se.
line:d78962e8	They cum	Udělají se.
line:3200a588	They keep going	Pokračují.
line:a31d1a18	They keep going	Pokračují.
line:035e5be6	They seem cute!	Působí roztomile!
line:454172b0	They took it too far.	Zašli moc daleko.
line:d7b49fb8	They were! The stem is my favorite part though.	Byly dobré! Ale stopky mám nejradši.
line:d156a87f	Think that's every spot.	Myslím, že jsem vzal každé místečko.
line:fa1a1e76	Think that's it.	Myslím, že to je všechno.
line:3112adad	This drake at the bar... I was stupid. Couldn't shut my mouth.	Ten drak v baru... Byl jsem blbej. Nedokázal jsem držet hubu.
line:bfd70320	This feels scandalous	Připadá mi to pohoršující.
line:cb437bd0	This is a common practice?	To je běžná služba?
line:831cbfda	This is a job only you can do.	Tohle je práce, kterou můžete udělat jen vy.
line:4944dbda	This is delicious!	To je výborné!
line:088893da	This is my first time with a Kobold.	S koboldem je to moje poprvé.
line:e218722c	This is my first time, actually!	Vlastně je to moje poprvé!
line:9eb894ad	This is really nice..	Tohle je moc příjemné...
line:c7e4e36f	This is the kind of shit I try to avoid!	Přesně těmhle sračkám se snažím vyhýbat!
line:22929636	This place could use a makeover, I know would it could use!	Tady by to chtělo vylepšit. Vím, co by se sem hodilo!
line:b06e13bc	This soap isn't fitting for a professor don't you think?	Tohle mýdlo není pro profesora příliš vhodné, nemyslíte?
line:97841169	This was a nice escape.	Tohle byl příjemný únik.
line:5f02ceea	This was a wonderful escape...	Tohle byl báječný únik...
line:d45f4788	This was nice...	Tohle bylo příjemné...
line:418498cf	Those grapes looked good.	Ty hrozny vypadaly dobře.
line:e9d73205	Though every other wash I've been to at least has a mount	Ale všechny ostatní myčky, kde jsem byl, měly aspoň kozlík.
line:29e70457	Though I can't say I am not curious	Ačkoli nemohu říci, že bych nebyl zvědavý.
line:9c3e6004	Though you probably shouldn't eat them.	Ale ty bys je asi jíst neměl.
line:f1ca33da	title: Alexander_Done	title: Alexander_Done
line:3ed2f649	title: Conrad_OutroDone	title: Conrad_OutroDone
line:74c28add	title: ConradBeatup_OutroDone	title: ConradBeatup_OutroDone
line:722243c8	title: RyanDate_OutroDone	title: RyanDate_OutroDone
line:b4eee981	title: RyanExploded_OutroDone	title: RyanExploded_OutroDone
line:6298f08b	Told me about the time he got beat up.	Vyprávěl mi, jak ho zbili.
line:ee954bd9	Told me to go to a wash, and was acting extremely offended.	Poslala mě do myčky a tvářila se hrozně uraženě.
line:c66e1278	Tonight- on campus. The library is the large blue spire building.	Dnes večer, v kampusu. Knihovna je ta velká budova s modrou špičatou věží.
line:434527c6	Truly terrible, no?	Vskutku strašné, nemyslíte?
line:5a5d646c	Truly?	Opravdu?
line:e3aa4e29	Truth be told, I got dirty to come here.	Popravdě jsem se ušpinil, abych sem mohl přijít.
line:0979dea3	Uh, I'm still really soapy!	Ehm, pořád jsem dost namydlený!
line:05bbe58c	Uh-huh, I'll go get the gate	Mhm, půjdu otevřít bránu.
line:7de638fb	Uh... Hello?	Ehm... Haló?
line:7de9b3a4	Uh... uhm...	Ehm... no...
line:159c5c1f	Uh... Yeah.	Ehm... Jo.
line:2089db44	Uhhhm we're not exactly.	Ehm, vlastně tak docela nemáme.
line:3ed62e6b	Uhm, no, I'll just be REALLY upset.	Ehm, ne. Jenom budu FAKT naštvaný.
line:f0a579a5	Uhm...	Ehm...
line:cc295885	uhm... <size=60%>no?	Ehm... <size=60%>Ne?
line:29237bc3	Use the crowbar to open and place it in storage, would you?	Otevřete bednu páčidlem a dejte ho do skladu, ano?
line:1ec0dc6a	Use the sprayer on the wall to wash me off.	Opláchni mě hadicí na zdi.
line:a716d3b8	Uunf. T-that was... Rather undignified.	Uuf. T-to bylo... poněkud nedůstojné.
line:a37177dd	V-very well. I'll try.	D-dobrá tedy. Pokusím se.
line:209ddf97	Very cool	Jako velký frajer.
line:2f10f572	Very well. Don't let me interrupt the wash then!	Dobrá tedy. Nebudu vás dál zdržovat od mytí!
line:7678511c	Wah- huh- <size=80%>oah. <size=60%>we don't-	Co... Eh... <size=80%>Aha. <size=60%>My neděláme...
line:82e2c158	Wait a sec, I need to open the gate.	Počkej chvilku, musím otevřít bránu.
line:9c7a2fb7	Wait a sec, I need to open the gate.	Počkej chvilku, musím otevřít bránu.
line:8ab5686b	Was great! Ryan is a sweetheart.	Skvělé! Ryan je zlatíčko.
line:d8c9f912	Was just doing my job!	Jen jsem dělal svou práci!
line:148a63c8	Was just trying to play along. Happy to see you!	Jen jsem se chtěl přidat k žertování. Rád tě vidím!
line:56261ccb	Was still good though! I like how it feels sliding down.	Ale i tak byl dobrý! Líbí se mi, jak klouže dolů.
line:4d002f47	Was... <i>Really</i> upset I was muddy.	Byla... <i>vážně</i> naštvaná, že jsem od bláta.
line:014b5da5	Watch where those paws are going would you?	Dával bys pozor, kam ty tlapky dáváš?
line:3028feb5	We also had sex after our date.	Po rande jsme spolu taky měli sex.
line:d132db41	We can just lay here...	Můžeme tu jen tak ležet...
line:4da8b942	We can make an opening.	Můžeme ti udělat místo.
line:8c563ab8	We can make an opening.	Můžeme ti udělat místo.
line:33a79dbe	We do! Are you... from the college...?	Ano! Jste... z té školy...?
line:b83ec453	We got your request for the mount!	Dostali jsme vaši žádost o kozlík!
line:8b7b8d6b	We went out to eat. Had some good conversation.	Zašli jsme na jídlo a hezky si popovídali.
line:74706bb3	We will need to clean the floors...	Budeme muset umýt podlahu...
line:df8fb8c9	We'll be going out to this seafood place-	Půjdeme do jedný restaurace na mořský plody...
line:110a2ced	Welcome back!	Vítej zpátky!
line:b042f12a	Welcome back!	Vítej zpátky!
line:c46f5033	Well great, I appreciate your discretion, I'll be headed off to the apothecary.	Výborně, oceňuji vaši diskrétnost. Vyrazím za lékárníkem.
line:08f40e32	Well I had a good time, see you later then!	Bylo mi tu moc dobře. Tak zatím!
line:c1e8b05d	Well I had a good time, see you later then!	Bylo mi tu moc dobře. Tak zatím!
line:fcff7b00	Well, go to the window and speak with your customer.	Tak jděte k oknu a promluvte se zákazníkem.
line:fc1e497a	Well, good luck getting your hands around all of me.	Tak hodně štěstí, abys mě celýho obemkl rukama.
line:60f14972	Well, I do enjoy the color. But I believe that is unrelated to my hue.	Nu, tu barvu mám rád. Ale myslím, že to s mým zbarvením nesouvisí.
line:c9f270de	Well, I'm a dragon- but... You know what I mean.	Teda, jsem drak, ale... Víš, jak to myslím.
line:f7f87f6c	Well, That's why I'm here!	Od toho jsem tady!
line:629d89d1	Well, yes. I mean more... Primally?	Nu ano. Ale myslím to spíše... pudově?
line:8aa0fc1a	Well, you are one hell of a catch.	No, ty jsi pořádná partie.
line:5d34e715	Well, you better get one then!	Tak si ho radši pořiď!
line:f16e75f3	Well...	No...
line:a71a8385	Went to the bar... Things got spicy. You can imagine what happened next... <size=70%>Hah...	Šli jsme do baru... Začalo to jiskřit. Asi si umíš představit, co bylo dál... <size=70%>Ha...
line:2e0ec324	Wha..?	Cože..?
line:29ec93b2	Whaaat. Nothing wrong with it! figured you'd like to know.	Cóóó? Není na tom nic špatného! Říkal jsem si, že tě to bude zajímat.
line:18e5a573	Whaaat? It's good to make sure you're warmed up!	Cóóó? Je dobrý se pořádně rozehřát!
line:bd66082e	What about a movie?	Co třeba do kina?
line:ee3c126b	What about your private washers?	A co vaši soukromí myči?
line:871137eb	What about?	O čem?
line:bb3b6c71	What brings you in so late?	Copak tě přivádí tak pozdě?
line:2dd518f0	What do you mean?	Jak to myslíš?
line:2fae1274	What do you mean?	Jak to myslíte?
line:3c2c53dc	What do you mean?	Jak to myslíš?
line:838cdf1b	What do you think of me?	Co si o mně myslíte?
line:c2bdc402	What does the number 7 taste like?	Jak chutná číslo 7?
line:56fc085a	What happened!?	Co se stalo!?
line:0bc56d4d	what happened?	Co se stalo?
line:8c3b76ea	What is it?	Jakou?
line:44b711a0	What is..	Co je to...
line:53301d3b	What kind of egg was that?	Co to bylo za vejce?
line:073701b7	What kind of movie are you thinking?	Jaký film máš na mysli?
line:03cf1c9a	What kind of question?	Jakou otázku?
line:003700c7	What kinds of classes do you teach?	Jaké předměty učíte?
line:e2406cc4	What now?	Co teď?
line:0c583118	What was in those opened crates?	Co bylo v těch otevřených bednách?
line:5a195ff2	What!? that's terrible! You don't even have a mount...?	Co!? To je hrozný! Ani kozlík nemáš...?
line:8ebd442e	What's got you looking so happy?	Copak máš takovou radost?
line:fc7aaaa0	What's teaching like?	Jaké to je učit?
line:f99840cd	What's that?	Co to je?
line:1a0b719d	What's up?	O co jde?
line:29359884	What's up?	O co jde?
line:8d5c7802	What's up?	O co jde?
line:712f9d7c	what?	Cože?
line:766c2abd	What? All the best places do it!	Cože? Všechny nejlepší podniky to dělaj!
line:159a1d54	What? I'm a professor! Can't you tell from my crest?	Cože? Jsem profesor! Copak to z mého erbu nepoznáte?
line:9aa86a9b	What? There is no harm caused by a genuine compliment!	Copak? Upřímnou pochvalou přece nikomu neublížím!
line:b2fe309b	Whats got you in a good mood?	Copak máš tak dobrou náladu?
line:93a145d4	Whats up, big guy?	Copak, velikáne?
line:4efe8211	Whats up?	Copak?
line:866cd495	Whats up?	Copak?
line:bfc04b3a	Whats up?	Copak?
line:e01885c3	Whats up?	Copak?
line:f7d786b6	Whats with all the... Gloop?	Co je to za... břečku?
line:c4c81aa9	Whats your favorite part about him?	Co na něm máš nejradši?
line:ff6ef027	When do you actually end the relationship?	Kdy ho vlastně ukončíš?
line:2ffe284b	When I met him at first I was falling back on my old script.	Když jsem ho poprvý potkal, sklouzával jsem ke starejm zvykům.
line:eb019075	When you're done go ahead and hit the button.	Až skončíš, klidně zmáčkni tlačítko.
line:5d4e9392	Where did he go...?	Kam se poděl...?
line:7af04961	Where would you like to go?	Kam bys chtěl jít?
line:7e9389a7	Which college?	Která škola?
line:2d315c6c	Who knew a dragon could get so dirty, huh?	Kdo by řekl, že se drak může tak ušpinit, co?
line:a97338b0	Who knew places such as this existed so readily available to the public!	Kdo by tušil, že jsou taková místa tak snadno dostupná veřejnosti!
line:8b7915f4	Who's that?	Kdopak to je?
line:ebd63f8c	Who's there?	Kdo je tam?
line:eea7573f	Whoa! Cold!	Páni! Studené!
line:1acbd02a	Whoops	Jejda.
line:5a6c0d31	Whoops	Jejda.
line:afc6c00a	Whoops	Jejda.
line:c30013ff	Whoops	Jejda.
line:9df56a3a	why are you here so late?	Proč jste tu tak pozdě?
line:bb8583c1	With Ryan, I'm pretty sure we're gonna go on a date tonight.	S Ryanem dneska večer nejspíš půjdeme na rande.
line:c236bdf9	Woah. Uhm.	Páni. Ehm.
line:390f05be	Woah... What is that in your mouth?	Páni... Co to máš v puse?
line:4b93b009	Woah... You want me to use that? Even with the food? Alright!	Páni... Chceš, abych použil tohle? I s tím jídlem tady? Tak dobře!
line:4cacfab8	Wonderful to hear you're seeing someone!	To je báječné, že se s někým scházíte!
line:f6fdf321	Wonderful to hear you're seeing someone!	To je báječné, že se s někým scházíte!
line:7e2421b6	Wonderful to hear.	To rád slyším.
line:36d49875	Wonderful!	Výborně!
line:6046bedf	Wonderful!	Výborně!
line:ab423ac7	Wonderful!	Výborně!
line:5a9abbd4	Wonderful. Have a <i>productive</i> day.	Výborně. Přeji <i>produktivní</i> den.
line:ec771552	Woops.	Jejda.
line:51bcff68	Would that interest you?	Líbilo by se ti to?
line:8c8591ec	Would you care to join me at the college library this evening...?	Nechtěl byste se ke mně dnes večer přidat v univerzitní knihovně...?
line:985436e6	Wouldn't that be degrading?	Nebylo by to ponižující?
line:1e027369	Wow thanks, that feels good.	Páni, díky, to je příjemné.
line:737184f5	Wow!	Páni!
line:ead1bf44	Wow, it's an experience seeing you eat like that.	Páni, vidět tě takhle jíst je zážitek.
line:5da1e074	Y'know?	Chápeš?
line:79352475	Ya.	Jo.
line:f6c14e05	Ya.	Jo.
line:b6add8e0	Yea! I do!	Jo! To teda jo!
line:b44edd29	Yeaaah I'm not sticking with that one.	Jooo, u týhle přezdívky nezůstanu.
line:7a471225	Yeaaah.	Jooo.
line:5483c5fd	Yeah	Jo
line:3a5d5ca4	Yeah he seems like he'd push some buttons.	Jo, vypadá, že by tě dokázal pěkně poškádlit.
line:63024a1f	Yeah he's improved a lot.	Jo, hodně se zlepšil.
line:5847a779	Yeah I have.	Ano, mluvil.
line:f3b5952a	Yeah I'm happy too.	Jo, taky mám radost.
line:fb47f998	Yeah it go BRRT haha.	Jo, dělá to BRRT, haha.
line:eef9b2bb	Yeah It's fine. Sorry.	Jo, je to dobrý. Promiň.
line:fbc80e96	Yeah let me get that for you.	Jasně, hned ti otevřu.
line:f212b2de	Yeah so I'm all muddy and stuff, love romping around in the public park.	Jo, jsem celý od bláta a tak. Miluju dovádění ve veřejném parku.
line:108de471	Yeah that sounds pretty good.	Jo, to zní docela dobře.
line:fdd800c2	Yeah! clean as always.	Jo! Čistej jako vždycky.
line:dee4a32d	Yeah! Conrad, he's adorable. Though he'd hate I said that.	Jo! S Conradem, je rozkošný. I když by se mu to slovo nelíbilo.
line:ab1bc039	Yeah! I feel clean.	Jo! Cítím se čistej.
line:6733a3df	Yeah! I'm going on a date with him soon.	Jo! Brzy s ním jdu na rande.
line:66727cce	Yeah! It has food that should be good for both of us.	Jo! Je tam jídlo, které by mělo chutnat nám oběma.
line:b482634c	Yeah! its useful.	Jo! Hodí se to.
line:da9cfdcf	Yeah! Just went on a date with Conrad.	Jo! Zrovna jsem byl na rande s Conradem.
line:3f153aaf	Yeah! Just went on a date with Ryan.	Jo! Zrovna jsem byl na rande s Ryanem.
line:77ca2316	Yeah! Thanks for the food. I'll go get the gate.	Jo! Díky za jídlo. Otevřu ti bránu.
line:c87d632b	Yeah! That would be amazing.	Jo! To by bylo skvělé.
line:71c0ee9a	Yeah, ever since the breakup I've been looking for something new.	Jo, od rozchodu hledám něco nového.
line:bee397db	Yeah, he's so kind to me.	Jo, je na mě tak hodnej.
line:4815ddba	Yeah, I've got one.	Jo, mám.
line:24efaa49	Yeah, me too. He's real nice.	Jo, já taky. Je fakt milej.
line:6fa847ba	Yeah, nah. Mate you gotta get in on this. I'll pay good!	Hele, to ne. Kámo, do toho musíš jít. Dobře zaplatím!
line:266f699d	Yeah, taste good!	Jo, chutná dobře!
line:67cc394b	Yeah, that was scary at first.	Jo, nejdřív to bylo děsivé.
line:a9980f5e	Yeah, this has been super nice.	Jo, bylo to hrozně fajn.
line:54c44240	Yeah, you're right.	Jo, máš pravdu.
line:bb1827c7	Yeah- Though only if you want!	Jo, ale jen jestli chceš!
line:7311dc01	Yeah.	Jo.
line:95e2f7cc	Yeah.	Jo.
line:9fd5b834	Yeah. <size=90%>Oh- <size=80%>you know. I'm like... <size=70%>Haha. Yeah. Mhm!	Jo. <size=90%>Ach- <size=80%>Víš, já jako... <size=70%>Haha. Jo. Mhm!
line:a28a70c6	Yeah. At least I got to meet you because of it.	Jo. Aspoň jsem díky tomu poznal tebe.
line:e5937e30	Yeah. I like fish!	Jo. Ryby mám rád!
line:0372e0d1	Yeah. It wasn't too expensive.	Jo. Nebylo to moc drahý.
line:6804839d	Yeah. It's hard to unwind groups after something like that.	Jo. Po něčem takovém je těžké rozplést společné vazby.
line:6e0e4e11	Yeah. You two will be cute.	Jo. Bude vám to spolu slušet.
line:616121a9	Yeah...	Jo...
line:f244d080	Yeah... He's really great.	Jo... Je fakt skvělej.
line:5bab2df8	Yeah... I've never gone on a date with a kobold before.	Jo... Ještě nikdy jsem nebyl na rande s koboldem.
line:8eeb7e28	Yeah... It really isn't.	Jo... To opravdu není.
line:039a0c83	Yeah?	Ano?
line:2fb3fe55	Yeah?	Ano?
line:92bd78f3	Yeah?	Ano?
line:3690a3eb	Yeah? I don't even see a mount.	Jo? Ani kozlík tu nevidím.
line:ea2adb20	Yeah? tell me about it!	Vážně? Povídej!
line:78eccd9b	Yellow lime.	Jako žlutá limetka.
line:5fd7bc69	Yep!	Jo!
line:b6c878fa	Yep!	Jo!
line:fcff76d4	Yep! I'll get the gate.	Jasně! Otevřu ti bránu.
line:3cdcbd4a	Yes	Ano
line:991dc643	Yes	Ano
line:e535cacb	Yes	Ano
line:fb4265f7	Yes	Ano
line:4ab6c5a9	yes	ano
line:db98be35	Yes right this way.	Ano, tudy prosím.
line:52010e35	YES!	ANO!
line:c4310942	Yes!	Ano!
line:d5f94e23	Yes!	Ano!
line:5592e639	Yes, welcome to Drag'N Wash!	Ano, vítej v Drag'N Wash!
line:f676b9a8	Yes, welcome to Drag'n wash!	Ano, vítej v Drag'N Wash!
line:a610ce0b	YES.	ANO.
line:85fd5266	Yes.	Ano.
line:152cb8ad	Yes. I'm in need of a clean. The situation is rather dire!	Ano. Potřebuji umýt. Situace je poměrně naléhavá!
line:c4595dd5	Yes. It's invigorating to be so candid.	Ano. Je osvěžující být tak upřímný.
line:d7e50f2d	Yes..	Ano...
line:5811655d	Yes... But I believe we need to clean the floors.	Ano... Ale myslím, že musíme umýt podlahu.
line:9444cdba	Yip	Jip.
line:14d2c62f	Yip!	Jip!
line:296ff3f4	Yip!	Jip!
line:3d516ddb	Yip!	Jip!
line:3e870ad0	Yip!	Jip!
line:5544e245	Yip!	Jip!
line:5efde4e2	Yip!	Jip!
line:c3e1f198	Yip!	Jip!
line:e662501c	Yip!	Jip!
line:5e181cf4	Yip! <size=70%>(Gate)	Jip! <size=70%>(Brána)
line:b12a3f31	Yip! <size=70%>(idk)	Jip! <size=70%>(Nevím.)
line:a8ee5236	Yip! <size=70%>(It's because the dormant part of your draconic mind is remembering the deep set language bridge between your kind and mine. Which carries the deep meaning and intention of kobold 'Yips' within it. This sudden understanding of yours is simply from our connection growing over time and activating that part of your mind.)	Jip! <size=70%>(To proto, že si spící část vaší dračí mysli vybavuje hluboce zakořeněný jazykový most mezi našimi druhy. Ten v sobě nese hluboký význam a záměr koboldího „jipání“. Tohle náhlé porozumění je jen důsledkem toho, jak se naše pouto časem prohlubuje a aktivuje tu část vaší mysli.)
line:5935a413	Yip! <size=70%>(Yes)	Jip! <size=70%>(Ano)
line:f1c14f75	Yip-Man - The Final Yip	Jip-Man – Poslední jip
line:4b9046ec	Yip-Man movies are real corny...	Filmy s Jip-Manem jsou hrozná klišé...
line:3d6b2203	You again?	Zase ty?
line:81416c72	You already are, whats up?	Už se ptáš. Copak?
line:6fbc3c1b	You also do <i>special endings</i> here, yeah?	Děláte tady i <i>šťastné konce</i>, že jo?
line:e553c773	You also introduced me to Conrad.	Taky jsi mě seznámil s Conradem.
line:feb8727e	You always make me feel welcomed.	Vždycky se tu díky tobě cítím vítaný.
line:563d71ba	You are too!	Ty taky!
line:4efafbb0	You are very skilled with your hands	Máte velmi šikovné ruce.
line:0dd63830	You brought food in?	Přinesl jsi jídlo?
line:38043f6c	You can act however you like around me.	Se mnou se můžete chovat, jak chcete.
line:3fbd01fb	You can come in whenever!	Můžeš přijít kdykoli!
line:0eb37f1a	You can stay here if you want.	Můžeš tu zůstat, jestli chceš.
line:ecc04e16	You decide!	Vyber ty!
line:19698f13	You didn't even open the watermelon.	Ty jsi ten meloun ani nerozřízl.
line:7e8c1ae2	You do know how to use your hands pretty well.	S rukama to umíš fakt dobře.
line:7023b6b4	You don't deserve that.	To sis nezasloužil.
line:c0cc0f2d	You got a medkit?	Máš lékárničku?
line:c2b3c28a	you know about getting back into the dating scene...	Víš, o tom návratu k randění...
line:512df07c	You know what that means.	Víš, co to znamená.
line:e613cbe3	You know what that means...	Víš, co to znamená...
line:73e4789c	You know... This environment is rather pleasant. Very... proletarian.	Víte... Tohle prostředí je docela příjemné. Velmi... proletářské.
line:404b17ef	You look good this clean!	Takhle čistému ti to sluší!
line:780c151c	You needn't worry. The washer's union is... More powerful than I.	Nemusíte se obávat. Odbory myčů jsou... mocnější než já.
line:3fab049a	You probably shouldn't.	Asi bys neměl.
line:0bc044da	You ready for this?	Jsi na to připravenej?
line:f0a0565a	You ready to go back in to the club?	Vrátíme se do klubu?
line:c0e34d36	You really ate that entire thing... Woah.	Ty jsi to vážně snědl celé... Páni.
line:82cf49aa	You seemed to enjoy yourself.	Vypadalo to, že sis to užil.
line:ba66095e	You set a good example.	Jste dobrým příkladem.
line:6c2a1901	You should be all clean!	Teď už bys měl být celý čistý!
line:36779352	You should be.	To bys měl.
line:86154a64	You should feel it and check for me	Měl by sis na něj sáhnout a ověřit to.
line:20503ab0	You sure? It's not like... fun stuff.	Určitě? Není to zrovna... veselá věc.
line:0a0d6bc0	You too! I'll go get the gate.	Já na tebe taky! Otevřu ti bránu.
line:e3106999	You too. Thanks for the wash.	Já tebe taky. Díky za umytí.
line:fc97aa74	You too. Thanks for the wash.	Já tebe taky. Díky za umytí.
line:5e4d645c	You two are really cute together...	Vám dvěma to spolu fakt sluší...
line:b76a2a43	You were really going at it.	Ty ses do toho vážně opřel.
line:83aa1a23	You work at a college?	Vy pracujete na vysoké škole?
line:85fa0d03	You'd need a dragon stomach first!	Nejdřív bys potřeboval dračí žaludek!
line:ebd2af6b	You'll have to give me all the Ryan details soon.	Musíš mi brzy povědět všechny podrobnosti o Ryanovi.
line:6c71dd83	You'll have to tell me all about it.	Musíš mi to všechno povědět.
line:91ab30f5	You'll have to tell me how you two work out!	Musíš mi pak povědět, jak vám to spolu jde!
line:ffeff59b	You'll have to tell me more inside.	Uvnitř mi musíš povědět víc.
line:5eb243c2	You'll like it.	Bude se ti tam líbit.
line:6acf7c77	You'll need to let them in afterwards of course.	Potom ho samozřejmě musíte pustit dovnitř.
line:6b63d2d8	You'll take care of everything?	Vy se o všechno postaráte?
line:f2527ed7	You're <i>spotless.	Jsi <i>naprosto čistý.
line:23ae97e6	You're a big deal	Ty jsi někdo.
line:323e546b	You're a good friend too, I'll go get the gate.	Ty jsi taky dobrý kamarád. Otevřu ti bránu.
line:44e97be7	You're always welcome here, Ryan.	Tady jsi vždycky vítaný, Ryane.
line:09e5bf43	You're cute by the way.	Mimochodem, jsi roztomilý.
line:277d8257	You're fine. Thank you.	Nic jsi neprovedl. Děkuju.
line:8c269acb	You're going to love it.	Budeš nadšenej.
line:173782fa	You're good at it.	A jde vám to.
line:1dca8fa0	You're just a very comfortable person to be around.	Jen se s tebou člověk cítí tak příjemně.
line:42124159	You're just a very comfortable person to be around.	Jen se s tebou člověk cítí tak příjemně.
line:d3b6d22a	You're kind. It's more than I deserve.	Jsi hodný. Víc, než si zasloužím.
line:ca72bf2d	You're okay. You're clearly going through a lot.	To je dobré. Očividně toho máš hodně.
line:68887509	You're one of my favorite clients!	Jsi jeden z mých nejoblíbenějších zákazníků!
line:c4cc497f	You're pretty hot.	Jsi docela sexy.
line:b6603dc7	You're right. I shouldn't pry.	Máš pravdu. Neměl bych vyzvídat.
line:31ab814e	You're right... Theres no way you could.	Máš pravdu... To nemůžeš vědět.
line:470cd652	You're the first person I've met who's only expectation is for me to be...	Jste první, koho jsem poznal, kdo ode mě očekává jen to, abych byl...
line:f718a7eb	You're the professor here. Must be correct.	Profesor jste tu vy. Takže to musí být pravda.
line:15f55959	You're very sweet.	Jsi moc hodný.
line:bc6cc4d2	You're very sweet.	Jste moc laskavý.
line:6289a322	You're very welcome.	Rádo se stalo.
line:39ddd682	You're...	Vy jste...
line:6e94f373	You're... cool.	Jsi... fajn.
line:61c96494	You're... Not that dirty.	Zase tak... špinavý nejste.
line:8bab3246	You're... very forward.	Ty... jdeš pěkně na rovinu.
line:3bbab759	You've gotta keep me updated on you and Ryan, yeah?	Musíš mi dávat vědět, jak vám to s Ryanem jde, jo?
line:a5a8a9d5	Your crest is cool. What is it?	Máte hezký erb. Co znamená?
line:3890b91c	Your date with Ryan.	To tvoje rande s Ryanem.
line:82109412	Your secret's safe with me.	Tvoje tajemství je u mě v bezpečí.
line:ed8e7994	Yours doesn't. It's nice.	Ten váš ne. Je to příjemné.
line:016a65e8	Yuh, that's me.	Jo, to jsem já.
line:38eb6d26	Yup!	Jo!
line:7ac62718	Yup. I like it.	Jo. To se mi líbí.
