# line ID	exact English source	translation (English A-Z then ID)
line:39fd52f1	'Ey big dog.	嘿，大狗狗。
line:918d7820	'Ey big kobold.	嘿，大狗頭人。
line:155c00eb	'think', 'On the way here'? Then you weren't covered in ink before...	「想」、「來這裡的路上」？所以你本來沒有沾到墨水……
line:15bcd86c	'Yes way', There is nothing I am more certain of.	「就是可能」。沒有什麼比這更讓我確信的了。
line:4d49ae72	'Yes way', There is nothing I am more certain of.	「就是可能」。沒有什麼比這更讓我確信的了。
line:25f35611	---	---
line:4b9b3a43	---	---
line:97ab84a8	---	---
line:db5b3129	---	---
line:e2f28daa	---	---
line:3d2df033	..	……
line:8c0e2d04	..	……
line:b36eb839	..	……
line:03d2f0bb	...	……
line:045f5836	...	……
line:1113335e	...	……
line:227eda5e	...	……
line:30a74521	...	……
line:4810891f	...	……
line:4da86a7a	...	……
line:610824ef	...	……
line:6757e4a0	...	……
line:695ef750	...	……
line:7426a997	...	……
line:759a495e	...	……
line:7e189c92	...	……
line:812700a5	...	……
line:848f5cd8	...	……
line:85f39b27	...	……
line:9504ba33	...	……
line:a6531779	...	……
line:b59e9091	...	……
line:b7f0551c	...	……
line:c272e55f	...	……
line:cdb8d8db	...	……
line:cfe4b91d	...	……
line:d6483230	...	……
line:d90d368f	...	……
line:d9516fdd	...	……
line:dd197e7c	...	……
line:decf872a	...	……
line:e9d40a5c	...	……
line:20f87f8d	... A class which I'm teaching rather soon.	……而且很快就要上課了。
line:4815d919	... Being a bit of a jerk honestly.	……老實說，就是有點混蛋。
line:11bfce3b	... I thought we were good friends, we have sex all the time!	……我以為我們是好朋友，我們明明常常上床！
line:1bebf328	... Thank you..	……謝謝你……
line:a8eb78ed	... you're done? I'm still dirty..	……洗好了？我還很髒啊……
line:ef611d11	... you're done? I'm still soapy..	……洗好了？我身上還有泡沫……
line:496134bc	...!	……！
line:7cc45755	...!	……！
line:6585925d	...<i><size=70%>I have one on him at least.	……<i><size=70%>至少我暗戀他。
line:e2ea4ead	...A wash for our date tonight.	……為今晚的約會洗個澡。
line:048d7f84	...About what I said earlier.	……關於我剛才說的。
line:55d1f6ef	...and nice.	……人也很好。
line:79a1a205	...But not in like a bad weird way.	……但不是那種負面又奇怪的意思。
line:3592632e	...It's intimidating knowing how much they look up to me.	……知道他們如此仰望我，也讓人有些惶恐。
line:7e08544c	...It's odd being able to speak so freely with someone.	……能跟一個人這樣暢所欲言，真奇妙。
line:f0cb8389	...No	……不行
line:92601622	...Okay, come in	……好，進來吧。
line:e381559c	...Thank you for this.	……謝謝你。
line:b7b5f7fb	...Thanks.	……謝謝。
line:dbab7a39	<b><i><size=130%>Did you suggest Ryan to Conrad?	<b><i><size=130%>你有向康拉德推薦萊恩嗎？
line:36ff6bd9	<gradient="gold"><b> I know a dragon, Ryan. I could get you two in contact? </b></gradient><size=70%>(Unlocks Conrad/Ryan hookup OR Ryan romance)	<gradient="gold"><b> 我認識一條龍，叫萊恩。可以幫你們牽個線？ </b></gradient><size=70%>（解鎖康拉德／萊恩配對，或萊恩戀愛路線）
line:7e9d40e6	<gradient="gold"><b> I wouldn't mind hanging out... </b></gradient><size=70%> (Unlocks Conrad romance)	<gradient="gold"><b> 我可以陪你出去玩啊…… </b></gradient><size=70%>（解鎖康拉德戀愛路線）
line:a0e49f02	<gradient="gold"><b> I wouldn't mind! </b></gradient><size=70%> (Will lead to Alexander romance!)	<gradient="gold"><b> 我很樂意！ </b></gradient><size=70%>（將進入亞歷山大的戀愛路線！）
line:0371fb9c	<gradient="gold"><b> I'm going to be busy tonight. Sorry. </b></gradient><size=70%> (Will lead to no romance!)	<gradient="gold"><b> 我今晚有事。抱歉。 </b></gradient><size=70%>（不會進入戀愛路線！）
line:f5a81524	<gradient="gold"><b>I don't have anyone off the top of my head.</b></gradient><size=70%> (Locks in Conrad romance!)	<gradient="gold"><b>我一時想不到有誰。</b></gradient><size=70%>（確定進入康拉德戀愛路線！）
line:bedc761d	<gradient="gold"><b>I know this one red dragon. I think you'd like him! </b></gradient><size=70%> (Hooks up Ryan with Conrad!)	<gradient="gold"><b>我認識一條紅龍，你應該會喜歡他！</b></gradient><size=70%>（撮合萊恩與康拉德！）
line:e104b8e4	<gradient="gold"><b>Oh. Uhm. <size=70%> I wouldn't mind... If I was that someone. </b></gradient><size=70%> (Locks in Ryan romance!)	<gradient="gold"><b>喔。嗯。<size=70%>如果那個人是我……我很樂意。</b></gradient><size=70%>（確定進入萊恩戀愛路線！）
line:36073321	<gradient="yellow - orange"><size=140%>HEY! </gradient><size=100%>This is the cleaning place, ya?	<gradient="yellow - orange"><size=140%>嘿！</gradient><size=100%>這裡是洗澡的地方，對吧？
line:c777ce0c	<i> that feels nice...</i>	<i>好舒服……</i>
line:e56dd423	<i><size=70%>uh oh.. and the books	<i><size=70%>糟了……還有書。
line:d67b1098	<i>I like spraying you with water.	<i>我喜歡用水噴你。
line:ad5d633a	<i>Oh...	<i>喔……
line:22b5941e	<i>Oh.</i> I don't think I'm ready for that just yet.	<i>喔。</i>我想我還沒準備好。
line:cacbff51	<i>Ooooh. </i>The mount? Hell yeah, man.	<i>喔——。</i>交配架？幹，好啊，老兄。
line:04b7ce44	<i>This</i> isn't your fault, Conrad.	康拉德，<i>這件事</i>不是你的錯。
line:72b244b7	<size=100%> That felt damn good!	<size=100%>舒服死了！
line:78cc49e8	<size=100%>I mean- Cool.	<size=100%>我是說——酷。
line:e48243c0	<size=140%> FUCK YEAH!	<size=140%>幹，太爽啦！
line:f474ffa9	<size=140%>HEY, <size=100%>lookin' for a wash.	<size=140%>嘿，<size=100%>我想洗個澡。
line:9d458e88	<size=160%>HELL YEAH!	<size=160%>爽啦！
line:f5462edf	<size=60%> that's hot.	<size=60%>好性感。
line:7c745c31	<size=70%> A big dragon giving me control. Woah.	<size=70%>一條大龍把主導權交給我。哇。
line:53d71f27	<size=70%> And for me.	<size=70%>也給我自己。
line:4fe271cc	<size=70%> woah.	<size=70%>哇。
line:e53b1bd3	<size=70%><i> holy shit, I just bagged a date with a dragon.	<size=70%><i>天啊，我竟然約到一條龍了。
line:c4384e8e	<size=70%><i>but it was nice... Thank you.	<size=70%><i>不過很舒服……謝謝你。
line:ec0e5330	<size=70%><i>feel free to continue-</i>	<size=70%><i>請繼續，不用客氣——</i>
line:e77c1f79	<size=70%><i>oah-</i> no that's really cool actually.	<size=70%><i>喔——</i>不會，其實這樣超棒的。
line:a618f9c2	<size=70%><i>Woah...	<size=70%><i>哇……
line:ad460e4b	<size=70%><i>Yeah?	<size=70%><i>是嗎？
line:c25d1c85	<size=70%>They're still on my payroll.	<size=70%>我還在照付他們薪水。
line:22deeef6	==	==
line:67fa34ad	==	==
line:a8e2f13e	==	==
line:ce938344	==	==
line:e41244bf	==	==
line:497d3f67	A few days ago...	幾天前……
line:c570a462	A rather good excuse to see my favorite kobold.	這可是來見我最喜歡的狗頭人的好藉口。
line:5d2d16e0	A really good friend?	一個非常好的朋友。
line:df4d3810	About earlier.	關於剛才。
line:1a5e1ba4	Act what way?	怎麼樣？
line:cc532c02	After his spontaneous conflagration, I made sure to give him privacy.	他突然燒起來之後，我就識相地讓他獨處了。
line:a983ffa3	Again...?	再來一次……？
line:8e34b87d	Agreed, though I'd still like to be let in as soon as convenient.	同意，不過還是麻煩你方便的話，盡快讓我進去。
line:934a1d5a	Ah yeah, that's the stuff.. keep at it.	啊，對，就是這樣……繼續。
line:e216aee0	Ah, good.	啊，很好。
line:9b26ac5f	Ah, I see the button there, gotcha!	啊，我看到那個按鈕了，懂了！
line:7f3fe9f9	Ah, sorry, I'm passionate about such things.	啊，抱歉，我對這些事很有熱情。
line:bf2a8309	Ah, the grime did sting a little, thank you.	啊，那些髒東西確實有點刺痛，謝謝。
line:ebdb9888	Ah, yeah, those types are pretty cute.	啊，對，那種類型挺可愛的。
line:b920f205	Ah. Do not worry.	啊，別放在心上。
line:a98d068c	Ah. Okay nevermind I'm not sorry then.	啊，好吧，那我就不抱歉了。
line:6de2c490	Ah...	啊……
line:4d6b365e	Ahh, all cleaned and with a lighter load.	啊，洗乾淨了，也卸下了一點負擔。
line:20f96302	Alexander!	亞歷山大！
line:f167e3d7	Alexander!	亞歷山大！
line:fe3996b8	Alexander!	亞歷山大！
line:af7db134	Alexander...?	亞歷山大……？
line:eb7cf9e5	All clean...	都洗乾淨了……
line:f57fc630	All done!	全部好了！
line:0b734d82	All self respecting washers know how to please a dragon.	有點自尊的洗浴師，都知道怎麼取悅一條龍。
line:599ffb25	Already got seats at that bar I mentioned earlier.	之前說的那間酒吧，座位已經訂好了。
line:642ddea3	Alright alright... Then I think I'd like to use it?	好吧，好吧……那我想試著用用看？
line:c7b3a185	Alright! I'll go get the gate.	好！我去開門。
line:7279121a	Alright! I'll go get you the gate.	好！我去幫你開門。
line:4fc4259c	Alright! I'm ready to go.	好！我準備走了。
line:a722d0fa	Alright, go get the gate and I'll head out to the spot!	好，去開門吧，我先去那裡！
line:d04df8f8	Alright, I'll cya!	好，那回頭見！
line:4766af08	Alrighty! That should be it.	好啦！應該好了。
line:797ca540	Alrighty. All clean.	好啦，全洗乾淨了。
line:c4cb161a	Although grapes have always hit a specific craving.	不過嘴饞的時候，葡萄就是特別對我的胃口。
line:dc237557	Although, the portions might be a bit... dragon sized.	不過份量可能有點……龍族規格。
line:655b8c01	Always happy to have you, Conrad.	康拉德，我隨時都歡迎你。
line:afedd1f5	An anomaly.	一個異數。
line:0de4fe62	And I'm glad you have a medkit... You're very prepared.	還有，幸好你有急救箱……你準備得很周全。
line:0699aef9	And I'm really happy for you and Conrad.	我也真的替你和康拉德感到高興。
line:a3a26459	And not just physically.	而且不只是身高上的仰望。
line:507bd2b9	And that's why I'm here! Going to be heading out after this wash to go see him.	所以我才來這裡！洗完澡就要去見他了。
line:33440e8c	And why you are perfect for this job!	也正因如此，你最適合幫這個忙！
line:cacb93ce	And you've tried everything.	而且你已經什麼都試過了。
line:8cae6240	Another dragon? Usually I don't really get along...	另一條龍？我通常跟其他龍不太合……
line:5a7e4fd4	Any chance you can clean me up again?	能不能再幫我洗一次？
line:92d2a30a	Anything. I'm just curious.	什麼都行。我只是好奇。
line:52695aa2	Anything?	什麼都能說？
line:8ead9ee9	Anytime, Ryan.	隨時歡迎，萊恩。
line:6d77feef	Anyway glad you're not finished, lets keep at it!	總之，還沒洗完就好，繼續吧！
line:bdb4f59c	Anyway, time to get writing!	總之，該開始寫了！
line:75dd56ae	Anyways,	總之，
line:8980260e	Anyways-	總之——
line:a8e6291c	Anyways- Let me out.	總之——讓我出去。
line:493a82ef	Anyways. Could you go get the gate?	總之，可以幫我開門嗎？
line:926f5f41	Anyways. Gonna use this thing now!	總之，我現在要用這玩意了！
line:ad8ab02e	Anyways...	總之……
line:e767dc51	Anywho, I'll get out of your scales now.	總之，我就不打擾你了。
line:e81426c1	Anywho, I'm in need of a clean.	總之，我需要洗個澡。
line:23e7d518	Approach the dragon entrance, and I will let you in.	走到龍族入口，我就會讓你進來。
line:72a9b5bb	Are you happy?	你快樂嗎？
line:be0118cc	Are you okay?	你還好嗎？
line:de735c65	Are you open right now?	你們現在有營業嗎？
line:9369755d	Are you sure it will fit?	你確定放得進去？
line:c35b717a	Are you sure...? In front of the food?	你確定……？在食物面前？
line:cb06d2bf	As am I.	我也是。
line:9a48b21c	As in you're unique.	也就是說，你很獨特。
line:1c021ee0	At getting hand jobs.	被打手槍方面的專家。
line:e861b464	At least that's what I've heard anyway.	至少我聽說是這樣啦。
line:2f54ceec	At least you can still use your hands. Heh.	至少你還能用手。嘿。
line:cb04e062	At least you can still use your hands. Heh.	至少你還能用手。嘿。
line:97792929	Aw, I'll go get you the gate.	噢，我去幫你開門。
line:c6895517	Aw, Ryan.	噢，萊恩。
line:db997182	Aw, thank you Alexander.	哎呀，謝謝你，亞歷山大。
line:7157db26	Aw, thanks Alexander.	哎呀，謝謝你，亞歷山大。
line:011f1458	Aw, thanks.	噢，謝啦。
line:aea0be6b	Aw, thanks.	噢，謝啦。
line:c00d76cd	Aw, thanks. I only look so good 'cause of your washes!	噢，謝謝。都是你幫我洗澡，我才這麼好看！
line:453ff9be	Aw- Ryan...	噢——萊恩……
line:5340a315	Aw... Thanks!	哎呀……謝謝！
line:c6202cf2	Aw... Thanks.	噢……謝謝。
line:cb1d1197	Aw... Thanks. Is it weird I consider you...	噢……謝謝。我把你當成……會不會很奇怪？
line:2bfa396c	Aw... That's really sweet	噢……真暖心。
line:22053f7f	Awesome!	太棒了！
line:6fdb2c3d	Awesome!	太棒了！
line:70306ba1	Awesome!	太棒了！
line:6126a614	Awesome! Come on in..	太棒了！進來吧……
line:e85007ac	Awesome! See you later then!	太棒了！那晚點見！
line:4c7f15d6	Awesome, I'll go get the gate.	太好了，我去開門。
line:9d126e4e	Awesome, I'm glad.	太好了，真開心。
line:b60cc4a5	Awesome.	太好了。
line:59fb47b0	Awww. You don't need to be coverd in ink to say hi!	噢，你不用弄得滿身墨水也能來打招呼啊！
line:8e20e028	Be yourself!	做你自己！
line:cd18f73f	Been looking forward to this.	我一直很期待。
line:8f1fccf9	Being muddy is really fun up until it starts drying.	玩泥巴很好玩，直到泥開始乾掉就不一樣了。
line:40783547	Berries.	莓果。
line:59d4be6a	Berries.	莓果。
line:61e781c1	Berries.	莓果。
line:18ae08ef	Bet you had fun.	你一定玩得很開心。
line:982fd3c7	big C...?	C 大爺……？
line:4b3f7c6a	Biology...? <size=70%> <i>I think?	生物學……？<size=70%><i>我想啦？
line:9be63f47	Bleh. Thank you for grabbing that.	呸。謝謝你幫我拿。
line:66957ed2	Blue...?	藍色的……？
line:a77c3afd	Both.	都有。
line:78975048	Brrr! Cold water!	嘶！是冷水！
line:8487a2c4	Burnswick Community College of Thaumaturgy	伯恩斯威克社區魔法學院
line:f75126de	But honestly you've helped me a lot.	但說真的，你幫了我很多。
line:cab69268	But I already know I'm liking this a lot.	但我已經知道，自己非常喜歡這種感覺。
line:d9534386	But I know the type... They tend to be big softies on the inside.	不過我懂那種類型……內心通常都很柔軟。
line:f73ddfbc	But I think its time to get cleaned up.	不過我想該洗乾淨了。
line:088ea4a7	But I'm hot shit, so I'll be fine.	但我可是個大帥哥，所以會沒事的。
line:c8f8bc22	But I'm only your washer?	可我只是幫你洗澡的？
line:dda0419b	But I'm sure I'd enjoy it with you!	但跟你一起看，我一定會喜歡！
line:aa74448a	But not in this sized package, right??	但沒看過這種身材配這麼大的吧？？
line:7d9ffc48	But nothing beats a large gulp!	但什麼都比不上一大口吞下去！
line:d1ec7684	But that is why I am here!	但我就是為此而來的！
line:b0d9d1e5	But you're the teacher dragon.	可是你才是當老師的龍啊。
line:2d7e1ab6	But, at least I got to meet you!	不過，至少我認識了你！
line:b7f46902	But, I think you've taught me something.	但我想，你教會了我一件事。
line:b1040415	By the stars! No no. You're excellent.	天啊！不不，你非常出色。
line:3a88a2dd	By the way would you be mad if your partner made a mess at home?	順帶一問，如果你的伴侶把家裡弄髒，你會生氣嗎？
line:4199070f	Came in for another wash.	又來洗個澡。
line:105cd3e2	Can I ask you a question?	可以問你一個問題嗎？
line:535ee717	Can you repeat that?	可以再說一次嗎？
line:835e0c27	Can't sthpeak well.	說不清粗。
line:afa450c0	Come back whenever, Ryan.	萊恩，隨時歡迎你再來。
line:0cedfc3d	Conrad can go as long as he needs	康拉德想撐多久就能撐多久。
line:5462913f	conrad hooked up with ryan	康拉德和萊恩上床了
line:61cd33c5	conrad hooked up with ryan	康拉德和萊恩上床了
line:6a7610f3	conrad hooked up with ryan	康拉德和萊恩上床了
line:bac1ce29	conrad hooked up with ryan	康拉德和萊恩上床了
line:61c9b7ac	Conrad needs a cleaning, got a slot for 'im?	康拉德想洗個澡，有空位給他嗎？
line:405b7ef1	Conrad needs a wash!	康拉德要洗澡！
line:803c8f0c	Conrad was talking about you during our date.	我們約會時，康拉德有提到你。
line:f1787092	Conrad!	康拉德！
line:fd6c6213	Conrad!	康拉德！
line:484cd04d	Conrad...?	康拉德……？
line:5b0360ad	Conrad: Actually.. I mean..	Conrad: 其實……我是說……
line:3ce891ff	Conrad: Conrad just enjoys himself	Conrad: 康拉德只管自己爽。
line:fbe86c06	Conrad: Damn right!	Conrad: 那當然！
line:5660dc8b	Conrad: Don't worry about it!	Conrad: 別擔心！
line:c050dbfc	Conrad: I do it all the time	Conrad: 我常常這樣。
line:cd3367da	Conrad: I want this to go well	Conrad: 我希望這次能順利。
line:194c1381	Conrad: I'm ready to blow	Conrad: 我快射了。
line:ce4d0fef	Conrad: Yea	Conrad: 對啊。
line:42c70daa	Conrad: You feel good	Conrad: 你讓我好舒服。
line:3bc52918	Conrad: You having a good time?	Conrad: 你玩得開心嗎？
line:be0e51af	Cool.	很酷。
line:88c36bc7	Could do that, then get a hotel room... Hmm.	可以去那裡，之後再訂間旅館……嗯。
line:b99e1503	Could you ask <i>me</i> a question?	你能問<i>我</i>一個問題嗎？
line:12bf5baf	Could you get the gate...?	可以幫我開門嗎……？
line:3a6afae1	Could you go get the gate?	可以幫我開門嗎？
line:9f49d9d4	Could you wash it away?	可以幫我沖掉嗎？
line:7661a0e9	D'aw... thanks.	噢……謝謝。
line:59bc5840	Damn right I do!	那還用說！
line:64889395	Damn right!	那當然！
line:95aa0bf4	Damn right!	那當然！
line:db592d76	Damn right!	那當然！
line:0fcf9908	Damn right.	那當然。
line:b964c99b	Damn shame then. Better change that.	那也太可惜了。最好改一下。
line:c6955ecc	Damn, you know how to use your hands.	幹，你真會用手。
line:eaf45022	Damn, you know how to use your hands.	幹，你真會用手。
line:684fb29a	Damn... Always feels good.	幹……每次都好舒服。
line:7023cc94	DATE NIGHT!	約會之夜！
line:c71df70b	Date night!	約會之夜！
line:b57cc8ad	Depends	看情況
line:07bd7f57	Did you do your uh...	你今天是不是把，呃……
line:4f38655d	Do I look like I'm okay?	我看起來像沒事嗎？
line:8147156a	Do it!	來吧！
line:9ab6ddfb	Do you also do "special endings" here?	你們這裡也有「特殊收尾」嗎？
line:4c90479c	Do you ask because I'm lavender?	因為我是薰衣草色，你才這麼問？
line:3020c97c	Do you believe I am attractive?	你覺得我有魅力嗎？
line:c5e71850	Do you even need a wash?	你真的需要洗澡嗎？
line:1810e75f	Do you have any advice?	你有什麼建議嗎？
line:6be807b5	Do you have any plans with ryan?	你和萊恩有什麼計畫嗎？
line:a0cf6cae	Do you know any cool places, people, I could hang around?	你知道有什麼不錯的地方可以去，或有誰可以一起混嗎？
line:412ba249	Do you know any good bars?	你知道什麼好酒吧嗎？
line:28ec716a	Do you know anyone I could talk to? Y'know... about relationship stuffs?	你有認識什麼人能讓我聊聊嗎？就是……感情方面的事？
line:21c0526b	Do you like being big?	你喜歡長得這麼大嗎？
line:daa040eb	Do you like purple?	你喜歡紫色嗎？
line:ef052302	Do you like purple?	你喜歡紫色嗎？
line:d5ed3582	Do you make big dragons, <size=60%>like me, <size=100%>cum here?	你會幫大龍，<size=60%>像我這種，<size=100%>弄到射出來嗎？
line:ec64a696	Do you mind double checking if I'm clean?	可以再確認一下我洗乾淨了沒嗎？
line:647187f1	Do you want to say what happened...?	你想說說發生了什麼嗎……？
line:807df02d	Do you want to use it?	你想用嗎？
line:5c42b85a	Doesn't mean I need to yell at you.	那也不代表我該對你大吼。
line:eefa8ae2	Don't be sorry! Get a mount!	別道歉！去買交配架！
line:dd0f7b1d	Don't worry, dragons are made to eat anything.	別擔心，龍天生什麼都能吃。
line:b90b01a9	Don't worry, he's real nice.	別擔心，他人真的很好。
line:7de2a81c	Don't worry. I will.	別擔心，我會的。
line:c29d4071	Don't... make it sound like that.	別……用那種語氣。
line:31bdd33c	Dont talk with your mouth full	嘴裡有東西時別說話。
line:8ee41fdc	Dragon history is complex. Ornamental crest <size=85%> are often <size=70%> worn by dragons to <size=55%>signify what family they belong to! <size=40%> It's an interesting mark of their culutral <size=35%> and familial heritage. I've often wondered if I should continue to wear mine. <size=20%> But culutural and familiar ties are considered important within the lore of dragons! so I must adhere to such things. <size=10%> Water. Earth. Fire. Air. Long ago, the four nations lived together in harmony. Then everything changed when the Fire Nation attacked.	龍族的歷史相當複雜。龍常常<size=85%>戴著裝飾性的頭冠，<size=70%>用來<size=55%>表明自己屬於哪個家族！<size=40%>這是牠們文化<size=35%>與家族傳承的有趣象徵。我常想，自己是否該繼續戴著它。<size=20%>不過，文化與家族的連結在龍族傳統中備受重視！所以我必須遵循這些規矩。<size=10%>水、土、火、氣。很久以前，四大國和平共處。直到烈火國發動戰爭，一切都改變了。
line:0a0e6773	Dragon stomachs are a bit more... robust than yours.	龍的胃比你的……強韌一點。
line:7e352505	Dragons of the galaxy 2	《星際異龍隊 2》
line:c2c659d1	Eep!	咿！
line:0bd1699e	Ehh..	呃……
line:43dd32f5	Er... That's not-	呃……我不是——
line:93b60dce	Even so. Not this time	即便如此，這次還是算了
line:573d9362	Even though you were just doing your job... I think it helped him a lot.	即使你只是做自己的工作……我想那還是幫了他很多。
line:a2ba222e	Evening. This establishment takes walk ins, correct?	晚安。貴店接受未預約的客人，對嗎？
line:f98c3b6c	Every ending here is special!	我們這裡每次收尾都很特別！
line:bfeaec15	Every self respecting wizard has a phoenix feather handy.	任何有自尊的巫師，手邊都會備著鳳凰羽毛。
line:57df700d	Everyone's gaze carries an immense weight.	每個人的目光都帶著沉重的壓力。
line:9ad8d2dd	Excellent!	太好了！
line:0c997163	Excellent.	很好。
line:1976bc60	Excellent. Then make sure to go greet your customer at the window.	很好。那就記得去窗口招呼客人。
line:7bbe7ee3	Expectations are laaaame.	別人的期待真的好煩喔。
line:f99eb2ff	Ey! The mount! Fuck yeah.	嘿！交配架！幹，太好了。
line:d376acb9	Ey, so. Was thinkin'	嘿，那個，我在想。
line:85ec0862	Ey, sorry for coming in late.	嘿，抱歉這麼晚來。
line:12e8ae42	Ey, Use your hands on my cock- it feels good!	嘿！用你的手摸我的屌——很舒服！
line:271a3846	Fair enough. I'll be waiting!	好吧。那我等你！
line:4789095b	Fair enough. You two do seem cute together.	也是。你們兩個看起來很登對。
line:f5b37855	Felt good sliding down though!	不過滑下去的感覺很舒服！
line:274367d7	Figured I'd bring in something nice after all you've done.	你幫了我這麼多，想說帶點好東西來。
line:aae8afca	Fine with me!	我沒問題！
line:e98616be	For you!	給你的！
line:62a82aba	Found this one gryphon. About my size...	認識了一隻獅鷲。跟我差不多大……
line:807fdc76	From what I've heard he sounds like he's improved a lot recently, yeah?	聽你這麼說，他最近進步很多，對吧？
line:803bf378	Fuck man, I'm so pumped.	幹，老兄，我超興奮的。
line:f2418086	Fuck no! Shit's embarrassing.	幹，才不要！丟臉死了。
line:a7ca3ca8	Fuck something and then get a handjob hopefully.	找個東西幹一幹，然後希望有人幫我打手槍。
line:203bce10	Fuuuck. You really know how to work a dragon!	幹——你真知道怎麼讓龍爽！
line:f7f9b0db	G'day mate!	嗨，老兄！
line:664c994e	Gave me time to think.	讓我有時間好好想想。
line:1d9b3531	Get a handjob and fuck this mount.	讓人幫我打手槍，再幹這個交配架。
line:48afdce4	Give it to me!	給我吧！
line:9df043ad	Give me a bit	再給我一點時間。
line:e5c7f64a	Glad I'm here to remind you then.	幸好我有來提醒你。
line:354170aa	Go for it!	來吧！
line:2d0b6b06	Goin' downtown tonight. Needed to be spotless. Say...	今晚要去市中心，得洗得乾乾淨淨。話說……
line:dcb506d2	Good as!	太讚啦！
line:bcbc6373	Good evening!	晚安！
line:607a5c47	Good, I can't be having the Burnswick Community College of Thaumaturgy know that their best professor Alexander has caused another incident.	很好，我可不能讓伯恩斯威克社區魔法學院知道，他們最優秀的亞歷山大教授又惹出了事故。
line:12b72085	Good, you better. If I come back and there isn't one...	很好，你最好說到做到。要是我再來還沒有……
line:2c851dad	Good.	很好。
line:2712436c	Good. 'Aight, let me out.	很好。行了，讓我出去。
line:bab51ada	Good... That'd be correct.	舒服……這形容很貼切。
line:44f2b8cf	Goodbye!	再見！
line:a8e6ac2a	Goodness, thanks to you I have a chance at redeeming this situation.	天啊，多虧有你，我才有機會挽回局面。
line:745c3c12	Gosh!	天啊！
line:6b5c6564	Gotta <i>practice</i> for Ryan if you catch what I mean.	得為了萊恩好好<i>練習</i>一下，懂我意思吧。
line:e3cef2bc	Gotta make sure you're spotless!	得把你洗得一塵不染！
line:b01b2159	Great, so uh,	太好了，那，呃，
line:43c94954	Grouse as! Excited to see you work!	太棒啦！等不及看你露一手了！
line:9de16ee9	Ha!	哈！
line:88d7e1e2	Haah. This is the best fuckin' wash.	哈啊。這間洗浴店真他媽棒。
line:cc6e7856	Hah! There's the mount!	哈！交配架在那裡！
line:90dd6d9d	Hah, eager as always.	哈，還是一樣熱情。
line:9542e7a6	Hah, good. Let's break this thing in!	哈，很好。來幫這玩意開個苞！
line:fe21109b	Hah, he seems like the wild type.	哈，他看起來就是狂野的類型。
line:e8bc1d95	Hah, I imagine it would be.	哈，想也知道。
line:acbf628d	Hah, it is a motivator.	哈，確實很有吸引力。
line:65b23418	Hah, okay. I'm game.	哈，好啊。我奉陪。
line:058d9d5c	Hah, yeah. Conrad is definitely experienced...	哈，對啊。康拉德的確很有經驗……
line:8b878971	Hah, yeah. He sounds fun.	哈，對啊。他聽起來很有趣。
line:e3ed51d9	Hah. Conrad, you look good too.	哈，康拉德，你也很好看。
line:f8b2e23b	Hah. Fine.	哈，好吧。
line:ea23c5f9	Hah. If only there was a kobold that could clean me.	哈，要是有隻狗頭人能幫我洗澡就好了。
line:c9bb2a93	Hah. Yeah. <size=70%><i>It's cool that you learn to jerk off dragons in cleaning school...	哈。對。<size=70%><i>洗浴學校還會教怎麼幫龍打手槍，真酷……
line:50a559bb	Hah... <size=70%> yeah.	哈……<size=70%>對啊。
line:4d4d9986	Hah... Gonna jerk me off now? That's fine.	哈……現在要幫我打手槍？好啊。
line:4e920759	Hah... Yeah I'm excited.	哈……對啊，我好期待。
line:b36365ce	Hah... Yeah...	哈……對啊……
line:b8724c64	Hah... you do like that noise.	哈……你真的很喜歡發出那個聲音。
line:c8cde395	Haha, 'Yip' indeed.	哈哈，確實該「嗷」一下。
line:680991cf	Haha, yes. Happy to see you.	哈哈，是啊。很高興見到你。
line:4c27b031	Haha, you certainly are!	哈哈，你確實就是！
line:c3a2e14e	Haha, you certainly are!	哈哈，你確實就是！
line:9ec40945	Haha. 'Yip' to you too.	哈哈，我也對你「嗷」一下。
line:5e91e0a7	Haha... Yeah. I'm not really used to complimenting.	哈哈……是啊，我還不太習慣稱讚人。
line:44689f21	Happy to be back.	很高興能再來。
line:2672f65d	Happy to be here.	很高興能來。
line:192fcb8e	Happy to get it off.	很高興能把它洗掉。
line:3517b28e	Have a productive day.	祝你工作順利。
line:7c1adc57	He called me, we met up. He's really damn nice.	他打電話給我，我們就見面了。他人真的超好。
line:e71f9a0b	HE DIED!?	他死了！？
line:ed6c9afb	He hadn't been... Well, cared about in a long time from what I could gather.	據我了解，他已經……嗯，很久沒被人好好關心過了。
line:de25de6e	He just... Knew what to say to snap me out of all that.	他就是……知道該說什麼，讓我別再那樣。
line:a035a3fd	He prefers 'vertically challenged'... But yes.	他比較喜歡說自己「身高受限」……不過沒錯。
line:04b29e42	He really is.	他真的是。
line:c7e1b369	He really is.	他真的是。
line:c64bd5ce	He said I was chill, we planned a date...	他說我很好相處，我們就約好了約會……
line:e8a91447	He's a lot. But, I like it.	他很有個性。不過我喜歡。
line:a7181b1a	He's a red dragon. I think you two would like eachother!	他是條紅龍。我覺得你們會互相喜歡！
line:8245fe2b	He's already back to work. Thanks for helping with all that.	他已經回去工作了。謝謝你當時幫忙。
line:aaea8391	He's been way nicer recently.	他最近溫柔多了。
line:7363c004	He's great.	他很棒。
line:c13d4e24	He's hot.	他很性感。
line:675d7e37	He's like. SUPER hung.	他的那個，超級大。
line:7deb9fff	He's like... a big softy surrounded by sharp pointy bits.	他就像是……一顆軟軟的心，外面包滿尖刺。
line:800c553d	He's my dream dragon.	他是我夢中的那條龍。
line:4b3c70d9	He's snappy, but tender too!	他嘴巴很兇，但也很溫柔！
line:31281c6d	He's this REALLY cute red drake who goes to the wash!	有條超級可愛的小紅龍，會來這裡洗澡！
line:4c11c83e	He's tiny, I like being eye level with him.	他小小的，我喜歡能跟他平視。
line:b9ce2f3c	He's... Considerate. Real understanding too.	他……很體貼，也很能理解人。
line:8e9e0f98	Heard about you and the big blue guy. Ryan was it?	聽說你跟那個藍色大傢伙的事了。叫萊恩，對吧？
line:ca4a9672	Heeeey Ryan.	嘿——萊恩。
line:24ce37ec	Heeeey.	嘿——。
line:bb70c1ed	Heh. Yeah.	嘿，對啊。
line:3fa80829	Heh. Yeah. I like you too.	嘿，對啊。我也喜歡你。
line:20393ff6	Heh. Yeah. That's me.	嘿。對，就是我。
line:ac769d93	heh.. yea.. sorry..	嘿……對啊……抱歉……
line:5246ceea	Heh... alright.	嘿……好吧。
line:75fef5cb	Heh... Damn right.	嘿……那當然。
line:5f0edcb2	Heh... Handsy today, huh?	嘿……今天很愛動手，嗯？
line:2f55b3aa	Hehe	嘿嘿
line:7e991330	Hehe yeah.	嘿嘿，對啊。
line:3223473f	Hehe, I'm excited to get into the dating scene again.	嘿嘿，好期待重新開始約會。
line:4a137220	Hehe, thanks. It has stuff that should be good for both of us.	嘿嘿，謝謝。裡面有我們兩個應該都能吃的東西。
line:1a3e2a73	Hell yea	爽啦。
line:93f67490	Hell yeah	爽啦
line:389e4033	Hell yeah I did!	幹，當然享受！
line:17dbb9b7	Hell yeah.	爽啦。
line:4b7b33d9	Hello!	你好！
line:c3d3da41	Hello!	你好！
line:4183ca7e	Hello, <i>'Drag'n wash franchise 223'...</i> Have you figured out how to interact yet?	你好，<i>「Drag'n'wash 第 223 號加盟店」……</i>你學會怎麼互動了嗎？
line:a99c515c	Hello, <i>'Drag'n wash franchise 223'...</i> Have you spoken to your first customer yet?	你好，<i>「Drag'n'wash 第 223 號加盟店」……</i>你和第一位客人說過話了嗎？
line:b7cce838	Hello.	你好。
line:a8779ebf	Hello?	有人嗎？
line:dd4b34ae	Hello?	有人嗎？
line:1954aab7	Help the developers out please..	請幫開發者回報一下……
line:db9c3a5c	Help the developers out please..	請幫開發者回報一下……
line:f7f7f5a1	Help the developers out please..	請幫開發者回報一下……
line:fc461784	Help the developers out please..	請幫開發者回報一下……
line:ee3398a6	Hey big guy.	嘿，大傢伙。
line:0090c7b0	Hey Conrad!	嘿，康拉德！
line:3d0a5aeb	Hey Conrad!	嘿，康拉德！
line:a2b4acea	Hey conrad!	嘿，康拉德！
line:975a629f	Hey Conrad.	嘿，康拉德。
line:21235886	Hey could you come up front where I can see you?	嘿，可以到前面，讓我看得到你嗎？
line:533532c4	Hey fine by me!	嘿，我沒問題！
line:1538bc7e	Hey good lookin'	嘿，帥哥。
line:0121c874	Hey hey. Glad you're open.	嘿嘿。幸好你有開。
line:71b651dd	Hey I have something to say!	嘿，我有話想說！
line:0d4e0ecf	Hey kobold!	嘿，狗頭人！
line:af3f02c9	Hey Ryan, what do you have there?	嘿，萊恩，你帶了什麼？
line:6374414d	Hey thanks for being here for me...	嘿，謝謝你陪著我……
line:bf5ff483	Hey there, happy to be back.	嗨，很高興又來了。
line:c38b7fa6	Hey there, Ryan!	嘿，萊恩！
line:2d5fc8a2	Hey there- Maybe you can get 'hands on' later?	嘿，也許你晚點再「親自動手」？
line:1b6c7f75	Hey there.	嗨。
line:5dacf226	Hey there.	你好。
line:82698bd1	Hey there.	嗨。
line:ab3a5d9c	Hey there.	嘿。
line:3d2bc74e	Hey uh, do you think Ryan and I will <i>actually</i> work out?	嘿，呃，你覺得我跟萊恩<i>真的</i>會有結果嗎？
line:04501155	Hey uh, I just need a cleaning.	嘿，呃，我只是需要洗個澡。
line:2a29842a	Hey uh... Not now.	嘿，呃……現在不要。
line:8caa3196	Hey uhm, thanks once again.	嘿，嗯，再次謝謝你。
line:5c7a9105	Hey!	嘿！
line:eed2cc64	Hey!	嘿！
line:2f3f5508	Hey! He's just... 'vertically challenged'.	嘿！他只是……「身高受限」。
line:55bb78d1	Hey! I'm here for a wash.	嘿！我是來洗澡的。
line:33480903	Hey, Alexander!	嘿，亞歷山大！
line:21fcef4f	Hey, Alexander.	嘿，亞歷山大。
line:14598ca6	Hey, big guy!	嘿，大傢伙！
line:e7353d24	Hey, I've got a question for you.	嘿，我有個問題想問你。
line:674877e5	Hey, nothin' wrong with asking!	嘿，問一下又沒什麼！
line:d2589856	Hey, welcome back!	嘿，歡迎回來！
line:0d3e4054	Hey.	嘿。
line:aa0dda7b	Hey.	嘿。
line:7f2e2736	Hey... little guy!	嘿……小傢伙！
line:933efa6d	Hi again!	又見面了！
line:873a2b9a	Hi again..	嗨，又見面了……
line:83ac5b68	Hi Conrad.	嗨，康拉德。
line:050efd1a	Hi, Ryan!	嗨，萊恩！
line:06ed6aea	Hiiiii! Hiii!	嗨——！嗨！
line:5a632b75	His physical form is currently reconstituting in the staff lounge.	他的肉身目前正在教職員休息室重新成形。
line:6bd91ca7	Hm, I think I'll pass on the mount.	嗯，交配架我想就先不用了。
line:370d719b	Hm?	嗯？
line:3c3ddd0c	Hm?	嗯？
line:44658d73	Hmm...	嗯……
line:bf059ff3	Hmm...	嗯……
line:730b1ca4	Hmm?	嗯？
line:fc571337	Hmmm, maybe something else?	嗯，也許換個別的？
line:19207e44	Hold on a little longer for me?	可以為我再忍一下嗎？
line:f2ae89c4	Honestly, I'm surprised how nice this is.	老實說，沒想到這麼舒服。
line:a2ff0176	Hope it went well.	希望一切順利。
line:b17360a0	Hope that's alright?	希望你不介意？
line:ae08853f	Hope you're doing alright!	希望你一切都好！
line:e1fa2461	Hopefully! I'll go get the gate.	希望囉！我去開門。
line:99931b37	Hopefully.	希望啦。
line:d9c91bca	How about you though? have you been seeing anyone?	那你呢？最近有在跟誰約會嗎？
line:4ec92454	How about you? Anyone exciting?	那你呢？有什麼讓你心動的對象？
line:86bde306	How are you with seafood?	你吃海鮮嗎？
line:7fb611c9	How come you brought this all in?	你怎麼帶了這麼多東西來？
line:af0d0972	How come you're covered in ink?	你怎麼會滿身墨水？
line:e385b7f3	How did it go?	結果怎麼樣？
line:c0161bbc	How did it taste?	味道怎麼樣？
line:262b262e	how do I get in?	我要怎麼進去？
line:676b0638	how do I get in?	我要怎麼進去？
line:8308bb09	How do I look?	我看起來怎麼樣？
line:4f172746	How do you even digest that?	你到底怎麼消化那個？
line:28d390ac	How so?	怎麼說？
line:4ef9fe65	How so?	怎麼說？
line:ea66b5af	How so?	怎麼說？
line:4b29790b	How was the sex.	床上怎麼樣？
line:7736270c	How was your date with Conrad?	你和康拉德的約會怎麼樣？
line:18d418ab	However, it's ornamental! My family crest. You see...	其實那是裝飾！我的家族徽冠。事情是這樣的……
line:1f250062	However, My <i>image</i> is far more permanent than Igwyx's fleeting physical forms.	不過，我的<i>形象</i>可比伊格維克斯那些轉瞬即逝的肉身長久多了。
line:ae34381b	However, that respect comes with an expectation to act as I look. It's incredibly stressful.	然而，那份尊重也伴隨著期待，要我表現得符合外表。壓力大得驚人。
line:d2baf9e2	However...	然而……
line:fb8401c3	Huff...	呼……
line:b54ee04d	huff... Thank you for that.	呼……謝謝你。
line:16420ca7	Huff... Thanks for that.	呼……謝謝你。
line:45507089	Huff... That was nice... Made a bit of a mess though.	呼……真舒服……不過弄得有點亂。
line:ae83cfb6	huh...?	蛤……？
line:0c78b56b	Huh?	蛤？
line:e96114a2	Huh? ofcourse not!	蛤？當然不是！
line:836c079c	I <i>think </i> I must've spilled an inkwell <i>on the way here</i>. Rather clumsy of me!	我<i>想</i>，大概是<i>來這裡的路上</i>打翻了墨水瓶。我真是笨手笨腳！
line:d37175c7	I act tough but am a small dragon...	我裝得很強硬，但我只是條小龍……
line:b4e27683	I agree	我同意。
line:68ebf07b	I allowed him, as my stature provides ample height.	我答應了，畢竟我的體型足夠高。
line:a051821a	I already feel a lot better.	我已經覺得好多了。
line:49bfbfbe	I already have spot at the club reserved.	我也已經訂好夜店的位置了。
line:14ff4edd	I always do~	我一向如此～
line:b05c6259	I always look forward to seeing you. I'll go get the gate.	我總是很期待見到你。我去開門。
line:52bf5ede	I am THE kobold. Yip!	我就是那隻狗頭人。嗷！
line:141c006f	I am too.	我也很期待。
line:363f6f6a	I am too.	我也很期待。
line:405b9622	I am too.	我也是。
line:d4c5faea	I am too.	我也是。
line:556897bf	I am! Even better now that you're here.	我很好！你來了就更好了。
line:e499b2cc	I am.	我很快樂。
line:5ec8bb55	I believe that's in part because of you.	我想，部分原因是因為你。
line:9883786d	I booked the night.	我訂了一整晚。
line:eae85bf9	I broke up with my partner...	我和伴侶分手了……
line:ffcfee20	I brought watermelon, bread, grapes, and some other stuff.	我帶了西瓜、麵包、葡萄，還有一些別的。
line:e8aa18f4	I can digest pretty much anything.	我幾乎什麼都能消化。
line:7f543c2a	I can let loose whenever you are ready	你準備好了，我隨時都能射。
line:c83a6a0d	I can't believe Igwix would make a mistake like this!	真不敢相信伊格維克斯會犯這種錯！
line:e051a79e	I consider you a good friend too	我也把你當成好朋友。
line:f382336f	I could get us the <i>nicest</i> spots for their show.	我能幫我們弄到看表演的<i>最佳</i>座位。
line:2602b8c6	I could use a wash.	我需要洗個澡。
line:c66153d3	I couldn't help but notice the... device over there.	我不禁注意到……那邊那個裝置。
line:b71f0756	I decided to try baking.	我決定試試烘焙。
line:e62b989c	I decided to try baking.	我決定試試烘焙。
line:efea7148	I decided to try baking.	我決定試試烘焙。
line:98f800d3	I didn't know anyone could like me that much so easily.	沒想到這麼容易就有人這麼喜歡我。
line:4116f001	I didn't know what the button did.	我不知道那個按鈕是做什麼的。
line:7a5c7f54	I didn't mean to fluster you!	我不是故意讓你害羞的！
line:55542a9b	I do enjoy the color. Though I believe its unrelated to my own hue.	我確實喜歡這個顏色。不過應該跟自己的顏色無關。
line:f9c800f2	I do!	我覺得有！
line:ad9c1ada	I do. But, what happened?	有。不過發生了什麼事？
line:a45ccf3a	I don't believe I can hold back any longer	我想我沒辦法再忍了。
line:8c6e1cd3	I don't get it! Why do I have to act this way?	我不懂！為什麼我非得這樣不可？
line:cc4e48a3	I don't know where they went but I feel dirty again.	我不知道那位煉金術師去哪了，但我又覺得自己髒了。
line:71127249	I don't mean to be rude, but I must decline	無意冒犯，但請容我拒絕
line:f5696cc4	I don't need to tell you.	我沒必要告訴你。
line:878fc94c	I don't understand..	我不懂……
line:4f3d31f8	I don't want your pitty!	我不需要你的同情！
line:8fc36ab7	I enjoy being a part of so many individuals lives in a positive way.	我喜歡以正面的方式，參與這麼多人的人生。
line:14653182	I enjoy parts of it. The respect is pleasant...	有些部分我很喜歡。受人尊重的感覺很好……
line:bd4bb1b9	I enjoy that I do not fear failure around you.	我喜歡在你身邊不必害怕失敗的感覺。
line:c108ed4f	I enjoy when you tell me what to do with a pat of your hand.	我喜歡你輕拍我，用動作告訴我該怎麼做。
line:6db406b4	I enjoyed this quite a lot.	我非常享受。
line:e838533b	I feel as I could say anything to you.	感覺什麼都能跟你說。
line:9b9567ec	I feel much better.	我感覺好多了。
line:ed6be68f	I feel spotless as always.	跟平常一樣，感覺一塵不染。
line:938be2fb	I forget the ignorance of a layman. I apologize.	我忘了外行人對這些一無所知。失禮了。
line:63837f22	I forgot to bite into it so... Nothing?	我忘了咬開，所以……沒味道？
line:fe3484ea	I get how you'd feel that way after a breakup, yeah.	嗯，我懂分手後會有那種感覺。
line:adf1550f	I give my other bipedal friends rides all the time.	我常常載其他兩足族朋友。
line:9a68366f	I got a mount.	我買了交配架。
line:78a54cae	I got back home a bit dirty. And she yelled at me.	我回家的時候有點髒，她就對我大吼。
line:22a9094a	I guess so!	應該算吧！
line:28d6c0aa	I hate that I'm always getting into situations like this.	我很討厭自己老是碰上這種事。
line:366a7f73	I have a question.	我有個問題。
line:82b63c18	I have something to say!	我有話想說！
line:fd68807c	I have to say, you did as good a job as private washers.	不得不說，你洗得跟私人洗浴師一樣好。
line:761f413a	I heard a loud bang	我聽到一聲巨響。
line:9d7cc63c	I heard a loud bang, I don't think Igwix made it.	接著一聲巨響，我想伊格維克斯大概沒救了。
line:7ede5030	I heard there was kobolds down here that could wash me up?	聽說這裡有狗頭人能幫我洗澡？
line:efb2d4af	I heard there were kobolds down here that could wash me up?	聽說這裡有狗頭人能幫我洗個澡？
line:2f9b499a	I honestly don't know how you are doing that.	老實說，我不知道你是怎麼辦到的。
line:6f5dbc90	I hope he's okay too.	我也希望他沒事。
line:cd0197ed	I hope I can learn from that.	希望我能學著這麼做。
line:cf50dbcc	I hope it all works out.	希望一切順利。
line:b2dfad3e	I hope so.	希望會。
line:0477b0d7	I hope so. I really want a fresh start with someone.	希望如此。我真的很想跟某個人重新開始。
line:7429dab7	I hope that you'll help me prove them wrong!	希望你能幫我證明麥克絲錯了！
line:be5feb3e	I hope things get better.	希望事情會好轉。
line:114ac9a0	I hope you're right.	希望你是對的。
line:06744c7e	I just don't like that she takes it out on me.	我只是不喜歡她拿我出氣。
line:1fb02179	I just don't like that she takes it out on me.	我只是不喜歡她拿我出氣。
line:c8a1e7d0	I Just need a quick wash... Maybe the mount would be nice too.	我只想快點洗個澡……也許用一下交配架也不錯。
line:95ff1bed	I just wish for you to ask me a question. Any question.	我只是希望你問我一個問題。什麼都行。
line:f716a163	I knew you were too busy, so I figured I'd bring the date to you!	我知道你太忙了，所以就想，把約會帶來找你好了！
line:2461773d	I knew you'd have my back	我就知道你會挺我。
line:6a671440	I know a decent equine-kin place by the pier.	我知道碼頭附近有間不錯的馬族餐廳。
line:50102b85	I know he can be a bit hot headed and forget to thank folks.	我知道他有時候脾氣衝，會忘了道謝。
line:83c55e2e	I know things can be tough.	我知道有時候真的很難熬。
line:2ffb026d	I know you need to close down shop. I'll make sure you get the address and we can meet up there, yeah?	我知道你得先打烊。我會把地址給你，我們在那裡見，好嗎？
line:ded99a0c	I know, I'll reserve your spot!	我知道，我會幫你留位！
line:59e503b2	I know. But the ability to open up to someone, even occasionally-	我知道。但能向一個人敞開心扉，即使只是偶爾——
line:d30ffec9	I know. I know I shouldn't be dumping this on you.	我知道。我知道不該把這些都倒給你。
line:875048ca	I know. I know.	我知道。我知道。
line:7b59e4d6	I like how sure of yourself you are. Even if it just has to do with washing.	我喜歡你那麼有自信。即使只是在洗澡這件事上。
line:46061aae	I like it! I think you'd enjoy it too.	我很喜歡！你應該也會喜歡。
line:f4ad8ea6	I like taking care of you.	我喜歡照顧你。
line:8ffedb47	I like the mount you chose. Mind grabbing it?	我喜歡你挑的交配架。可以拿過來嗎？
line:5c86951f	I like you a lot.	我非常喜歡你。
line:a91980fc	I like you for who you are.	我喜歡的就是你。
line:bdca3e1b	I like... him.	我喜歡……他。
line:2b65bf83	I love bubbles, they tickle!	我喜歡泡泡，癢癢的！
line:f8a4f404	I mean it. Really.	我是認真的。真的。
line:ae719afc	I need to be better. I <i>want </i>to be better.	我得變得更好。我<i>想</i>變得更好。
line:a0373456	I need to be spotless. Seems that's what you're for. <size=70%> Ha.	我要洗得一塵不染。看來你就是做這個的。<size=70%>哈。
line:3da2dd1d	I never expected myself to confide such embarrassing things in someone.	沒想到我竟然會向別人吐露這麼難堪的事。
line:0c986dec	I never expected you to be the type to be so messy!	沒想到你也會把自己弄得這麼髒！
line:95db900b	I never miss a spot.	我不會漏掉任何地方。
line:d620d41a	I never thought someone like him would be my type...	我從沒想過，他那種人會是我的菜……
line:67592de1	I probably need to head out though.	不過我大概該走了。
line:e41c6dc5	I really do hope it all works out!	真希望你們一切順利！
line:a722aada	I really think it was this time...	但這次我真的覺得是……
line:e80e5edd	I see what you're doing, thank you.	我懂你的意思了，謝謝。
line:cc6ec337	I see..	原來如此……
line:d57520b1	I seem to have gotten myself covered in ink!	我好像把自己弄得滿身墨水了！
line:3b161cf3	I still need more!	我還要更多！
line:47dc71f3	I suppose I understand disliking the mess it may cause.	我想，我能理解你不喜歡雨造成的髒亂。
line:234ccfda	I suppose it depends on the circumstances.	我想得看當時的情況。
line:910706c0	I think a movie could be fun!	看電影應該會很好玩！
line:99bbb171	I think he was in a bad environment. He's doing better now.	我想他以前身處的環境不好。現在好多了。
line:9247b7a0	I think he'd like the new you!	我覺得他會喜歡全新的你！
line:f4982dcd	I think he's got a crush on me.	我覺得他暗戀我。
line:fc6fdd10	I think I can still feel some explosion grime on me...	我覺得身上好像還有爆炸留下的髒汙……
line:4efc873f	I think I like being taken care of?	我想，我喜歡被照顧的感覺？
line:f5d36d9a	I think I might be close..	我想我快了……
line:52fc4e08	I think I'd like that!	我想我會喜歡！
line:5c78099a	I think I'd like to meet him!	我想認識他！
line:14e0edf6	I think I'd like to try!	我想試試看！
line:164df75a	I think I'd like to use it?	我想……我想用用看？
line:4f6168aa	I think I'd like to use it?	我想……我想用用看？
line:ab314624	I think I'd like to?	我想……我想試試看？
line:170c6aa3	I think I'd like you to be that someone aswell.	我想，我也希望那個人是你。
line:8f46bb17	I think I've got it!	我想我懂了！
line:a5e128e0	I think she's upset about something else...	我覺得她在為別的事情生氣……
line:bc2545e7	I think she's upset about something else...	我覺得她在為別的事情生氣……
line:335c5156	I think so!	我想是！
line:3292625e	I think that would make a decent place! They put on good shows every night.	我想那裡很適合！每晚都有精彩表演。
line:eaafe671	I think you got every spot!	應該每個地方都洗到了！
line:1760e5d5	I think you got every spot.	應該每個地方都洗到了。
line:341175f7	I think you got every spot.	應該每個地方都洗到了。
line:770e7473	I think you got every spot.	應該每個地方都洗到了。
line:f4a8f7fc	I think you helped him a lot more than you realize.	我想，你幫他的程度比你想像的還多。
line:f28fd15d	I think you missed a few spots still...	我覺得還有幾個地方沒洗到……
line:77509e74	I think you're cool too. Self improvement is hard.	我也覺得你很酷。改變自己並不容易。
line:763c6a82	I think you're good looking.	我覺得你很好看。
line:69e7dbb3	I think you're pretty cool, Conrad.	康拉德，我覺得你挺酷的。
line:9c393f61	I think you're special too.	我也覺得你很特別。
line:7d5ae3b4	I usually make do with a hose down at home...	我平常都在家用水管沖一沖就算了……
line:c4fc9b28	I wanna talk face to face!	我想面對面聊！
line:548dc375	I want to be more open. It feels good.	我想更坦率一些。這種感覺很好。
line:e02f464d	I was helping the alchemist reach a high shelf	我當時在幫煉金術師拿高架上的東西
line:fa97376e	I was helping the alchemist reach a high shelf	我當時在幫煉金術師拿高架上的東西
line:bb015b1b	I was romping around the forest	我當時在森林裡到處跑。
line:78e2cb13	I was thinking about what you said,	我想了想你說的話，
line:b8282714	I was thinking.	我在想。
line:ca616238	I was thinking. We could go out some time next week?	我在想，我們下週找個時間出去？
line:a13d76ec	I was thinking...	我在想……
line:c1a4edf0	I wasn't making her happy either.	我也沒讓她快樂。
line:a4214fe6	I went out of my way for a discrete washing, I was sure I wasn't followed.	為了低調洗個澡，我可是費了一番工夫，而且確定沒人跟蹤。
line:db5cd152	I went out with some friends.	跟幾個朋友出去。
line:b6b9dc33	I will pay double. Triple- This is a job only you can do!	我付雙倍。三倍——這件事只有你辦得到！
line:0c31345e	I will, thanks.	我會的，謝謝。
line:fa41daf4	I will. I just need a quick wash, and wouldn't mind using the mount today.	會的。我只是想快點洗個澡，今天也想用用交配架。
line:399457b7	I wish it was easy as it is in movies.	真希望能像電影裡那麼簡單。
line:2185f08c	I won't.	我不會說的。
line:45950848	I would like that!	我很期待！
line:099ec7fd	I would love to.	我很樂意。
line:e6006cd6	I wouldn't mind!	我很樂意！
line:81905be1	I'd like to go out to eat.	我想出去吃飯。
line:75b152eb	I'd love to talk more, truly, but class is soon.	我真的很想再聊聊，但快上課了。
line:2fe8a558	I'd love to!	我很樂意！
line:87ba56cc	I'll be back again, yeah?	我會再來，好嗎？
line:ca035ef2	I'll be back again. It's nice having you as a friend.	我會再來的。能有你這個朋友真好。
line:0fcd9c26	I'll be back soon, yeah? Thanks for the wash.	我很快會再來，好嗎？謝謝你幫我洗澡。
line:d9f422eb	I'll be waiting at the bar for you tonight!	今晚我會在酒吧等你！
line:69dff2ec	I'll be waiting for the gate!	我等你開門！
line:ae4d09f6	I'll be waiting for the gate!	我等你開門！
line:ab616aac	I'll definitely keep this place in mind.	我一定會記住這裡。
line:b122441b	I'll get one ordered I promise!	我保證會訂一個！
line:1642b6f1	I'll get out of your scales now. Thank you for the wash.	那我就不打擾你了。謝謝你幫我洗澡。
line:707d2693	I'll get out of your scales...	我就不打擾你了……
line:ca480eed	I'll get you two in contact then.	那我幫你們牽線。
line:59416000	I'll go get the gate for ya'	我去幫你開門。
line:6aa7ad03	I'll go get the gate for ya'	我去幫你開門。
line:2a6d7e7d	I'll go get the gate for you.	我去幫你開門。
line:8107858d	I'll go get the gate for you.	我去為您開門。
line:d1755010	I'll go get the gate for you.	我去幫你開門。
line:4d692a01	I'll go get the gate.	我去開門。
line:a75bb519	I'll go get the gate.	我去開門。
line:8689a124	I'll happily get that for you.	我很樂意幫你準備。
line:48e99d7b	I'll have to close up shop first-	我得先把店收好——
line:f2b894e2	I'll have to reserve your spot while you close up.	你打烊的時候，我得先去幫你留位。
line:6c5e2459	I'll keep that in mind. I'm used to things being transactional.	我會記住的。我習慣了凡事都要有所交換。
line:956a0f47	I'll make sure to ask him next time I see him.	下次見到他，我一定幫你問。
line:e64d21e4	I'll make sure to come back.	我一定會再來。
line:7c9fe106	I'll make sure to get out of your scales.	我就不打擾你了。
line:87006442	I'll make sure to tell others about this place	我一定會把這裡推薦給其他人。
line:1db78e06	I'll make sure to tell you how it goes, yeah?	我一定會告訴你結果，好嗎？
line:49b6a167	I'll make sure you're <i>spotless.	我會把你洗得<i>一塵不染。
line:96981b61	I'll manage.	我會撐過去的。
line:9aa97614	I'll need this to be swift, students won't teach themselves.	得請你動作快一點，學生可不會自己教自己。
line:9ef857c8	I'll need to resurrect Igwix, oh how embarrassing!	還得復活伊格維克斯，真是丟臉！
line:90a9a98e	I'll see you next time I come in, yeah?	那下次來的時候再見，好嗎？
line:d0f6a49a	I'll see you next time I come in, yeah?	那下次來的時候再見，好嗎？
line:160bf40f	I'll start prepping for it.	我要開始準備了。
line:8af64cb8	I'll take care of this, don't you worry.	交給我處理，你別擔心。
line:e20c6391	I'll tell you in a bit. Could you just get the gate for now?	等一下再跟你說。可以先開門嗎？
line:04c62f9b	I'm <i>spotless</i>.	我已經<i>一塵不染</i>了。
line:629f8cff	I'm a bit of a big deal around there.	我在那裡還算有頭有臉。
line:d9272031	I'm a dragon.	我可是龍。
line:675e7284	I'm a rule breaker!	我就是愛打破規矩！
line:afcd5586	I'm a... kobold.	我是……狗頭人。
line:5d41b5d6	I'm all dirty still!	我還很髒耶！
line:2f6eb3c3	I'm all soapy still!	我身上還都是泡沫！
line:18707b19	I'm always happy to give you a wash!	我隨時都很樂意幫你洗澡！
line:3b01eb3b	I'm always happy to give you a wash!	我隨時都很樂意幫你洗澡！
line:d82b1a7d	I'm always happy to help. <i><size=70%> especially a big dragon.	我隨時都樂意幫忙。<i><size=70%>尤其是幫一條大龍。
line:46c6a3ed	I'm always happy to see you Ryan.	萊恩，我總是很高興見到你。
line:75206eee	I'm always happy to see you Ryan.	萊恩，我總是很高興見到你。
line:fa6e232e	I'm always happy to see you. I'll go get the gate for you.	我隨時都很高興見到你。我去幫你開門。
line:07e5fc05	I'm amazed!	我驚呆了！
line:4586d55d	I'm an asshole. I know I am.	我是個混蛋。我自己知道。
line:a6d46685	I'm certain he also finds you pleasant!	相信他也覺得你很討人喜歡！
line:ef399e26	I'm doing good!	我過得很好！
line:a6c1f2f4	I'm excited for you!	我替你開心！
line:94fbdbf0	I'm excited for you. I'll get the gate!	我替你開心。我去開門！
line:f83e4966	I'm excited to hear about it!	我好期待聽你說！
line:bd55b8f4	I'm excited to see them washing down the drain though.	不過我也很期待看它們流進排水孔。
line:24832f01	I'm excited.	我好期待。
line:69f406a6	I'm excited.	我好期待。
line:a00f681d	I'm excited.	我好期待。
line:a0479425	I'm excited.	我好期待。
line:b5d7d26f	I'm excited.	我好期待。
line:d66b9155	I'm excited.	我好期待。
line:4e1b1d0a	I'm glad you derive enjoyment from this as well.	你也能樂在其中，我很高興。
line:5db47405	I'm glad you enjoy him. I'm certain he finds you pleasant.	很高興你喜歡他。相信他也覺得你很討人喜歡。
line:c56ee060	I'm glad you enjoy my crest.	很高興你喜歡我的頭冠。
line:f44a1493	I'm glad you trust me.	很高興你信任我。
line:3a2ed5ef	I'm glad you two are working out though.	總之，很高興你們相處得很好。
line:c0972e81	I'm glad you two are working out.	很高興你們相處得很好。
line:34ba77b1	I'm glad you were able to make the choice that was best for you.	很高興你能做出對自己最好的選擇。
line:d5a90e1c	I'm glad!	真高興！
line:286fec49	I'm glad.	真好。
line:42f5fd9d	I'm glad.	真好。
line:99b6dc81	I'm glad.	真好。
line:570d4953	I'm happy for you!	我替你開心！
line:ac6d5bd3	I'm happy for you!	我替你開心！
line:ed5c40ca	I'm happy for you!	我替你開心！
line:79099951	I'm happy to be here too.	我也很高興能來。
line:99fd9b51	I'm happy to give you a place you can relax.	能給你一個放鬆的地方，我很高興。
line:5d36d5c8	I'm happy to have met you.	很高興能認識你。
line:ce21622a	I'm happy to hear that.	聽你這麼說，我很高興。
line:69963a6c	I'm happy you feel comfy here.	很高興你在這裡能自在放鬆。
line:38388248	I'm here for a wash.	我是來洗澡的。
line:a6974256	I'm here if you need someone to talk to.	如果你需要找人聊聊，我在這裡。
line:6690512d	I'm impressed.	真讓我刮目相看。
line:2e424b13	I'm in need of another wash.	我又需要洗個澡。
line:ef91a572	I'm Jealous!	真羨慕！
line:a79b8639	I'm just happy I don't feel judged here.	我只是很高興，在這裡不會被批判。
line:8076eb95	I'm just here for a wash though.	不過我只是來洗個澡。
line:c2caa0b7	I'm just here to bring you food!	我只是來送你食物！
line:ec6c7823	I'm just... Happy.	我只是……很開心。
line:ed4b0d48	I'm kind of excited.	我有點期待。
line:266c652e	I'm looking forward to seeing you again	我很期待再見到你。
line:e91e2041	I'm not <i>that</i> little-	我沒有<i>那麼</i>小——
line:cf05a364	I'm not certain why I suddenly understand your 'Yips'	我不太明白，為什麼突然聽得懂你的「嗷」了。
line:dcc4774b	I'm not too sure. It was on sale at WingCo.	我不太確定。WingCo 當時在特價。
line:5b31909a	I'm only doing what I think is right.	我只是做自己覺得對的事。
line:7fe349d7	I'm profoundly embarrassed by this whole ordeal.	這整件事實在讓我羞愧難當。
line:cfaffc52	I'm pumped.	我超期待。
line:c0a140f8	I'm really fond of letting folks ride on my back.	我很喜歡讓人騎在我背上。
line:1a5e6184	I'm really looking forward to this.	我真的很期待。
line:8b43a434	I'm really sorry you got hurt. Who did this?	你受傷了，我真的很難過。誰幹的？
line:69ffe957	I'm so excited about this date!	我好期待這次約會！
line:e6290003	I'm so excited. I'll get you two in contact!	我好期待。我幫你們牽線！
line:e8611ad0	I'm sorry for dumping that all on you earlier.	抱歉，剛才把那些事全倒給你。
line:e613b1c3	I'm sorry I snapped at you earlier.	對不起，剛剛衝你發脾氣。
line:de208e68	I'm sorry you got hurt...	你受傷了，我很難過……
line:4843bb47	I'm still very muddy, if you could soap me up that'd be great.	我還很髒，能幫我抹點肥皂就太好了。
line:51d4e418	I'm such an idiot.	我真是個白癡。
line:32114891	I'm sure nobody will know...	應該不會有人知道……
line:17a05c96	I'm sure we'll figure something out! just meet me at the pier!	我們一定會想到辦法的！到碼頭找我就好！
line:8136ef1a	I'm surprised how nice it is.	沒想到這麼舒服。
line:722c6ab2	I'm thinking a date soon.	我想最近去約個會。
line:3471e9b1	I'm trying my best.	我正在盡力。
line:01492e5e	I'm trying not to be pushy.	我正努力不要咄咄逼人。
line:4d6cd625	I'm trying to get away from the house for a bit.	我想出來透透氣，暫時離開家裡。
line:c1ef777a	I'm unsure why speaking with you is so easy.	我也不明白，為什麼跟你說話這麼輕鬆。
line:822c0718	I'm very excited.	我好期待。
line:ddab3d34	I'm very satisfied with these results..	這個成果讓我很滿意……
line:03eb977c	I'm well aware. A deep clean has a distinct feel!	我很清楚。徹底洗乾淨的感覺就是不一樣！
line:f9193c0d	I'm willing to do it. But I'd like something new.	我願意去處理，但也想要一些新的東西。
line:63981253	I'm... Happy.	我……很開心。
line:f80bd44b	I'm... not certain I'd like to use this today.	我……不太確定今天想不想用這個。
line:d422462e	I'm... not sure I can answer that for you.	我……不確定能替你回答這個問題。
line:8f107933	I'm... Rather close now	我……已經快到極限了。
line:24c52c54	I'm... wondering...	我在……想……
line:6bbd7f1d	I've always hated the rain.	我一直很討厭下雨。
line:b4353808	I've always loved giving my biped friends rides...	我一直很喜歡載著兩足族朋友走……
line:9541fceb	I've been considering asking you this for a while now.	我已經想邀請你好一陣子了。
line:505154a4	I've been thinking...	我一直在想……
line:58b4f5fb	I've been told it's polite to talk to smaller folk face to face.	有人告訴我，跟小個子面對面說話才有禮貌。
line:2c560e29	I've been trying to get into the social sciences aswell.	我也一直想涉足社會科學。
line:b4a29141	I've got a guy who can drop a gift by tomorrow that would spruce things up.	我認識個人，明天能送份禮物過來，幫這裡添點新氣象。
line:212f0021	I've had a lot of free time lately.	最近空閒時間很多。
line:701b9feb	I've had a lot of free time lately.	最近空閒時間很多。
line:79da763f	I've had a lot of free time lately.	最近空閒時間很多。
line:3c4443fd	I've seen bigger	我看過更大的。
line:d7a90078	I...	我……
line:393d0e05	I... hm.	我……嗯。
line:0da5609b	I... Know this is unprompted.	我……知道突然說這個有點唐突。
line:5cfb94b9	If a relationship is <i>so</i> bumpy and you know its going to end.	如果一段感情<i>那麼</i>不順，你也知道遲早會結束。
line:b2f52b23	If I could uhm...	我能不能，嗯……
line:b4990e3d	If I'm honest. I've had a crush on you for a bit.	說實話，我喜歡你已經有一陣子了。
line:7c13c28e	If only.	要是有就好了。
line:a56c5621	If someone like Ryan is interested, you're doing great.	連萊恩那樣的人都對你有興趣，表示你做得很好。
line:52f28749	If we're caught violating another policy my reputation would be in ruins!	要是又被發現違反規定，我的名聲就毀了！
line:83f511d2	If ya' place the mount for me I'll have at it.	你把交配架擺好，我就能上了。
line:7ead92b1	If you could come up front so I could talk.	可以請你到前面來，我有話想說。
line:e78656aa	If you could come up to where I can see you.	可以到我看得到你的地方嗎？
line:9a013329	If you wanna talk about it more, I've got a minute.	如果你還想聊，我有點時間。
line:3d014153	If you want to use it that's fine!	你想用的話，當然可以！
line:a9eb9a76	if you're seeing this please grab nael or submit a bug report	如果你看到這行字，請找 nael 或提交錯誤回報
line:b9ab4eed	Im not complaining though.	不過我可沒在抱怨。
line:27340362	In a bad way?	是壞的意思嗎？
line:2019bb85	In a good way?	是好的意思嗎？
line:91d5fb72	Incredible!	太厲害了！
line:61c8781b	Indeed! You're the only kobold I wish to wash me now.	正是！現在我只想讓你這隻狗頭人幫我洗澡。
line:a5979ac9	Indeed, you must know of my crest! I teach alchemy.	正是，你一定認得我的頭冠！我是教煉金術的。
line:dd9d30d2	Indeed. I'm glad you were able to help.	是啊。幸好有你幫忙。
line:fd5ddfcb	Indeed. You're an excellent person to be around.	當然。跟你相處是一件很棒的事。
line:78c9b5cc	Is everything okay?	一切都還好嗎？
line:bea8f1f7	Is something on your mind?	你有心事嗎？
line:6b6dd8bc	Is that a good thing...?	那是好事嗎……？
line:848727f2	Is that a threat...?	你是在威脅我嗎……？
line:db302830	Is that why you came in the first time?	所以你第一次才會來這裡？
line:00e41343	Is this good?	這樣舒服嗎？
line:7982d3d8	Is this the right place?	是這裡嗎？
line:c48f59a9	Is this the right place?	是這裡嗎？
line:b05f6eea	Isn't that... Wood?	那不是……木頭嗎？
line:bf137cb4	It arrived this morning, it should be near the gate.	今天早上已經送到了，應該就在大門附近。
line:5080b6dd	It depends! Dragon thing.	看情況啦！龍就是這樣。
line:34cf0601	It did! Thanks for asking.	很順利！謝謝你關心。
line:900dca3c	It does wonders.	也能帶來莫大的改變。
line:cfd504c5	It does wonders.	也能帶來莫大的改變。
line:ac13bf68	It is indeed rather cool.	確實相當酷。
line:ea445b46	It is rather novel isn't it?	確實很新鮮，對吧？
line:56d34a41	It is? Good to know...	是嗎？那我記住了……
line:b058318f	It means you're doing a good job in kobold.	用狗頭人的話來說，就是你做得很棒。
line:13c906c7	It really has been. You're wonderful.	真的。你太好了。
line:b032bfb1	It turns out baking is messy!	結果烘焙會弄得一團糟！
line:da4f12a1	It turns out baking is messy!	結果烘焙會弄得一團糟！
line:e106207b	It turns out baking is messy!	結果烘焙會弄得一團糟！
line:e0c8c57b	It was good. We had sex.	很好。我們上床了。
line:681117ec	It was great. Conrad is wild. Good wild.	很棒。康拉德很狂，是好的那種狂。
line:28eee9f5	It went great!	超順利！
line:92bfe06c	It went great!	超順利！
line:a5d2b991	It went well.	很順利。
line:1ab5969b	It would be a... date. As most would say.	那會是一次……約會。用一般人的說法。
line:8440a3f4	It's a regrettable state I find myself in...	落得這副模樣，實在令人遺憾……
line:1706e86d	It's also new to me...	對我來說也是第一次……
line:c1b8e62b	It's always good when a kobold knows what they like.	狗頭人知道自己喜歡什麼，總是件好事。
line:deffce5c	It's crazy how much your neck can handle.	你的脖子竟然裝得下這麼多，太誇張了。
line:2e182063	It's difficult to find folks that are outside of my current bubble.	要認識現有圈子以外的人，挺難的。
line:48cfc92b	It's endearing!	真可愛！
line:5b6f00bd	It's fine.	沒關係。
line:13dc0f15	It's fine. I close in about an hour.	沒關係。我大概一小時後才打烊。
line:23ac92c8	It's freeing. I'll be back, yeah?	感覺好自由。我會再來，好嗎？
line:de9fdb93	It's hard to hold back..	好難忍住……
line:9ebea3d0	It's hard to not be nervous after everything...	經歷過那些事，很難不緊張……
line:ec8243d8	It's interesting; you bipeds tend to savor your meals.	很有趣，你們兩足族好像都喜歡細細品嚐。
line:d50cb509	It's just that something happened to Conrad, I hope he's okay.	就是康拉德出了點事，希望他沒事。
line:bee6c7dd	It's just that...	只是……
line:3b76093c	It's made for eating things whole.	它就是為了整個吞食物而長的。
line:19f36dc0	It's my dream.	那是我的夢想。
line:18db795f	It's never easy to end things.	結束一段感情從來都不容易。
line:049fb01f	It's nice to have friends to rely on.	有能依靠的朋友真好。
line:ed69e3a1	It's nice to relinquish control, even for a moment.	把主導權交出去的感覺真好，即使只有片刻。
line:e9d34ea0	It's no biggie. It sounds like everyone is fine.	沒什麼啦。聽起來大家都沒事。
line:7e511da7	It's okay!	沒關係！
line:b14d8520	It's okay, you sound like you need it.	沒關係，聽起來你需要有人聽。
line:50b95260	It's okay. I needed to. She wasn't making me happy.	沒事。我必須這麼做。她讓我不快樂。
line:47455767	It's okay. I'll figure something out.	沒事。我會想辦法的。
line:9287c933	It's starting to feel like it's <i>my</i> fault.	開始覺得，好像是<i>我的</i>錯。
line:7ab244af	It's the best way to enjoy food.	這是享受食物最棒的方式。
line:0b7589ff	It's the mount you asked for.	就是你要的交配架。
line:a5780e74	It's wonderful to be back!	能再來真是太好了！
line:649e8eb3	Its a nice get away from everything out there.	能暫時遠離外頭的一切，真好。
line:d0361dd9	Its like an equine fusion thing...	大概是馬族融合料理那種……
line:df86a610	Jokes aside, your wash is definitely the best.	說真的，你這裡絕對是洗得最棒的。
line:7fe40d2b	Just a rough day. Hoping this helps!	只是今天有點難熬。希望洗個澡會好一點！
line:ce77a00e	Just did!	剛說完！
line:7c93c604	Just doing my job!	我只是在做我的工作！
line:fa0a9fbb	Just having fun.	只是玩一下嘛。
line:9e9425cd	Just possibly...	有沒有可能……
line:1d73a343	Just some drake at the bar. Was stupid... Couldn't shut my mouth.	就酒吧裡一條龍。我犯蠢……就是閉不上嘴。
line:ecb9a15d	Just touch me with your hand and I'll try to help.	用手碰我一下，我就會盡量配合。
line:14209365	Just uhm... Don't tell anyone I'm saying all this.	只是，嗯……別告訴別人我說了這些。
line:3bac1dad	Just... open the gate.	先……開門吧。
line:4f826403	Keep going a little longer please	請再繼續一下。
line:087039ba	Keep going.	繼續。
line:d8f92323	Kinda! I've been getting out more.	算有吧！我最近比較常出門。
line:b965b4dd	Knock that off, we're not done yet. Right?	別鬧啦，我們還沒洗完，對吧？
line:d9d276bb	Kobolds always seem enamored by me eating.	狗頭人好像總是很著迷於我吃東西的樣子。
line:0274cacd	Kobolds are very flexible. It will fit.	狗頭人很有彈性，放得進去。
line:20cb68b9	lemme in?	讓我進去？
line:41d5085a	Let go whenever you are ready.	準備好了就釋放吧。
line:29a77d09	Let me give it a try!	讓我試一下！
line:265e14cb	Let me know when you're finished rinsing.	沖乾淨了就告訴我。
line:0e1fd4b0	Let the <i>big C</i> out of this place!	放<i>C 大爺</i>出去吧！
line:f7382398	Let's get going~!	開始吧～！
line:c50535b3	Let's have it!	來吧！
line:9accd60e	Lets wash it off for our date tonight then.	那就為今晚的約會把它洗掉吧。
line:7ce1b833	Like what?	哪樣？
line:cb91e703	Like, I love those around me, but there's a lot of baggage there.	就是，我很愛身邊的人，但那裡也有很多過去的包袱。
line:aa1c54ab	Like, in general.	我是說，整體而言。
line:bbe51f87	Like, in general.	我是說，整體而言。
line:7b7b0a3f	Like, the future of my relationships.	像是，未來的感情。
line:db79a905	Like... a lemon?	像是……檸檬？
line:ffd7dcc4	Like... An asshole? I know I'm miserable to be around.	像個……混蛋？我知道跟我相處很難受。
line:a0a0a49c	Like... sexual stuff?	像是……性方面的服務？
line:9becd177	Look at me! I'll be the laughing stock of my students.	看看我！學生們會把我當笑話看的。
line:9711cf03	Lookin' for a hose down. Wouldn't mind using the mount aswell.	想沖個澡。能順便用交配架也不錯。
line:abdb5822	Looking forward to seeing ya'	期待再見到你。
line:5c335985	Looking forward to seeing you soon.	期待很快再見到你。
line:1d0abc80	Looking forward to the wash.	很期待這次清洗。
line:646279a0	Looks like it.	看起來是。
line:b6093881	Looks like ya' got a shipment, eh?	看來你收到貨了，嗯？
line:f1fc3e3c	Luckily death via spontaneous combustion is a concept we have thoroughly curtailed in the modern world.	幸好在現代，突然自燃致死這種事已經被我們徹底解決了。
line:d2ba8ba9	Made a bit of a mess... Still worth it.	弄得有點亂……不過值得。
line:301e8665	Make haste! My reputation is on the line.	請快點！我的名聲岌岌可危。
line:5072cc60	Make sure you're very clean. <size=70%><i>hehe.	一定要洗得很乾淨。<size=70%><i>嘿嘿。
line:da21cf49	Makes sense! Yeah tiny drakes are fun.	有道理！小龍確實很有趣。
line:22b2643b	Makes sense.	有道理。
line:e7f0e9ed	Makes sense.	有道理。
line:89c9a73b	Many think it's part of my body.	很多人以為那是我身體的一部分。
line:d7bcbe29	Max says I'm a clumsy dragon,	麥克絲說我是條笨手笨腳的龍，
line:db986d0d	May you open the gate?	可以開門嗎？
line:76a97730	Maybe later...?	也許晚點……？
line:08a422ba	Maybe like...	或許可以……
line:6f293b7a	Maybe someone new...	也許是個新的人……
line:d2558a04	Maybe someone?	也許是某個人？
line:67a46ddc	Maybe we can hang out later?	我們晚點要不要一起玩？
line:5691478f	Maybe we could just... Walk?	也許我們可以……散散步？
line:7734bf93	Me too, thanks!	我也是，謝謝！
line:627a13e4	Me too.	我也是。
line:d3c733f5	Me too.	我也是。
line:ffa63d1b	Me too.	我也是。
line:040ee2a7	me too.	我也是。
line:d13cd125	Me.	自己的人。
line:14e7b293	Me?	我？
line:b9cb051a	Means I'm ready to go on a date with a certain kobold.	代表我準備好和某隻狗頭人約會了。
line:e5da247d	Means you know how to get hands on!	那你一定知道怎麼親自動手！
line:171707d2	Mhm!	嗯哼！
line:11306335	Mhm! Come back anytime.	嗯哼！隨時歡迎再來。
line:69dd6a73	Mhm! he's trying to meet new people.	嗯哼！他正在試著認識新朋友。
line:da17b746	Mhm! I'm <i>the</i> kobold!	嗯！我就是<i>那個</i>狗頭人！
line:a0cb3f78	Mhm! that's him.	嗯哼！就是他。
line:164fdb01	Mhm, he's trying.	嗯哼，他正在努力。
line:1a663dcf	Mhm, right this way.	嗯，這邊請。
line:3cd8a8bd	Mhm... Thank you.	嗯……謝謝你。
line:4546abce	Might seem kinda weird to ask now. Buuuut.	現在問可能有點怪，不過嘛。
line:57d8b72a	Mind opening the gate to let me out?	可以開門讓我出去嗎？
line:b2a507ab	Mind opening the gate to let me out?	可以開門讓我出去嗎？
line:6d726280	Mind washing more?	可以再洗一下嗎？
line:c8281b83	Mmm, I understand that to mean you'll get the gate?	嗯，我可以理解成你要去開門嗎？
line:dd0c77ae	Mmm, Yeah I know the type.	嗯，對，我懂那種類型。
line:d8cafcc7	mmm..	嗯……
line:729cea0c	Mmmhm, I always do my best.	嗯哼，我向來都盡力做到最好。
line:f36b8b76	Mmmhm. I'll work on my sleep schedule...	嗯哼。我會調整一下作息……
line:d38efb75	Mmmmhm, gotta prep for a date with him.	嗯哼，得為了跟他的約會做準備。
line:a78dd44b	mmph! (Yea!)	唔！（對！）
line:b132719c	Mmph- Hm?	唔——嗯？
line:16ee6b14	Money... mmm...	錢錢……嗯……
line:d8cc8048	Most people do!	大部分的人都喜歡啊！
line:3d723db0	Must mean you two are a good match.	那一定表示你們很合得來。
line:9ca994a5	My bad	我的錯
line:aaecba3d	My bad	我的錯
line:fedbf70c	My colleague, professor Igwyx, wished to use me as a platform.	我的同事伊格維克斯教授，想把我當作墊腳的平台。
line:08af3902	My date with Ryan was...	我和萊恩的約會……
line:116b5405	My date with Ryan was...	我和萊恩的約會……
line:e26c3b65	My first ever Yarn script in Unity!	我在 Unity 裡寫的第一個 Yarn 腳本！
line:f15b014f	My names Ryan. So...	我叫萊恩。那麼……
line:e4aced7b	My students could learn a thing or two from your work ethic!	我的學生真該向你學學這種工作態度！
line:dfe74420	My-	天啊——
line:9b915bf2	Nah.	不喜歡。
line:c3642dec	Nah.	沒有啦。
line:393c128a	Never cleaned a teacher dragon... woah.	還沒幫當老師的龍洗過澡呢……哇。
line:a99b03ed	Never tried it.	沒試過。
line:6df809e1	Nevermind. Could you get the gate?	算了。可以開門嗎？
line:d3a50f3f	Next time I come in for a wash we'll go.	下次我來洗澡，我們就去。
line:ac5afd96	Next time I come in I'll have reservations!	下次來的時候，我就會訂好位！
line:8990fcc9	Nice! Whats with all the... Gloop?	真好！你身上那些……黏糊糊的是什麼？
line:1d4b8528	Nice. Gotta open the gate though. Let Conrad in!	讚。不過得先開門啊。讓康拉德進去！
line:acab92d4	Nnf... I believe I needed that. Thank you.	嗯唔……我想我確實需要這個。謝謝你。
line:8fe11008	Nnnf... That was way better than those berries.	嗯唔……比那些莓果爽多了。
line:b251704a	No	不會。
line:e05c2dca	No	沒有
line:dc86c2de	no	沒有
line:5794ea87	No amount of justification makes it feel good though.	但再多的理由，也沒辦法讓這件事不難受。
line:5a5ec440	No I actually just got it	不是，其實我剛拿到這個
line:cd5f07ca	No more excuses.	不再找藉口了。
line:4b38230f	No need for thanks. I'll get the gate.	不用謝。我去開門。
line:11604fbd	No need to be nervous, Alexander!	不用緊張，亞歷山大！
line:eefef647	No need to be.	不用覺得丟臉。
line:73ea230a	No no, you're a certified cleaner yeah?	不不，你是有證照的洗浴師，對吧？
line:743c64e6	No not really.	不，其實不太好。
line:50feefe8	No problem!	沒問題！
line:1a9a36e1	No problem! Can't wait for you to meet Conrad.	沒問題！等不及讓你認識康拉德了。
line:0a9993d2	No problem, thanks!	沒問題，謝啦！
line:10bdb3a4	No problem, thanks!	沒問題，謝啦！
line:3a8f65fa	No problem.	沒問題。
line:ee3d0ee4	No problem. Let me get that gate for ya'!	沒問題。我來幫您開門！
line:eedccaec	No way.	不可能。
line:f0351f0c	No way.	不可能。
line:d726f776	No worries,	沒關係，
line:12b7a5b3	No! I mean, yes, but for the sake of my reputation could you please keep my incursion here to yourself.	不！我是說，沒錯，但為了我的名聲，請別把我這次造訪的事說出去。
line:f7f963e3	No, I am.	不，我很髒。
line:54faa7c0	No, I don't think I do.	沒有，我想不用。
line:38419d8b	No, it's not. No more excuses.	不，有關係。不再找藉口了。
line:cd9b2a8f	No, thank you. I'm... Really excited.	不，是我該謝謝你。我……真的很期待。
line:1af1ad05	No, we don't offer things like that here.	沒有，我們這裡不提供那類服務。
line:cb7e94e5	no.	沒有。
line:6128a09c	No. A lime that is yellow.	不。是黃色的萊姆。
line:de25dacd	No. I'm not. Do you have a medkit or not?	不好。我有事。你到底有沒有急救箱？
line:1cc64bcf	No.. No it's fine... thank you.	不……不用，沒事的……謝謝你。
line:525f5744	Nope	不記得
line:fbd2c3e7	Nope.	還沒。
line:5406ba8e	Normally I'd say yes to a mount. But, not right now.	平常有交配架，我都會說好。但現在不想。
line:ab92da6a	Not anymore at least!	至少現在沒問題了！
line:0cfcd179	Not for a date though.	但這樣不適合約會。
line:d1b90e2c	Not sure yet.	還不確定。
line:e9643b5d	Not yet.	還不行。
line:326cc84d	Not yet. a little longer.	還不行，再一下。
line:56a729f6	Nothing more attractive than a man who can improve!	沒什麼比願意成長的男人更有魅力了！
line:b5dabf9f	Nothing more attractive than a man who can improve!	沒什麼比願意成長的男人更有魅力了！
line:8a321997	Now I'm eyeballing the mount...	我現在又盯上交配架了……
line:5e0a6d7a	Now I'm out here, agh!	搞得我現在跑來這裡，唉！
line:564a9606	Now they'll never need to know!	這下就不會被發現了！
line:d66b7986	Now!	現在！
line:63596bb3	Now, do you have a medkit or not?	所以，你到底有沒有急救箱？
line:eefc4e9f	Now, lemme in! I want to try that thing out!	快讓我進去！我想試試那玩意！
line:0554966a	Now, more food?	那麼，再吃一點？
line:3fb3f8d4	Now, round two!	接下來，第二回合！
line:12e6043e	Now... Food?	那麼……吃東西？
line:5f8b2de4	oah. <size=70%>okay.	喔。<size=70%>好。
line:13223129	Of course	不客氣
line:283e56d8	Of course I am! I know I'm very...	那當然！我知道自己很……
line:5788e15c	Of course I do. I'm a <i>professional</i>.	那當然。我可是<i>專業的</i>。
line:0b226939	Of course it is!	當然不介意！
line:f21dd9d4	Of course it is!	當然不介意！
line:642255fc	Of course!	當然！
line:76f8c20c	Of course!	當然！
line:877aced7	Of course!	當然！
line:d2401e75	Of course!	當然！
line:f9eb2b4a	Of course! Right this way!	當然！這邊請！
line:0d20d327	Of course! Thank you for the food.	當然！謝謝你的食物。
line:4da976f5	Of course! You run a fine establishment.	當然！你的店非常出色。
line:b629bcf2	Of course! You're wonderful.	當然！你很棒。
line:b6c96475	Of course, you run a fine establishment.	不客氣，你的店非常出色。
line:dd082478	Of course.	當然。
line:203cc3d2	Of course. One moment!	當然，稍等一下！
line:fd145efe	Of course. Sorry you're going through all this.	當然。你碰上這些事，我很難過。
line:7305cdbc	Oh cool!	喔，真酷！
line:eb6ae4c3	Oh cool!	喔，真酷！
line:77c996e8	Oh damn! You really are adventurous!	喔，幹！你還真敢玩！
line:3fdb9d01	Oh fcuk something went wrong	喔，靠，出問題了
line:9e403ecd	Oh fuck yeah.	喔，幹，太爽了。
line:13c39c50	Oh fudge, forget I said that!	喔，糟糕，忘掉我剛剛說的！
line:e722753e	Oh goodness no..	喔，天啊，不行……
line:55e3dd36	Oh hi! um..	喔，嗨！嗯……
line:e8ee5747	Oh hi! um..	喔，嗨！嗯……
line:b90f527f	Oh huh, that's the tiny drake I saw coming in a bit back yeah?	喔，就是前陣子我看到進來的那條小龍，對吧？
line:001ab950	Oh I heard good things about that.	喔，聽說那部評價很好。
line:0a4a28c0	Oh I see the button there, gotcha!	喔，我看到那個按鈕了，懂了！
line:c6b0b1aa	Oh like, swallowing things whole?	喔，你是說，整個吞下去？
line:10254d13	Oh my	喔，天啊
line:39f6c77d	Oh my bad	喔，我的錯。
line:79511a66	Oh my bad	喔，我的錯。
line:8cfbd75d	Oh my bad	喔，我的錯。
line:cb71b2a1	Oh my bad	喔，我的錯。
line:7d13eca0	Oh my- I didn't expect you to be so... hands on	天啊——沒想到你會這麼……親手上陣
line:c60c65e8	Oh my. I suppose I could use the mount!	天啊。我想我可以用一下交配架！
line:433cb27e	Oh no! Do you want to talk about it?	糟了！你想聊聊嗎？
line:d908622a	Oh no, Conrad. are you okay?	天啊，康拉德，你還好嗎？
line:bf977a7e	Oh okay. I'll go grab it.	喔，好。我去拿。
line:7428755b	Oh so it's new for both of us!	喔，那對我們兩個來說都是新體驗！
line:513bed5a	Oh so it's new to both of us!	喔，那對我們兩個來說都是新體驗！
line:4bad37a5	Oh that's good. I'm happy he's okay.	那就好。很高興他沒事。
line:7d791906	Oh this is better, but I still feel dirty.	喔，好多了，但我還是覺得有點髒。
line:63926ecd	Oh we're done?	喔，洗好了嗎？
line:546d1bf2	Oh wow, you're really covered in it!	哇，你真的滿身都是墨水！
line:b2d99a43	Oh wow..	喔，哇……
line:e8052272	Oh yeah I liked the first one.	喔，對，我很喜歡第一集。
line:a4a26529	Oh yeah, there's this nice place downtown called wings.	喔，有啊，市中心有間不錯的店叫「羽翼」。
line:d4d3ecd5	Oh yeah.	喔，對。
line:059142a3	Oh Yeah?	喔，是嗎？
line:71053a53	Oh Yeah?	喔，是嗎？
line:1121309c	Oh yeah?	喔，是嗎？
line:2b560f59	Oh yeah?	喔，是嗎？
line:2d2820b0	Oh yeah?	喔，是嗎？
line:6e82e54c	Oh yeah?	喔，是嗎？
line:b9d8a22f	Oh yeah?	喔，是嗎？
line:d8ce8566	Oh yeah?	喔，是嗎？
line:f103a4a8	Oh yeah?	喔，是嗎？
line:4f6344f1	Oh yeah? He sounds like a bit of a hothead.	喔，是嗎？聽起來他脾氣有點衝。
line:60cdf456	Oh yeah? The little red drake?	喔，是嗎？那條小紅龍？
line:a9253dd8	Oh yeah? The sky blue drake I've seen around?	喔，是嗎？就是我在附近見過的那條天藍色龍？
line:762882b4	Oh yeeeaaah?	喔——是嗎？
line:5d737ca7	Oh yes	喔，是啊
line:1c90fb6d	Oh you. Gonna make me blush.	哎呀你，害我都要臉紅了。
line:7e3e59aa	Oh!	喔！
line:3605a48a	Oh! I think I've seen him. The tiny one, yeah?	喔！我好像見過他。小小的那條，對吧？
line:3bc15278	Oh! No it wouldn't be. It's fun!	喔！不會啊。很好玩！
line:c95a153d	Oh! nothing. I'll get the gate.	喔！沒事。我去開門。
line:b6fb6fce	Oh! Okay. I'll get the gate!	喔！好，我去開門！
line:4d3233a1	Oh! That's cold!	喔！好冰！
line:403f2ab7	Oh! Then I better let you in. I'll go get the gate.	喔！那我得趕快讓你進來。我去開門。
line:0f2dc134	Oh! Yeah that makes sense...	喔！對，有道理……
line:1270a483	Oh, and I apologize for being absolutely filthy.	喔，還有，抱歉把自己弄得髒兮兮的。
line:7b5be1f8	Oh, and I've figured it where to go.	喔，還有，我想好要去哪裡了。
line:52fb116d	Oh, and seems I got some on my face. woops.	喔，看來臉上沾到一些了，哎呀。
line:73a37947	Oh, awesome. I'm a big salmon guy.	喔，太好了。我可是個超愛吃鮭魚的人。
line:74c9c07b	Oh, like... working class?	喔，像是……勞工階級？
line:e048566b	Oh, no.	喔，沒有。
line:1a9e6537	Oh, no. Ryan is a sweetheart.	喔，不會啦。萊恩很貼心。
line:5f6a124a	Oh, okay. Thanks.	喔，好。謝謝。
line:17716b05	Oh, right. Sorry.	喔，對。抱歉。
line:82ba64bf	Oh, sorry-	喔，抱歉——
line:956e5c91	Oh, sorry.	喔，抱歉。
line:54a8bb22	Oh, sure. Come on in.	喔，當然。進來吧。
line:270276eb	Oh, that's my favorite part!	喔，那是我最喜歡的部分！
line:1ff9a04c	Oh, the crest around my head?	喔，我頭部周圍的頭冠嗎？
line:ffed6d04	Oh, wonderful. Seem's we're similar.	喔，太好了。看來我們很像。
line:30e6b801	Oh, yeah!	喔，對啊！
line:bedeee82	Oh- Eager!	喔——真心急！
line:38b3c8c1	Oh- I mean. I'll go open the gate!	喔——我是說，我去開門！
line:714c180e	Oh- I'm glad!	喔——那就好！
line:ccf87ea9	Oh- I'm not too interested in using that right now.	喔——我現在不太想用那個。
line:963981e4	Oh- I'm sorry for making a mess...	喔——抱歉弄得一團糟……
line:8e407c6e	Oh- Not just the wash.	喔——不只是洗澡。
line:ad31ec4c	Oh- Not just the wash.	喔——不只是洗澡。
line:6866c2c9	Oh- Right now? 'aight I'm down.	喔——現在？行啊，我可以。
line:9a6dca4b	Oh- Ya. On it.	喔——對，馬上來。
line:3b6d644d	Oh.	喔。
line:4399096b	Oh.	喔。
line:8441bf7b	Oh.	喔。
line:87233429	Oh.	喔。
line:e90fee8e	Oh.	喔。
line:ebd9b4d3	Oh.	喔。
line:8a79f72c	Oh. And one other thing.	喔，還有一件事。
line:e8289be5	Oh. good.	喔，那就好。
line:5442e228	Oh. Okay I'll go get the gate.	喔。好，我去開門。
line:0da15c85	Oh. Okay.	喔，好。
line:73f7f13d	OH. RIGHT.	喔，對耶。
line:c35890c8	Oh. That's... Wonderful!	喔。那真是……太好了！
line:0ce8d5aa	Oh. Then yeah, we're open.	喔。那有，我們有營業。
line:52ed140c	Oh. Uhm. <size=70%>Good.	喔，嗯。<size=70%>很好。
line:780d0993	Oh. yeah. Sorry.	喔，好。抱歉。
line:7f5113d5	OH. You're not used to eating them whole.	喔。你不習慣整顆吃下去。
line:45bc649d	Oh...	喔……
line:0a093816	Oh... hah. I like that.	喔……哈。我喜歡。
line:f885f11d	Oh... I suppose this is alright~	喔……我想這樣也不錯～
line:7cd85c8e	Oh... I'm so sorry.	喔……我很遺憾。
line:8cc1aa72	Oh... yeah we don't have one.	喔……對，我們沒有。
line:f16d7940	Oh... Yeah, tinier dragons tend to... Compensate.	喔……對，體型小的龍通常會……補償在別的地方。
line:1d491283	Oh?	喔？
line:21c46e75	Oh?	喔？
line:fd8d786a	Oh?	喔？
line:0ce8d3c2	ohmygod I thought the egg was decorative.	天啊，我以為那顆蛋是裝飾。
line:d9b26374	Ok I can do that	好，我可以。
line:1777121d	Ok I got this..	好，我撐得住……
line:f3af3ce8	Ok just tell me if you get uncomfortable or anything.	好，不舒服或怎麼了就告訴我。
line:6c3a98cc	Ok lets wash it off for our date tonight then.	好，那就為今晚的約會把它洗掉吧。
line:7a54a1e1	Okay	好
line:f64a5b30	Okay	好
line:249500dc	Okay!	好！
line:a327b5f9	Okay!	好！
line:ccaabca3	Okay!	好！
line:82d0ea81	Okay! I'll be back later then.	好！那我晚點再來。
line:3deb5f55	Okay! I'll go get the gate for you.	好！我去幫你開門。
line:9c3d6cb7	Okay! I'll see you soon.	好！很快再見。
line:72e0348e	Okay, bye!	好，再見！
line:255362b9	Okay, Conrad.	好啦，康拉德。
line:0d16ab28	Okay, I'll be waiting. Thanks.	好，我等你。謝謝。
line:155d1c64	Okay, I'll open the gate!	好，我來開門！
line:886f5df2	Okay, I'll see you later!	好，那下次見！
line:585d6a08	Okay, thank you.	好，謝謝你。
line:c298bc55	Okay, thank you.	好，謝謝你。
line:6acf71a3	Okay, thanks.	好，謝謝。
line:8ed5a204	Okay- okay. I'll go get the gate.	好啦，好啦。我去開門。
line:10b9a653	Okay- Thanks.	好——謝謝。
line:00a81c16	Okay. I hope you're doing alright though.	好。不過希望你還撐得住。
line:118a51bb	Okay. I should probably get out of your scales.	好。我大概該走，不打擾你了。
line:a62e8112	Okay. I'll open up shop. Give me a sec.	好。我來開店，等我一下。
line:9d434af5	Okay. I'll order a mount.	好。我會訂一個交配架。
line:2f3b06de	Okay. Then I think I'd like to try.	好。那我想試試看。
line:54ad4706	Okay...	好吧……
line:28311fbb	Omg you're hurt!	天啊，你受傷了！
line:8b3abbf7	On it!	馬上來！
line:42e3eba2	Once I'm cleaned up I'm gonna head out and get our spot ready.	洗乾淨之後，我就要先去把我們的位置準備好。
line:1d4b8a1c	One thing led to another...	然後自然而然就……
line:c70bea2d	Only been cleaning for a few weeks now!	我才做洗浴師幾個星期！
line:5188bd4a	Only If that's alright-	只要你不介意——
line:01505282	Only realized how much of a mess I made after Max yelled at me, haha.	直到麥克絲罵我，我才發現自己弄得多髒，哈哈。
line:828eed25	Oof... Needed that. Thank you.	呼……我正需要這個。謝謝你。
line:2d40c69a	Oooh, alrighty.	喔——好呀。
line:99ff9e7f	Ooooh must be a big deal then.	喔——那一定很有頭有臉囉。
line:e8ad4791	Ooooh.	喔——。
line:64bfd62a	Oops, my bad.	哎呀，我的錯。
line:0fa31c40	Our first meeting went great though!	不過我們第一次見面很順利！
line:77cebc41	People tell me I've got a fat cock, is that true?	大家都說我的屌很粗，是真的嗎？
line:80de6c63	Perfectly clean again. Thank you for taking me in at this hour.	又乾乾淨淨了。謝謝你這麼晚還願意接待我。
line:f212528b	Phew! I had an accident that needs to be taken care of... discretely.	呼！我出了點意外，需要……低調地處理一下。
line:b3c35166	Phew, I was worried I'd make another mess of things.	呼，我本來還擔心又會搞得一團糟。
line:314c3d8a	physically or emotionally?	身體上，還是心情上？
line:156e0b50	Picnic bathket-	野餐籃籃——
line:0d9de1a1	player hooked up with conrad	玩家和康拉德上床了
line:2cf1c95e	player hooked up with conrad	玩家和康拉德上床了
line:c2529648	player hooked up with conrad	玩家和康拉德上床了
line:f7fd34b2	player hooked up with conrad	玩家和康拉德上床了
line:66e08b22	player hooked up with ryan	玩家和萊恩上床了
line:78039fd1	player hooked up with ryan	玩家和萊恩上床了
line:96a0c0c7	player hooked up with ryan	玩家和萊恩上床了
line:9bade6d6	player hooked up with ryan	玩家和萊恩上床了
line:0ddcd600	Please scrub Igwix off my back would you?	可以請你把伊格維克斯從我背上刷掉嗎？
line:0632acbf	Plus they feel really nice.	而且也真的很舒服。
line:c7b8ba3d	Possibly...?	也許……？
line:637629a8	Pretty sure I can digest anything.	應該什麼都消化得了。
line:65a41bc5	Pretty sure I'm all clean!	應該都洗乾淨了！
line:3750bbf0	Pretty sure that was everything.	應該全都好了。
line:960707b0	Primarily alchemy. Occasionally world history.	主要是煉金術，偶爾教世界史。
line:1475f95c	Professor Igwyx- My colleague who self-immolated earlier.	伊格維克斯教授——就是之前把自己燒起來的那位同事。
line:26e9d692	Professor, but yes. You have.	是教授，不過沒錯。你確實教會了我。
line:af0c15fd	Professor- But, yes. I usually don't go to public washes.	是教授——不過，沒錯。我平常不太去公共洗浴店。
line:962abe27	Project Scale mary	《極限返鱗》
line:e5d47feb	prole- <i><size=70%>wuh?	普羅——<i><size=70%>什麼？
line:c7b73162	Psst..!	噓……！
line:9addfb4a	Ready!	準備好了！
line:875b5372	Really damn good!	真他媽棒！
line:9e9f3e75	Really damn good!	真他媽棒！
line:9364911d	Really looking forward to finding new people.	真的很期待認識新朋友。
line:8b0b222c	Really sets the mood.	超有情調。
line:4010d36d	Really well honestly.	老實說，超順利。
line:cfcb40c7	Really?	真的嗎？
line:0ec807a4	Really? Aw, That's really sweet.	真的？噢，這話真暖心。
line:630fed1b	Remove this barrier at once so I may enter.	立刻移開這道柵欄，讓我進去。
line:65deb150	Right after this wash!	就洗完澡之後！
line:0caa6657	Right, I'll get that for you ASAP.	好，我馬上幫你開。
line:1271b80c	Right.	對。
line:3ede5541	Right.	對。
line:6a2e4e0d	Right. I'll get to it.	好。我這就來。
line:29daeb62	Right. Phoenix feather. Obviously.	對。鳳凰羽毛。那當然。
line:51d1b41e	Ryan is a sweetheart	萊恩很貼心。
line:202fce0c	RYAN THE BONE!	萊恩，骨頭！
line:93bd9a2b	Ryan!	萊恩！
line:9b7e09b8	Ryan!	萊恩！
line:b76f49cd	Ryan!	萊恩！
line:1fa0fbbe	Ryan! I met him.	萊恩！我見到他了。
line:f0427bb9	Ryan! this is so sweet.	萊恩！你太貼心了。
line:92829935	Ryan's such a nice dragon.	萊恩真是條好龍。
line:13ca0a74	Ryan, you're not supposed to eat the stems-	萊恩，梗不能吃——
line:7a01d265	Ryan: I guess it is pretty exciting	Ryan: 我想，還挺刺激的。
line:e1526934	Ryan: I like that a lot	Ryan: 我很喜歡這樣。
line:a430a2ff	Ryan: I think I am close too..	Ryan: 我想我也快了……
line:77626e43	Ryan: I would say it is going great	Ryan: 我覺得現在非常順利。
line:f5f5b815	Ryan: I've never done this outside before	Ryan: 我以前沒在外面做過。
line:6dd86b71	Ryan: This was nice	Ryan: 剛才真好。
line:41b9659f	Ryan: Wow.. Your stature is really the only thing small about you.	Ryan: 哇……你全身上下，真的只有身高算小。
line:aad89688	Ryan: Yea definitely. Worried about me?	Ryan: 當然。你在擔心我？
line:ce6d6d7f	Ryan? you sure everything is okay...?	萊恩？你確定沒事嗎……？
line:1d3b255b	Save your mood setting for tonight!	你的情調留到今晚再說啦！
line:3ed6ab5d	Say do you remember the name of the college I work at?	話說，你還記得我在哪間學院任職嗎？
line:a05a7804	Say...	話說……
line:82d7b5e4	Says who?	誰說的？
line:6c193ba9	Scales different today? <size=70%><i>is that a thing...? </i><size=100%>You look good today.	鱗片弄得不一樣？<size=70%><i>有這種事嗎……？</i><size=100%>你今天很好看。
line:426f40ff	See you again soon, yeah?	很快再見，好嗎？
line:3112d78d	See you soon.	很快再見。
line:8072b186	See you tonight.	今晚見。
line:0d3b23da	Sheesh.	哇靠。
line:48435b12	Shh! I'm not from around here...	噓！我不是這附近的人……
line:0f86dbf6	So am I!	我也是！
line:3063100e	So am I.	我也是。
line:a241eec6	So far so good though, yeah?	不過到目前都很順利，對吧？
line:813c6dd4	So is this like... our first date?	所以這算是……我們第一次約會？
line:9b10d450	So this Conrad guy, seems like you like him?	所以那個康拉德，感覺你很喜歡他？
line:0c5dcd3c	So uh, gate?	那個，門？
line:84d8a935	So uh, mind opening the gate?	所以，呃，可以開門嗎？
line:7da41ecd	So uhh, let me know if you need me to move.	那個，需要我挪動的話，告訴我一聲。
line:3a469ae4	So yeah, I had a mishap..	那個，我出了點意外……
line:a6d6bf76	So you and Ryan huh?	所以，你和萊恩，嗯？
line:31fa3bdf	So you came in just to...	所以你來只是想……
line:5f64c352	So you're a certified dragon washer huh?	所以你是有證照的龍族洗浴師，嗯？
line:c9e7bb1e	So you're a certified dragon washer huh?	所以你是有證照的龍族洗浴師，嗯？
line:aedb6a51	So, coming in for a wash?	所以，是來洗澡的？
line:1c856f1c	So, how was your date?	所以，你的約會怎麼樣？
line:3cda84e6	So, tell me more about conrad!	所以，多跟我說說康拉德吧！
line:c10d9415	So, thanks on his behalf for caring.	所以，我替他謝謝你的關心。
line:e6aa9d20	So, with... relationships.	就是……感情的事。
line:a99c5c88	So. How about a date?	所以，約個會如何？
line:c2f44537	So. My girlfriend was home before me. she's a work-from-home dragon.	就是，我女朋友當時已經在家了。她是在家工作的龍。
line:d9652dff	So. Our date tonight...	所以，今晚的約會……
line:b983f922	So. Tonight.	所以，今晚。
line:28c51dbf	So... A date. I think I'd like to go on one soon!	所以……約會。我想最近就來一次！
line:7c56b2d8	So... I was thinking about my relationships.	所以……我一直在想感情的事。
line:5a5e7f21	So<size=90%>o<size=80%>o<size=70%>o<size=60%>o... <size=100%>I 'aint dirty. But I am <i>~dirty~</i> y'know?	所<size=90%>以<size=80%>呢<size=70%>～<size=60%>～……<size=100%>我身上不髒，但心裡很<i>～髒～</i>，懂吧？
line:8a35fb7b	So<size=90%>o<size=80%>o<size=70%>o<size=60%>o... <size=100%>Was wonderin'	所<size=90%>以<size=80%>呢<size=70%>～<size=60%>～……<size=100%>我在想啊
line:5230bdfd	Soap, then rinse!	先抹肥皂，再沖水！
line:c374e532	Somehow that feels more honest than anything anyone else says.	不知為何，這比其他人說的任何話都更真誠。
line:2898f680	Something happened last night	昨晚發生了一些事。
line:4dac3d2b	Something went wrong with flags!	狀態旗標出了問題！
line:61c7f2d6	Something went wrong with flags!	狀態旗標出了問題！
line:6d5ba814	Something went wrong with flags!	狀態旗標出了問題！
line:8f64adc0	Something went wrong with flags!	狀態旗標出了問題！
line:19cedc30	Sooo. You gonna jerk me off?	所以，你要幫我打手槍嗎？
line:1646ece2	Sorry for coming in late. My sleeps borked.	抱歉這麼晚來。我的作息亂掉了。
line:b2b32876	Sorry I'm bad at flirting. Could you get the gate?	抱歉，我不太會調情。可以開門嗎？
line:13ba93ef	sorry!	抱歉！
line:e2f9c70c	Sorry, I meant to say I enjoy your wash.	抱歉，我的意思是，我很喜歡你的洗浴店。
line:78ca8d95	Sorry...	抱歉……
line:4af15fc3	Sounds good to me!	我沒問題！
line:8c6e66f3	Sounds good!	好啊！
line:1ef36cb0	Sounds like a date then!	那就這麼約好了！
line:d71ba53e	Sounds like a date then!	那就這麼約好了！
line:5fc277a9	Sounds like a date then! Seafood then we play it by ear.	那就約好了！先吃海鮮，再看要做什麼。
line:0e643191	Sounds like a date then, I'm excited.	那就這麼約好了，我很期待。
line:c4642c9c	Sounds like a date then. I'm excited.	那就這麼約好了，我很期待。
line:ffc401d1	Sounds like a plan.	就這麼說定了。
line:c4dd137b	Sounds like it was good then.	那聽起來很不錯嘛。
line:7b6c47bd	Sounds like it.	聽起來是。
line:5c51654f	Sounds nice.	聽起來不錯。
line:3a23b81f	Sounds really cool.	聽起來超酷。
line:1dbf50b3	Sure	當然
line:c14ceb34	Sure is!	沒錯！
line:de7cd73a	Sure it is. Thanks to Conrad for having me get it.	當然。多虧康拉德叫我買這個。
line:05c673e7	Sure!	當然！
line:52542beb	Sure!	當然！
line:67f14802	Sure!	當然！
line:a2dc4ac0	Sure! I'll go get the gate.	好啊！我去開門。
line:dbb68858	Sure! I'll go get the gate.	好啊！我去開門。
line:601e1b38	Sure! I'm excited to tell you about Conrad.	好！我等不及跟你說康拉德的事了。
line:7b5c9d8c	Sure, but he needed someone who cared in that moment.	是啊，但當時他需要有人關心。
line:709a9a57	Sure.	當然。
line:4af4703c	Tasted real good though!	不過真的很好吃！
line:048fe71b	TELL ME ABOUT YOU AND CONRAD!	快告訴我你和康拉德的事！
line:2b84f2eb	Test line 1	測試台詞 1
line:7a22b4d3	Test line 10	測試台詞 10
line:ec12b3a4	Test line 11	測試台詞 11
line:4f87d73a	Test line 12	測試台詞 12
line:d9b7d04d	Test line 13	測試台詞 13
line:63e6d9d4	Test line 14	測試台詞 14
line:f5d6dea3	Test line 15	測試台詞 15
line:64cb6133	Test line 16	測試台詞 16
line:f2fb6644	Test line 17	測試台詞 17
line:1772a124	Test line 18	測試台詞 18
line:88119675	Test line 2	測試台詞 2
line:1e219102	Test line 3	測試台詞 3
line:a470989b	Test line 4	測試台詞 4
line:32409fec	Test line 5	測試台詞 5
line:a35d207c	Test line 6	測試台詞 6
line:356d270b	Test line 7	測試台詞 7
line:5643ba3d	Test line 8	測試台詞 8
line:c073bd4a	Test line 9	測試台詞 9
line:394db643	Thank the stars you're open.	謝天謝地，你還開著。
line:f1946aab	Thank you for cleaning me!!	謝謝你幫我洗乾淨！！
line:75b5b084	Thank you for getting me and Ryan in contact.	謝謝你幫我跟萊恩牽線。
line:189d999e	Thank you for listening.	謝謝你願意聽。
line:3398aea2	Thank you for that.	謝謝你讓我能這麼做。
line:875f0961	Thank you for the clean!	謝謝你幫我洗乾淨！
line:acb8a5aa	Thank you for the quick clean!	謝謝你這麼快就幫我洗乾淨！
line:8512365e	Thank you!	謝謝！
line:bbca8a46	Thank you!	謝謝！
line:e449156d	Thank you!	感謝您！
line:bb4e1dc1	Thank you, Ryan. I'm happy I got to meet you too	謝謝你，萊恩。我也很高興認識你。
line:3b568c14	Thank you.	感謝您。
line:6b245989	Thank you.	謝謝你。
line:836d1b13	Thank you.	感謝您。
line:d60f2dc0	Thank you.	感謝您。
line:035a0830	Thank you. I'd really appreciate it	謝謝你。我會很感激的。
line:f3e7a8fe	Thank you. Look good feel good!	謝謝你。好看了，心情就好！
line:d2d97c90	Thank you. You make this a whole lot easier to go through.	謝謝你。有你在，這一切好熬多了。
line:3027bcf7	Thanks for asking. It's enjoyable to be asked personal questions.	謝謝你問我。有人想了解我的私事，感覺很好。
line:aaf3066d	Thanks for cleaning me!	謝謝你幫我洗澡！
line:8150e2a2	Thanks for helping me out.	謝謝你幫我。
line:a2217280	Thanks for helping me out.	謝謝你幫我。
line:7db0baf0	Thanks for introducing me to him.	謝謝你把他介紹給我。
line:c6cee89f	Thanks for letting me in so late.	謝謝你這麼晚還讓我進來。
line:079b3782	Thanks for sharing food with me, You're a great friend.	謝謝你陪我一起吃東西，你是個好朋友。
line:85f901b0	Thanks for sharing food with me...	謝謝你陪我一起吃東西……
line:a39fd5a9	Thanks for that. Felt pretty damn good.	謝啦。剛才真他媽舒服。
line:505e150f	Thanks for the clean.	謝謝你幫我洗乾淨。
line:a40e531c	Thanks for the food! I'll go get the gate.	謝謝你的食物！我去開門。
line:f1692a96	Thanks for the suggestion!	謝謝你的建議！
line:81ebbec0	Thanks for the wash so late in the night.	謝謝你這麼晚還幫我洗澡。
line:a9df4c5e	Thanks I'll be waiting!	謝謝，那我等你！
line:f73a3fc7	Thanks mate, see you tomorrow then.	謝啦，老兄，那明天見。
line:30f1f583	Thanks!	謝啦！
line:3484ab9d	Thanks!	謝啦！
line:44701902	Thanks!	謝啦！
line:4d868f2f	Thanks!	謝啦！
line:70190774	Thanks!	謝啦！
line:8b8f57c4	Thanks!	謝啦！
line:ab5b2574	Thanks!	謝啦！
line:b588bf4c	Thanks!	謝謝你！
line:bc5d790a	Thanks!	謝啦！
line:c07a9171	Thanks!	謝啦！
line:e7e57d9c	Thanks!	謝啦！
line:fa293cde	Thanks! Whats with all the... Gloop?	謝謝！你身上那些……黏糊糊的是什麼？
line:e1609903	Thanks, but I'll be better. I promise.	謝謝，不過我會變得更好的。我保證。
line:02cbdc87	Thanks, I'm excited too.	謝謝，我也好期待。
line:37c9d915	Thanks, You're pleasant too!	謝謝，你也很討人喜歡！
line:cb847372	Thanks, You're pleasant too!	謝謝，你也很討人喜歡！
line:188d4359	Thanks.	謝啦。
line:316bb26e	Thanks.	謝謝。
line:34ec4db7	Thanks.	謝啦。
line:5183a6f2	Thanks.	謝啦。
line:c642cb17	Thanks.	謝了。
line:cf716777	Thanks.	謝謝你。
line:e00c6df5	Thanks.	謝謝。
line:e521db76	Thanks.	謝謝你。
line:f62e1c4f	Thanks.	謝謝你。
line:fbba1293	Thanks.	謝謝你。
line:8bfa88d7	Thanks. I like being around you too.	謝謝。我也喜歡跟你相處。
line:df0a8598	Thanks. I'm always happy to be here.	謝謝。我也總是很高興能來。
line:084e3cbc	Thanks. See you soon.	謝謝。很快再見。
line:71d57aeb	Thanks. That's kind of you to say.	謝謝。你真會說話。
line:a1f9de62	Thanks. That's kind of you to say.	謝謝。你真會說話。
line:9a9a6120	Thankth!	謝穴！
line:e721d512	That brings me to my next question...	這就帶到我下一個問題了……
line:215a2d34	That felt <i>good</i>.	<i>超爽</i>。
line:89150715	That is rather kind of you to say.	你真體貼。
line:a57409fb	That is the source of my worry...	這才是我擔心的事……
line:ad261b84	That just makes it harder!	你這樣說更難忍了！
line:7111d265	That makes me feel a lot more sure of myself then.	那讓我對自己有信心多了。
line:3fac5bff	That makes me feel good to hear.	聽你這麼說，我好開心。
line:1c49f05b	That makes me happy to hear.	聽你這麼說，我很開心。
line:a8b70da7	That must mean it is! I'm glad.	那應該就是可以囉！真開心。
line:5738ea38	That nice to hear... But, I mean being taken care of more... Primally?	聽你這麼說很開心……不過我指的是更……本能的那種照顧？
line:8f598864	That one was almost too big-	那個差點就太大了——
line:5960dcbb	That should be all though, could you go get the gate?	不過應該就這樣了，可以幫我開門嗎？
line:116f0e16	That should be every spot.	應該每個地方都洗到了。
line:90444b09	That sounds like an over-reaction on her part.	聽起來是她反應過度了。
line:f07c9e39	That sounds like an over-reaction on her part.	聽起來是她反應過度了。
line:c78cf81f	That sounds lovely!	聽起來很棒！
line:eaa3c173	That they are...	確實如此……
line:f4b9a455	That was much nicer than a hose.	比用水管沖舒服多了。
line:78cef130	That was never a concern. I'm a rather risk averse dragon.	那從來就不是問題。我是條相當謹慎的龍。
line:22d271f4	That was really fun.	剛才真好玩。
line:019b83df	That was wonderful! I feel so much better about dating.	真是太棒了！我對約會有信心多了。
line:d7bf167b	That was... Nicer than I expected.	那比我想的……還要舒服。
line:577cec43	That's a mount, no?	那是交配架，對吧？
line:825536f5	That's a tricky question to answer.	這問題不太好回答。
line:66fb84fe	That's all I want to ask.	我想問的就這些。
line:ac1ed298	That's all you can ask for, right?	能這樣就夠了，對吧？
line:6605187b	That's an appeal to authority fallacy. But, yes. I'm correct.	這是訴諸權威的謬誤。不過，沒錯，我說的確實對。
line:52f81dde	That's cute!	真可愛！
line:45befc02	That's exciting!	好令人期待！
line:13cd5511	That's fast... But I think so!	也太快了……不過我想可以！
line:4ff91cbd	That's fine!	沒關係！
line:163c524a	That's good to hear.	聽起來真好。
line:33e2bee6	That's good to hear.	聽起來真好。
line:30e461f2	That's good. You deserve a decent man.	那就好。你值得一個好男人。
line:aeae4744	That's good... Now what?	那就好……接下來呢？
line:f3eeb627	That's great! whens your first date?	太好了！你們第一次約會是什麼時候？
line:215f4eba	That's me.	就是我。
line:cf8c5f37	That's not a thing... But thank you!	沒那回事……不過謝謝你！
line:3f29878b	That's rather nice of you to say.	你這麼說，真讓人暖心。
line:d38c63ea	That's really cute.	真可愛。
line:6474d7f7	That's really nice!	那真好！
line:c5001a4c	That's the best way to eat'em!	這樣吃才最棒！
line:2a5cc3a5	That's very sweet.	這話真暖心。
line:7052576b	That's what I like to hear.	這話我愛聽。
line:2a154290	That's what I thought too.	我也是這麼想的。
line:33d12f97	That's what I thought too.	我也是這麼想的。
line:2b7bb6ce	That's what's terrifying.	可怕的就是這一點。
line:36fb380f	That's wonderful, he's cute!	太好了，他很可愛！
line:266836f8	That's... the first time you've yipped for me.	這是……你第一次對我嗷。
line:9b0b24ad	That.	剛剛那個。
line:6ff80785	That... makes me feel a lot more sure of myself then.	那……讓我對自己有信心多了。
line:cc6d631b	That... makes me feel a lot more sure of myself then.	那……讓我對自己有信心多了。
line:ecf6206f	Thats awesome. I'm glad you two are working out.	太好了。很高興你們相處得很好。
line:0f8bb606	Thats good to hear.	聽到這個真好。
line:f5324d68	Thats really good to hear.	聽到這個真好。
line:063dcd4b	The ability to open up to someone, even occasionally...	能向一個人敞開心扉，即使只是偶爾……
line:8919009a	The ambiance is nice.	氣氛很棒。
line:08c850bf	The apothecary will tarnish my name for months.	藥劑師肯定會把我的糗事傳上好幾個月。
line:01b4161e	The breakup I went through earlier was rough.	之前那場分手很難熬。
line:c932c99d	The breakup I went through earlier was rough.	之前那場分手很難熬。
line:dd06ed39	The Burnswick Community College of Thaumaturgy, of course!	當然是伯恩斯威克社區魔法學院！
line:515099ec	The button on the wall, I mean.	我是說牆上的按鈕。
line:7fe73572	The clean was fine.	洗得還行。
line:e8a38ed0	The college cannot find out about this okay?	不能讓學院知道這件事，好嗎？
line:1a169dbc	The lights in the area are great too.	那一帶的燈光也很棒。
line:610dd8cb	The markers were fun.	麥克筆蠻好玩的。
line:4b36ea4e	The most prestigious college hosting prestigious professors like me:	那是最負盛名的學院，裡面有像我這樣德高望重的教授：
line:ec00a1fe	The mount? I... suppose!	交配架？我……可以吧！
line:94e04dcf	The mount? Sure!	交配架？好啊！
line:d8273d7f	The night 'aint gonna start itself!	夜生活可不會自己開始啊！
line:1f2907ed	The rain has been unrelenting today!	今天這雨一直下個不停！
line:1804bf0a	The rain is nice.	下雨很舒服。
line:7e9a1f83	The stem is just extra food.	梗只是多一點食物而已。
line:c88244b5	The vibe at night is fuckin' great.	晚上那氣氛真他媽棒。
line:d8a2002e	Then I better let you out!	那我得快點讓你出去！
line:d7b3cd09	Then- Have a productive day.	那麼——祝你工作順利。
line:448afe95	There was a fault in his method.	他的做法出了點差錯。
line:48d4a45a	There's this one red dragon, Conrad. He's... Hot headed, but cute.	有一條紅龍叫康拉德。他……脾氣有點衝，但很可愛。
line:f4af8b88	Theres this club downtown. 'Wings'. It's an old favorite of mine.	市中心有間夜店叫「羽翼」。我以前就很喜歡。
line:972f132f	These washes really make things easier.	來這裡洗澡，真的讓一切好受多了。
line:352d1d6f	They cum	他們射了。
line:d78962e8	They cum	他們射了。
line:3200a588	They keep going	他們繼續。
line:a31d1a18	They keep going	他們繼續。
line:035e5be6	They seem cute!	感覺很可愛！
line:454172b0	They took it too far.	他們太過分了。
line:d7b49fb8	They were! The stem is my favorite part though.	真的很好吃！不過我最喜歡的是梗。
line:d156a87f	Think that's every spot.	應該每個地方都洗到了。
line:fa1a1e76	Think that's it.	應該差不多了。
line:3112adad	This drake at the bar... I was stupid. Couldn't shut my mouth.	酒吧有條龍……我蠢死了。就是閉不上嘴。
line:bfd70320	This feels scandalous	感覺會惹出醜聞
line:cb437bd0	This is a common practice?	這是常見的做法嗎？
line:831cbfda	This is a job only you can do.	這件事只有你辦得到。
line:4944dbda	This is delicious!	好好吃！
line:088893da	This is my first time with a Kobold.	這是我第一次和狗頭人做。
line:e218722c	This is my first time, actually!	其實這是我的第一次！
line:9eb894ad	This is really nice..	真的好舒服……
line:c7e4e36f	This is the kind of shit I try to avoid!	我就是想避開這種鳥事啊！
line:22929636	This place could use a makeover, I know would it could use!	這地方該整修一下，我知道少了什麼！
line:b06e13bc	This soap isn't fitting for a professor don't you think?	你不覺得這種肥皂配不上教授的身分嗎？
line:97841169	This was a nice escape.	這裡是個很棒的避風港。
line:5f02ceea	This was a wonderful escape...	這裡是個很棒的避風港……
line:d45f4788	This was nice...	這次真好……
line:418498cf	Those grapes looked good.	那些葡萄看起來很好吃。
line:e9d73205	Though every other wash I've been to at least has a mount	不過我去過的其他洗浴店，至少都有交配架。
line:29e70457	Though I can't say I am not curious	不過，我也不能說自己不好奇
line:9c3e6004	Though you probably shouldn't eat them.	不過你最好別吃。
line:f1ca33da	title: Alexander_Done	title: Alexander_Done
line:3ed2f649	title: Conrad_OutroDone	title: Conrad_OutroDone
line:74c28add	title: ConradBeatup_OutroDone	title: ConradBeatup_OutroDone
line:722243c8	title: RyanDate_OutroDone	title: RyanDate_OutroDone
line:b4eee981	title: RyanExploded_OutroDone	title: RyanExploded_OutroDone
line:6298f08b	Told me about the time he got beat up.	他說起自己被打的那次。
line:ee954bd9	Told me to go to a wash, and was acting extremely offended.	叫我去洗浴店，表現得像我冒犯了她一樣。
line:c66e1278	Tonight- on campus. The library is the large blue spire building.	今晚，在校園裡。圖書館就是那棟藍色大尖塔。
line:434527c6	Truly terrible, no?	真是糟糕透了，對吧？
line:5a5d646c	Truly?	真的？
line:e3aa4e29	Truth be told, I got dirty to come here.	說實話，我是為了來這裡才把自己弄髒的。
line:0979dea3	Uh, I'm still really soapy!	呃，我身上還有好多泡沫！
line:05bbe58c	Uh-huh, I'll go get the gate	嗯哼，我去開門。
line:7de638fb	Uh... Hello?	呃……你好？
line:7de9b3a4	Uh... uhm...	呃……嗯……
line:159c5c1f	Uh... Yeah.	呃……對喔。
line:2089db44	Uhhhm we're not exactly.	呃，其實我們沒有在營業……
line:3ed62e6b	Uhm, no, I'll just be REALLY upset.	呃，沒有，我只是會非常不爽。
line:f0a579a5	Uhm...	嗯……
line:cc295885	uhm... <size=60%>no?	嗯……<size=60%>沒有？
line:29237bc3	Use the crowbar to open and place it in storage, would you?	用撬棍打開，再收到儲藏室裡，好嗎？
line:1ec0dc6a	Use the sprayer on the wall to wash me off.	用牆上的噴槍幫我沖乾淨吧。
line:a716d3b8	Uunf. T-that was... Rather undignified.	唔。剛、剛才……實在有失體面。
line:a37177dd	V-very well. I'll try.	好、好的。我試試。
line:209ddf97	Very cool	很酷。
line:2f10f572	Very well. Don't let me interrupt the wash then!	好吧。那就不打擾你幫我洗澡了！
line:7678511c	Wah- huh- <size=80%>oah. <size=60%>we don't-	哇——蛤——<size=80%>喔。<size=60%>我們沒有——
line:82e2c158	Wait a sec, I need to open the gate.	等一下，我得先開門。
line:9c7a2fb7	Wait a sec, I need to open the gate.	等一下，我得先開門。
line:8ab5686b	Was great! Ryan is a sweetheart.	很棒！萊恩人超貼心。
line:d8c9f912	Was just doing my job!	我只是在做自己的工作！
line:148a63c8	Was just trying to play along. Happy to see you!	只是想配合你一下。很高興見到你！
line:56261ccb	Was still good though! I like how it feels sliding down.	不過還是很好吃！我喜歡它滑下去的感覺。
line:4d002f47	Was... <i>Really</i> upset I was muddy.	對我弄得滿身泥這件事……<i>非常</i>生氣。
line:014b5da5	Watch where those paws are going would you?	注意一下你的爪子往哪摸，好嗎？
line:3028feb5	We also had sex after our date.	我們約會後也上床了。
line:d132db41	We can just lay here...	我們就這樣躺著……
line:4da8b942	We can make an opening.	我們可以挪個空位。
line:8c563ab8	We can make an opening.	我們可以挪個空位。
line:33a79dbe	We do! Are you... from the college...?	有喔！您是……學院的人嗎……？
line:b83ec453	We got your request for the mount!	我們收到你申請交配架的需求了！
line:8b7b8d6b	We went out to eat. Had some good conversation.	我們出去吃飯，聊得很開心。
line:74706bb3	We will need to clean the floors...	我們得清理地板……
line:df8fb8c9	We'll be going out to this seafood place-	我們要去一間海鮮餐廳——
line:110a2ced	Welcome back!	歡迎回來！
line:b042f12a	Welcome back!	歡迎回來！
line:c46f5033	Well great, I appreciate your discretion, I'll be headed off to the apothecary.	那太好了，感謝你守口如瓶，我要去找藥劑師了。
line:08f40e32	Well I had a good time, see you later then!	總之，我很開心，那下次見！
line:c1e8b05d	Well I had a good time, see you later then!	總之，我很開心，那下次見！
line:fcff7b00	Well, go to the window and speak with your customer.	那就去窗口跟客人說話。
line:fc1e497a	Well, good luck getting your hands around all of me.	嗯，祝你好運，看看你的手能不能握住整根。
line:60f14972	Well, I do enjoy the color. But I believe that is unrelated to my hue.	嗯，我確實喜歡這個顏色。不過我認為跟自己的顏色無關。
line:c9f270de	Well, I'm a dragon- but... You know what I mean.	嗯，我是條龍——不過……你懂我的意思。
line:f7f87f6c	Well, That's why I'm here!	嗯，所以才有我在啊！
line:629d89d1	Well, yes. I mean more... Primally?	嗯，沒錯。我指的是更……本能的那一面？
line:8aa0fc1a	Well, you are one hell of a catch.	你可是個超搶手的對象。
line:5d34e715	Well, you better get one then!	那你最好去買一個！
line:f16e75f3	Well...	這個嘛……
line:a71a8385	Went to the bar... Things got spicy. You can imagine what happened next... <size=70%>Hah...	去了酒吧……氣氛熱了起來。接下來發生什麼，你應該想得到……<size=70%>哈……
line:2e0ec324	Wha..?	什麼……？
line:29ec93b2	Whaaat. Nothing wrong with it! figured you'd like to know.	怎樣啦？又沒什麼不對！想說你會想知道。
line:18e5a573	Whaaat? It's good to make sure you're warmed up!	怎樣啦？確定自己有暖好身不是很好嗎！
line:bd66082e	What about a movie?	看電影怎麼樣？
line:ee3c126b	What about your private washers?	那你的私人洗浴師呢？
line:871137eb	What about?	說什麼？
line:bb3b6c71	What brings you in so late?	怎麼這麼晚來？
line:2dd518f0	What do you mean?	什麼意思？
line:2fae1274	What do you mean?	什麼意思？
line:3c2c53dc	What do you mean?	什麼意思？
line:838cdf1b	What do you think of me?	你覺得我怎麼樣？
line:c2bdc402	What does the number 7 taste like?	數字 7 是什麼味道？
line:56fc085a	What happened!?	發生什麼事了！？
line:0bc56d4d	what happened?	發生什麼事了？
line:8c3b76ea	What is it?	什麼問題？
line:44b711a0	What is..	這是什……
line:53301d3b	What kind of egg was that?	那是什麼蛋？
line:073701b7	What kind of movie are you thinking?	你想看哪一種？
line:03cf1c9a	What kind of question?	哪一種問題？
line:003700c7	What kinds of classes do you teach?	你教哪些課？
line:e2406cc4	What now?	接下來呢？
line:0c583118	What was in those opened crates?	那些拆開的箱子裡裝了什麼？
line:5a195ff2	What!? that's terrible! You don't even have a mount...?	什麼！？太糟了吧！你連交配架都沒有……？
line:8ebd442e	What's got you looking so happy?	什麼事讓你這麼開心？
line:fc7aaaa0	What's teaching like?	教書是什麼感覺？
line:f99840cd	What's that?	那是什麼？
line:1a0b719d	What's up?	怎麼啦？
line:29359884	What's up?	怎麼啦？
line:8d5c7802	What's up?	怎麼啦？
line:712f9d7c	what?	什麼？
line:766c2abd	What? All the best places do it!	什麼？最棒的店都有耶！
line:159a1d54	What? I'm a professor! Can't you tell from my crest?	什麼？我是教授！看我的頭冠還看不出來嗎？
line:9aa86a9b	What? There is no harm caused by a genuine compliment!	怎麼了？真心稱讚一下，又不會害到誰！
line:b2fe309b	Whats got you in a good mood?	什麼事讓你心情這麼好？
line:93a145d4	Whats up, big guy?	怎麼啦，大傢伙？
line:4efe8211	Whats up?	怎麼了？
line:866cd495	Whats up?	怎麼了？
line:bfc04b3a	Whats up?	怎麼了？
line:e01885c3	Whats up?	怎麼了？
line:f7d786b6	Whats with all the... Gloop?	你身上那些……黏糊糊的是什麼？
line:c4c81aa9	Whats your favorite part about him?	你最喜歡他哪一點？
line:ff6ef027	When do you actually end the relationship?	到底什麼時候才該真的結束呢？
line:2ffe284b	When I met him at first I was falling back on my old script.	剛見到他的時候，我又不自覺地照著老套路來。
line:eb019075	When you're done go ahead and hit the button.	洗好了就按一下按鈕。
line:5d4e9392	Where did he go...?	他去哪了……？
line:7af04961	Where would you like to go?	你想去哪裡？
line:7e9389a7	Which college?	哪間學院？
line:2d315c6c	Who knew a dragon could get so dirty, huh?	誰想得到一條龍能弄得這麼髒，對吧？
line:a97338b0	Who knew places such as this existed so readily available to the public!	沒想到這樣的地方，一般人竟然也能隨時來！
line:8b7915f4	Who's that?	是誰？
line:ebd63f8c	Who's there?	誰在那裡？
line:eea7573f	Whoa! Cold!	哇！好冰！
line:1acbd02a	Whoops	哎呀
line:5a6c0d31	Whoops	哎呀
line:afc6c00a	Whoops	哎呀
line:c30013ff	Whoops	哎呀
line:9df56a3a	why are you here so late?	你怎麼這麼晚還過來？
line:bb8583c1	With Ryan, I'm pretty sure we're gonna go on a date tonight.	我和萊恩，今晚應該就要去約會了。
line:c236bdf9	Woah. Uhm.	哇。嗯。
line:390f05be	Woah... What is that in your mouth?	哇……你嘴裡那是什麼？
line:4b93b009	Woah... You want me to use that? Even with the food? Alright!	哇……你想讓我用那個？食物還在也沒關係？好啊！
line:4cacfab8	Wonderful to hear you're seeing someone!	真高興聽到你有交往對象了！
line:f6fdf321	Wonderful to hear you're seeing someone!	真高興聽到你有交往對象了！
line:7e2421b6	Wonderful to hear.	聽你這麼說真好。
line:36d49875	Wonderful!	太棒了！
line:6046bedf	Wonderful!	太棒了！
line:ab423ac7	Wonderful!	太棒了！
line:5a9abbd4	Wonderful. Have a <i>productive</i> day.	很好。祝你度過<i>充實</i>的一天。
line:ec771552	Woops.	哎呀。
line:51bcff68	Would that interest you?	你有興趣嗎？
line:8c8591ec	Would you care to join me at the college library this evening...?	今晚，你願意跟我一起去學院圖書館嗎……？
line:985436e6	Wouldn't that be degrading?	那不會讓你覺得受辱嗎？
line:1e027369	Wow thanks, that feels good.	哇，謝謝，好舒服。
line:737184f5	Wow!	哇！
line:ead1bf44	Wow, it's an experience seeing you eat like that.	哇，看你那樣吃東西，真是難得的體驗。
line:5da1e074	Y'know?	你懂嗎？
line:79352475	Ya.	喜歡啊。
line:f6c14e05	Ya.	對呀。
line:b6add8e0	Yea! I do!	對啊！我超酷！
line:b44edd29	Yeaaah I'm not sticking with that one.	對——我不會繼續用這稱號了。
line:7a471225	Yeaaah.	對啊——。
line:5483c5fd	Yeah	對啊
line:3a5d5ca4	Yeah he seems like he'd push some buttons.	對啊，他看起來確實很讓人心動。
line:63024a1f	Yeah he's improved a lot.	對啊，他進步很多。
line:5847a779	Yeah I have.	嗯，說過了。
line:f3b5952a	Yeah I'm happy too.	對啊，我也很開心。
line:fb47f998	Yeah it go BRRT haha.	對啊，按下去就叭——哈哈。
line:eef9b2bb	Yeah It's fine. Sorry.	嗯，沒事。抱歉。
line:fbc80e96	Yeah let me get that for you.	好，我幫你開。
line:f212b2de	Yeah so I'm all muddy and stuff, love romping around in the public park.	對啊，我弄得滿身都是泥，最喜歡在公園裡到處跑了。
line:108de471	Yeah that sounds pretty good.	好啊，聽起來不錯。
line:fdd800c2	Yeah! clean as always.	對！跟平常一樣乾淨。
line:dee4a32d	Yeah! Conrad, he's adorable. Though he'd hate I said that.	有啊！康拉德，他超可愛。不過他一定不喜歡我這麼說。
line:ab1bc039	Yeah! I feel clean.	對！我感覺很乾淨。
line:6733a3df	Yeah! I'm going on a date with him soon.	對啊！我很快就要跟他約會了。
line:66727cce	Yeah! It has food that should be good for both of us.	對啊！裡面有我們兩個應該都能吃的東西。
line:b482634c	Yeah! its useful.	對啊！很好用。
line:da9cfdcf	Yeah! Just went on a date with Conrad.	很好啊！剛和康拉德約完會。
line:3f153aaf	Yeah! Just went on a date with Ryan.	很好啊！剛和萊恩約完會。
line:77ca2316	Yeah! Thanks for the food. I'll go get the gate.	好啊！謝謝你的食物。我去開門。
line:c87d632b	Yeah! That would be amazing.	對啊！那一定很棒。
line:71c0ee9a	Yeah, ever since the breakup I've been looking for something new.	對啊，分手之後，我一直想找點新事物。
line:bee397db	Yeah, he's so kind to me.	對啊，他對我好好。
line:4815ddba	Yeah, I've got one.	有，我有一個。
line:24efaa49	Yeah, me too. He's real nice.	對啊，我也希望。他真的很好。
line:6fa847ba	Yeah, nah. Mate you gotta get in on this. I'll pay good!	不是吧，老兄。你得做這個啦，我會好好付錢的！
line:266f699d	Yeah, taste good!	對啊，很好吃！
line:67cc394b	Yeah, that was scary at first.	對啊，一開始真的嚇到我了。
line:a9980f5e	Yeah, this has been super nice.	對啊，這次真的很棒。
line:54c44240	Yeah, you're right.	嗯，你說得對。
line:bb1827c7	Yeah- Though only if you want!	對——但要你也願意才行！
line:7311dc01	Yeah.	好。
line:95e2f7cc	Yeah.	對啊。
line:9fd5b834	Yeah. <size=90%>Oh- <size=80%>you know. I'm like... <size=70%>Haha. Yeah. Mhm!	對啊。<size=90%>喔——<size=80%>你知道，我就是……<size=70%>哈哈。對。嗯哼！
line:a28a70c6	Yeah. At least I got to meet you because of it.	對啊。至少也因此認識了你。
line:e5937e30	Yeah. I like fish!	吃啊，我喜歡魚！
line:0372e0d1	Yeah. It wasn't too expensive.	對啊，沒有很貴。
line:6804839d	Yeah. It's hard to unwind groups after something like that.	對啊。發生那種事之後，很難把朋友圈的關係理清。
line:6e0e4e11	Yeah. You two will be cute.	對啊，你們在一起一定很可愛。
line:616121a9	Yeah...	對啊……
line:f244d080	Yeah... He's really great.	對啊……他真的很棒。
line:5bab2df8	Yeah... I've never gone on a date with a kobold before.	是啊……我以前從沒跟狗頭人約會過。
line:8eeb7e28	Yeah... It really isn't.	是啊……真的不容易。
line:039a0c83	Yeah?	怎麼啦？
line:2fb3fe55	Yeah?	怎麼啦？
line:92bd78f3	Yeah?	怎麼啦？
line:3690a3eb	Yeah? I don't even see a mount.	對啊？我連交配架都沒看到。
line:ea2adb20	Yeah? tell me about it!	是嗎？快跟我說！
line:78eccd9b	Yellow lime.	黃色萊姆。
line:5fd7bc69	Yep!	對啊！
line:b6c878fa	Yep!	對啊！
line:fcff76d4	Yep! I'll get the gate.	好啊！我去開門。
line:3cdcbd4a	Yes	可以
line:991dc643	Yes	會。
line:e535cacb	Yes	是的。
line:fb4265f7	Yes	可以
line:4ab6c5a9	yes	有
line:db98be35	Yes right this way.	有，這邊請。
line:52010e35	YES!	好耶！
line:c4310942	Yes!	好啊！
line:d5f94e23	Yes!	有啊！
line:5592e639	Yes, welcome to Drag'N Wash!	沒錯，歡迎來到 Drag'N Wash！
line:f676b9a8	Yes, welcome to Drag'n wash!	沒錯，歡迎來到 Drag'N Wash！
line:a610ce0b	YES.	超有。
line:85fd5266	Yes.	好。
line:152cb8ad	Yes. I'm in need of a clean. The situation is rather dire!	是的。我需要清洗。情況相當緊急！
line:c4595dd5	Yes. It's invigorating to be so candid.	對。能這麼坦率，真令人振奮。
line:d7e50f2d	Yes..	好……
line:5811655d	Yes... But I believe we need to clean the floors.	是的……不過我想，我們得清理地板了。
line:9444cdba	Yip	嗷
line:14d2c62f	Yip!	嗷！
line:296ff3f4	Yip!	嗷！
line:3d516ddb	Yip!	嗷！
line:3e870ad0	Yip!	嗷！
line:5544e245	Yip!	嗷！
line:5efde4e2	Yip!	嗷！
line:c3e1f198	Yip!	嗷！
line:e662501c	Yip!	嗷！
line:5e181cf4	Yip! <size=70%>(Gate)	嗷！<size=70%>（開門）
line:b12a3f31	Yip! <size=70%>(idk)	嗷！<size=70%>（不知道）
line:a8ee5236	Yip! <size=70%>(It's because the dormant part of your draconic mind is remembering the deep set language bridge between your kind and mine. Which carries the deep meaning and intention of kobold 'Yips' within it. This sudden understanding of yours is simply from our connection growing over time and activating that part of your mind.)	嗷！<size=70%>（因為你龍族心智中沉睡的部分，正回想起你我兩族之間根深蒂固的語言橋梁。那裡蘊含著狗頭人「嗷」聲中的深層意義與意圖。你突然能理解，只是因為我們的連結日漸加深，喚醒了你心智中的那個部分。）
line:5935a413	Yip! <size=70%>(Yes)	嗷！<size=70%>（對）
line:f1c14f75	Yip-Man - The Final Yip	《嗷問：最後一嗷》
line:4b9046ec	Yip-Man movies are real corny...	《嗷問》系列真的很老套……
line:3d6b2203	You again?	又是你？
line:81416c72	You already are, whats up?	你已經問了啊，怎麼了？
line:6fbc3c1b	You also do <i>special endings</i> here, yeah?	你這裡也有<i>特殊收尾</i>，對吧？
line:e553c773	You also introduced me to Conrad.	你還把康拉德介紹給我。
line:feb8727e	You always make me feel welcomed.	你總是讓我覺得自己很受歡迎。
line:563d71ba	You are too!	你也很可愛！
line:4efafbb0	You are very skilled with your hands	你的手上功夫真好。
line:0dd63830	You brought food in?	你帶食物來了？
line:38043f6c	You can act however you like around me.	在我身邊，你想怎麼樣都可以。
line:3fbd01fb	You can come in whenever!	你什麼時候都可以來！
line:0eb37f1a	You can stay here if you want.	你想的話，可以留下來。
line:ecc04e16	You decide!	你決定！
line:19698f13	You didn't even open the watermelon.	你連西瓜都沒切開。
line:7e8c1ae2	You do know how to use your hands pretty well.	你的手上功夫確實很不錯。
line:7023b6b4	You don't deserve that.	你不該被那樣對待。
line:c0cc0f2d	You got a medkit?	你有急救箱嗎？
line:c2b3c28a	you know about getting back into the dating scene...	就是重新開始約會那件事……
line:512df07c	You know what that means.	你知道這代表什麼。
line:e613cbe3	You know what that means...	你知道這代表什麼……
line:73e4789c	You know... This environment is rather pleasant. Very... proletarian.	你知道嗎……這裡的環境挺宜人的。很有……普羅階級的氣息。
line:404b17ef	You look good this clean!	你洗乾淨的樣子真好看！
line:780c151c	You needn't worry. The washer's union is... More powerful than I.	不用擔心。洗浴師工會……比我還有權勢。
line:3fab049a	You probably shouldn't.	你最好別試。
line:0bc044da	You ready for this?	準備好了嗎？
line:f0a0565a	You ready to go back in to the club?	準備好回夜店了嗎？
line:c0e34d36	You really ate that entire thing... Woah.	你真的把整個都吃下去了……哇。
line:82cf49aa	You seemed to enjoy yourself.	你看起來很享受。
line:ba66095e	You set a good example.	你是個好榜樣。
line:6c2a1901	You should be all clean!	你應該全洗乾淨了！
line:36779352	You should be.	你是該期待。
line:86154a64	You should feel it and check for me	你應該摸摸看，幫我確認一下。
line:20503ab0	You sure? It's not like... fun stuff.	你確定？這又不是什麼……開心的事。
line:0a0d6bc0	You too! I'll go get the gate.	我也是！我去開門。
line:e3106999	You too. Thanks for the wash.	我也是。謝謝你幫我洗澡。
line:fc97aa74	You too. Thanks for the wash.	我也是。謝謝你幫我洗澡。
line:5e4d645c	You two are really cute together...	你們兩個在一起真的很可愛……
line:b76a2a43	You were really going at it.	你剛剛真賣力。
line:83aa1a23	You work at a college?	您在學院工作？
line:85fa0d03	You'd need a dragon stomach first!	你得先有個龍的胃才行！
line:ebd2af6b	You'll have to give me all the Ryan details soon.	等一下你得把和萊恩的細節全告訴我。
line:6c71dd83	You'll have to tell me all about it.	你得把經過全都告訴我。
line:91ab30f5	You'll have to tell me how you two work out!	你們之後怎麼樣，一定要告訴我！
line:ffeff59b	You'll have to tell me more inside.	進來之後，你得多跟我說說。
line:5eb243c2	You'll like it.	你會喜歡的。
line:6acf7c77	You'll need to let them in afterwards of course.	之後當然還得讓客人進來。
line:6b63d2d8	You'll take care of everything?	你會處理好一切？
line:f2527ed7	You're <i>spotless.	你已經<i>一塵不染了。
line:23ae97e6	You're a big deal	你才是大人物。
line:323e546b	You're a good friend too, I'll go get the gate.	你也是個好朋友。我去開門。
line:44e97be7	You're always welcome here, Ryan.	萊恩，這裡永遠歡迎你。
line:09e5bf43	You're cute by the way.	順帶一提，你很可愛。
line:277d8257	You're fine. Thank you.	沒事的。謝謝你。
line:8c269acb	You're going to love it.	你一定會愛上那裡。
line:173782fa	You're good at it.	你做得很好。
line:1dca8fa0	You're just a very comfortable person to be around.	只是跟你相處真的很自在。
line:42124159	You're just a very comfortable person to be around.	只是跟你相處真的很自在。
line:d3b6d22a	You're kind. It's more than I deserve.	你真好。我不值得你這樣對我。
line:ca72bf2d	You're okay. You're clearly going through a lot.	沒事。我知道你最近不好受。
line:68887509	You're one of my favorite clients!	你是我最喜歡的客人之一！
line:c4cc497f	You're pretty hot.	你挺性感的。
line:b6603dc7	You're right. I shouldn't pry.	你說得對。我不該多問。
line:31ab814e	You're right... Theres no way you could.	你說得對……你不可能替我回答。
line:470cd652	You're the first person I've met who's only expectation is for me to be...	你是我遇過的第一個，只期待我做……
line:f718a7eb	You're the professor here. Must be correct.	你是教授，你說的一定對。
line:15f55959	You're very sweet.	你真的很貼心。
line:bc6cc4d2	You're very sweet.	你真是體貼。
line:6289a322	You're very welcome.	不用客氣。
line:39ddd682	You're...	你是……
line:6e94f373	You're... cool.	你……很酷。
line:61c96494	You're... Not that dirty.	您……沒有很髒啊。
line:8bab3246	You're... very forward.	你……還真直接。
line:3bbab759	You've gotta keep me updated on you and Ryan, yeah?	你跟萊恩有什麼進展，一定要跟我說，好嗎？
line:a5a8a9d5	Your crest is cool. What is it?	你的頭冠好酷。那是什麼？
line:3890b91c	Your date with Ryan.	你和萊恩的約會。
line:82109412	Your secret's safe with me.	你的秘密，我會守住。
line:ed8e7994	Yours doesn't. It's nice.	你的沒有。這樣真好。
line:016a65e8	Yuh, that's me.	對，就是我。
line:38eb6d26	Yup!	對！
line:7ac62718	Yup. I like it.	對，我很喜歡。
