# line ID	exact English source	translation (English A-Z then ID)
line:39fd52f1	'Ey big dog.	喂，大狗。
line:918d7820	'Ey big kobold.	喂，大狗頭人。
line:155c00eb	'think', 'On the way here'? Then you weren't covered in ink before...	「諗」、「嚟呢度途中」？即係之前你未沾到墨水……
line:15bcd86c	'Yes way', There is nothing I am more certain of.	「就係咁」。冇任何事比呢樣更令我肯定。
line:4d49ae72	'Yes way', There is nothing I am more certain of.	「就係咁」。冇任何事比呢樣更令我肯定。
line:25f35611	---	---
line:4b9b3a43	---	---
line:97ab84a8	---	---
line:db5b3129	---	---
line:e2f28daa	---	---
line:3d2df033	..	……
line:8c0e2d04	..	……
line:b36eb839	..	……
line:03d2f0bb	...	……
line:045f5836	...	……
line:1113335e	...	……
line:227eda5e	...	……
line:30a74521	...	……
line:4810891f	...	……
line:4da86a7a	...	……
line:610824ef	...	……
line:6757e4a0	...	……
line:695ef750	...	……
line:7426a997	...	……
line:759a495e	...	……
line:7e189c92	...	……
line:812700a5	...	……
line:848f5cd8	...	……
line:85f39b27	...	……
line:9504ba33	...	……
line:a6531779	...	……
line:b59e9091	...	……
line:b7f0551c	...	……
line:c272e55f	...	……
line:cdb8d8db	...	……
line:cfe4b91d	...	……
line:d6483230	...	……
line:d90d368f	...	……
line:d9516fdd	...	……
line:dd197e7c	...	……
line:decf872a	...	……
line:e9d40a5c	...	……
line:20f87f8d	... A class which I'm teaching rather soon.	……而且我好快就要上堂。
line:4815d919	... Being a bit of a jerk honestly.	……講真，即係有啲仆街。
line:11bfce3b	... I thought we were good friends, we have sex all the time!	……我以為我哋係好朋友，我哋成日上床㗎！
line:1bebf328	... Thank you..	……多謝……
line:a8eb78ed	... you're done? I'm still dirty..	……洗完喇？我仲好污糟……
line:ef611d11	... you're done? I'm still soapy..	……洗完喇？我仲成身梘泡……
line:496134bc	...!	……！
line:7cc45755	...!	……！
line:6585925d	...<i><size=70%>I have one on him at least.	……<i><size=70%>至少我暗戀佢。
line:e2ea4ead	...A wash for our date tonight.	……為咗我哋今晚嘅約會沖涼。
line:048d7f84	...About what I said earlier.	……關於我頭先講嗰件事。
line:55d1f6ef	...and nice.	……人又好。
line:79a1a205	...But not in like a bad weird way.	……不過唔係啲唔好、奇怪嗰種。
line:3592632e	...It's intimidating knowing how much they look up to me.	……知道佢哋咁仰望我，亦令我有啲畏懼。
line:7e08544c	...It's odd being able to speak so freely with someone.	……可以咁自在同人傾偈，感覺好奇妙。
line:f0cb8389	...No	……唔好。
line:92601622	...Okay, come in	……好，入嚟啦。
line:e381559c	...Thank you for this.	……今次多謝你。
line:b7b5f7fb	...Thanks.	……多謝。
line:dbab7a39	<b><i><size=130%>Did you suggest Ryan to Conrad?	<b><i><size=130%>你有冇向康拉德介紹賴恩？
line:36ff6bd9	<gradient="gold"><b> I know a dragon, Ryan. I could get you two in contact? </b></gradient><size=70%>(Unlocks Conrad/Ryan hookup OR Ryan romance)	<gradient="gold"><b> 我識條龍，叫賴恩。不如介紹你哋識？ </b></gradient><size=70%>（解鎖康拉德／賴恩配對或賴恩戀愛路線）
line:7e9d40e6	<gradient="gold"><b> I wouldn't mind hanging out... </b></gradient><size=70%> (Unlocks Conrad romance)	<gradient="gold"><b> 我唔介意同你一齊玩…… </b></gradient><size=70%> （解鎖康拉德戀愛路線）
line:a0e49f02	<gradient="gold"><b> I wouldn't mind! </b></gradient><size=70%> (Will lead to Alexander romance!)	<gradient="gold"><b> 我好樂意！ </b></gradient><size=70%> （開啟亞歷山大戀愛路線！）
line:0371fb9c	<gradient="gold"><b> I'm going to be busy tonight. Sorry. </b></gradient><size=70%> (Will lead to no romance!)	<gradient="gold"><b> 我今晚有嘢忙。對唔住。 </b></gradient><size=70%> （不進入戀愛路線！）
line:f5a81524	<gradient="gold"><b>I don't have anyone off the top of my head.</b></gradient><size=70%> (Locks in Conrad romance!)	<gradient="gold"><b>一時間諗唔到有邊個。</b></gradient><size=70%> （確定康拉德戀愛路線！）
line:bedc761d	<gradient="gold"><b>I know this one red dragon. I think you'd like him! </b></gradient><size=70%> (Hooks up Ryan with Conrad!)	<gradient="gold"><b>我識條紅龍。我諗你會鍾意佢！ </b></gradient><size=70%> （撮合賴恩同康拉德！）
line:e104b8e4	<gradient="gold"><b>Oh. Uhm. <size=70%> I wouldn't mind... If I was that someone. </b></gradient><size=70%> (Locks in Ryan romance!)	<gradient="gold"><b>哦。呃。<size=70%> 我唔介意……做嗰個人。 </b></gradient><size=70%> （確定賴恩戀愛路線！）
line:36073321	<gradient="yellow - orange"><size=140%>HEY! </gradient><size=100%>This is the cleaning place, ya?	<gradient="yellow - orange"><size=140%>喂！</gradient><size=100%>呢度係沖涼嗰間，係咪？
line:c777ce0c	<i> that feels nice...</i>	<i> 好舒服……</i>
line:e56dd423	<i><size=70%>uh oh.. and the books	<i><size=70%>哎呀……仲有啲書。
line:d67b1098	<i>I like spraying you with water.	<i>我鍾意用水噴你。
line:ad5d633a	<i>Oh...	<i>哦……
line:22b5941e	<i>Oh.</i> I don't think I'm ready for that just yet.	<i>哦。</i>我諗我仲未準備好。
line:cacbff51	<i>Ooooh. </i>The mount? Hell yeah, man.	<i>哦……</i>交配架？梗係好啦，老友。
line:04b7ce44	<i>This</i> isn't your fault, Conrad.	康拉德，<i>今次</i>唔係你嘅錯。
line:72b244b7	<size=100%> That felt damn good!	<size=100%> 真係舒服到爆！
line:78cc49e8	<size=100%>I mean- Cool.	<size=100%>我意思係——唔錯。
line:e48243c0	<size=140%> FUCK YEAH!	<size=140%> 屌，爽呀！
line:f474ffa9	<size=140%>HEY, <size=100%>lookin' for a wash.	<size=140%>喂，<size=100%>我嚟沖涼。
line:9d458e88	<size=160%>HELL YEAH!	<size=160%>正呀！
line:f5462edf	<size=60%> that's hot.	<size=60%> 好性感。
line:7c745c31	<size=70%> A big dragon giving me control. Woah.	<size=70%> 一條大龍畀我控制。嘩。
line:53d71f27	<size=70%> And for me.	<size=70%> 我自己都有份。
line:4fe271cc	<size=70%> woah.	<size=70%> 嘩。
line:e53b1bd3	<size=70%><i> holy shit, I just bagged a date with a dragon.	<size=70%><i>嘩，真係約到條龍同我去約會。
line:c4384e8e	<size=70%><i>but it was nice... Thank you.	<size=70%><i>不過好舒服……多謝你。
line:ec0e5330	<size=70%><i>feel free to continue-</i>	<size=70%><i>請隨意繼續——</i>
line:e77c1f79	<size=70%><i>oah-</i> no that's really cool actually.	<size=70%><i>嘩——</i>唔會，其實我好開心。
line:a618f9c2	<size=70%><i>Woah...	<size=70%><i>嘩……
line:ad460e4b	<size=70%><i>Yeah?	<size=70%><i>係咩？
line:c25d1c85	<size=70%>They're still on my payroll.	<size=70%>我仲有照出糧畀佢哋。
line:22deeef6	==	==
line:67fa34ad	==	==
line:a8e2f13e	==	==
line:ce938344	==	==
line:e41244bf	==	==
line:497d3f67	A few days ago...	幾日前……
line:c570a462	A rather good excuse to see my favorite kobold.	呢個係嚟見我最鍾意嘅狗頭人嘅好藉口。
line:5d2d16e0	A really good friend?	一個好好嘅朋友，會唔會好奇怪？
line:df4d3810	About earlier.	關於頭先。
line:1a5e1ba4	Act what way?	點樣呀？
line:cc532c02	After his spontaneous conflagration, I made sure to give him privacy.	佢自燃之後，我有確保佢得到私人空間。
line:a983ffa3	Again...?	又嚟……？
line:8e34b87d	Agreed, though I'd still like to be let in as soon as convenient.	同意，不過方便嘅話，我都想快啲入去。
line:934a1d5a	Ah yeah, that's the stuff.. keep at it.	啊，係喇，就係咁……繼續。
line:e216aee0	Ah, good.	啊，好。
line:9b26ac5f	Ah, I see the button there, gotcha!	啊，我見到嗰邊個掣喇，明白！
line:7f3fe9f9	Ah, sorry, I'm passionate about such things.	啊，抱歉，我對呢啲事好有熱誠。
line:bf2a8309	Ah, the grime did sting a little, thank you.	啊，頭先啲污垢的確有啲刺痛，多謝。
line:ebdb9888	Ah, yeah, those types are pretty cute.	啊，係呀，呢類型幾可愛。
line:b920f205	Ah. Do not worry.	啊，唔使介懷。
line:a98d068c	Ah. Okay nevermind I'm not sorry then.	啊，好。咁我收返頭先句唔好意思。
line:6de2c490	Ah...	啊……
line:4d6b365e	Ahh, all cleaned and with a lighter load.	啊，洗乾淨晒，連存貨都清咗啲。
line:20f96302	Alexander!	亞歷山大！
line:f167e3d7	Alexander!	亞歷山大！
line:fe3996b8	Alexander!	亞歷山大！
line:af7db134	Alexander...?	亞歷山大……？
line:eb7cf9e5	All clean...	乾淨晒……
line:f57fc630	All done!	搞掂晒！
line:0b734d82	All self respecting washers know how to please a dragon.	有返啲專業尊嚴嘅洗龍師傅，都知點令條龍舒服。
line:599ffb25	Already got seats at that bar I mentioned earlier.	頭先提過嗰間酒吧，我已經留咗位。
line:642ddea3	Alright alright... Then I think I'd like to use it?	好，好……咁我想用吓？
line:c7b3a185	Alright! I'll go get the gate.	好！我去開閘。
line:7279121a	Alright! I'll go get you the gate.	好！我幫你開閘。
line:4fc4259c	Alright! I'm ready to go.	好！我準備好走喇。
line:a722d0fa	Alright, go get the gate and I'll head out to the spot!	好，去開閘啦，我先去嗰度！
line:d04df8f8	Alright, I'll cya!	好，遲啲見！
line:4766af08	Alrighty! That should be it.	好！應該洗好喇。
line:797ca540	Alrighty. All clean.	好喇，洗乾淨晒。
line:c4cb161a	Although grapes have always hit a specific craving.	不過提子成日都特別啱我胃口。
line:dc237557	Although, the portions might be a bit... dragon sized.	不過份量可能有啲……龍咁大。
line:655b8c01	Always happy to have you, Conrad.	康拉德，你嚟我就開心。
line:afedd1f5	An anomaly.	一個異數。
line:0de4fe62	And I'm glad you have a medkit... You're very prepared.	仲有，好彩你有急救箱……你準備得好周到。
line:0699aef9	And I'm really happy for you and Conrad.	而且我真係好替你同康拉德開心。
line:a3a26459	And not just physically.	唔單止係身高方面。
line:507bd2b9	And that's why I'm here! Going to be heading out after this wash to go see him.	所以我先嚟呢度！沖完涼就出去見佢。
line:33440e8c	And why you are perfect for this job!	亦都係你最適合做呢件事嘅原因！
line:cacb93ce	And you've tried everything.	你又已經乜都試過。
line:8cae6240	Another dragon? Usually I don't really get along...	另一條龍？通常我同其他龍唔係好夾……
line:5a7e4fd4	Any chance you can clean me up again?	可唔可以再幫我洗一次？
line:92d2a30a	Anything. I'm just curious.	乜都得。我只係好奇。
line:52695aa2	Anything?	乜都得？
line:8ead9ee9	Anytime, Ryan.	隨時都得，賴恩。
line:6d77feef	Anyway glad you're not finished, lets keep at it!	總之，好彩你仲未洗完，繼續啦！
line:bdb4f59c	Anyway, time to get writing!	總之，係時候開始寫嘢喇！
line:75dd56ae	Anyways,	總之，
line:8980260e	Anyways-	總之——
line:a8e6291c	Anyways- Let me out.	總之——畀我出去啦。
line:493a82ef	Anyways. Could you go get the gate?	總之，可唔可以幫我開閘？
line:926f5f41	Anyways. Gonna use this thing now!	總之，我而家要用喇！
line:ad8ab02e	Anyways...	總之……
line:e767dc51	Anywho, I'll get out of your scales now.	總之，我而家唔阻你喇。
line:e81426c1	Anywho, I'm in need of a clean.	總之，我需要清洗。
line:23e7d518	Approach the dragon entrance, and I will let you in.	行到龍族入口，我會畀你入嚟。
line:72a9b5bb	Are you happy?	你開唔開心？
line:be0118cc	Are you okay?	你冇事吖嘛？
line:de735c65	Are you open right now?	你而家仲開緊嗎？
line:9369755d	Are you sure it will fit?	你肯定放得入？
line:c35b717a	Are you sure...? In front of the food?	你肯定……？當住啲嘢食？
line:cb06d2bf	As am I.	我亦一樣。
line:9a48b21c	As in you're unique.	意思係，你與眾不同。
line:1c021ee0	At getting hand jobs.	畀人打飛機嗰方面。
line:e861b464	At least that's what I've heard anyway.	至少我聽返嚟係咁。
line:2f54ceec	At least you can still use your hands. Heh.	至少你仲可以用手。嘿。
line:cb04e062	At least you can still use your hands. Heh.	至少你仲可以用手。嘿。
line:97792929	Aw, I'll go get you the gate.	啊，我幫你開閘。
line:c6895517	Aw, Ryan.	唉，賴恩。
line:db997182	Aw, thank you Alexander.	啊，多謝你，亞歷山大。
line:7157db26	Aw, thanks Alexander.	啊，多謝，亞歷山大。
line:011f1458	Aw, thanks.	啊，多謝。
line:aea0be6b	Aw, thanks.	啊，多謝。
line:c00d76cd	Aw, thanks. I only look so good 'cause of your washes!	啊，多謝。我咁好睇，都係因為你幫我洗得咁乾淨！
line:453ff9be	Aw- Ryan...	唉——賴恩……
line:5340a315	Aw... Thanks!	啊……多謝！
line:c6202cf2	Aw... Thanks.	啊……多謝。
line:cb1d1197	Aw... Thanks. Is it weird I consider you...	啊……多謝。如果我當你係……
line:2bfa396c	Aw... That's really sweet	啊……真係好窩心。
line:22053f7f	Awesome!	太好喇！
line:6fdb2c3d	Awesome!	太好喇！
line:70306ba1	Awesome!	太好喇！
line:6126a614	Awesome! Come on in..	太好喇！入嚟啦……
line:e85007ac	Awesome! See you later then!	太好喇！咁遲啲見！
line:4c7f15d6	Awesome, I'll go get the gate.	好呀，我去開閘。
line:9d126e4e	Awesome, I'm glad.	太好喇，我好開心。
line:b60cc4a5	Awesome.	太好喇。
line:59fb47b0	Awww. You don't need to be coverd in ink to say hi!	啊……唔使成身墨水，都可以嚟打招呼㗎！
line:8e20e028	Be yourself!	做返自己！
line:cd18f73f	Been looking forward to this.	我期待咗好耐。
line:8f1fccf9	Being muddy is really fun up until it starts drying.	成身泥幾好玩，不過開始乾就唔好玩喇。
line:40783547	Berries.	啲莓。
line:59d4be6a	Berries.	啲莓。
line:61e781c1	Berries.	啲莓。
line:18ae08ef	Bet you had fun.	你一定玩得好開心。
line:982fd3c7	big C...?	大 C……？
line:4b3f7c6a	Biology...? <size=70%> <i>I think?	生物學……？<size=70%> <i>我諗係？
line:9be63f47	Bleh. Thank you for grabbing that.	呼。唔該你幫我攞住。
line:66957ed2	Blue...?	藍色……？
line:a77c3afd	Both.	兩樣都係。
line:78975048	Brrr! Cold water!	嘶！啲水好凍！
line:8487a2c4	Burnswick Community College of Thaumaturgy	伯恩斯威克奇術社區學院
line:f75126de	But honestly you've helped me a lot.	不過講真，你幫咗我好多。
line:cab69268	But I already know I'm liking this a lot.	不過而家已經知道，我好鍾意咁。
line:d9534386	But I know the type... They tend to be big softies on the inside.	不過我知呢類型……通常內心都好溫柔。
line:f73ddfbc	But I think its time to get cleaned up.	不過我諗係時候洗乾淨喇。
line:088ea4a7	But I'm hot shit, so I'll be fine.	不過我咁正，應該冇問題。
line:c8f8bc22	But I'm only your washer?	但我只係幫你沖涼？
line:dda0419b	But I'm sure I'd enjoy it with you!	不過同你一齊睇，我一定會開心！
line:aa74448a	But not in this sized package, right??	不過冇咁細隻嘅身形配住，係咪？？
line:7d9ffc48	But nothing beats a large gulp!	不過點都比唔上一大啖吞落去！
line:d1ec7684	But that is why I am here!	不過，呢個就係我嚟嘅原因！
line:b0d9d1e5	But you're the teacher dragon.	但你先係做老師嗰條龍。
line:2d7e1ab6	But, at least I got to meet you!	不過，至少我識到你！
line:b7f46902	But, I think you've taught me something.	不過，我諗你教識咗我一件事。
line:b1040415	By the stars! No no. You're excellent.	天呀！唔唔。你好出色。
line:3a88a2dd	By the way would you be mad if your partner made a mess at home?	順帶一問，如果你另一半搞到屋企污糟，你會唔會嬲？
line:4199070f	Came in for another wash.	又嚟沖涼喇。
line:105cd3e2	Can I ask you a question?	可唔可以問你一個問題？
line:535ee717	Can you repeat that?	可唔可以再講一次？
line:835e0c27	Can't sthpeak well.	講嘢……唔清楚。
line:afa450c0	Come back whenever, Ryan.	賴恩，隨時再嚟啦。
line:0cedfc3d	Conrad can go as long as he needs	康拉德想幾耐就可以幾耐。
line:5462913f	conrad hooked up with ryan	康拉德同賴恩配對
line:61cd33c5	conrad hooked up with ryan	康拉德同賴恩配對
line:6a7610f3	conrad hooked up with ryan	康拉德同賴恩配對
line:bac1ce29	conrad hooked up with ryan	康拉德同賴恩配對
line:61c9b7ac	Conrad needs a cleaning, got a slot for 'im?	康拉德要沖涼，有冇位畀佢？
line:405b7ef1	Conrad needs a wash!	康拉德要沖涼！
line:803c8f0c	Conrad was talking about you during our date.	我哋約會嗰陣，康拉德有提起你。
line:f1787092	Conrad!	康拉德！
line:fd6c6213	Conrad!	康拉德！
line:484cd04d	Conrad...?	康拉德……？
line:5b0360ad	Conrad: Actually.. I mean..	Conrad: 其實……我意思係……
line:3ce891ff	Conrad: Conrad just enjoys himself	Conrad: 康拉德只係享受緊。
line:fbe86c06	Conrad: Damn right!	Conrad: 梗係啦！
line:5660dc8b	Conrad: Don't worry about it!	Conrad: 唔使擔心啦！
line:c050dbfc	Conrad: I do it all the time	Conrad: 我成日都咁做。
line:cd3367da	Conrad: I want this to go well	Conrad: 我想今次順順利利。
line:194c1381	Conrad: I'm ready to blow	Conrad: 我準備射喇。
line:ce4d0fef	Conrad: Yea	Conrad: 係呀。
line:42c70daa	Conrad: You feel good	Conrad: 你令我好舒服。
line:3bc52918	Conrad: You having a good time?	Conrad: 你開唔開心？
line:be0e51af	Cool.	型。
line:88c36bc7	Could do that, then get a hotel room... Hmm.	可以去完嗰度，再開間酒店房……嗯。
line:b99e1503	Could you ask <i>me</i> a question?	你可唔可以問<i>我</i>一個問題？
line:12bf5baf	Could you get the gate...?	可唔可以開閘……？
line:3a6afae1	Could you go get the gate?	可唔可以幫我開閘？
line:9f49d9d4	Could you wash it away?	可唔可以沖走佢？
line:7661a0e9	D'aw... thanks.	啊……多謝。
line:59bc5840	Damn right I do!	梗係好睇啦！
line:64889395	Damn right!	梗係啦！
line:95aa0bf4	Damn right!	梗係啦！
line:db592d76	Damn right!	梗係啦！
line:0fcf9908	Damn right.	梗係。
line:b964c99b	Damn shame then. Better change that.	咁就真係可惜。最好改吓啦。
line:c6955ecc	Damn, you know how to use your hands.	嘩，你真係好識用手。
line:eaf45022	Damn, you know how to use your hands.	嘩，你真係好識用手。
line:684fb29a	Damn... Always feels good.	嘩……次次都好舒服。
line:7023cc94	DATE NIGHT!	今晚約會！
line:c71df70b	Date night!	今晚約會！
line:b57cc8ad	Depends	睇情況。
line:07bd7f57	Did you do your uh...	你今日係咪……
line:4f38655d	Do I look like I'm okay?	我似冇事咩？
line:8147156a	Do it!	射啦！
line:9ab6ddfb	Do you also do "special endings" here?	呢度都有「特別收尾服務」？
line:4c90479c	Do you ask because I'm lavender?	因為我係淡紫色，所以你咁問？
line:3020c97c	Do you believe I am attractive?	你覺得我有吸引力嗎？
line:c5e71850	Do you even need a wash?	你有需要沖涼咩？
line:1810e75f	Do you have any advice?	你有冇咩貼士？
line:6be807b5	Do you have any plans with ryan?	你同賴恩有咩安排？
line:a0cf6cae	Do you know any cool places, people, I could hang around?	你知唔知有咩好地方、好玩嘅人，可以一齊玩？
line:412ba249	Do you know any good bars?	你知唔知有咩好酒吧？
line:28ec716a	Do you know anyone I could talk to? Y'know... about relationship stuffs?	你有冇識啲人可以同我傾吓？即係……感情嗰方面？
line:21c0526b	Do you like being big?	你鍾唔鍾意自己咁大隻？
line:daa040eb	Do you like purple?	你鍾唔鍾意紫色？
line:ef052302	Do you like purple?	你鍾唔鍾意紫色？
line:d5ed3582	Do you make big dragons, <size=60%>like me, <size=100%>cum here?	你哋會幫大龍，<size=60%>好似我咁，<size=100%>射出嚟㗎？
line:ec64a696	Do you mind double checking if I'm clean?	可唔可以再睇吓我乾淨未？
line:647187f1	Do you want to say what happened...?	你想唔想講發生咩事……？
line:807df02d	Do you want to use it?	你想用？
line:5c42b85a	Doesn't mean I need to yell at you.	咁都唔代表我可以鬧你。
line:eefa8ae2	Don't be sorry! Get a mount!	唔好講對唔住！買個交配架啦！
line:dd0f7b1d	Don't worry, dragons are made to eat anything.	唔使擔心，龍天生就乜都食得。
line:b90b01a9	Don't worry, he's real nice.	唔使擔心，佢真係好好。
line:7de2a81c	Don't worry. I will.	放心，我會。
line:c29d4071	Don't... make it sound like that.	唔好……講到咁啦。
line:31bdd33c	Dont talk with your mouth full	含住嘢唔好講嘢。
line:8ee41fdc	Dragon history is complex. Ornamental crest <size=85%> are often <size=70%> worn by dragons to <size=55%>signify what family they belong to! <size=40%> It's an interesting mark of their culutral <size=35%> and familial heritage. I've often wondered if I should continue to wear mine. <size=20%> But culutural and familiar ties are considered important within the lore of dragons! so I must adhere to such things. <size=10%> Water. Earth. Fire. Air. Long ago, the four nations lived together in harmony. Then everything changed when the Fire Nation attacked.	龍族歷史相當複雜。龍族<size=85%>經常佩戴<size=70%>裝飾徽飾，<size=55%>顯示自己所屬嘅家族！<size=40%>呢個係一種有趣嘅文化<size=35%>同家族傳承標記。我經常諗，自己係咪應該繼續戴住。不過，<size=20%>龍族傳統好重視文化同家族聯繫！所以我必須遵循。<size=10%>水、土、火、氣。好耐以前，四國和平共處。直到火烈國發動侵略，一切都改變咗。
line:0a0e6773	Dragon stomachs are a bit more... robust than yours.	龍個胃比你嘅……強勁啲。
line:7e352505	Dragons of the galaxy 2	銀河之龍 2
line:c2c659d1	Eep!	吱！
line:0bd1699e	Ehh..	呃……
line:43dd32f5	Er... That's not-	呃……唔係呢個——
line:93b60dce	Even so. Not this time	即便如此，今次都唔用。
line:573d9362	Even though you were just doing your job... I think it helped him a lot.	就算你只係做自己份工……我諗對佢幫助都好大。
line:a2ba222e	Evening. This establishment takes walk ins, correct?	晚安。貴店接受冇預約嘅客人，對嗎？
line:f98c3b6c	Every ending here is special!	呢度次次收尾都好特別㗎！
line:bfeaec15	Every self respecting wizard has a phoenix feather handy.	有返啲自尊嘅巫師，都會隨身帶支鳳凰羽毛。
line:57df700d	Everyone's gaze carries an immense weight.	每個人嘅目光都帶住沉重壓力。
line:9ad8d2dd	Excellent!	非常好！
line:0c997163	Excellent.	非常好。
line:1976bc60	Excellent. Then make sure to go greet your customer at the window.	非常好。記得去窗口招呼客人。
line:7bbe7ee3	Expectations are laaaame.	其他人嘅期望真係好煩呀。
line:f99eb2ff	Ey! The mount! Fuck yeah.	喂！交配架！屌，正呀。
line:d376acb9	Ey, so. Was thinkin'	喂，咁呀，我諗緊
line:85ec0862	Ey, sorry for coming in late.	喂，咁夜先嚟，唔好意思。
line:12e8ae42	Ey, Use your hands on my cock- it feels good!	喂，用手幫我捽碌鳩——好舒服！
line:271a3846	Fair enough. I'll be waiting!	好吧。我等你！
line:4789095b	Fair enough. You two do seem cute together.	都好。你哋兩個一齊真係幾可愛。
line:f5b37855	Felt good sliding down though!	不過滑落去真係幾舒服！
line:274367d7	Figured I'd bring in something nice after all you've done.	你幫咗我咁多，我想帶啲好嘢過嚟。
line:aae8afca	Fine with me!	我冇問題！
line:e98616be	For you!	畀你㗎！
line:62a82aba	Found this one gryphon. About my size...	識咗隻獅鷲。身形同我差唔多……
line:807fdc76	From what I've heard he sounds like he's improved a lot recently, yeah?	照我聽返嚟，佢最近好似改咗好多，係咪？
line:803bf378	Fuck man, I'm so pumped.	屌，我好撚期待。
line:f2418086	Fuck no! Shit's embarrassing.	屌，梗係唔想！好撚瘀。
line:a7ca3ca8	Fuck something and then get a handjob hopefully.	扑吓嘢，再有人幫我打飛機就最好。
line:203bce10	Fuuuck. You really know how to work a dragon!	屌。你真係識點令條龍爽！
line:f7f9b0db	G'day mate!	你好，老友！
line:664c994e	Gave me time to think.	畀咗時間我諗清楚。
line:1d9b3531	Get a handjob and fuck this mount.	畀人打飛機，同埋屌吓個交配架。
line:48afdce4	Give it to me!	射畀我啦！
line:9df043ad	Give me a bit	畀我少少時間。
line:e5c7f64a	Glad I'm here to remind you then.	咁好彩我嚟提醒你。
line:354170aa	Go for it!	嚟啦！
line:2d0b6b06	Goin' downtown tonight. Needed to be spotless. Say...	今晚去市中心，要洗到乾淨晒先。喂……
line:dcb506d2	Good as!	好呀！
line:bcbc6373	Good evening!	晚安！
line:607a5c47	Good, I can't be having the Burnswick Community College of Thaumaturgy know that their best professor Alexander has caused another incident.	好。唔可以畀伯恩斯威克奇術社區學院知道，佢哋最出色嘅亞歷山大教授又惹咗事故。
line:12b72085	Good, you better. If I come back and there isn't one...	好，你最好係。如果我下次嚟都仲未有……
line:2c851dad	Good.	咁就好。
line:2712436c	Good. 'Aight, let me out.	好。得喇，畀我出去。
line:bab51ada	Good... That'd be correct.	舒服……呢個形容正確。
line:44f2b8cf	Goodbye!	再見！
line:a8e6ac2a	Goodness, thanks to you I have a chance at redeeming this situation.	謝天謝地，多得你，我先有機會補救。
line:745c3c12	Gosh!	嘩！
line:6b5c6564	Gotta <i>practice</i> for Ryan if you catch what I mean.	要為賴恩<i>練習</i>吓嘛，你明我講咩啦。
line:e3cef2bc	Gotta make sure you're spotless!	一定要幫你洗到乾淨晒！
line:b01b2159	Great, so uh,	太好喇，咁，呃，
line:43c94954	Grouse as! Excited to see you work!	正呀！好想快啲睇你出手！
line:9de16ee9	Ha!	哈！
line:88d7e1e2	Haah. This is the best fuckin' wash.	哈啊。呢度真係洗得正到爆。
line:cc6e7856	Hah! There's the mount!	哈！交配架喺度喇！
line:90dd6d9d	Hah, eager as always.	哈，一如既往咁熱情。
line:9542e7a6	Hah, good. Let's break this thing in!	哈，好。等我幫佢開苞啦！
line:fe21109b	Hah, he seems like the wild type.	哈，佢睇落的確係狂野嗰類。
line:e8bc1d95	Hah, I imagine it would be.	哈，估到會幾好。
line:acbf628d	Hah, it is a motivator.	哈，的確係個動力。
line:65b23418	Hah, okay. I'm game.	哈，好呀。我奉陪。
line:058d9d5c	Hah, yeah. Conrad is definitely experienced...	哈，係呀。康拉德真係好有經驗……
line:8b878971	Hah, yeah. He sounds fun.	哈，係呀。聽落佢幾好玩。
line:e3ed51d9	Hah. Conrad, you look good too.	哈。康拉德，你都幾好睇。
line:f8b2e23b	Hah. Fine.	哈，好啦。
line:ea23c5f9	Hah. If only there was a kobold that could clean me.	哈。如果有個狗頭人可以幫我洗乾淨就好。
line:c9bb2a93	Hah. Yeah. <size=70%><i>It's cool that you learn to jerk off dragons in cleaning school...	哈。係呀。<size=70%><i>洗龍學校會教點幫條龍打飛機，真係幾正……
line:50a559bb	Hah... <size=70%> yeah.	哈……<size=70%>係呀。
line:4d4d9986	Hah... Gonna jerk me off now? That's fine.	哈……而家幫我打飛機？冇問題。
line:4e920759	Hah... Yeah I'm excited.	哈……係呀，我好期待。
line:b36365ce	Hah... Yeah...	哈……係呀……
line:b8724c64	Hah... you do like that noise.	哈……你真係好鍾意咁叫。
line:c8cde395	Haha, 'Yip' indeed.	哈哈，的確係「吱」。
line:680991cf	Haha, yes. Happy to see you.	哈哈，係。好高興見到你。
line:4c27b031	Haha, you certainly are!	哈哈，真係你喎！
line:c3a2e14e	Haha, you certainly are!	哈哈，真係你喎！
line:9ec40945	Haha. 'Yip' to you too.	哈哈。我都同你講聲「吱」。
line:5e91e0a7	Haha... Yeah. I'm not really used to complimenting.	哈哈……係呀。我唔係好慣讚人。
line:44689f21	Happy to be back.	好高興返到嚟。
line:2672f65d	Happy to be here.	好開心嚟到呢度。
line:192fcb8e	Happy to get it off.	洗走佢就舒服晒。
line:3517b28e	Have a productive day.	祝你今日工作順利。
line:7c1adc57	He called me, we met up. He's really damn nice.	佢打畀我，我哋就見面。佢真係好好。
line:e71f9a0b	HE DIED!?	佢死咗！？
line:ed6c9afb	He hadn't been... Well, cared about in a long time from what I could gather.	照我理解……佢好耐冇被人好好關心過。
line:de25de6e	He just... Knew what to say to snap me out of all that.	佢就係……識得講啲說話，令我即刻醒返。
line:a035a3fd	He prefers 'vertically challenged'... But yes.	佢比較鍾意人哋話佢「高度受限」……不過，係。
line:04b29e42	He really is.	佢真係。
line:c7e1b369	He really is.	佢真係。
line:c64bd5ce	He said I was chill, we planned a date...	佢話我幾好相處，我哋就約好咗……
line:e8a91447	He's a lot. But, I like it.	佢好有性格。不過我鍾意。
line:a7181b1a	He's a red dragon. I think you two would like eachother!	佢係條紅龍。我諗你哋會鍾意對方！
line:8245fe2b	He's already back to work. Thanks for helping with all that.	佢已經返工喇。多謝你之前幫忙。
line:aaea8391	He's been way nicer recently.	佢最近好咗好多。
line:7363c004	He's great.	佢真係好好。
line:c13d4e24	He's hot.	佢好性感。
line:675d7e37	He's like. SUPER hung.	佢嗰碌真係超大。
line:7deb9fff	He's like... a big softy surrounded by sharp pointy bits.	佢好似……個心好軟，外面就包住一堆尖刺。
line:800c553d	He's my dream dragon.	佢就係我理想中嘅龍。
line:4b3c70d9	He's snappy, but tender too!	佢把口惡，不過都有溫柔嘅一面！
line:31281c6d	He's this REALLY cute red drake who goes to the wash!	係條超可愛嘅紅龍，都有嚟沖涼㗎！
line:4c11c83e	He's tiny, I like being eye level with him.	佢細細隻，我鍾意同佢平視。
line:b9ce2f3c	He's... Considerate. Real understanding too.	佢……好體貼，又好明白人。
line:8e9e0f98	Heard about you and the big blue guy. Ryan was it?	聽講你同嗰個藍色大隻仔，叫賴恩係咪？
line:ca4a9672	Heeeey Ryan.	喂～賴恩。
line:24ce37ec	Heeeey.	喂～。
line:bb70c1ed	Heh. Yeah.	嘿。係呀。
line:3fa80829	Heh. Yeah. I like you too.	嘿。係呀，我都鍾意你。
line:20393ff6	Heh. Yeah. That's me.	嘿。係呀，係我。
line:ac769d93	heh.. yea.. sorry..	嘿……係呀……唔好意思……
line:5246ceea	Heh... alright.	嘿……好啦。
line:75fef5cb	Heh... Damn right.	嘿……梗係啦。
line:5f0edcb2	Heh... Handsy today, huh?	嘿……今日好鍾意郁手喎？
line:2f55b3aa	Hehe	嘿嘿。
line:7e991330	Hehe yeah.	嘿嘿，係呀。
line:3223473f	Hehe, I'm excited to get into the dating scene again.	嘿嘿，我好期待重新識人拍拖。
line:4a137220	Hehe, thanks. It has stuff that should be good for both of us.	嘿嘿，多謝。入面有啲我哋兩個都啱食嘅嘢。
line:1a3e2a73	Hell yea	正呀。
line:93f67490	Hell yeah	正呀。
line:389e4033	Hell yeah I did!	梗係享受啦！
line:17dbb9b7	Hell yeah.	正呀。
line:4b7b33d9	Hello!	你好！
line:c3d3da41	Hello!	你好！
line:4183ca7e	Hello, <i>'Drag'n wash franchise 223'...</i> Have you figured out how to interact yet?	你好，<i>「Drag'n'wash 第 223 號加盟店」……</i>你知唔知點樣互動？
line:a99c515c	Hello, <i>'Drag'n wash franchise 223'...</i> Have you spoken to your first customer yet?	你好，<i>「Drag'n'wash 第 223 號加盟店」……</i>你同第一位客人傾過偈未？
line:b7cce838	Hello.	你好。
line:a8779ebf	Hello?	有人喺度嗎？
line:dd4b34ae	Hello?	有人喺度嗎？
line:1954aab7	Help the developers out please..	麻煩幫開發者回報一下……
line:db9c3a5c	Help the developers out please..	麻煩幫開發者回報一下……
line:f7f7f5a1	Help the developers out please..	麻煩幫開發者回報一下……
line:fc461784	Help the developers out please..	麻煩幫開發者回報一下……
line:ee3398a6	Hey big guy.	喂，大隻仔。
line:0090c7b0	Hey Conrad!	喂，康拉德！
line:3d0a5aeb	Hey Conrad!	喂，康拉德！
line:a2b4acea	Hey conrad!	你好，康拉德！
line:975a629f	Hey Conrad.	喂，康拉德。
line:21235886	Hey could you come up front where I can see you?	喂，可唔可以行返前面，等我見到你？
line:533532c4	Hey fine by me!	喂，我冇問題！
line:1538bc7e	Hey good lookin'	喂，靚仔。
line:0121c874	Hey hey. Glad you're open.	喂喂，好彩你開緊。
line:71b651dd	Hey I have something to say!	喂，我有嘢想講！
line:0d4e0ecf	Hey kobold!	喂，狗頭人！
line:af3f02c9	Hey Ryan, what do you have there?	喂，賴恩，你攞住乜呀？
line:6374414d	Hey thanks for being here for me...	喂，多謝你陪住我……
line:bf5ff483	Hey there, happy to be back.	你好，好開心又返到嚟。
line:c38b7fa6	Hey there, Ryan!	你好呀，賴恩！
line:2d5fc8a2	Hey there- Maybe you can get 'hands on' later?	喂——不如遲啲先「親自落手」？
line:1b6c7f75	Hey there.	你好呀。
line:5dacf226	Hey there.	你好。
line:82698bd1	Hey there.	你好呀。
line:ab3a5d9c	Hey there.	喂。
line:3d2bc74e	Hey uh, do you think Ryan and I will <i>actually</i> work out?	喂，呃，你覺得我同賴恩<i>真係</i>會夾得嚟？
line:04501155	Hey uh, I just need a cleaning.	喂，呃，我只係想洗乾淨。
line:2a29842a	Hey uh... Not now.	喂，呃……而家唔好。
line:8caa3196	Hey uhm, thanks once again.	喂，呃，再次多謝你。
line:5c7a9105	Hey!	喂！
line:eed2cc64	Hey!	喂！
line:2f3f5508	Hey! He's just... 'vertically challenged'.	喂！佢只係……「高度受限」。
line:55bb78d1	Hey! I'm here for a wash.	你好！我嚟沖涼。
line:33480903	Hey, Alexander!	你好，亞歷山大！
line:21fcef4f	Hey, Alexander.	你好，亞歷山大。
line:14598ca6	Hey, big guy!	喂，大隻仔！
line:e7353d24	Hey, I've got a question for you.	喂，我有個問題想問你。
line:674877e5	Hey, nothin' wrong with asking!	喂，問吓又冇咩！
line:d2589856	Hey, welcome back!	你好，歡迎返嚟！
line:0d3e4054	Hey.	喂。
line:aa0dda7b	Hey.	喂。
line:7f2e2736	Hey... little guy!	喂……細隻仔！
line:933efa6d	Hi again!	又見面喇！
line:873a2b9a	Hi again..	又見面喇……
line:83ac5b68	Hi Conrad.	你好，康拉德。
line:050efd1a	Hi, Ryan!	你好，賴恩！
line:06ed6aea	Hiiiii! Hiii!	你好呀～！你好！
line:5a632b75	His physical form is currently reconstituting in the staff lounge.	佢嘅肉身而家正喺教職員休息室重新組成。
line:6bd91ca7	Hm, I think I'll pass on the mount.	嗯，我諗個交配架就唔使喇。
line:370d719b	Hm?	嗯？
line:3c3ddd0c	Hm?	嗯？
line:44658d73	Hmm...	嗯……
line:bf059ff3	Hmm...	嗯……
line:730b1ca4	Hmm?	嗯？
line:fc571337	Hmmm, maybe something else?	嗯，不如食第二樣？
line:19207e44	Hold on a little longer for me?	為咗我，再忍多陣，好嗎？
line:f2ae89c4	Honestly, I'm surprised how nice this is.	講真，我估唔到會咁舒服。
line:a2ff0176	Hope it went well.	希望你哋順利啦。
line:b17360a0	Hope that's alright?	希望你唔介意？
line:ae08853f	Hope you're doing alright!	希望你一切安好！
line:e1fa2461	Hopefully! I'll go get the gate.	希望啦！我去開閘。
line:99931b37	Hopefully.	希望啦。
line:d9c91bca	How about you though? have you been seeing anyone?	咁你呢？你有冇同人拍拖？
line:4ec92454	How about you? Anyone exciting?	咁你呢？有冇咩吸引嘅對象？
line:86bde306	How are you with seafood?	你鍾唔鍾意食海鮮？
line:7fb611c9	How come you brought this all in?	點解你帶咁多嘢嚟？
line:af0d0972	How come you're covered in ink?	點解你成身墨水？
line:e385b7f3	How did it go?	點呀？
line:c0161bbc	How did it taste?	味道點呀？
line:262b262e	how do I get in?	我要點入去呀？
line:676b0638	how do I get in?	我要點入去呀？
line:8308bb09	How do I look?	我睇落點？
line:4f172746	How do you even digest that?	你點消化到㗎？
line:28d390ac	How so?	點樣好法？
line:4ef9fe65	How so?	點解咁講？
line:ea66b5af	How so?	諗咗啲乜？
line:4b29790b	How was the sex.	上床上成點？
line:7736270c	How was your date with Conrad?	你同康拉德個約會點呀？
line:18d418ab	However, it's ornamental! My family crest. You see...	但其實係裝飾！我嘅家族徽飾。你睇……
line:1f250062	However, My <i>image</i> is far more permanent than Igwyx's fleeting physical forms.	不過，相比伊格維克斯轉瞬即逝嘅肉身，我嘅<i>形象</i>可係長久得多。
line:ae34381b	However, that respect comes with an expectation to act as I look. It's incredibly stressful.	不過，受尊重亦代表人哋期望我嘅言行要符合外表。壓力非常大。
line:d2baf9e2	However...	不過……
line:fb8401c3	Huff...	呼……
line:b54ee04d	huff... Thank you for that.	呼……多謝你。
line:16420ca7	Huff... Thanks for that.	呼……多謝你。
line:45507089	Huff... That was nice... Made a bit of a mess though.	呼……好舒服……不過搞到有啲污糟。
line:ae83cfb6	huh...?	吓……？
line:0c78b56b	Huh?	吓？
line:e96114a2	Huh? ofcourse not!	吓？梗係唔係啦！
line:836c079c	I <i>think </i> I must've spilled an inkwell <i>on the way here</i>. Rather clumsy of me!	我<i>諗</i>，我一定係<i>嚟呢度途中</i>打翻咗墨水樽。真係論盡！
line:d37175c7	I act tough but am a small dragon...	我扮到好惡，但其實只係條細龍……
line:b4e27683	I agree	我同意。
line:68ebf07b	I allowed him, as my stature provides ample height.	我答應咗，畢竟我身形夠高。
line:a051821a	I already feel a lot better.	我已經舒服咗好多。
line:49bfbfbe	I already have spot at the club reserved.	我已經喺夜店留咗位。
line:14ff4edd	I always do~	我次次都咁落力～
line:b05c6259	I always look forward to seeing you. I'll go get the gate.	我次次都期待見到你。我去開閘。
line:52bf5ede	I am THE kobold. Yip!	我就係嗰個狗頭人。吱！
line:141c006f	I am too.	我都係。
line:363f6f6a	I am too.	我都係。
line:405b9622	I am too.	我都係。
line:d4c5faea	I am too.	我都係。
line:556897bf	I am! Even better now that you're here.	我幾好呀！你嚟咗就更加好。
line:e499b2cc	I am.	我開心。
line:5ec8bb55	I believe that's in part because of you.	我相信，有部分係因為你。
line:9883786d	I booked the night.	我訂咗成晚。
line:eae85bf9	I broke up with my partner...	我同另一半分咗手……
line:ffcfee20	I brought watermelon, bread, grapes, and some other stuff.	我帶咗西瓜、麵包、提子，仲有啲其他嘢。
line:e8aa18f4	I can digest pretty much anything.	我幾乎乜都消化到。
line:7f543c2a	I can let loose whenever you are ready	你準備好，我隨時可以射。
line:c83a6a0d	I can't believe Igwix would make a mistake like this!	真係唔敢相信，伊格維克斯會犯呢種錯！
line:e051a79e	I consider you a good friend too	我都當你係好朋友。
line:f382336f	I could get us the <i>nicest</i> spots for their show.	睇表演嗰陣，我可以攞到<i>最好</i>嘅位。
line:2602b8c6	I could use a wash.	我需要沖個涼。
line:c66153d3	I couldn't help but notice the... device over there.	我留意到嗰邊嘅……器具。
line:b71f0756	I decided to try baking.	我決定試吓焗嘢食。
line:e62b989c	I decided to try baking.	我決定試吓焗嘢食。
line:efea7148	I decided to try baking.	我決定試吓焗嘢食。
line:98f800d3	I didn't know anyone could like me that much so easily.	我唔知原來會有人咁容易就咁鍾意我。
line:4116f001	I didn't know what the button did.	我唔知個掣係做乜。
line:7a5c7f54	I didn't mean to fluster you!	我唔係想搞到你唔知點反應！
line:55542a9b	I do enjoy the color. Though I believe its unrelated to my own hue.	我的確鍾意呢隻色，不過我諗同自己嘅膚色無關。
line:f9c800f2	I do!	我覺得有！
line:ad9c1ada	I do. But, what happened?	有。不過發生咩事？
line:a45ccf3a	I don't believe I can hold back any longer	我諗我忍唔住喇。
line:8c6e1cd3	I don't get it! Why do I have to act this way?	我唔明！點解我一定要咁樣？
line:cc4e48a3	I don't know where they went but I feel dirty again.	我唔知佢去咗邊，不過我又覺得成身污糟。
line:71127249	I don't mean to be rude, but I must decline	我無意失禮，但必須婉拒。
line:f5696cc4	I don't need to tell you.	我冇必要話你知。
line:878fc94c	I don't understand..	我唔明……
line:4f3d31f8	I don't want your pitty!	我唔要你可憐我！
line:8fc36ab7	I enjoy being a part of so many individuals lives in a positive way.	可以正面影響咁多人嘅人生，我好享受。
line:14653182	I enjoy parts of it. The respect is pleasant...	有啲方面我幾享受。受人尊重感覺唔錯……
line:bd4bb1b9	I enjoy that I do not fear failure around you.	喺你面前，我唔怕失敗。呢種感覺真好。
line:c108ed4f	I enjoy when you tell me what to do with a pat of your hand.	你用手輕拍我，指示我點做，嗰種感覺我好鍾意。
line:6db406b4	I enjoyed this quite a lot.	我非常享受。
line:e838533b	I feel as I could say anything to you.	我覺得自己好似乜都可以同你講。
line:9b9567ec	I feel much better.	我舒服咗好多。
line:ed6be68f	I feel spotless as always.	同平時一樣，乾淨晒。
line:938be2fb	I forget the ignorance of a layman. I apologize.	我忘記咗外行人未必明白。抱歉。
line:63837f22	I forgot to bite into it so... Nothing?	我唔記得咬，所以……冇味？
line:fe3484ea	I get how you'd feel that way after a breakup, yeah.	分手之後會咁諗，我明白。
line:adf1550f	I give my other bipedal friends rides all the time.	我成日都會載其他兩條腿嘅朋友。
line:9a68366f	I got a mount.	我買咗個交配架。
line:78a54cae	I got back home a bit dirty. And she yelled at me.	我返到屋企嗰陣有啲污糟，佢就鬧我。
line:22a9094a	I guess so!	我諗係喇！
line:28d6c0aa	I hate that I'm always getting into situations like this.	我好憎自己成日搞成咁。
line:366a7f73	I have a question.	我有個問題。
line:82b63c18	I have something to say!	我有嘢想講！
line:fd68807c	I have to say, you did as good a job as private washers.	我必須承認，你洗得同私人洗浴師一樣好。
line:761f413a	I heard a loud bang	我聽到一聲巨響。
line:9d7cc63c	I heard a loud bang, I don't think Igwix made it.	我聽到一聲巨響，我諗伊格維克斯捱唔過。
line:7ede5030	I heard there was kobolds down here that could wash me up?	聽講呢度有狗頭人可以幫我沖涼？
line:efb2d4af	I heard there were kobolds down here that could wash me up?	聽講呢度有狗頭人可以幫我沖涼？
line:2f9b499a	I honestly don't know how you are doing that.	講真，我唔知你點做到。
line:6f5dbc90	I hope he's okay too.	我都希望佢冇事。
line:cd0197ed	I hope I can learn from that.	希望我可以向你學吓。
line:cf50dbcc	I hope it all works out.	希望一切順利。
line:b2dfad3e	I hope so.	希望啦。
line:0477b0d7	I hope so. I really want a fresh start with someone.	希望啦。我真係想同人重新開始。
line:7429dab7	I hope that you'll help me prove them wrong!	希望你幫我證明唔係咁！
line:be5feb3e	I hope things get better.	希望會好轉啦。
line:114ac9a0	I hope you're right.	希望你講得啱。
line:06744c7e	I just don't like that she takes it out on me.	我只係唔鍾意佢攞我出氣。
line:1fb02179	I just don't like that she takes it out on me.	我只係唔鍾意佢攞我出氣。
line:c8a1e7d0	I Just need a quick wash... Maybe the mount would be nice too.	我只係想快快沖個涼……或者用埋交配架都幾好。
line:95ff1bed	I just wish for you to ask me a question. Any question.	我只係想你問我一個問題。任何問題都得。
line:f716a163	I knew you were too busy, so I figured I'd bring the date to you!	我知你太忙，所以諗住將個約會帶過嚟畀你！
line:2461773d	I knew you'd have my back	我就知你會撐我。
line:6a671440	I know a decent equine-kin place by the pier.	碼頭附近有間馬族餐廳，幾唔錯。
line:50102b85	I know he can be a bit hot headed and forget to thank folks.	我知佢有時脾氣急，會唔記得多謝人。
line:83c55e2e	I know things can be tough.	我知有時真係唔容易。
line:2ffb026d	I know you need to close down shop. I'll make sure you get the address and we can meet up there, yeah?	我知你要收舖。我會畀個地址你，我哋喺嗰度見，好嗎？
line:ded99a0c	I know, I'll reserve your spot!	我知，我幫你留位！
line:59e503b2	I know. But the ability to open up to someone, even occasionally-	我知。不過能夠向人敞開心扉，即使只係偶爾——
line:d30ffec9	I know. I know I shouldn't be dumping this on you.	我知。我知唔應該將呢啲煩惱都倒畀你。
line:875048ca	I know. I know.	我知，我知。
line:7b59e4d6	I like how sure of yourself you are. Even if it just has to do with washing.	我鍾意你咁有自信。即使只係沖涼方面。
line:46061aae	I like it! I think you'd enjoy it too.	我幾鍾意！我諗你都會鍾意。
line:f4ad8ea6	I like taking care of you.	我鍾意照顧你。
line:8ffedb47	I like the mount you chose. Mind grabbing it?	我鍾意你揀嗰個交配架。可唔可以攞過嚟？
line:5c86951f	I like you a lot.	我好鍾意你。
line:a91980fc	I like you for who you are.	我鍾意嘅係你本身。
line:bdca3e1b	I like... him.	我鍾意嘅係……佢。
line:2b65bf83	I love bubbles, they tickle!	我好鍾意泡泡，痕痕哋，好好玩！
line:f8a4f404	I mean it. Really.	我認真㗎。真係。
line:ae719afc	I need to be better. I <i>want </i>to be better.	我需要改好啲。我<i>想</i>改好啲。
line:a0373456	I need to be spotless. Seems that's what you're for. <size=70%> Ha.	我要洗到一塵不染。睇嚟呢個就係你嘅工作。<size=70%>哈。
line:3da2dd1d	I never expected myself to confide such embarrassing things in someone.	我從未諗過，自己會向人傾訴咁難堪嘅事。
line:0c986dec	I never expected you to be the type to be so messy!	估唔到你會搞到自己咁污糟！
line:95db900b	I never miss a spot.	我從來都唔會漏洗。
line:d620d41a	I never thought someone like him would be my type...	我從來冇諗過，自己會鍾意佢嗰類型……
line:67592de1	I probably need to head out though.	不過我都應該走喇。
line:e41c6dc5	I really do hope it all works out!	真係希望一切順利！
line:a722aada	I really think it was this time...	今次我真係覺得係……
line:e80e5edd	I see what you're doing, thank you.	我明白你嘅用意，多謝。
line:cc6ec337	I see..	我明白……
line:d57520b1	I seem to have gotten myself covered in ink!	我似乎搞到自己成身墨水！
line:3b161cf3	I still need more!	我仲要！
line:47dc71f3	I suppose I understand disliking the mess it may cause.	我諗我明白，落雨搞到周圍污糟，會令人唔鍾意。
line:234ccfda	I suppose it depends on the circumstances.	我諗的確要睇情況。
line:910706c0	I think a movie could be fun!	我諗睇戲會幾好玩！
line:99bbb171	I think he was in a bad environment. He's doing better now.	我諗之前佢身處嘅環境唔好，而家好咗。
line:9247b7a0	I think he'd like the new you!	我諗佢會鍾意而家嘅你！
line:f4982dcd	I think he's got a crush on me.	我諗佢暗戀我。
line:fc6fdd10	I think I can still feel some explosion grime on me...	我好似仲感覺到有啲爆炸嘅污垢留喺身上……
line:4efc873f	I think I like being taken care of?	我諗，我鍾意畀人照顧？
line:f5d36d9a	I think I might be close..	我諗我可能就嚟喇……
line:52fc4e08	I think I'd like that!	我諗我會好鍾意！
line:5c78099a	I think I'd like to meet him!	我想識吓佢！
line:14e0edf6	I think I'd like to try!	我想試吓！
line:164df75a	I think I'd like to use it?	我諗……我想用吓？
line:4f6168aa	I think I'd like to use it?	我諗……我想用吓？
line:ab314624	I think I'd like to?	我諗……我想試吓？
line:170c6aa3	I think I'd like you to be that someone aswell.	我都想嗰個人係你。
line:8f46bb17	I think I've got it!	我諗我識喇！
line:a5e128e0	I think she's upset about something else...	我諗佢係為咗第二啲嘢嬲……
line:bc2545e7	I think she's upset about something else...	我諗佢係為咗第二啲嘢嬲……
line:335c5156	I think so!	我諗係呀！
line:3292625e	I think that would make a decent place! They put on good shows every night.	我諗嗰度唔錯！晚晚都有好表演。
line:eaafe671	I think you got every spot!	我諗你洗齊晒喇！
line:1760e5d5	I think you got every spot.	我諗你洗齊晒喇。
line:341175f7	I think you got every spot.	我諗你洗齊晒喇。
line:770e7473	I think you got every spot.	我諗你洗齊晒喇。
line:f4a8f7fc	I think you helped him a lot more than you realize.	我諗你幫佢嘅，比你自己以為嘅多好多。
line:f28fd15d	I think you missed a few spots still...	我諗仲有幾個位未洗……
line:77509e74	I think you're cool too. Self improvement is hard.	我都覺得你幾好。改變自己唔容易。
line:763c6a82	I think you're good looking.	我覺得你好好睇。
line:69e7dbb3	I think you're pretty cool, Conrad.	康拉德，我覺得你幾型呀。
line:9c393f61	I think you're special too.	我都覺得你好特別。
line:7d5ae3b4	I usually make do with a hose down at home...	平時我喺屋企用水喉沖吓就算……
line:c4fc9b28	I wanna talk face to face!	我想面對面傾偈！
line:548dc375	I want to be more open. It feels good.	我想更加坦誠。感覺好好。
line:e02f464d	I was helping the alchemist reach a high shelf	我幫緊鍊金術師攞高層架啲嘢。
line:fa97376e	I was helping the alchemist reach a high shelf	我幫緊鍊金術師攞高層架啲嘢。
line:bb015b1b	I was romping around the forest	我喺森林跑嚟跑去。
line:78e2cb13	I was thinking about what you said,	我諗緊你講過嘅嘢，
line:b8282714	I was thinking.	我諗緊。
line:ca616238	I was thinking. We could go out some time next week?	我諗緊，不如下星期搵日出去？
line:a13d76ec	I was thinking...	我諗緊……
line:c1a4edf0	I wasn't making her happy either.	佢同我一齊都唔開心。
line:a4214fe6	I went out of my way for a discrete washing, I was sure I wasn't followed.	為咗低調沖個涼，我都費咗一番工夫，而且確定冇人跟蹤。
line:db5cd152	I went out with some friends.	我同幾個朋友出咗去玩。
line:b6b9dc33	I will pay double. Triple- This is a job only you can do!	我付雙倍。三倍——呢件事只有你先做得到！
line:0c31345e	I will, thanks.	我會㗎，多謝。
line:fa41daf4	I will. I just need a quick wash, and wouldn't mind using the mount today.	我會㗎。我想快快沖個涼，今日用埋交配架都唔錯。
line:399457b7	I wish it was easy as it is in movies.	如果好似電影咁簡單就好喇。
line:2185f08c	I won't.	我唔會。
line:45950848	I would like that!	我會好開心！
line:099ec7fd	I would love to.	我好想。
line:e6006cd6	I wouldn't mind!	我冇問題！
line:81905be1	I'd like to go out to eat.	我想出去食飯。
line:75b152eb	I'd love to talk more, truly, but class is soon.	我真係好想再傾，不過就嚟上堂喇。
line:2fe8a558	I'd love to!	我好樂意！
line:87ba56cc	I'll be back again, yeah?	我會再嚟㗎，好嗎？
line:ca035ef2	I'll be back again. It's nice having you as a friend.	我會再嚟。有你呢個朋友，真係好。
line:0fcd9c26	I'll be back soon, yeah? Thanks for the wash.	我好快會再嚟，好嗎？多謝你幫我清洗。
line:d9f422eb	I'll be waiting at the bar for you tonight!	今晚我喺酒吧等你！
line:69dff2ec	I'll be waiting for the gate!	我等你開閘！
line:ae4d09f6	I'll be waiting for the gate!	我等你開閘！
line:ab616aac	I'll definitely keep this place in mind.	我一定會記住呢度。
line:b122441b	I'll get one ordered I promise!	我會訂返個，我應承你！
line:1642b6f1	I'll get out of your scales now. Thank you for the wash.	我而家唔阻你喇。多謝你幫我清洗。
line:707d2693	I'll get out of your scales...	我唔阻你喇……
line:ca480eed	I'll get you two in contact then.	咁我幫你哋交換聯絡方法啦。
line:59416000	I'll go get the gate for ya'	我幫你開閘。
line:6aa7ad03	I'll go get the gate for ya'	我幫你開閘。
line:2a6d7e7d	I'll go get the gate for you.	我去幫你開閘。
line:8107858d	I'll go get the gate for you.	我去幫你開閘先。
line:d1755010	I'll go get the gate for you.	我去幫你開閘。
line:4d692a01	I'll go get the gate.	我去開閘。
line:a75bb519	I'll go get the gate.	我去開閘。
line:8689a124	I'll happily get that for you.	我好樂意幫你攞。
line:48e99d7b	I'll have to close up shop first-	我要收舖先——
line:f2b894e2	I'll have to reserve your spot while you close up.	你收舖嗰陣，我幫你霸定位。
line:6c5e2459	I'll keep that in mind. I'm used to things being transactional.	我會記住。我慣咗凡事都有條件交換。
line:956a0f47	I'll make sure to ask him next time I see him.	下次見到佢，我一定會問吓。
line:e64d21e4	I'll make sure to come back.	我一定會再嚟。
line:7c9fe106	I'll make sure to get out of your scales.	我唔阻你喇。
line:87006442	I'll make sure to tell others about this place	我一定會介紹其他人嚟呢度。
line:1db78e06	I'll make sure to tell you how it goes, yeah?	到時點樣，我一定話你知，好嗎？
line:49b6a167	I'll make sure you're <i>spotless.	我一定幫你洗到<i>一塵不染。
line:96981b61	I'll manage.	我會捱得過。
line:9aa97614	I'll need this to be swift, students won't teach themselves.	麻煩盡快，學生唔會自己教自己。
line:9ef857c8	I'll need to resurrect Igwix, oh how embarrassing!	我需要復活伊格維克斯，真係難堪！
line:90a9a98e	I'll see you next time I come in, yeah?	下次嚟再見，好嗎？
line:d0f6a49a	I'll see you next time I come in, yeah?	下次嚟再見，好嗎？
line:160bf40f	I'll start prepping for it.	我會開始準備。
line:8af64cb8	I'll take care of this, don't you worry.	我會處理好，你唔使擔心。
line:e20c6391	I'll tell you in a bit. Could you just get the gate for now?	陣間話你知。可唔可以先開閘？
line:04c62f9b	I'm <i>spotless</i>.	我已經<i>一塵不染</i>。
line:629f8cff	I'm a bit of a big deal around there.	我喺嗰度都有啲名氣。
line:d9272031	I'm a dragon.	我係龍嘛。
line:675e7284	I'm a rule breaker!	我就鍾意打破規矩！
line:afcd5586	I'm a... kobold.	我係……狗頭人。
line:5d41b5d6	I'm all dirty still!	我仲成身污糟呀！
line:2f6eb3c3	I'm all soapy still!	我仲成身梘泡呀！
line:18707b19	I'm always happy to give you a wash!	幫你沖涼，我一直都好樂意！
line:3b01eb3b	I'm always happy to give you a wash!	幫你沖涼，我一直都好樂意！
line:d82b1a7d	I'm always happy to help. <i><size=70%> especially a big dragon.	我一向都好樂意幫忙。<i><size=70%>尤其係大龍。
line:46c6a3ed	I'm always happy to see you Ryan.	賴恩，見到你我就開心。
line:75206eee	I'm always happy to see you Ryan.	賴恩，見到你我就開心。
line:fa6e232e	I'm always happy to see you. I'll go get the gate for you.	見到你我就開心。我幫你開閘。
line:07e5fc05	I'm amazed!	真係令我大開眼界！
line:4586d55d	I'm an asshole. I know I am.	我係個仆街。我知自己係。
line:a6d46685	I'm certain he also finds you pleasant!	我肯定佢亦覺得你好討人喜歡！
line:ef399e26	I'm doing good!	我幾好！
line:a6c1f2f4	I'm excited for you!	我都戥你興奮！
line:94fbdbf0	I'm excited for you. I'll get the gate!	我都戥你興奮。我去開閘！
line:f83e4966	I'm excited to hear about it!	我好期待聽！
line:bd55b8f4	I'm excited to see them washing down the drain though.	不過我都好想睇住佢哋沖落去水位。
line:24832f01	I'm excited.	我好期待。
line:69f406a6	I'm excited.	我好期待。
line:a00f681d	I'm excited.	我好期待。
line:a0479425	I'm excited.	我好期待。
line:b5d7d26f	I'm excited.	我好期待。
line:d66b9155	I'm excited.	我好期待。
line:4e1b1d0a	I'm glad you derive enjoyment from this as well.	知道你亦都樂在其中，我好欣慰。
line:5db47405	I'm glad you enjoy him. I'm certain he finds you pleasant.	你鍾意佢，我好高興。我肯定佢亦覺得你好討人喜歡。
line:c56ee060	I'm glad you enjoy my crest.	好高興你鍾意我嘅徽飾。
line:f44a1493	I'm glad you trust me.	我好開心你信任我。
line:3a2ed5ef	I'm glad you two are working out though.	不過，好開心你哋相處得好。
line:c0972e81	I'm glad you two are working out.	好開心你哋相處得好。
line:34ba77b1	I'm glad you were able to make the choice that was best for you.	好高興你可以作出對自己最好嘅決定。
line:d5a90e1c	I'm glad!	我好開心！
line:286fec49	I'm glad.	咁就好喇。
line:42f5fd9d	I'm glad.	咁就好喇。
line:99b6dc81	I'm glad.	咁就好喇。
line:570d4953	I'm happy for you!	真係替你開心！
line:ac6d5bd3	I'm happy for you!	真係替你開心！
line:ed5c40ca	I'm happy for you!	真係替你開心！
line:79099951	I'm happy to be here too.	我亦好高興喺度。
line:99fd9b51	I'm happy to give you a place you can relax.	可以畀你一個放鬆嘅地方，我好開心。
line:5d36d5c8	I'm happy to have met you.	好高興認識咗你。
line:ce21622a	I'm happy to hear that.	聽到你咁講，我好開心。
line:69963a6c	I'm happy you feel comfy here.	你好自在，我都開心。
line:38388248	I'm here for a wash.	我嚟清洗。
line:a6974256	I'm here if you need someone to talk to.	你需要搵人傾偈，我喺度。
line:6690512d	I'm impressed.	真係佩服你。
line:2e424b13	I'm in need of another wash.	我又要沖涼喇。
line:ef91a572	I'm Jealous!	好羨慕呀！
line:a79b8639	I'm just happy I don't feel judged here.	喺呢度唔使驚畀人批判，我已經好開心。
line:8076eb95	I'm just here for a wash though.	不過我只係嚟沖涼。
line:c2caa0b7	I'm just here to bring you food!	我只係嚟送嘢食畀你！
line:ec6c7823	I'm just... Happy.	我只係……好開心。
line:ed4b0d48	I'm kind of excited.	我有啲期待。
line:266c652e	I'm looking forward to seeing you again	我好期待再見到你。
line:e91e2041	I'm not <i>that</i> little-	我都冇<i>咁</i>細隻——
line:cf05a364	I'm not certain why I suddenly understand your 'Yips'	我唔明白，點解突然聽得明你啲「吱」。
line:dcc4774b	I'm not too sure. It was on sale at WingCo.	我都唔係好清楚。喺 WingCo 減價買㗎。
line:5b31909a	I'm only doing what I think is right.	我只係做自己覺得啱嘅事。
line:7fe349d7	I'm profoundly embarrassed by this whole ordeal.	成件事令我非常難堪。
line:cfaffc52	I'm pumped.	我好興奮。
line:c0a140f8	I'm really fond of letting folks ride on my back.	我好鍾意畀人騎住我個背周圍行。
line:1a5e6184	I'm really looking forward to this.	我真係好期待。
line:8b43a434	I'm really sorry you got hurt. Who did this?	見你受傷，我真係好難過。邊個打你？
line:69ffe957	I'm so excited about this date!	我好期待今次約會！
line:e6290003	I'm so excited. I'll get you two in contact!	好期待呀。我幫你哋交換聯絡方法！
line:e8611ad0	I'm sorry for dumping that all on you earlier.	頭先將啲煩惱倒晒畀你，唔好意思。
line:e613b1c3	I'm sorry I snapped at you earlier.	頭先對你發脾氣，對唔住。
line:de208e68	I'm sorry you got hurt...	見你受傷，我好難過……
line:4843bb47	I'm still very muddy, if you could soap me up that'd be great.	我仲有好多泥，你幫我搽啲番梘就最好。
line:51d4e418	I'm such an idiot.	我真係蠢到死。
line:32114891	I'm sure nobody will know...	我肯定唔會有人知道……
line:17a05c96	I'm sure we'll figure something out! just meet me at the pier!	我哋實諗到嘢做！喺碼頭等我就得！
line:8136ef1a	I'm surprised how nice it is.	估唔到會咁舒服。
line:722c6ab2	I'm thinking a date soon.	我諗遲啲約個會。
line:3471e9b1	I'm trying my best.	我盡緊力㗎喇。
line:01492e5e	I'm trying not to be pushy.	我努力緊唔好再迫人。
line:4d6cd625	I'm trying to get away from the house for a bit.	我想離開屋企一陣。
line:c1ef777a	I'm unsure why speaking with you is so easy.	我唔明白，點解同你傾偈會咁輕鬆。
line:822c0718	I'm very excited.	我好期待。
line:ddab3d34	I'm very satisfied with these results..	呢個成果令我非常滿意……
line:03eb977c	I'm well aware. A deep clean has a distinct feel!	我好清楚。深層清潔嘅感覺，的確與別不同！
line:f9193c0d	I'm willing to do it. But I'd like something new.	我肯慢慢處理。不過都想有啲新開始。
line:63981253	I'm... Happy.	我……好開心。
line:f80bd44b	I'm... not certain I'd like to use this today.	我……唔肯定今日想唔想用呢樣嘢。
line:d422462e	I'm... not sure I can answer that for you.	我……唔肯定可以幫你答到。
line:8f107933	I'm... Rather close now	我……而家就快到極限喇。
line:24c52c54	I'm... wondering...	我……想知……
line:6bbd7f1d	I've always hated the rain.	我一向都好憎落雨。
line:b4353808	I've always loved giving my biped friends rides...	我一向都好鍾意載住兩條腿嘅朋友……
line:9541fceb	I've been considering asking you this for a while now.	呢個問題，我考慮咗好一段時間先問你。
line:505154a4	I've been thinking...	我一直諗緊……
line:58b4f5fb	I've been told it's polite to talk to smaller folk face to face.	人哋話，同細隻過自己嘅人講嘢，面對面先有禮貌。
line:2c560e29	I've been trying to get into the social sciences aswell.	我亦都嘗試涉獵社會科學。
line:b4a29141	I've got a guy who can drop a gift by tomorrow that would spruce things up.	我識個人，聽日可以送份禮物嚟，幫呢度添啲新意。
line:212f0021	I've had a lot of free time lately.	最近多咗好多空閒時間。
line:701b9feb	I've had a lot of free time lately.	最近多咗好多空閒時間。
line:79da763f	I've had a lot of free time lately.	最近多咗好多空閒時間。
line:3c4443fd	I've seen bigger	我見過更大嘅。
line:d7a90078	I...	我……
line:393d0e05	I... hm.	我……嗯。
line:0da5609b	I... Know this is unprompted.	我……知呢句有啲突然。
line:5cfb94b9	If a relationship is <i>so</i> bumpy and you know its going to end.	如果一段感情<i>咁</i>唔順利，而你知道遲早會分開。
line:b2f52b23	If I could uhm...	我可唔可以，呃……
line:b4990e3d	If I'm honest. I've had a crush on you for a bit.	老實講，我暗戀咗你一陣喇。
line:7c13c28e	If only.	如果有就好。
line:a56c5621	If someone like Ryan is interested, you're doing great.	連賴恩咁好嘅都對你有興趣，你做得好好喇。
line:52f28749	If we're caught violating another policy my reputation would be in ruins!	如果再被發現違反規則，我嘅聲譽就毀於一旦！
line:83f511d2	If ya' place the mount for me I'll have at it.	你幫我擺好個交配架，我就即刻上。
line:7ead92b1	If you could come up front so I could talk.	可唔可以行返前面，等我講嘢？
line:e78656aa	If you could come up to where I can see you.	可唔可以行過嚟，等我望到你？
line:9a013329	If you wanna talk about it more, I've got a minute.	如果你仲想傾，我有少少時間。
line:3d014153	If you want to use it that's fine!	你想用就用啦，冇問題！
line:a9eb9a76	if you're seeing this please grab nael or submit a bug report	如果你見到呢句，請搵 nael 或提交錯誤報告。
line:b9ab4eed	Im not complaining though.	不過我冇投訴。
line:27340362	In a bad way?	唔好嗰方面？
line:2019bb85	In a good way?	好嗰方面？
line:91d5fb72	Incredible!	難以置信！
line:61c8781b	Indeed! You're the only kobold I wish to wash me now.	正是！而家我只想由你呢位狗頭人幫我清洗。
line:a5979ac9	Indeed, you must know of my crest! I teach alchemy.	正是，你一定認得我嘅徽飾！我教鍊金術。
line:dd9d30d2	Indeed. I'm glad you were able to help.	的確。好高興當時有你幫忙。
line:fd5ddfcb	Indeed. You're an excellent person to be around.	正是。同你相處，感覺非常好。
line:78c9b5cc	Is everything okay?	你冇事吖嘛？
line:bea8f1f7	Is something on your mind?	你有心事？
line:6b6dd8bc	Is that a good thing...?	係好事嚟……？
line:848727f2	Is that a threat...?	你威脅我……？
line:db302830	Is that why you came in the first time?	所以你第一次先會嚟呢度？
line:00e41343	Is this good?	咁樣舒唔舒服？
line:7982d3d8	Is this the right place?	係咪呢度呀？
line:c48f59a9	Is this the right place?	係咪呢度呀？
line:b05f6eea	Isn't that... Wood?	嗰啲唔係……木嚟咩？
line:bf137cb4	It arrived this morning, it should be near the gate.	今朝已經送到，應該喺閘口附近。
line:5080b6dd	It depends! Dragon thing.	睇情況啦！龍嘅習慣。
line:34cf0601	It did! Thanks for asking.	好順利！多謝你關心。
line:900dca3c	It does wonders.	都已經大有幫助。
line:cfd504c5	It does wonders.	都已經大有幫助。
line:ac13bf68	It is indeed rather cool.	的確相當唔錯。
line:ea445b46	It is rather novel isn't it?	的確好新鮮，對嗎？
line:56d34a41	It is? Good to know...	係咩？知道都好……
line:b058318f	It means you're doing a good job in kobold.	狗頭人語嚟講，即係你做得好好。
line:13c906c7	It really has been. You're wonderful.	真係㗎。你好好。
line:b032bfb1	It turns out baking is messy!	原來焗嘢食會搞到成身污糟！
line:da4f12a1	It turns out baking is messy!	原來焗嘢食會搞到成身污糟！
line:e106207b	It turns out baking is messy!	原來焗嘢食會搞到成身污糟！
line:e0c8c57b	It was good. We had sex.	幾好。我哋上咗床。
line:681117ec	It was great. Conrad is wild. Good wild.	好好。康拉德好狂野，係好嗰種。
line:28eee9f5	It went great!	好順利！
line:92bfe06c	It went great!	好順利！
line:a5d2b991	It went well.	幾順利。
line:1ab5969b	It would be a... date. As most would say.	即係……約會。一般人會咁稱呼。
line:8440a3f4	It's a regrettable state I find myself in...	搞到自己咁嘅模樣，真係遺憾……
line:1706e86d	It's also new to me...	我都未試過……
line:c1b8e62b	It's always good when a kobold knows what they like.	狗頭人知道自己鍾意乜，真係好事。
line:deffce5c	It's crazy how much your neck can handle.	你條頸塞得落咁多嘢，真係誇張。
line:2e182063	It's difficult to find folks that are outside of my current bubble.	要識到自己圈子以外嘅人，幾難。
line:48cfc92b	It's endearing!	好可愛！
line:5b6f00bd	It's fine.	唔緊要。
line:13dc0f15	It's fine. I close in about an hour.	唔緊要。我仲有大概一個鐘先收舖。
line:23ac92c8	It's freeing. I'll be back, yeah?	感覺好自由。我會再嚟，好嗎？
line:de9fdb93	It's hard to hold back..	好難忍……
line:9ebea3d0	It's hard to not be nervous after everything...	發生咗咁多事，唔緊張都難……
line:ec8243d8	It's interesting; you bipeds tend to savor your meals.	好有趣，你哋兩條腿行路嘅，通常會慢慢品嚐啲嘢食。
line:d50cb509	It's just that something happened to Conrad, I hope he's okay.	只係康拉德出咗啲事，希望佢冇事。
line:bee6c7dd	It's just that...	只係……
line:3b76093c	It's made for eating things whole.	條頸天生就係用嚟成件吞嘢㗎。
line:19f36dc0	It's my dream.	教書係我嘅夢想。
line:18db795f	It's never easy to end things.	要結束一段感情，從來都唔容易。
line:049fb01f	It's nice to have friends to rely on.	有朋友可以依靠，真係好。
line:ed69e3a1	It's nice to relinquish control, even for a moment.	放低控制權，哪怕只係一陣，都幾舒服。
line:e9d34ea0	It's no biggie. It sounds like everyone is fine.	小事啫。聽落大家都冇事。
line:7e511da7	It's okay!	唔緊要！
line:b14d8520	It's okay, you sound like you need it.	唔緊要，聽落你需要搵人傾吓。
line:50b95260	It's okay. I needed to. She wasn't making me happy.	唔緊要。我需要咁做。同佢一齊，我唔開心。
line:47455767	It's okay. I'll figure something out.	冇事。我會諗到辦法。
line:9287c933	It's starting to feel like it's <i>my</i> fault.	開始覺得，係<i>我</i>自己有問題。
line:7ab244af	It's the best way to enjoy food.	咁樣先係享受食物嘅最佳方法。
line:0b7589ff	It's the mount you asked for.	就係你要嘅交配架。
line:a5780e74	It's wonderful to be back!	返到嚟真係好！
line:649e8eb3	Its a nice get away from everything out there.	可以暫時唔理出面啲煩惱，真係幾好。
line:d0361dd9	Its like an equine fusion thing...	算係馬族融合菜嗰類……
line:df86a610	Jokes aside, your wash is definitely the best.	講笑啫，你呢度真係洗得最好。
line:7fe40d2b	Just a rough day. Hoping this helps!	今日有啲難捱。希望沖完會好啲！
line:ce77a00e	Just did!	啱啱傾完！
line:7c93c604	Just doing my job!	做好自己份工啫！
line:fa0a9fbb	Just having fun.	玩吓啫。
line:9e9425cd	Just possibly...	有冇可能……
line:1d73a343	Just some drake at the bar. Was stupid... Couldn't shut my mouth.	酒吧一條龍啫。我太蠢……把口停唔到。
line:ecb9a15d	Just touch me with your hand and I'll try to help.	用手掂吓我，我會盡量配合。
line:14209365	Just uhm... Don't tell anyone I'm saying all this.	只係，呃……唔好同人講我講過呢啲。
line:3bac1dad	Just... open the gate.	總之……開閘啦。
line:4f826403	Keep going a little longer please	唔該再繼續多陣。
line:087039ba	Keep going.	繼續。
line:d8f92323	Kinda! I've been getting out more.	算有啦！我近排多咗出去。
line:b965b4dd	Knock that off, we're not done yet. Right?	唔好撳住，我哋仲未洗完，係咪？
line:d9d276bb	Kobolds always seem enamored by me eating.	狗頭人好似成日都睇我食嘢睇到入晒迷。
line:0274cacd	Kobolds are very flexible. It will fit.	狗頭人身體好有彈性，放得入㗎。
line:20cb68b9	lemme in?	畀我入嚟？
line:41d5085a	Let go whenever you are ready.	你準備好就射啦。
line:29a77d09	Let me give it a try!	畀我試吓啦！
line:265e14cb	Let me know when you're finished rinsing.	沖完水請話我知。
line:0e1fd4b0	Let the <i>big C</i> out of this place!	畀<i>大 C</i>出去啦！
line:f7382398	Let's get going~!	開始啦～！
line:c50535b3	Let's have it!	射嚟啦！
line:9accd60e	Lets wash it off for our date tonight then.	咁為咗今晚約會，洗走佢啦。
line:7ce1b833	Like what?	點食呀？
line:cb91e703	Like, I love those around me, but there's a lot of baggage there.	即係，我好鍾意身邊嘅人，不過當中有好多包袱。
line:aa1c54ab	Like, in general.	即係，所有嘢。
line:bbe51f87	Like, in general.	即係，所有嘢。
line:7b7b0a3f	Like, the future of my relationships.	即係，之後嘅感情生活。
line:db79a905	Like... a lemon?	即係……檸檬？
line:ffd7dcc4	Like... An asshole? I know I'm miserable to be around.	即係……咁乞人憎？我知同我一齊好難頂。
line:a0a0a49c	Like... sexual stuff?	即係……性服務？
line:9becd177	Look at me! I'll be the laughing stock of my students.	睇吓我！我會成為學生嘅笑柄。
line:9711cf03	Lookin' for a hose down. Wouldn't mind using the mount aswell.	我想沖吓水。順便用埋交配架都好。
line:abdb5822	Looking forward to seeing ya'	期待下次見到你。
line:5c335985	Looking forward to seeing you soon.	期待好快再見到你。
line:1d0abc80	Looking forward to the wash.	期待你嘅清洗。
line:646279a0	Looks like it.	睇落係。
line:b6093881	Looks like ya' got a shipment, eh?	睇嚟你收咗貨喎？
line:f1fc3e3c	Luckily death via spontaneous combustion is a concept we have thoroughly curtailed in the modern world.	幸好喺現代世界，自燃致死嘅情況已經大大減少。
line:d2ba8ba9	Made a bit of a mess... Still worth it.	搞到有啲污糟……不過值得。
line:301e8665	Make haste! My reputation is on the line.	請快啲！我嘅聲譽岌岌可危。
line:5072cc60	Make sure you're very clean. <size=70%><i>hehe.	記得洗乾淨啲。<size=70%><i>嘿嘿。
line:da21cf49	Makes sense! Yeah tiny drakes are fun.	明白！細隻龍係幾好玩。
line:22b2643b	Makes sense.	有道理。
line:e7f0e9ed	Makes sense.	有道理。
line:89c9a73b	Many think it's part of my body.	好多人以為係我身體一部分。
line:d7bcbe29	Max says I'm a clumsy dragon,	麥斯話我係條論盡龍，
line:db986d0d	May you open the gate?	可否幫我開閘？
line:76a97730	Maybe later...?	或者遲啲……？
line:08a422ba	Maybe like...	或者……
line:6f293b7a	Maybe someone new...	或者識個新對象……
line:d2558a04	Maybe someone?	或者識個新人？
line:67a46ddc	Maybe we can hang out later?	或者遲啲可以一齊玩？
line:5691478f	Maybe we could just... Walk?	或者我哋可以……行吓？
line:7734bf93	Me too, thanks!	我都係，唔該！
line:627a13e4	Me too.	我都係。
line:d3c733f5	Me too.	我都係。
line:ffa63d1b	Me too.	我都係。
line:040ee2a7	me too.	我都係。
line:d13cd125	Me.	自己。
line:14e7b293	Me?	我？
line:b9cb051a	Means I'm ready to go on a date with a certain kobold.	即係我準備好，同某個狗頭人去約會。
line:e5da247d	Means you know how to get hands on!	即係你知點親自落手啦！
line:171707d2	Mhm!	嗯！
line:11306335	Mhm! Come back anytime.	嗯！隨時再嚟啦。
line:69dd6a73	Mhm! he's trying to meet new people.	嗯！佢都想識新朋友。
line:da17b746	Mhm! I'm <i>the</i> kobold!	嗯！我就係<i>嗰個</i>狗頭人！
line:a0cb3f78	Mhm! that's him.	嗯！就係佢。
line:164fdb01	Mhm, he's trying.	嗯，佢努力緊。
line:1a663dcf	Mhm, right this way.	嗯，呢邊請。
line:3cd8a8bd	Mhm... Thank you.	嗯……多謝。
line:4546abce	Might seem kinda weird to ask now. Buuuut.	而家問可能有啲怪。不過……
line:57d8b72a	Mind opening the gate to let me out?	可唔可以開閘畀我出去？
line:b2a507ab	Mind opening the gate to let me out?	可唔可以開閘畀我出去？
line:6d726280	Mind washing more?	可唔可以再洗吓？
line:c8281b83	Mmm, I understand that to mean you'll get the gate?	嗯，我理解為你會去開閘，對嗎？
line:dd0c77ae	Mmm, Yeah I know the type.	嗯，係呀，我知呢類型。
line:d8cafcc7	mmm..	嗯……
line:729cea0c	Mmmhm, I always do my best.	嗯，我一直都盡力做到最好。
line:f36b8b76	Mmmhm. I'll work on my sleep schedule...	嗯。我會調整吓瞓覺時間……
line:d38efb75	Mmmmhm, gotta prep for a date with him.	嗯，要為同佢約會做好準備。
line:a78dd44b	mmph! (Yea!)	唔唔！（係呀！）
line:b132719c	Mmph- Hm?	唔——嗯？
line:16ee6b14	Money... mmm...	錢……嗯……
line:d8cc8048	Most people do!	大部分人都鍾意㗎！
line:3d723db0	Must mean you two are a good match.	即係你哋兩個好合襯。
line:9ca994a5	My bad	我唔啱。
line:aaecba3d	My bad	我唔啱。
line:fedbf70c	My colleague, professor Igwyx, wished to use me as a platform.	我同事伊格維克斯教授，想借我當踏台。
line:08af3902	My date with Ryan was...	我同賴恩個約會……
line:116b5405	My date with Ryan was...	我同賴恩個約會……
line:e26c3b65	My first ever Yarn script in Unity!	我喺 Unity 入面嘅第一個 Yarn 劇本！
line:f15b014f	My names Ryan. So...	我叫賴恩。咁……
line:e4aced7b	My students could learn a thing or two from your work ethic!	你嘅工作態度，我啲學生真係應該學吓！
line:dfe74420	My-	天——
line:9b915bf2	Nah.	唔鍾意。
line:c3642dec	Nah.	唔係。
line:393c128a	Never cleaned a teacher dragon... woah.	未幫過龍老師沖涼……嘩。
line:a99b03ed	Never tried it.	未試過食。
line:6df809e1	Nevermind. Could you get the gate?	算啦。可唔可以開閘？
line:d3a50f3f	Next time I come in for a wash we'll go.	下次我嚟沖涼，我哋就去。
line:ac5afd96	Next time I come in I'll have reservations!	下次嚟，我就訂好位喇！
line:8990fcc9	Nice! Whats with all the... Gloop?	好呀！咁你身上啲……黏糊糊嘅嘢係乜？
line:1d4b8528	Nice. Gotta open the gate though. Let Conrad in!	好。不過要開閘先。畀康拉德入嚟啦！
line:acab92d4	Nnf... I believe I needed that. Thank you.	嗯……我相信自己真係需要。多謝你。
line:8fe11008	Nnnf... That was way better than those berries.	嗯……爽過頭先啲莓好多。
line:b251704a	No	唔會。
line:e05c2dca	No	冇。
line:dc86c2de	no	冇
line:5794ea87	No amount of justification makes it feel good though.	不過幾多理由，都唔會令分手變得好受。
line:5a5ec440	No I actually just got it	唔係，其實我啱啱先攞到。
line:cd5f07ca	No more excuses.	唔可以再搵藉口。
line:4b38230f	No need for thanks. I'll get the gate.	唔使多謝。我去開閘。
line:11604fbd	No need to be nervous, Alexander!	亞歷山大，唔使緊張！
line:eefef647	No need to be.	唔使覺得難堪。
line:73ea230a	No no, you're a certified cleaner yeah?	唔唔，你係有牌嘅洗龍師傅，係咪？
line:743c64e6	No not really.	唔算冇事。
line:50feefe8	No problem!	冇問題！
line:1a9a36e1	No problem! Can't wait for you to meet Conrad.	冇問題！好想快啲見到你識康拉德。
line:0a9993d2	No problem, thanks!	冇問題，唔該！
line:10bdb3a4	No problem, thanks!	冇問題，唔該！
line:3a8f65fa	No problem.	冇問題。
line:ee3d0ee4	No problem. Let me get that gate for ya'!	冇問題。我幫你開閘先！
line:eedccaec	No way.	唔係吓嘛。
line:f0351f0c	No way.	唔係吓嘛。
line:d726f776	No worries,	唔緊要，
line:12b7a5b3	No! I mean, yes, but for the sake of my reputation could you please keep my incursion here to yourself.	唔係！我意思係，係，不過為咗我嘅聲譽，麻煩唔好同人講我嚟過。
line:f7f963e3	No, I am.	唔，我確實好污糟。
line:54faa7c0	No, I don't think I do.	冇，我諗唔使。
line:38419d8b	No, it's not. No more excuses.	唔，唔係冇所謂。唔可以再搵藉口。
line:cd9b2a8f	No, thank you. I'm... Really excited.	唔，係我多謝你。我……真係好期待。
line:1af1ad05	No, we don't offer things like that here.	唔係，我哋呢度冇呢類服務。
line:cb7e94e5	no.	唔係。
line:6128a09c	No. A lime that is yellow.	唔係。黃色嘅青檸。
line:de25dacd	No. I'm not. Do you have a medkit or not?	有事呀。你到底有冇急救箱？
line:1cc64bcf	No.. No it's fine... thank you.	唔……唔使，冇事……多謝。
line:525f5744	Nope	唔記得。
line:fbd2c3e7	Nope.	未知。
line:5406ba8e	Normally I'd say yes to a mount. But, not right now.	平時我會想用交配架。不過而家唔係時候。
line:ab92da6a	Not anymore at least!	至少而家唔使擔心喇！
line:0cfcd179	Not for a date though.	不過約會就唔啱。
line:d1b90e2c	Not sure yet.	仲未諗定。
line:e9643b5d	Not yet.	仲未得。
line:326cc84d	Not yet. a little longer.	仲未得，再耐少少。
line:56a729f6	Nothing more attractive than a man who can improve!	識得改進自己嘅男人，最吸引！
line:b5dabf9f	Nothing more attractive than a man who can improve!	識得改進自己嘅男人，最吸引！
line:8a321997	Now I'm eyeballing the mount...	我而家掛住望個交配架……
line:5e0a6d7a	Now I'm out here, agh!	搞到我而家要嚟呢度，唉！
line:564a9606	Now they'll never need to know!	而家佢就永遠唔使知道喇！
line:d66b7986	Now!	而家！
line:63596bb3	Now, do you have a medkit or not?	而家，你到底有冇急救箱？
line:eefc4e9f	Now, lemme in! I want to try that thing out!	快啲畀我入去！我要試吓嗰樣嘢！
line:0554966a	Now, more food?	咁……再食啲嘢？
line:3fb3f8d4	Now, round two!	而家，第二回合！
line:12e6043e	Now... Food?	咁……食嘢？
line:5f8b2de4	oah. <size=70%>okay.	哦。<size=70%>好。
line:13223129	Of course	當然。
line:283e56d8	Of course I am! I know I'm very...	梗係啦！我知自己好……
line:5788e15c	Of course I do. I'm a <i>professional</i>.	梗係識。我係<i>專業人士</i>。
line:0b226939	Of course it is!	梗係唔介意！
line:f21dd9d4	Of course it is!	梗係唔介意！
line:642255fc	Of course!	梗係啦！
line:76f8c20c	Of course!	梗係啦！
line:877aced7	Of course!	梗係啦！
line:d2401e75	Of course!	梗係啦！
line:f9eb2b4a	Of course! Right this way!	梗係！呢邊請！
line:0d20d327	Of course! Thank you for the food.	梗係！多謝你啲嘢食。
line:4da976f5	Of course! You run a fine establishment.	當然！你間店經營得好好。
line:b629bcf2	Of course! You're wonderful.	當然！你好好。
line:b6c96475	Of course, you run a fine establishment.	當然，你間店經營得好好。
line:dd082478	Of course.	當然。
line:203cc3d2	Of course. One moment!	當然。等一陣！
line:fd145efe	Of course. Sorry you're going through all this.	當然。你要捱呢啲，真係辛苦你。
line:7305cdbc	Oh cool!	哦，幾好喎！
line:eb6ae4c3	Oh cool!	哦，幾好喎！
line:77c996e8	Oh damn! You really are adventurous!	嘩！你真係好敢試！
line:3fdb9d01	Oh fcuk something went wrong	屌，出咗問題。
line:9e403ecd	Oh fuck yeah.	哦，屌，正呀。
line:13c39c50	Oh fudge, forget I said that!	哎呀，忘記我啱啱講嗰句！
line:e722753e	Oh goodness no..	天呀，唔得……
line:55e3dd36	Oh hi! um..	啊，你好！呃……
line:e8ee5747	Oh hi! um..	啊，你好！呃……
line:b90f527f	Oh huh, that's the tiny drake I saw coming in a bit back yeah?	哦，係之前見到入嚟嗰條細細條嘅龍？
line:001ab950	Oh I heard good things about that.	哦，聽講嗰套幾好。
line:0a4a28c0	Oh I see the button there, gotcha!	哦，我見到嗰度個掣喇，明白！
line:c6b0b1aa	Oh like, swallowing things whole?	哦，即係成件吞落去？
line:10254d13	Oh my	天呀。
line:39f6c77d	Oh my bad	哦，我唔啱。
line:79511a66	Oh my bad	哦，我唔啱。
line:8cfbd75d	Oh my bad	哦，我唔啱。
line:cb71b2a1	Oh my bad	哦，我唔啱。
line:7d13eca0	Oh my- I didn't expect you to be so... hands on	天呀——估唔到你會咁……親自落手。
line:c60c65e8	Oh my. I suppose I could use the mount!	天呀。我諗可以用吓交配架！
line:433cb27e	Oh no! Do you want to talk about it?	唔係呀嘛！你想唔想傾吓？
line:d908622a	Oh no, Conrad. are you okay?	唔係呀嘛，康拉德，你有冇事？
line:bf977a7e	Oh okay. I'll go grab it.	哦，好。我去攞。
line:7428755b	Oh so it's new for both of us!	哦，咁我哋兩個都係第一次！
line:513bed5a	Oh so it's new to both of us!	哦，咁對我哋兩個嚟講都仲好新鮮喎！
line:4bad37a5	Oh that's good. I'm happy he's okay.	哦，咁就好。好高興佢冇事。
line:7d791906	Oh this is better, but I still feel dirty.	哦，好咗啲，不過我仲覺得污糟。
line:63926ecd	Oh we're done?	哦，洗完喇？
line:546d1bf2	Oh wow, you're really covered in it!	嘩，你真係成身都係！
line:b2d99a43	Oh wow..	哦，嘩……
line:e8052272	Oh yeah I liked the first one.	哦，係，我幾鍾意第一集。
line:a4a26529	Oh yeah, there's this nice place downtown called wings.	哦，係，市中心有間幾好嘅地方，叫 Wings。
line:d4d3ecd5	Oh yeah.	哦，係喎。
line:059142a3	Oh Yeah?	哦，係？
line:71053a53	Oh Yeah?	哦，係？
line:1121309c	Oh yeah?	係咩？
line:2b560f59	Oh yeah?	係咩？
line:2d2820b0	Oh yeah?	係咩？
line:6e82e54c	Oh yeah?	係咩？
line:b9d8a22f	Oh yeah?	係咩？
line:d8ce8566	Oh yeah?	係咩？
line:f103a4a8	Oh yeah?	係咩？
line:4f6344f1	Oh yeah? He sounds like a bit of a hothead.	係咩？聽落佢脾氣幾火爆。
line:60cdf456	Oh yeah? The little red drake?	哦，係咩？嗰條細細條嘅紅龍？
line:a9253dd8	Oh yeah? The sky blue drake I've seen around?	哦，係咩？我喺附近見過嗰條天藍色龍？
line:762882b4	Oh yeeeaaah?	哦，係咩～？
line:5d737ca7	Oh yes	係呀。
line:1c90fb6d	Oh you. Gonna make me blush.	你呀，講到我面紅喇。
line:7e3e59aa	Oh!	哦！
line:3605a48a	Oh! I think I've seen him. The tiny one, yeah?	哦！我好似見過佢。細細條嗰個，係咪？
line:3bc15278	Oh! No it wouldn't be. It's fun!	哦！唔會㗎。幾好玩！
line:c95a153d	Oh! nothing. I'll get the gate.	哦！冇嘢。我去開閘。
line:b6fb6fce	Oh! Okay. I'll get the gate!	哦！好。我去開閘！
line:4d3233a1	Oh! That's cold!	哦！好凍！
line:403f2ab7	Oh! Then I better let you in. I'll go get the gate.	哦！咁我快啲畀你入嚟。我去開閘。
line:0f2dc134	Oh! Yeah that makes sense...	哦！係呀，有道理……
line:1270a483	Oh, and I apologize for being absolutely filthy.	另外，我成身污糟，實在失禮。
line:7b5be1f8	Oh, and I've figured it where to go.	哦，仲有，我諗到去邊喇。
line:52fb116d	Oh, and seems I got some on my face. woops.	哦，好似沾咗啲上塊面。哎呀。
line:73a37947	Oh, awesome. I'm a big salmon guy.	哦，太好喇。我係個超鍾意三文魚嘅男人。
line:74c9c07b	Oh, like... working class?	哦，即係……工人階級嗰種？
line:e048566b	Oh, no.	哦，冇喎。
line:1a9e6537	Oh, no. Ryan is a sweetheart.	哦，唔會㗎。賴恩好溫柔。
line:5f6a124a	Oh, okay. Thanks.	哦，好。唔該。
line:17716b05	Oh, right. Sorry.	哦，係喎。唔好意思。
line:82ba64bf	Oh, sorry-	哦，唔好意思——
line:956e5c91	Oh, sorry.	哦，唔好意思。
line:54a8bb22	Oh, sure. Come on in.	哦，好呀。入嚟啦。
line:270276eb	Oh, that's my favorite part!	哦，嗰部分我最鍾意！
line:1ff9a04c	Oh, the crest around my head?	哦，圍住我個頭嘅徽飾？
line:ffed6d04	Oh, wonderful. Seem's we're similar.	哦，太好喇。睇嚟我哋幾似。
line:30e6b801	Oh, yeah!	哦，係呀！
line:bedeee82	Oh- Eager!	哦——好心急喎！
line:38b3c8c1	Oh- I mean. I'll go open the gate!	啊——我意思係，我去開閘！
line:714c180e	Oh- I'm glad!	哦——咁就好喇！
line:ccf87ea9	Oh- I'm not too interested in using that right now.	哦——而家我唔係太想用嗰個。
line:963981e4	Oh- I'm sorry for making a mess...	哦——搞到周圍污糟，抱歉……
line:8e407c6e	Oh- Not just the wash.	哦——唔單止沖涼。
line:ad31ec4c	Oh- Not just the wash.	哦——唔單止沖涼。
line:6866c2c9	Oh- Right now? 'aight I'm down.	哦——而家？得，我冇問題。
line:9a6dca4b	Oh- Ya. On it.	哦——係。我去開。
line:3b6d644d	Oh.	哦。
line:4399096b	Oh.	哦。
line:8441bf7b	Oh.	哦。
line:87233429	Oh.	哦。
line:e90fee8e	Oh.	哦。
line:ebd9b4d3	Oh.	哦。
line:8a79f72c	Oh. And one other thing.	哦，仲有一件事。
line:e8289be5	Oh. good.	哦，咁就好。
line:5442e228	Oh. Okay I'll go get the gate.	哦，好，我去開閘。
line:0da15c85	Oh. Okay.	哦，好。
line:73f7f13d	OH. RIGHT.	哦，係喎！
line:c35890c8	Oh. That's... Wonderful!	哦，咁真係……太好喇！
line:0ce8d5aa	Oh. Then yeah, we're open.	哦。咁係，我哋仲開緊。
line:52ed140c	Oh. Uhm. <size=70%>Good.	哦。呃。<size=70%>幾好。
line:780d0993	Oh. yeah. Sorry.	哦，係。唔好意思。
line:7f5113d5	OH. You're not used to eating them whole.	哦。你唔慣成隻食。
line:45bc649d	Oh...	哦……
line:0a093816	Oh... hah. I like that.	哦……哈。我鍾意。
line:f885f11d	Oh... I suppose this is alright~	哦……我諗咁都幾好～
line:7cd85c8e	Oh... I'm so sorry.	哦……真係替你難過。
line:8cc1aa72	Oh... yeah we don't have one.	哦……係呀，我哋冇。
line:f16d7940	Oh... Yeah, tinier dragons tend to... Compensate.	哦……係呀，細隻啲嘅龍通常會……喺第二度補返。
line:1d491283	Oh?	哦？
line:21c46e75	Oh?	哦？
line:fd8d786a	Oh?	哦？
line:0ce8d3c2	ohmygod I thought the egg was decorative.	天呀，我以為隻蛋係裝飾。
line:d9b26374	Ok I can do that	好，我做到。
line:1777121d	Ok I got this..	好，我忍得住……
line:f3af3ce8	Ok just tell me if you get uncomfortable or anything.	好，有唔舒服或者其他問題就話我知。
line:6c3a98cc	Ok lets wash it off for our date tonight then.	好，咁為咗今晚約會，洗走佢啦。
line:7a54a1e1	Okay	好。
line:f64a5b30	Okay	好。
line:249500dc	Okay!	好！
line:a327b5f9	Okay!	好！
line:ccaabca3	Okay!	好！
line:82d0ea81	Okay! I'll be back later then.	好！咁我遲啲再嚟。
line:3deb5f55	Okay! I'll go get the gate for you.	好！我幫你開閘。
line:9c3d6cb7	Okay! I'll see you soon.	好！遲啲見。
line:72e0348e	Okay, bye!	好，拜拜！
line:255362b9	Okay, Conrad.	好，康拉德。
line:0d16ab28	Okay, I'll be waiting. Thanks.	好，我等你。唔該。
line:155d1c64	Okay, I'll open the gate!	好，我去開閘！
line:886f5df2	Okay, I'll see you later!	好，遲啲見！
line:585d6a08	Okay, thank you.	好，唔該。
line:c298bc55	Okay, thank you.	好，唔該。
line:6acf71a3	Okay, thanks.	好，唔該。
line:8ed5a204	Okay- okay. I'll go get the gate.	好——好。我去開閘。
line:10b9a653	Okay- Thanks.	好——多謝。
line:00a81c16	Okay. I hope you're doing alright though.	好。不過希望你冇事啦。
line:118a51bb	Okay. I should probably get out of your scales.	好喇。我都係唔阻你喇。
line:a62e8112	Okay. I'll open up shop. Give me a sec.	好，我開返門。等我一陣。
line:9d434af5	Okay. I'll order a mount.	好。我會訂個交配架。
line:2f3b06de	Okay. Then I think I'd like to try.	好。咁我想試吓。
line:54ad4706	Okay...	好……
line:28311fbb	Omg you're hurt!	天呀，你受咗傷！
line:8b3abbf7	On it!	即刻嚟！
line:42e3eba2	Once I'm cleaned up I'm gonna head out and get our spot ready.	洗乾淨之後，我就出去準備好我哋個位。
line:1d4b8a1c	One thing led to another...	之後就順其自然……
line:c70bea2d	Only been cleaning for a few weeks now!	我都係做咗幾個禮拜咋！
line:5188bd4a	Only If that's alright-	如果你唔介意嘅話——
line:01505282	Only realized how much of a mess I made after Max yelled at me, haha.	直到麥斯鬧我，我先發現自己搞到幾污糟，哈哈。
line:828eed25	Oof... Needed that. Thank you.	呼……真係需要。多謝你。
line:2d40c69a	Oooh, alrighty.	哦……好呀。
line:99ff9e7f	Ooooh must be a big deal then.	哦……咁你一定好有分量喇。
line:e8ad4791	Ooooh.	哦……
line:64bfd62a	Oops, my bad.	哎呀，我唔啱。
line:0fa31c40	Our first meeting went great though!	不過我哋第一次見面真係好順利！
line:77cebc41	People tell me I've got a fat cock, is that true?	啲人話我碌鳩好粗，真唔真？
line:80de6c63	Perfectly clean again. Thank you for taking me in at this hour.	又回復一塵不染喇。多謝你咁夜仲肯招呼我。
line:f212528b	Phew! I had an accident that needs to be taken care of... discretely.	呼！我出咗意外，需要處理……低調處理。
line:b3c35166	Phew, I was worried I'd make another mess of things.	呼，我仲驚自己又會搞到周圍污糟。
line:314c3d8a	physically or emotionally?	身體定心情？
line:156e0b50	Picnic bathket-	野餐……籃——
line:0d9de1a1	player hooked up with conrad	玩家同康拉德配對
line:2cf1c95e	player hooked up with conrad	玩家同康拉德配對
line:c2529648	player hooked up with conrad	玩家同康拉德配對
line:f7fd34b2	player hooked up with conrad	玩家同康拉德配對
line:66e08b22	player hooked up with ryan	玩家同賴恩配對
line:78039fd1	player hooked up with ryan	玩家同賴恩配對
line:96a0c0c7	player hooked up with ryan	玩家同賴恩配對
line:9bade6d6	player hooked up with ryan	玩家同賴恩配對
line:0ddcd600	Please scrub Igwix off my back would you?	麻煩將伊格維克斯喺我背上洗走，好嗎？
line:0632acbf	Plus they feel really nice.	而且仲好舒服。
line:c7b8ba3d	Possibly...?	或者……？
line:637629a8	Pretty sure I can digest anything.	我諗自己乜都消化到。
line:65a41bc5	Pretty sure I'm all clean!	我諗已經洗乾淨晒喇！
line:3750bbf0	Pretty sure that was everything.	我諗全部都洗好喇。
line:960707b0	Primarily alchemy. Occasionally world history.	主要係鍊金術。有時教世界歷史。
line:1475f95c	Professor Igwyx- My colleague who self-immolated earlier.	伊格維克斯教授——之前自燃嗰位同事。
line:26e9d692	Professor, but yes. You have.	係教授，不過，係。你教識咗我。
line:af0c15fd	Professor- But, yes. I usually don't go to public washes.	係教授——不過，係。我通常唔去公眾浴場。
line:962abe27	Project Scale mary	Project Scale mary
line:e5d47feb	prole- <i><size=70%>wuh?	無產——<i><size=70%>咩話？
line:c7b73162	Psst..!	喂，細聲啲……！
line:9addfb4a	Ready!	準備好喇！
line:875b5372	Really damn good!	真係正到爆！
line:9e9f3e75	Really damn good!	真係正到爆！
line:9364911d	Really looking forward to finding new people.	真係好期待識新朋友。
line:8b0b222c	Really sets the mood.	真係好有氣氛。
line:4010d36d	Really well honestly.	講真，真係好順利。
line:cfcb40c7	Really?	真係？
line:0ec807a4	Really? Aw, That's really sweet.	真係？啊，聽到真係好窩心。
line:630fed1b	Remove this barrier at once so I may enter.	立即移開呢道障礙，畀我入去。
line:65deb150	Right after this wash!	沖完涼即刻去！
line:0caa6657	Right, I'll get that for you ASAP.	好，我即刻幫你開。
line:1271b80c	Right.	係喇。
line:3ede5541	Right.	係喇。
line:6a2e4e0d	Right. I'll get to it.	好。我開始喇。
line:29daeb62	Right. Phoenix feather. Obviously.	係。鳳凰羽毛。梗係啦。
line:51d1b41e	Ryan is a sweetheart	賴恩好溫柔。
line:202fce0c	RYAN THE BONE!	賴恩，嚿骨呀！
line:93bd9a2b	Ryan!	賴恩！
line:9b7e09b8	Ryan!	賴恩！
line:b76f49cd	Ryan!	賴恩！
line:1fa0fbbe	Ryan! I met him.	賴恩！我見咗佢喇。
line:f0427bb9	Ryan! this is so sweet.	賴恩！你好有心呀。
line:92829935	Ryan's such a nice dragon.	賴恩真係條好好嘅龍。
line:13ca0a74	Ryan, you're not supposed to eat the stems-	賴恩，提子梗唔食得㗎——
line:7a01d265	Ryan: I guess it is pretty exciting	Ryan: 我諗的確幾刺激。
line:e1526934	Ryan: I like that a lot	Ryan: 我好鍾意咁。
line:a430a2ff	Ryan: I think I am close too..	Ryan: 我諗我都就嚟喇……
line:77626e43	Ryan: I would say it is going great	Ryan: 我覺得非常順利。
line:f5f5b815	Ryan: I've never done this outside before	Ryan: 我以前未試過喺出面做。
line:6dd86b71	Ryan: This was nice	Ryan: 頭先好舒服。
line:41b9659f	Ryan: Wow.. Your stature is really the only thing small about you.	Ryan: 嘩……你真係得身高先細。
line:aad89688	Ryan: Yea definitely. Worried about me?	Ryan: 梗係開心。擔心我呀？
line:ce6d6d7f	Ryan? you sure everything is okay...?	賴恩？你真係冇事……？
line:1d3b255b	Save your mood setting for tonight!	留返今晚先營造氣氛啦！
line:3ed6ab5d	Say do you remember the name of the college I work at?	話說，你仲記唔記得我任教嗰間學院叫咩名？
line:a05a7804	Say...	話說……
line:82d7b5e4	Says who?	邊個話？
line:6c193ba9	Scales different today? <size=70%><i>is that a thing...? </i><size=100%>You look good today.	整過啲鱗？<size=70%><i>有得咁整㗎咩……？</i><size=100%>你今日幾好睇。
line:426f40ff	See you again soon, yeah?	遲啲再見，好嗎？
line:3112d78d	See you soon.	遲啲見。
line:8072b186	See you tonight.	今晚見。
line:0d3b23da	Sheesh.	嘩。
line:48435b12	Shh! I'm not from around here...	噓！我唔係呢區嘅……
line:0f86dbf6	So am I!	我都係！
line:3063100e	So am I.	我都係。
line:a241eec6	So far so good though, yeah?	到而家都幾好，係咪？
line:813c6dd4	So is this like... our first date?	咁呢個算唔算……我哋第一次約會？
line:9b10d450	So this Conrad guy, seems like you like him?	咁呢個康拉德，睇嚟你好鍾意佢？
line:0c5dcd3c	So uh, gate?	咁，呃，道閘呢？
line:84d8a935	So uh, mind opening the gate?	咁，呃，可唔可以開閘？
line:7da41ecd	So uhh, let me know if you need me to move.	咁，呃，要我郁就話我知。
line:3a469ae4	So yeah, I had a mishap..	咁呀，我出咗啲小意外……
line:a6d6bf76	So you and Ryan huh?	所以，你同賴恩？
line:31fa3bdf	So you came in just to...	所以你入嚟只係想……
line:5f64c352	So you're a certified dragon washer huh?	咁你係有牌嘅洗龍師傅喇？
line:c9e7bb1e	So you're a certified dragon washer huh?	咁你係有牌嘅洗龍師傅喇？
line:aedb6a51	So, coming in for a wash?	咁，嚟沖涼？
line:1c856f1c	So, how was your date?	咁，你嘅約會點樣？
line:3cda84e6	So, tell me more about conrad!	咁，講多啲康拉德嘅嘢畀我聽！
line:c10d9415	So, thanks on his behalf for caring.	所以，我代佢多謝你咁關心佢。
line:e6aa9d20	So, with... relationships.	就係……感情方面。
line:a99c5c88	So. How about a date?	咁，不如約會？
line:c2f44537	So. My girlfriend was home before me. she's a work-from-home dragon.	就係，我女朋友當時已經喺屋企。佢係喺屋企返工嘅龍。
line:d9652dff	So. Our date tonight...	咁，我哋今晚個約會……
line:b983f922	So. Tonight.	咁，今晚。
line:28c51dbf	So... A date. I think I'd like to go on one soon!	咁呀……約會。我想遲啲去約會！
line:7c56b2d8	So... I was thinking about my relationships.	咁呀……我有諗過自己嘅感情。
line:5a5e7f21	So<size=90%>o<size=80%>o<size=70%>o<size=60%>o... <size=100%>I 'aint dirty. But I am <i>~dirty~</i> y'know?	咁<size=90%>呀<size=80%>呀<size=70%>呀<size=60%>呀……<size=100%>我個身唔污糟。不過個腦就<i>～好污糟～</i>，明唔明？
line:8a35fb7b	So<size=90%>o<size=80%>o<size=70%>o<size=60%>o... <size=100%>Was wonderin'	咁<size=90%>呀<size=80%>呀<size=70%>呀<size=60%>呀……<size=100%>我想問
line:5230bdfd	Soap, then rinse!	先搽番梘，再沖水！
line:c374e532	Somehow that feels more honest than anything anyone else says.	唔知點解，呢句比其他人講嘅任何說話都真誠。
line:2898f680	Something happened last night	琴晚發生咗啲事。
line:4dac3d2b	Something went wrong with flags!	劇情標記出咗問題！
line:61c7f2d6	Something went wrong with flags!	劇情標記出咗問題！
line:6d5ba814	Something went wrong with flags!	劇情標記出咗問題！
line:8f64adc0	Something went wrong with flags!	劇情標記出咗問題！
line:19cedc30	Sooo. You gonna jerk me off?	咁呀，你會幫我打飛機？
line:1646ece2	Sorry for coming in late. My sleeps borked.	咁夜先嚟，唔好意思。我啲瞓覺時間亂晒。
line:b2b32876	Sorry I'm bad at flirting. Could you get the gate?	唔好意思，我唔係好識調情。可唔可以開閘？
line:13ba93ef	sorry!	對唔住！
line:e2f9c70c	Sorry, I meant to say I enjoy your wash.	抱歉，我係想講，我好欣賞你嘅洗浴服務。
line:78ca8d95	Sorry...	對唔住……
line:4af15fc3	Sounds good to me!	我覺得好！
line:8c6e66f3	Sounds good!	好呀！
line:1ef36cb0	Sounds like a date then!	咁就約好喇！
line:d71ba53e	Sounds like a date then!	咁就約好喇！
line:5fc277a9	Sounds like a date then! Seafood then we play it by ear.	咁就約好喇！食完海鮮，再睇吓做乜。
line:0e643191	Sounds like a date then, I'm excited.	咁就約好喇，我好期待。
line:c4642c9c	Sounds like a date then. I'm excited.	咁就約好喇。我好期待。
line:ffc401d1	Sounds like a plan.	就咁話啦。
line:c4dd137b	Sounds like it was good then.	咁聽落幾好喎。
line:7b6c47bd	Sounds like it.	聽得出。
line:5c51654f	Sounds nice.	聽落唔錯。
line:3a23b81f	Sounds really cool.	聽落好型。
line:1dbf50b3	Sure	得。
line:c14ceb34	Sure is!	冇錯！
line:de7cd73a	Sure it is. Thanks to Conrad for having me get it.	係呀。要多謝康拉德叫我買返個。
line:05c673e7	Sure!	冇問題！
line:52542beb	Sure!	冇問題！
line:67f14802	Sure!	冇問題！
line:a2dc4ac0	Sure! I'll go get the gate.	得呀！我去開閘。
line:dbb68858	Sure! I'll go get the gate.	得呀！我去開閘。
line:601e1b38	Sure! I'm excited to tell you about Conrad.	好呀！我好想同你講康拉德嘅事。
line:7b5c9d8c	Sure, but he needed someone who cared in that moment.	係，不過當時佢需要有人關心。
line:709a9a57	Sure.	可以。
line:4af4703c	Tasted real good though!	不過真係幾好食！
line:048fe71b	TELL ME ABOUT YOU AND CONRAD!	快啲講你同康拉德啲嘢畀我聽！
line:2b84f2eb	Test line 1	測試對白 1
line:7a22b4d3	Test line 10	測試對白 10
line:ec12b3a4	Test line 11	測試對白 11
line:4f87d73a	Test line 12	測試對白 12
line:d9b7d04d	Test line 13	測試對白 13
line:63e6d9d4	Test line 14	測試對白 14
line:f5d6dea3	Test line 15	測試對白 15
line:64cb6133	Test line 16	測試對白 16
line:f2fb6644	Test line 17	測試對白 17
line:1772a124	Test line 18	測試對白 18
line:88119675	Test line 2	測試對白 2
line:1e219102	Test line 3	測試對白 3
line:a470989b	Test line 4	測試對白 4
line:32409fec	Test line 5	測試對白 5
line:a35d207c	Test line 6	測試對白 6
line:356d270b	Test line 7	測試對白 7
line:5643ba3d	Test line 8	測試對白 8
line:c073bd4a	Test line 9	測試對白 9
line:394db643	Thank the stars you're open.	謝天謝地，你仲開緊。
line:f1946aab	Thank you for cleaning me!!	多謝你幫我洗乾淨！！
line:75b5b084	Thank you for getting me and Ryan in contact.	多謝你介紹我同賴恩識。
line:189d999e	Thank you for listening.	多謝你聽我講。
line:3398aea2	Thank you for that.	為此，我要多謝你。
line:875f0961	Thank you for the clean!	多謝你幫我清洗！
line:acb8a5aa	Thank you for the quick clean!	咁快幫我洗乾淨，多謝你！
line:8512365e	Thank you!	多謝你！
line:bbca8a46	Thank you!	多謝你！
line:e449156d	Thank you!	唔該晒！
line:bb4e1dc1	Thank you, Ryan. I'm happy I got to meet you too	多謝，賴恩。我都好開心識到你。
line:3b568c14	Thank you.	唔該晒。
line:6b245989	Thank you.	多謝你。
line:836d1b13	Thank you.	唔該晒。
line:d60f2dc0	Thank you.	唔該晒。
line:035a0830	Thank you. I'd really appreciate it	多謝。真係唔該晒你。
line:f3e7a8fe	Thank you. Look good feel good!	多謝。外表靚，人都精神啲！
line:d2d97c90	Thank you. You make this a whole lot easier to go through.	多謝你。有你喺度，成件事都容易捱好多。
line:3027bcf7	Thanks for asking. It's enjoyable to be asked personal questions.	多謝你問。有人問我私人問題，感覺幾好。
line:aaf3066d	Thanks for cleaning me!	多謝你幫我洗乾淨！
line:8150e2a2	Thanks for helping me out.	多謝你幫我。
line:a2217280	Thanks for helping me out.	多謝你幫我。
line:7db0baf0	Thanks for introducing me to him.	多謝你介紹佢畀我識。
line:c6cee89f	Thanks for letting me in so late.	咁夜仲畀我入嚟，唔該。
line:079b3782	Thanks for sharing food with me, You're a great friend.	多謝你陪我食嘢，你係個好朋友。
line:85f901b0	Thanks for sharing food with me...	多謝你陪我食嘢……
line:a39fd5a9	Thanks for that. Felt pretty damn good.	唔該晒。真係好鬼舒服。
line:505e150f	Thanks for the clean.	多謝你幫我清洗。
line:a40e531c	Thanks for the food! I'll go get the gate.	多謝你啲嘢食！我去開閘。
line:f1692a96	Thanks for the suggestion!	多謝你嘅提議！
line:81ebbec0	Thanks for the wash so late in the night.	咁夜仲幫我沖涼，唔該。
line:a9df4c5e	Thanks I'll be waiting!	唔該，我等你！
line:f73a3fc7	Thanks mate, see you tomorrow then.	唔該，老友。聽日見啦。
line:30f1f583	Thanks!	唔該！
line:3484ab9d	Thanks!	唔該喎！
line:44701902	Thanks!	唔該！
line:4d868f2f	Thanks!	唔該喎！
line:70190774	Thanks!	唔該！
line:8b8f57c4	Thanks!	唔該！
line:ab5b2574	Thanks!	唔該！
line:b588bf4c	Thanks!	唔該你！
line:bc5d790a	Thanks!	唔該喎！
line:c07a9171	Thanks!	唔該！
line:e7e57d9c	Thanks!	唔該！
line:fa293cde	Thanks! Whats with all the... Gloop?	多謝！咁你身上啲……黏糊糊嘅嘢係乜？
line:e1609903	Thanks, but I'll be better. I promise.	多謝，不過我會改好啲。我應承你。
line:02cbdc87	Thanks, I'm excited too.	多謝，我都好期待。
line:37c9d915	Thanks, You're pleasant too!	多謝，你都好討人喜歡！
line:cb847372	Thanks, You're pleasant too!	多謝，你都好討人喜歡！
line:188d4359	Thanks.	唔該喎。
line:316bb26e	Thanks.	多謝。
line:34ec4db7	Thanks.	唔該喎。
line:5183a6f2	Thanks.	唔該喎。
line:c642cb17	Thanks.	多謝。
line:cf716777	Thanks.	唔該你。
line:e00c6df5	Thanks.	多謝。
line:e521db76	Thanks.	唔該你。
line:f62e1c4f	Thanks.	唔該你。
line:fbba1293	Thanks.	唔該你。
line:8bfa88d7	Thanks. I like being around you too.	多謝。我都好鍾意同你一齊。
line:df0a8598	Thanks. I'm always happy to be here.	唔該。我都成日好開心嚟呢度。
line:084e3cbc	Thanks. See you soon.	唔該。遲啲見。
line:71d57aeb	Thanks. That's kind of you to say.	多謝。你咁講好有心。
line:a1f9de62	Thanks. That's kind of you to say.	多謝。你咁講好有心。
line:9a9a6120	Thankth!	唔……該！
line:e721d512	That brings me to my next question...	咁就到下一個問題……
line:215a2d34	That felt <i>good</i>.	真係<i>好舒服</i>。
line:89150715	That is rather kind of you to say.	你咁講真係體貼。
line:a57409fb	That is the source of my worry...	呢個先係我擔心嘅原因……
line:ad261b84	That just makes it harder!	你咁樣仲難忍！
line:7111d265	That makes me feel a lot more sure of myself then.	咁令我對自己有信心得多。
line:3fac5bff	That makes me feel good to hear.	聽你咁講，我好開心。
line:1c49f05b	That makes me happy to hear.	聽到真係好開心。
line:a8b70da7	That must mean it is! I'm glad.	咁即係可以喇！我好開心。
line:5738ea38	That nice to hear... But, I mean being taken care of more... Primally?	聽到真好……不過我指嘅係更……本能嗰方面嘅照顧？
line:8f598864	That one was almost too big-	頭先嗰個差啲太大——
line:5960dcbb	That should be all though, could you go get the gate?	不過應該洗好喇，可唔可以開閘？
line:116f0e16	That should be every spot.	應該冇漏洗。
line:90444b09	That sounds like an over-reaction on her part.	聽落佢反應過大咗。
line:f07c9e39	That sounds like an over-reaction on her part.	聽落佢反應過大咗。
line:c78cf81f	That sounds lovely!	聽落好正！
line:eaa3c173	That they are...	的確係……
line:f4b9a455	That was much nicer than a hose.	舒服過用水喉沖好多。
line:78cef130	That was never a concern. I'm a rather risk averse dragon.	呢點從來唔係問題。我向來都避免冒險。
line:22d271f4	That was really fun.	頭先真係好好玩。
line:019b83df	That was wonderful! I feel so much better about dating.	真係好開心！而家對拍拖有信心好多。
line:d7bf167b	That was... Nicer than I expected.	頭先……比我預期舒服。
line:577cec43	That's a mount, no?	嗰個係交配架，對嗎？
line:825536f5	That's a tricky question to answer.	呢個問題唔容易答。
line:66fb84fe	That's all I want to ask.	我想問嘅就係咁多。
line:ac1ed298	That's all you can ask for, right?	可以要求嘅都係咁多，係咪？
line:6605187b	That's an appeal to authority fallacy. But, yes. I'm correct.	呢個係訴諸權威嘅謬誤。不過，係，我係啱嘅。
line:52f81dde	That's cute!	好可愛呀！
line:45befc02	That's exciting!	好令人期待！
line:13cd5511	That's fast... But I think so!	咁快……不過我諗可以！
line:4ff91cbd	That's fine!	唔緊要！
line:163c524a	That's good to hear.	聽到真好。
line:33e2bee6	That's good to hear.	聽到真好。
line:30e461f2	That's good. You deserve a decent man.	咁就好。你值得有個好男人。
line:aeae4744	That's good... Now what?	咁就好……而家做咩？
line:f3eeb627	That's great! whens your first date?	太好喇！你哋幾時第一次約會？
line:215f4eba	That's me.	係我呀。
line:cf8c5f37	That's not a thing... But thank you!	冇得咁整㗎……不過多謝！
line:3f29878b	That's rather nice of you to say.	你咁講，真係體貼。
line:d38c63ea	That's really cute.	真係幾可愛。
line:6474d7f7	That's really nice!	真係好好！
line:c5001a4c	That's the best way to eat'em!	咁食先係最好食㗎！
line:2a5cc3a5	That's very sweet.	你咁講好窩心。
line:7052576b	That's what I like to hear.	呢句我最鍾意聽。
line:2a154290	That's what I thought too.	我都係咁諗。
line:33d12f97	That's what I thought too.	我都係咁諗。
line:2b7bb6ce	That's what's terrifying.	呢個正正就係可怕之處。
line:36fb380f	That's wonderful, he's cute!	太好喇，佢幾可愛呀！
line:266836f8	That's... the first time you've yipped for me.	呢個……係你第一次對住我吱。
line:9b0b24ad	That.	啱啱。
line:6ff80785	That... makes me feel a lot more sure of myself then.	咁……令我對自己有信心得多。
line:cc6d631b	That... makes me feel a lot more sure of myself then.	咁……令我對自己有信心得多。
line:ecf6206f	Thats awesome. I'm glad you two are working out.	太好喇。好開心你哋相處得好。
line:0f8bb606	Thats good to hear.	聽到真好。
line:f5324d68	Thats really good to hear.	聽到真係好開心。
line:063dcd4b	The ability to open up to someone, even occasionally...	能夠向人敞開心扉，即使只係偶爾……
line:8919009a	The ambiance is nice.	呢種氣氛幾好。
line:08c850bf	The apothecary will tarnish my name for months.	藥劑師會唱衰我幾個月。
line:01b4161e	The breakup I went through earlier was rough.	之前分手嗰段日子，真係好難捱。
line:c932c99d	The breakup I went through earlier was rough.	之前分手嗰段日子，真係好難捱。
line:dd06ed39	The Burnswick Community College of Thaumaturgy, of course!	當然係伯恩斯威克奇術社區學院！
line:515099ec	The button on the wall, I mean.	我係指牆上面嗰個。
line:7fe73572	The clean was fine.	洗得都唔錯。
line:e8a38ed0	The college cannot find out about this okay?	唔可以畀學院知道呢件事，明白嗎？
line:1a169dbc	The lights in the area are great too.	附近啲燈都好靚。
line:610dd8cb	The markers were fun.	用箱頭筆畫嘢幾好玩。
line:4b36ea4e	The most prestigious college hosting prestigious professors like me:	最有聲望嘅學院，有我呢類德高望重嘅教授：
line:ec00a1fe	The mount? I... suppose!	交配架？我……可以吧！
line:94e04dcf	The mount? Sure!	交配架？好呀！
line:d8273d7f	The night 'aint gonna start itself!	晚間節目唔會自己開始㗎！
line:1f2907ed	The rain has been unrelenting today!	今日啲雨真係落個不停！
line:1804bf0a	The rain is nice.	落雨幾好。
line:7e9a1f83	The stem is just extra food.	啲梗只係額外嘅食物。
line:c88244b5	The vibe at night is fuckin' great.	夜晚個氣氛真係正到爆。
line:d8a2002e	Then I better let you out!	咁我快啲畀你出去啦！
line:d7b3cd09	Then- Have a productive day.	咁——祝你今日工作順利。
line:448afe95	There was a fault in his method.	佢嘅方法出咗問題。
line:48d4a45a	There's this one red dragon, Conrad. He's... Hot headed, but cute.	有條紅龍，叫康拉德。佢……脾氣大，不過幾可愛。
line:f4af8b88	Theres this club downtown. 'Wings'. It's an old favorite of mine.	市中心有間夜店，叫 Wings。我一直都好鍾意。
line:972f132f	These washes really make things easier.	嚟呢度沖涼，真係令我好過好多。
line:352d1d6f	They cum	佢哋射出嚟。
line:d78962e8	They cum	佢哋射出嚟。
line:3200a588	They keep going	佢哋繼續。
line:a31d1a18	They keep going	佢哋繼續。
line:035e5be6	They seem cute!	佢睇落幾可愛！
line:454172b0	They took it too far.	佢哋做得太過分。
line:d7b49fb8	They were! The stem is my favorite part though.	係好食呀！不過我最鍾意係啲梗。
line:d156a87f	Think that's every spot.	我諗冇漏洗。
line:fa1a1e76	Think that's it.	我諗得喇。
line:3112adad	This drake at the bar... I was stupid. Couldn't shut my mouth.	酒吧嗰條龍……我太蠢喇。把口停唔到。
line:bfd70320	This feels scandalous	感覺好有傷風化。
line:cb437bd0	This is a common practice?	呢個係常見做法？
line:831cbfda	This is a job only you can do.	呢件事只有你先做得到。
line:4944dbda	This is delicious!	好好食！
line:088893da	This is my first time with a Kobold.	我第一次同狗頭人做。
line:e218722c	This is my first time, actually!	其實呢個係我第一次！
line:9eb894ad	This is really nice..	真係好舒服……
line:c7e4e36f	This is the kind of shit I try to avoid!	我就係唔想再搞成咁！
line:22929636	This place could use a makeover, I know would it could use!	呢度應該裝修吓，我知差啲乜！
line:b06e13bc	This soap isn't fitting for a professor don't you think?	你唔覺得呢款番梘唔襯教授身分嗎？
line:97841169	This was a nice escape.	呢度係個好地方，可以暫時放低煩惱。
line:5f02ceea	This was a wonderful escape...	呢度真係令我暫時放低咗好多煩惱……
line:d45f4788	This was nice...	今次真係幾好……
line:418498cf	Those grapes looked good.	啲提子睇落幾好食。
line:e9d73205	Though every other wash I've been to at least has a mount	不過我去過嘅其他沖涼舖，間間至少都有個交配架。
line:29e70457	Though I can't say I am not curious	不過我亦唔能夠否認自己好奇。
line:9c3e6004	Though you probably shouldn't eat them.	不過你應該唔好食。
line:f1ca33da	title: Alexander_Done	title: Alexander_Done
line:3ed2f649	title: Conrad_OutroDone	title: Conrad_OutroDone
line:74c28add	title: ConradBeatup_OutroDone	title: ConradBeatup_OutroDone
line:722243c8	title: RyanDate_OutroDone	title: RyanDate_OutroDone
line:b4eee981	title: RyanExploded_OutroDone	title: RyanExploded_OutroDone
line:6298f08b	Told me about the time he got beat up.	佢講咗之前畀人打嗰次。
line:ee954bd9	Told me to go to a wash, and was acting extremely offended.	叫我去出面沖涼，仲好似我得罪咗佢咁。
line:c66e1278	Tonight- on campus. The library is the large blue spire building.	今晚，喺校園。圖書館就係嗰幢有大型藍色尖塔嘅建築。
line:434527c6	Truly terrible, no?	真係糟糕，對嗎？
line:5a5d646c	Truly?	真嘅？
line:e3aa4e29	Truth be told, I got dirty to come here.	老實講，我係為咗嚟呢度，先搞污糟自己。
line:0979dea3	Uh, I'm still really soapy!	呃，我仲有好多梘泡！
line:05bbe58c	Uh-huh, I'll go get the gate	嗯，我去開閘。
line:7de638fb	Uh... Hello?	呃……你好？
line:7de9b3a4	Uh... uhm...	呃……嗯……
line:159c5c1f	Uh... Yeah.	呃……係。
line:2089db44	Uhhhm we're not exactly.	呃，其實我哋唔算仲開緊。
line:3ed62e6b	Uhm, no, I'll just be REALLY upset.	呃，唔係，我只會嬲到爆。
line:f0a579a5	Uhm...	呃……
line:cc295885	uhm... <size=60%>no?	呃……<size=60%>冇？
line:29237bc3	Use the crowbar to open and place it in storage, would you?	麻煩用撬棍打開，再放入儲物室，好嗎？
line:1ec0dc6a	Use the sprayer on the wall to wash me off.	用牆上面個噴頭幫我沖水。
line:a716d3b8	Uunf. T-that was... Rather undignified.	嗯。啱、啱啱真係……相當失態。
line:a37177dd	V-very well. I'll try.	好、好。我試吓。
line:209ddf97	Very cool	好型。
line:2f10f572	Very well. Don't let me interrupt the wash then!	好吧。咁我唔妨礙你清洗喇！
line:7678511c	Wah- huh- <size=80%>oah. <size=60%>we don't-	嘩——吓——<size=80%>哦。<size=60%>我哋冇——
line:82e2c158	Wait a sec, I need to open the gate.	等陣，我要開閘先。
line:9c7a2fb7	Wait a sec, I need to open the gate.	等陣，我要開閘先。
line:8ab5686b	Was great! Ryan is a sweetheart.	好好！賴恩好溫柔。
line:d8c9f912	Was just doing my job!	做好自己份工啫！
line:148a63c8	Was just trying to play along. Happy to see you!	我只係想順住你講笑。好開心見到你！
line:56261ccb	Was still good though! I like how it feels sliding down.	不過都幾好！我鍾意佢滑落去嘅感覺。
line:4d002f47	Was... <i>Really</i> upset I was muddy.	見我成身泥，佢<i>真係</i>好嬲。
line:014b5da5	Watch where those paws are going would you?	留意吓你對爪擺喺邊，好嗎？
line:3028feb5	We also had sex after our date.	約會之後，我哋仲上咗床。
line:d132db41	We can just lay here...	我哋就咁瞓喺度……
line:4da8b942	We can make an opening.	我哋可以騰個位出嚟。
line:8c563ab8	We can make an opening.	我哋可以騰個位出嚟。
line:33a79dbe	We do! Are you... from the college...?	接受！你係……學院嗰邊嘅……？
line:b83ec453	We got your request for the mount!	我哋收到你申請交配架嘅要求喇！
line:8b7b8d6b	We went out to eat. Had some good conversation.	我哋出去食飯，傾得幾開心。
line:74706bb3	We will need to clean the floors...	我哋需要清潔地板……
line:df8fb8c9	We'll be going out to this seafood place-	我哋會去間海鮮餐廳——
line:110a2ced	Welcome back!	歡迎返嚟！
line:b042f12a	Welcome back!	歡迎返嚟！
line:c46f5033	Well great, I appreciate your discretion, I'll be headed off to the apothecary.	咁就好，多謝你守口如瓶。我而家去搵藥劑師。
line:08f40e32	Well I had a good time, see you later then!	今次真係好開心，下次見啦！
line:c1e8b05d	Well I had a good time, see you later then!	今次真係好開心，下次見啦！
line:fcff7b00	Well, go to the window and speak with your customer.	咁你去窗口同客人傾偈啦。
line:fc1e497a	Well, good luck getting your hands around all of me.	咁，祝你好運，睇吓對手包唔包得晒我。
line:60f14972	Well, I do enjoy the color. But I believe that is unrelated to my hue.	嗯，我的確鍾意呢隻色。不過我諗同自己嘅膚色無關。
line:c9f270de	Well, I'm a dragon- but... You know what I mean.	呃，我係龍先啱——不過……你明我意思啦。
line:f7f87f6c	Well, That's why I'm here!	所以我咪喺度囉！
line:629d89d1	Well, yes. I mean more... Primally?	嗯，係。不過我指嘅係更……本能嗰方面？
line:8aa0fc1a	Well, you are one hell of a catch.	你條件咁好，好搶手㗎。
line:5d34e715	Well, you better get one then!	咁你最好買返個啦！
line:f16e75f3	Well...	咁……
line:a71a8385	Went to the bar... Things got spicy. You can imagine what happened next... <size=70%>Hah...	去咗酒吧……氣氛愈嚟愈火熱。之後發生咩事，你估到啦……<size=70%>哈……
line:2e0ec324	Wha..?	咩……？
line:29ec93b2	Whaaat. Nothing wrong with it! figured you'd like to know.	咩呀，冇問題吖！我估你會想知。
line:18e5a573	Whaaat? It's good to make sure you're warmed up!	咩呀？做足熱身先，幾好！
line:bd66082e	What about a movie?	不如睇戲？
line:ee3c126b	What about your private washers?	咁你啲私人洗浴師呢？
line:871137eb	What about?	講咩呀？
line:bb3b6c71	What brings you in so late?	點解咁夜先嚟？
line:2dd518f0	What do you mean?	咩意思？
line:2fae1274	What do you mean?	咩意思？
line:3c2c53dc	What do you mean?	咩意思？
line:838cdf1b	What do you think of me?	你覺得我點？
line:c2bdc402	What does the number 7 taste like?	數字 7 係咩味㗎？
line:56fc085a	What happened!?	發生咩事！？
line:0bc56d4d	what happened?	發生咩事？
line:8c3b76ea	What is it?	係咩？
line:44b711a0	What is..	呢個係……
line:53301d3b	What kind of egg was that?	頭先係咩蛋嚟㗎？
line:073701b7	What kind of movie are you thinking?	你想睇邊套？
line:03cf1c9a	What kind of question?	邊類問題？
line:003700c7	What kinds of classes do you teach?	你教邊啲科目？
line:e2406cc4	What now?	而家點？
line:0c583118	What was in those opened crates?	嗰啲開咗嘅木箱裝住乜？
line:5a195ff2	What!? that's terrible! You don't even have a mount...?	吓！？咁差㗎！你連交配架都冇……？
line:8ebd442e	What's got you looking so happy?	咩事令你咁開心呀？
line:fc7aaaa0	What's teaching like?	教書係點㗎？
line:f99840cd	What's that?	咩嚟㗎？
line:1a0b719d	What's up?	咩事？
line:29359884	What's up?	咩事？
line:8d5c7802	What's up?	咩事？
line:712f9d7c	what?	咩話？
line:766c2abd	What? All the best places do it!	咩？最好嗰啲舖間間都有㗎！
line:159a1d54	What? I'm a professor! Can't you tell from my crest?	咩？我係教授！你睇我個徽飾都睇唔出？
line:9aa86a9b	What? There is no harm caused by a genuine compliment!	咩？真誠讚美，又有何不可？
line:b2fe309b	Whats got you in a good mood?	咩事令你心情咁好？
line:93a145d4	Whats up, big guy?	咩事呀，大隻仔？
line:4efe8211	Whats up?	咩事呀？
line:866cd495	Whats up?	咩事呀？
line:bfc04b3a	Whats up?	咩事呀？
line:e01885c3	Whats up?	咩事呀？
line:f7d786b6	Whats with all the... Gloop?	你身上啲……黏糊糊嘅嘢係乜？
line:c4c81aa9	Whats your favorite part about him?	你最鍾意佢邊樣？
line:ff6ef027	When do you actually end the relationship?	咁究竟幾時先應該分手？
line:2ffe284b	When I met him at first I was falling back on my old script.	啱啱識佢嗰陣，我又開始用返以前嗰套。
line:eb019075	When you're done go ahead and hit the button.	搞掂之後就撳個掣啦。
line:5d4e9392	Where did he go...?	佢去咗邊……？
line:7af04961	Where would you like to go?	你想去邊？
line:7e9389a7	Which college?	邊間學院？
line:2d315c6c	Who knew a dragon could get so dirty, huh?	邊估到條龍可以搞到咁污糟，係咪？
line:a97338b0	Who knew places such as this existed so readily available to the public!	估唔到一般市民都可以咁方便享用呢類地方！
line:8b7915f4	Who's that?	邊個呀？
line:ebd63f8c	Who's there?	邊個喺度？
line:eea7573f	Whoa! Cold!	嘩！好凍！
line:1acbd02a	Whoops	哎呀。
line:5a6c0d31	Whoops	哎呀。
line:afc6c00a	Whoops	哎呀。
line:c30013ff	Whoops	哎呀。
line:9df56a3a	why are you here so late?	點解咁夜仲嚟？
line:bb8583c1	With Ryan, I'm pretty sure we're gonna go on a date tonight.	我同賴恩，好大機會今晚會去約會。
line:c236bdf9	Woah. Uhm.	嘩。呃。
line:390f05be	Woah... What is that in your mouth?	嘩……你個口含住乜？
line:4b93b009	Woah... You want me to use that? Even with the food? Alright!	嘩……你想我用嗰個？有嘢食喺度都用？好啦！
line:4cacfab8	Wonderful to hear you're seeing someone!	知道你有約會對象，真好！
line:f6fdf321	Wonderful to hear you're seeing someone!	知道你有約會對象，真好！
line:7e2421b6	Wonderful to hear.	聽到真好。
line:36d49875	Wonderful!	太好喇！
line:6046bedf	Wonderful!	太好喇！
line:ab423ac7	Wonderful!	太好喇！
line:5a9abbd4	Wonderful. Have a <i>productive</i> day.	非常好。祝你今日<i>工作順利</i>。
line:ec771552	Woops.	哎呀。
line:51bcff68	Would that interest you?	你有冇興趣？
line:8c8591ec	Would you care to join me at the college library this evening...?	今晚，你願唔願意陪我去學院圖書館……？
line:985436e6	Wouldn't that be degrading?	咁唔會有失尊嚴咩？
line:1e027369	Wow thanks, that feels good.	嘩，唔該，好舒服。
line:737184f5	Wow!	嘩！
line:ead1bf44	Wow, it's an experience seeing you eat like that.	嘩，睇你咁食嘢真係大開眼界。
line:5da1e074	Y'know?	明唔明？
line:79352475	Ya.	鍾意。
line:f6c14e05	Ya.	係。
line:b6add8e0	Yea! I do!	係呀！我係好型！
line:b44edd29	Yeaaah I'm not sticking with that one.	係呀……我唔會再用呢個名。
line:7a471225	Yeaaah.	係呀……
line:5483c5fd	Yeah	係呀。
line:3a5d5ca4	Yeah he seems like he'd push some buttons.	係呀，佢睇落幾識撩人。
line:63024a1f	Yeah he's improved a lot.	係呀，佢改咗好多。
line:5847a779	Yeah I have.	傾過喇。
line:f3b5952a	Yeah I'm happy too.	係呀，我都好開心。
line:fb47f998	Yeah it go BRRT haha.	係呀，一撳就嗶——咁響，哈哈。
line:eef9b2bb	Yeah It's fine. Sorry.	冇事。唔好意思。
line:fbc80e96	Yeah let me get that for you.	可以，我幫你開。
line:f212b2de	Yeah so I'm all muddy and stuff, love romping around in the public park.	係呀，我成身泥嗰啲，好鍾意喺公園周圍跑嚟跑去。
line:108de471	Yeah that sounds pretty good.	係呀，聽落幾好。
line:fdd800c2	Yeah! clean as always.	係呀！同平時一樣乾淨。
line:dee4a32d	Yeah! Conrad, he's adorable. Though he'd hate I said that.	有呀！康拉德，佢好可愛。不過佢實唔鍾意我咁講。
line:ab1bc039	Yeah! I feel clean.	係呀！我覺得乾淨晒。
line:6733a3df	Yeah! I'm going on a date with him soon.	係呀！我遲啲同佢約會。
line:66727cce	Yeah! It has food that should be good for both of us.	係呀！入面有啲我哋兩個都啱食嘅嘢。
line:b482634c	Yeah! its useful.	係呀！好實用。
line:da9cfdcf	Yeah! Just went on a date with Conrad.	係呀！啱啱同康拉德去完約會。
line:3f153aaf	Yeah! Just went on a date with Ryan.	係呀！啱啱同賴恩去完約會。
line:77ca2316	Yeah! Thanks for the food. I'll go get the gate.	好呀！多謝你啲嘢食。我去開閘。
line:c87d632b	Yeah! That would be amazing.	係呀！咁就太好喇。
line:71c0ee9a	Yeah, ever since the breakup I've been looking for something new.	係呀，分手之後，我一直想搵啲新嘗試。
line:bee397db	Yeah, he's so kind to me.	係呀，佢對我好好。
line:4815ddba	Yeah, I've got one.	有，我有。
line:24efaa49	Yeah, me too. He's real nice.	係呀，我都係。佢真係好好。
line:6fa847ba	Yeah, nah. Mate you gotta get in on this. I'll pay good!	唔係喎，老友，你要做埋呢啲先得。我會畀多啲錢！
line:266f699d	Yeah, taste good!	係呀，好食！
line:67cc394b	Yeah, that was scary at first.	係呀，一開始真係嚇親。
line:a9980f5e	Yeah, this has been super nice.	係呀，今次真係好開心。
line:54c44240	Yeah, you're right.	嗯，你講得啱。
line:bb1827c7	Yeah- Though only if you want!	係——不過你想先好！
line:7311dc01	Yeah.	好呀。
line:95e2f7cc	Yeah.	係呀。
line:9fd5b834	Yeah. <size=90%>Oh- <size=80%>you know. I'm like... <size=70%>Haha. Yeah. Mhm!	係呀。<size=90%>哦——<size=80%>你知啦。我即係……<size=70%>哈哈。係呀。嗯！
line:a28a70c6	Yeah. At least I got to meet you because of it.	係呀。至少因為咁，我先識到你。
line:e5937e30	Yeah. I like fish!	鍾意。我鍾意食魚！
line:0372e0d1	Yeah. It wasn't too expensive.	係呀，又唔算太貴。
line:6804839d	Yeah. It's hard to unwind groups after something like that.	係呀。發生咗咁嘅事，要理清共同朋友圈唔容易。
line:6e0e4e11	Yeah. You two will be cute.	係呀，你哋兩個一定好可愛。
line:616121a9	Yeah...	係呀……
line:f244d080	Yeah... He's really great.	係呀……佢真係好好。
line:5bab2df8	Yeah... I've never gone on a date with a kobold before.	係呀……我以前未同狗頭人約會過。
line:8eeb7e28	Yeah... It really isn't.	係呀……真係唔容易。
line:039a0c83	Yeah?	係？
line:2fb3fe55	Yeah?	係？
line:92bd78f3	Yeah?	係？
line:3690a3eb	Yeah? I don't even see a mount.	係呀？我連交配架都唔見有個。
line:ea2adb20	Yeah? tell me about it!	係咩？講嚟聽吓！
line:78eccd9b	Yellow lime.	黃色青檸。
line:5fd7bc69	Yep!	係呀！
line:b6c878fa	Yep!	係呀！
line:fcff76d4	Yep! I'll get the gate.	好呀！我去開閘。
line:3cdcbd4a	Yes	可以。
line:991dc643	Yes	會。
line:e535cacb	Yes	係呀。
line:fb4265f7	Yes	可以。
line:4ab6c5a9	yes	有
line:db98be35	Yes right this way.	有，呢邊請。
line:52010e35	YES!	好呀！！
line:c4310942	Yes!	好呀！
line:d5f94e23	Yes!	有呀！
line:5592e639	Yes, welcome to Drag'N Wash!	係呀，歡迎嚟到 Drag'N Wash！
line:f676b9a8	Yes, welcome to Drag'n wash!	係呀，歡迎嚟到 Drag'N Wash！
line:a610ce0b	YES.	有呀！
line:85fd5266	Yes.	可以。
line:152cb8ad	Yes. I'm in need of a clean. The situation is rather dire!	係。我需要清潔。情況相當嚴峻！
line:c4595dd5	Yes. It's invigorating to be so candid.	係。咁坦誠，令人精神一振。
line:d7e50f2d	Yes..	好……
line:5811655d	Yes... But I believe we need to clean the floors.	係……不過我諗我哋需要清潔地板。
line:9444cdba	Yip	吱。
line:14d2c62f	Yip!	吱！
line:296ff3f4	Yip!	吱！
line:3d516ddb	Yip!	吱！
line:3e870ad0	Yip!	吱！
line:5544e245	Yip!	吱！
line:5efde4e2	Yip!	吱！
line:c3e1f198	Yip!	吱！
line:e662501c	Yip!	吱！
line:5e181cf4	Yip! <size=70%>(Gate)	吱！<size=70%>（開閘）
line:b12a3f31	Yip! <size=70%>(idk)	吱！<size=70%>（唔知喎）
line:a8ee5236	Yip! <size=70%>(It's because the dormant part of your draconic mind is remembering the deep set language bridge between your kind and mine. Which carries the deep meaning and intention of kobold 'Yips' within it. This sudden understanding of yours is simply from our connection growing over time and activating that part of your mind.)	吱！<size=70%>（因為你龍族大腦入面沉睡嘅部分，開始記起我哋兩族深藏嘅語言聯繫。當中包含狗頭人「吱」聲嘅深層意思同意圖。你突然明白，只係因為我哋嘅關係隨住時間加深，啟動咗你大腦嗰個部分。）
line:5935a413	Yip! <size=70%>(Yes)	吱！<size=70%>（係）
line:f1c14f75	Yip-Man - The Final Yip	吱俠——最後一吱
line:4b9046ec	Yip-Man movies are real corny...	吱俠啲戲真係幾老土……
line:3d6b2203	You again?	又係你？
line:81416c72	You already are, whats up?	你咪問緊囉，咩事？
line:6fbc3c1b	You also do <i>special endings</i> here, yeah?	呢度都有<i>特別收尾服務</i>，係咪？
line:e553c773	You also introduced me to Conrad.	你仲介紹咗康拉德畀我識。
line:feb8727e	You always make me feel welcomed.	你成日都令我覺得自己好受歡迎。
line:563d71ba	You are too!	你都係！
line:4efafbb0	You are very skilled with your hands	你雙手真係好靈巧。
line:0dd63830	You brought food in?	你帶咗嘢食嚟？
line:38043f6c	You can act however you like around me.	喺我面前，你想點就點。
line:3fbd01fb	You can come in whenever!	你幾時嚟都得！
line:0eb37f1a	You can stay here if you want.	你想嘅話，可以留喺度。
line:ecc04e16	You decide!	你決定啦！
line:19698f13	You didn't even open the watermelon.	你連個西瓜都冇切開。
line:7e8c1ae2	You do know how to use your hands pretty well.	你對手真係幾有技巧。
line:7023b6b4	You don't deserve that.	我唔應該咁對你。
line:c0cc0f2d	You got a medkit?	你有冇急救箱？
line:c2b3c28a	you know about getting back into the dating scene...	即係，重新識人拍拖嗰件事……
line:512df07c	You know what that means.	你知即係咩意思啦。
line:e613cbe3	You know what that means...	你知即係咩意思啦……
line:73e4789c	You know... This environment is rather pleasant. Very... proletarian.	你知嗎……呢度環境相當宜人。好有……無產階級氣息。
line:404b17ef	You look good this clean!	洗乾淨咗，你好好睇！
line:780c151c	You needn't worry. The washer's union is... More powerful than I.	唔使擔心。洗浴師工會……比我有權勢得多。
line:3fab049a	You probably shouldn't.	你最好唔好試。
line:0bc044da	You ready for this?	準備好未？
line:f0a0565a	You ready to go back in to the club?	準備好返入夜店未？
line:c0e34d36	You really ate that entire thing... Woah.	你真係成嚿吞晒……嘩。
line:82cf49aa	You seemed to enjoy yourself.	睇嚟你好享受。
line:ba66095e	You set a good example.	你係個好榜樣。
line:6c2a1901	You should be all clean!	你應該乾淨晒喇！
line:36779352	You should be.	你係應該期待。
line:86154a64	You should feel it and check for me	你應該摸吓，幫我確認。
line:20503ab0	You sure? It's not like... fun stuff.	你肯定？呢啲又唔係……咩開心事。
line:0a0d6bc0	You too! I'll go get the gate.	我都係！我去開閘。
line:e3106999	You too. Thanks for the wash.	我都係。多謝你幫我沖涼。
line:fc97aa74	You too. Thanks for the wash.	我都係。多謝你幫我沖涼。
line:5e4d645c	You two are really cute together...	你哋兩個一齊真係好可愛……
line:b76a2a43	You were really going at it.	你頭先真係好投入。
line:83aa1a23	You work at a college?	你喺學院做嘢㗎？
line:85fa0d03	You'd need a dragon stomach first!	你要有個龍胃先得！
line:ebd2af6b	You'll have to give me all the Ryan details soon.	一陣你要講晒賴恩啲細節畀我聽。
line:6c71dd83	You'll have to tell me all about it.	你一定要詳細話我知。
line:91ab30f5	You'll have to tell me how you two work out!	你哋之後點，一定要話我知！
line:ffeff59b	You'll have to tell me more inside.	入嚟之後，你要講多啲畀我聽。
line:5eb243c2	You'll like it.	你會鍾意。
line:6acf7c77	You'll need to let them in afterwards of course.	之後梗係要畀佢入嚟。
line:6b63d2d8	You'll take care of everything?	你會照顧好一切？
line:f2527ed7	You're <i>spotless.	你已經<i>一塵不染。
line:23ae97e6	You're a big deal	你真有分量。
line:323e546b	You're a good friend too, I'll go get the gate.	你都係好朋友。我去開閘。
line:44e97be7	You're always welcome here, Ryan.	賴恩，呢度永遠歡迎你。
line:09e5bf43	You're cute by the way.	順帶一提，你好可愛。
line:277d8257	You're fine. Thank you.	你冇問題。多謝。
line:8c269acb	You're going to love it.	你一定會好鍾意。
line:173782fa	You're good at it.	你做得好好。
line:1dca8fa0	You're just a very comfortable person to be around.	只係同你一齊，真係令人好放鬆。
line:42124159	You're just a very comfortable person to be around.	只係同你一齊，真係令人好放鬆。
line:d3b6d22a	You're kind. It's more than I deserve.	你真好。我唔值得你對我咁好。
line:ca72bf2d	You're okay. You're clearly going through a lot.	冇事。睇得出你經歷咗好多。
line:68887509	You're one of my favorite clients!	你係我最鍾意嘅客人之一！
line:c4cc497f	You're pretty hot.	你幾性感。
line:b6603dc7	You're right. I shouldn't pry.	你講得啱。我唔應該問咁多。
line:31ab814e	You're right... Theres no way you could.	你講得啱……你點會答到呢。
line:470cd652	You're the first person I've met who's only expectation is for me to be...	你係我遇過第一個人，唯一嘅期望就係我做返……
line:f718a7eb	You're the professor here. Must be correct.	你先係教授，你一定啱。
line:15f55959	You're very sweet.	你真係好體貼。
line:bc6cc4d2	You're very sweet.	你真係好體貼。
line:6289a322	You're very welcome.	唔使客氣。
line:39ddd682	You're...	你係……
line:6e94f373	You're... cool.	你……幾好。
line:61c96494	You're... Not that dirty.	你……唔算好污糟啫。
line:8bab3246	You're... very forward.	你……真係好直接。
line:3bbab759	You've gotta keep me updated on you and Ryan, yeah?	你同賴恩有咩新進展，要話我知，得唔得？
line:a5a8a9d5	Your crest is cool. What is it?	你個徽飾幾型。係咩嚟㗎？
line:3890b91c	Your date with Ryan.	你同賴恩個約會。
line:82109412	Your secret's safe with me.	你嘅秘密，我會守住。
line:ed8e7994	Yours doesn't. It's nice.	你嘅冇。感覺真好。
line:016a65e8	Yuh, that's me.	係呀，就係我。
line:38eb6d26	Yup!	係呀！
line:7ac62718	Yup. I like it.	係呀。我鍾意。
