# line ID	exact English source	translation (English A-Z then ID)
line:39fd52f1	'Ey big dog.	Здоров, здоровенний псе.
line:918d7820	'Ey big kobold.	Здоров, великий кобольде.
line:155c00eb	'think', 'On the way here'? Then you weren't covered in ink before...	«Гадаю», «дорогою сюди»? Тобто до цього ви не були в чорнилі...
line:15bcd86c	'Yes way', There is nothing I am more certain of.	«Може бути». Ні в чому я не впевнений більше.
line:4d49ae72	'Yes way', There is nothing I am more certain of.	«Може бути». Ні в чому я не впевнений більше.
line:25f35611	---	---
line:4b9b3a43	---	---
line:97ab84a8	---	---
line:db5b3129	---	---
line:e2f28daa	---	---
line:3d2df033	..	..
line:8c0e2d04	..	..
line:b36eb839	..	..
line:03d2f0bb	...	...
line:045f5836	...	...
line:1113335e	...	...
line:227eda5e	...	...
line:30a74521	...	...
line:4810891f	...	...
line:4da86a7a	...	...
line:610824ef	...	...
line:6757e4a0	...	...
line:695ef750	...	...
line:7426a997	...	...
line:759a495e	...	...
line:7e189c92	...	...
line:812700a5	...	...
line:848f5cd8	...	...
line:85f39b27	...	...
line:9504ba33	...	...
line:a6531779	...	...
line:b59e9091	...	...
line:b7f0551c	...	...
line:c272e55f	...	...
line:cdb8d8db	...	...
line:cfe4b91d	...	...
line:d6483230	...	...
line:d90d368f	...	...
line:d9516fdd	...	...
line:dd197e7c	...	...
line:decf872a	...	...
line:e9d40a5c	...	...
line:20f87f8d	... A class which I'm teaching rather soon.	...І досить скоро маю проводити заняття.
line:4815d919	... Being a bit of a jerk honestly.	...Чесно, трохи як мудак.
line:11bfce3b	... I thought we were good friends, we have sex all the time!	...Я думав, ми добрі друзі. Ми ж постійно трахаємося!
line:1bebf328	... Thank you..	...Дякую...
line:a8eb78ed	... you're done? I'm still dirty..	...Уже все? Я ще брудний...
line:ef611d11	... you're done? I'm still soapy..	...Уже все? Я ще в милі...
line:496134bc	...!	...!
line:7cc45755	...!	...!
line:6585925d	...<i><size=70%>I have one on him at least.	...<i><size=70%>Принаймні він мені точно подобається.
line:e2ea4ead	...A wash for our date tonight.	...Перед нашим сьогоднішнім побаченням.
line:048d7f84	...About what I said earlier.	...Щодо того, що я казав раніше.
line:55d1f6ef	...and nice.	...І милий.
line:79a1a205	...But not in like a bad weird way.	...Але не в якомусь поганому чи дивному сенсі.
line:3592632e	...It's intimidating knowing how much they look up to me.	...Та усвідомлювати, наскільки вони на мене рівняються, страшнувато.
line:7e08544c	...It's odd being able to speak so freely with someone.	...Дивно мати змогу так вільно з кимось говорити.
line:f0cb8389	...No	...Ні.
line:92601622	...Okay, come in	...Добре, заходь.
line:e381559c	...Thank you for this.	...Дякую вам за це.
line:b7b5f7fb	...Thanks.	...Дякую.
line:dbab7a39	<b><i><size=130%>Did you suggest Ryan to Conrad?	<b><i><size=130%>Ти запропонував Конраду познайомитися з Раяном?
line:36ff6bd9	<gradient="gold"><b> I know a dragon, Ryan. I could get you two in contact? </b></gradient><size=70%>(Unlocks Conrad/Ryan hookup OR Ryan romance)	<gradient="gold"><b> Я знаю одного дракона, Раяна. Можу вас познайомити? </b></gradient><size=70%>(Відкриває стосунки Конрада з Раяном АБО роман із Раяном)
line:7e9d40e6	<gradient="gold"><b> I wouldn't mind hanging out... </b></gradient><size=70%> (Unlocks Conrad romance)	<gradient="gold"><b> Я б не відмовився провести з тобою час... </b></gradient><size=70%> (Відкриває роман із Конрадом)
line:a0e49f02	<gradient="gold"><b> I wouldn't mind! </b></gradient><size=70%> (Will lead to Alexander romance!)	<gradient="gold"><b> Я не проти! </b></gradient><size=70%> (Веде до роману з Олександром!)
line:0371fb9c	<gradient="gold"><b> I'm going to be busy tonight. Sorry. </b></gradient><size=70%> (Will lead to no romance!)	<gradient="gold"><b> Сьогодні ввечері я зайнятий. Перепрошую. </b></gradient><size=70%> (Веде до фіналу без роману!)
line:f5a81524	<gradient="gold"><b>I don't have anyone off the top of my head.</b></gradient><size=70%> (Locks in Conrad romance!)	<gradient="gold"><b>Зараз ніхто не спадає на думку.</b></gradient><size=70%> (Закріплює роман із Конрадом!)
line:bedc761d	<gradient="gold"><b>I know this one red dragon. I think you'd like him! </b></gradient><size=70%> (Hooks up Ryan with Conrad!)	<gradient="gold"><b>Знаю одного червоного дракона. Думаю, він тобі сподобається! </b></gradient><size=70%> (Зводить Раяна з Конрадом!)
line:e104b8e4	<gradient="gold"><b>Oh. Uhm. <size=70%> I wouldn't mind... If I was that someone. </b></gradient><size=70%> (Locks in Ryan romance!)	<gradient="gold"><b>О. Ем. <size=70%> Я б не заперечував... Якби цим кимось став я. </b></gradient><size=70%> (Закріплює роман із Раяном!)
line:36073321	<gradient="yellow - orange"><size=140%>HEY! </gradient><size=100%>This is the cleaning place, ya?	<gradient="yellow - orange"><size=140%>ГЕЙ! </gradient><size=100%>Це ж тут миють, так?
line:c777ce0c	<i> that feels nice...</i>	<i>Це приємно...</i>
line:e56dd423	<i><size=70%>uh oh.. and the books	<i><size=70%>Ой... І книжки.
line:d67b1098	<i>I like spraying you with water.	<i>Мені подобається обливати тебе водою.
line:ad5d633a	<i>Oh...	<i>Ох...
line:22b5941e	<i>Oh.</i> I don't think I'm ready for that just yet.	<i>О.</i> Здається, до цього я ще не готовий.
line:cacbff51	<i>Ooooh. </i>The mount? Hell yeah, man.	<i>О-о-о. </i>Станок? Бляха, так, друже.
line:04b7ce44	<i>This</i> isn't your fault, Conrad.	У <i>цьому</i> немає твоєї провини, Конраде.
line:72b244b7	<size=100%> That felt damn good!	<size=100%> Оце було до біса приємно!
line:78cc49e8	<size=100%>I mean- Cool.	<size=100%>Тобто... Клас.
line:e48243c0	<size=140%> FUCK YEAH!	<size=140%> БЛЯХА, ТАК!
line:f474ffa9	<size=140%>HEY, <size=100%>lookin' for a wash.	<size=140%>ГЕЙ, <size=100%>хочу помитися.
line:9d458e88	<size=160%>HELL YEAH!	<size=160%>ОЦЕ ТАК, БЛЯХА!
line:f5462edf	<size=60%> that's hot.	<size=60%>Це збуджує.
line:7c745c31	<size=70%> A big dragon giving me control. Woah.	<size=70%>Великий дракон віддає мені контроль. Ого.
line:53d71f27	<size=70%> And for me.	<size=70%> І для себе.
line:4fe271cc	<size=70%> woah.	<size=70%>Ого.
line:e53b1bd3	<size=70%><i> holy shit, I just bagged a date with a dragon.	<size=70%><i>Охрініти, щойно домовився про побачення з драконом.
line:c4384e8e	<size=70%><i>but it was nice... Thank you.	<size=70%><i>Але приємно... Дякую вам.
line:ec0e5330	<size=70%><i>feel free to continue-</i>	<size=70%><i>Можете продовжувати...</i>
line:e77c1f79	<size=70%><i>oah-</i> no that's really cool actually.	<size=70%><i>Ой...</i> Ні, це насправді дуже класно.
line:a618f9c2	<size=70%><i>Woah...	<size=70%><i>Ого...
line:ad460e4b	<size=70%><i>Yeah?	<size=70%><i>Справді?
line:c25d1c85	<size=70%>They're still on my payroll.	<size=70%>Я й далі плачу їм зарплату.
line:22deeef6	==	==
line:67fa34ad	==	==
line:a8e2f13e	==	==
line:ce938344	==	==
line:e41244bf	==	==
line:497d3f67	A few days ago...	Кілька днів тому...
line:c570a462	A rather good excuse to see my favorite kobold.	Досить гарний привід побачити свого улюбленого кобольда.
line:5d2d16e0	A really good friend?	Дуже добрим другом?
line:df4d3810	About earlier.	Щодо того, що було раніше.
line:1a5e1ba4	Act what way?	Як саме?
line:cc532c02	After his spontaneous conflagration, I made sure to give him privacy.	Після його самозаймання я подбав про те, щоб ніхто йому не заважав.
line:a983ffa3	Again...?	Знову...?
line:8e34b87d	Agreed, though I'd still like to be let in as soon as convenient.	Згоден, хоча все ж хотів би зайти, щойно вам буде зручно.
line:934a1d5a	Ah yeah, that's the stuff.. keep at it.	Ага, ось так... Продовжуй.
line:e216aee0	Ah, good.	А, добре.
line:9b26ac5f	Ah, I see the button there, gotcha!	А, бачу там кнопку. Зрозумів!
line:7f3fe9f9	Ah, sorry, I'm passionate about such things.	О, перепрошую, мене захоплюють такі речі.
line:bf2a8309	Ah, the grime did sting a little, thank you.	Ах, той бруд трохи пік. Дякую.
line:ebdb9888	Ah, yeah, those types are pretty cute.	А, так, такі досить милі.
line:b920f205	Ah. Do not worry.	О. Не хвилюйтеся.
line:a98d068c	Ah. Okay nevermind I'm not sorry then.	А. Тоді гаразд, беру вибачення назад.
line:6de2c490	Ah...	А...
line:4d6b365e	Ahh, all cleaned and with a lighter load.	А-а, весь чистий і з легшим вантажем.
line:20f96302	Alexander!	Олександре!
line:f167e3d7	Alexander!	Олександр!
line:fe3996b8	Alexander!	Олександре!
line:af7db134	Alexander...?	Олександре...?
line:eb7cf9e5	All clean...	Зовсім чистий...
line:f57fc630	All done!	Готово!
line:0b734d82	All self respecting washers know how to please a dragon.	Кожен мийник, який себе поважає, знає, як догодити дракону.
line:599ffb25	Already got seats at that bar I mentioned earlier.	Уже забронював місця в тому барі, про який казав.
line:642ddea3	Alright alright... Then I think I'd like to use it?	Добре, добре... Тоді, мабуть, я хотів би ним скористатися?
line:c7b3a185	Alright! I'll go get the gate.	Добре! Відчиню браму.
line:7279121a	Alright! I'll go get you the gate.	Гаразд! Відчиню вам браму.
line:4fc4259c	Alright! I'm ready to go.	Гаразд! Я готовий іти.
line:a722d0fa	Alright, go get the gate and I'll head out to the spot!	Гаразд, відчини браму, а я вирушу туди!
line:d04df8f8	Alright, I'll cya!	Гаразд, побачимося!
line:4766af08	Alrighty! That should be it.	Ну ось! Це має бути все.
line:797ca540	Alrighty. All clean.	Ну ось. Зовсім чистий.
line:c4cb161a	Although grapes have always hit a specific craving.	Хоча винограду мені завжди хочеться якось особливо.
line:dc237557	Although, the portions might be a bit... dragon sized.	Щоправда, порції можуть бути трохи... драконячими.
line:655b8c01	Always happy to have you, Conrad.	Завжди радий тобі, Конраде.
line:afedd1f5	An anomaly.	Аномалія.
line:0de4fe62	And I'm glad you have a medkit... You're very prepared.	І добре, що в тебе є аптечка... Ти до всього готовий.
line:0699aef9	And I'm really happy for you and Conrad.	І я дуже радий за вас із Конрадом.
line:a3a26459	And not just physically.	І дивляться вгору не лише через мій зріст.
line:507bd2b9	And that's why I'm here! Going to be heading out after this wash to go see him.	От чому я тут! Після миття одразу піду до нього.
line:33440e8c	And why you are perfect for this job!	І саме тому ви ідеально підходите для цієї роботи!
line:cacb93ce	And you've tried everything.	І вже все перепробував.
line:8cae6240	Another dragon? Usually I don't really get along...	Ще один дракон? Зазвичай ми не дуже ладнаємо...
line:5a7e4fd4	Any chance you can clean me up again?	Може, зможеш ще раз мене помити?
line:92d2a30a	Anything. I'm just curious.	Будь-що. Мені просто цікаво.
line:52695aa2	Anything?	Що завгодно?
line:8ead9ee9	Anytime, Ryan.	Завжди будь ласка, Раяне.
line:6d77feef	Anyway glad you're not finished, lets keep at it!	Хай там як, радий, що ми ще не закінчили. Продовжуймо!
line:bdb4f59c	Anyway, time to get writing!	Хай там як, час братися до написання!
line:75dd56ae	Anyways,	Коротше.
line:8980260e	Anyways-	Хай там як...
line:a8e6291c	Anyways- Let me out.	Коротше, випускай.
line:493a82ef	Anyways. Could you go get the gate?	Коротше. Відчиниш браму?
line:926f5f41	Anyways. Gonna use this thing now!	Коротше. Зараз візьмуся за цю штуку!
line:ad8ab02e	Anyways...	Хай там як...
line:e767dc51	Anywho, I'll get out of your scales now.	Хай там як, не плутатимусь у вас під лапами.
line:e81426c1	Anywho, I'm in need of a clean.	Хай там як, мені потрібне миття.
line:23e7d518	Approach the dragon entrance, and I will let you in.	Підійдіть до входу для драконів, і я вас упущу.
line:72a9b5bb	Are you happy?	Ви щасливий?
line:be0118cc	Are you okay?	Ти в порядку?
line:de735c65	Are you open right now?	Ви зараз відчинені?
line:9369755d	Are you sure it will fit?	Ти певен, що влізе?
line:c35b717a	Are you sure...? In front of the food?	Ти певен...? Просто тут, біля їжі?
line:cb06d2bf	As am I.	І я також.
line:9a48b21c	As in you're unique.	Тобто ви унікальний.
line:1c021ee0	At getting hand jobs.	У тому, щоб мені дрочили.
line:e861b464	At least that's what I've heard anyway.	Принаймні я так чув.
line:2f54ceec	At least you can still use your hands. Heh.	Хоч руками ще можеш попрацювати. Хе.
line:cb04e062	At least you can still use your hands. Heh.	Хоч руками ще можеш попрацювати. Хе.
line:97792929	Aw, I'll go get you the gate.	Ой, піду відчиню тобі браму.
line:c6895517	Aw, Ryan.	Ох, Раяне.
line:db997182	Aw, thank you Alexander.	Ой, дякую, Олександре.
line:7157db26	Aw, thanks Alexander.	Ой, дякую, Олександре.
line:011f1458	Aw, thanks.	Ой, дякую.
line:aea0be6b	Aw, thanks.	Ой, дякую.
line:c00d76cd	Aw, thanks. I only look so good 'cause of your washes!	Ой, дякую. Я такий гарний лише завдяки твоєму миттю!
line:453ff9be	Aw- Ryan...	Ох, Раяне...
line:5340a315	Aw... Thanks!	Ой... Дякую!
line:c6202cf2	Aw... Thanks.	Ой... Дякую.
line:cb1d1197	Aw... Thanks. Is it weird I consider you...	Ох... Дякую. Це дивно, що я вважаю тебе...
line:2bfa396c	Aw... That's really sweet	Ой... Це дуже мило.
line:22053f7f	Awesome!	Клас!
line:6fdb2c3d	Awesome!	Клас!
line:70306ba1	Awesome!	Клас!
line:6126a614	Awesome! Come on in..	Чудово! Заходь...
line:e85007ac	Awesome! See you later then!	Чудово! Тоді до зустрічі!
line:4c7f15d6	Awesome, I'll go get the gate.	Клас, відчиню браму.
line:9d126e4e	Awesome, I'm glad.	Чудово, я радий.
line:b60cc4a5	Awesome.	Клас.
line:59fb47b0	Awww. You don't need to be coverd in ink to say hi!	О-о. Щоб привітатися, не обов'язково вимазуватися чорнилом!
line:8e20e028	Be yourself!	Будь собою!
line:cd18f73f	Been looking forward to this.	Дуже цього чекав.
line:8f1fccf9	Being muddy is really fun up until it starts drying.	Бути в багнюці весело, поки вона не починає висихати.
line:40783547	Berries.	Ягоди.
line:59d4be6a	Berries.	Ягоди.
line:61e781c1	Berries.	Ягоди.
line:18ae08ef	Bet you had fun.	Мабуть, добре розважилися.
line:982fd3c7	big C...?	Великого К...?
line:4b3f7c6a	Biology...? <size=70%> <i>I think?	Біологія...? <size=70%> <i>Мабуть?
line:9be63f47	Bleh. Thank you for grabbing that.	Бе. Дякую, що забрав це.
line:66957ed2	Blue...?	Синє...?
line:a77c3afd	Both.	І так, і так.
line:78975048	Brrr! Cold water!	Бррр! Холодна вода!
line:8487a2c4	Burnswick Community College of Thaumaturgy	Громадський коледж тауматургії Бернсвіка
line:f75126de	But honestly you've helped me a lot.	Але, чесно, ти мені дуже допоміг.
line:cab69268	But I already know I'm liking this a lot.	Але вже знаю, що мені дуже подобається.
line:d9534386	But I know the type... They tend to be big softies on the inside.	Але знаю таких... Усередині вони зазвичай великі добряки.
line:f73ddfbc	But I think its time to get cleaned up.	Але, здається, час усе змити.
line:088ea4a7	But I'm hot shit, so I'll be fine.	Але я ще той красень, тож упораюся.
line:c8f8bc22	But I'm only your washer?	Але ж я лише ваш мийник?
line:dda0419b	But I'm sure I'd enjoy it with you!	Але з тобою я точно отримаю задоволення!
line:aa74448a	But not in this sized package, right??	Але ж не на комусь такого розміру, правда??
line:7d9ffc48	But nothing beats a large gulp!	Але ніщо не зрівняється з великим ковтком!
line:d1ec7684	But that is why I am here!	Але саме тому я тут!
line:b0d9d1e5	But you're the teacher dragon.	Але ж учитель-дракон тут ви.
line:2d7e1ab6	But, at least I got to meet you!	Але принаймні я познайомився з тобою!
line:b7f46902	But, I think you've taught me something.	Але, здається, ви мене дечого навчили.
line:b1040415	By the stars! No no. You're excellent.	Заради зірок! Ні-ні. Ви прекрасний.
line:3a88a2dd	By the way would you be mad if your partner made a mess at home?	До речі, ти б злився, якби твоя друга половинка наробила вдома безладу?
line:4199070f	Came in for another wash.	Зайшов знову помитися.
line:105cd3e2	Can I ask you a question?	Можна тебе дещо спитати?
line:535ee717	Can you repeat that?	Можете повторити?
line:835e0c27	Can't sthpeak well.	Не можу нофмально говорити.
line:afa450c0	Come back whenever, Ryan.	Заходь будь-коли, Раяне.
line:0cedfc3d	Conrad can go as long as he needs	Конрад може протриматися скільки треба.
line:5462913f	conrad hooked up with ryan	Конрад зійшовся з Раяном.
line:61cd33c5	conrad hooked up with ryan	Конрад зійшовся з Раяном.
line:6a7610f3	conrad hooked up with ryan	Конрад зійшовся з Раяном.
line:bac1ce29	conrad hooked up with ryan	Конрад зійшовся з Раяном.
line:61c9b7ac	Conrad needs a cleaning, got a slot for 'im?	Конраду треба помитися. Є для нього місце?
line:405b7ef1	Conrad needs a wash!	Конраду треба помитися!
line:803c8f0c	Conrad was talking about you during our date.	Конрад говорив про тебе на нашому побаченні.
line:f1787092	Conrad!	Конраде!
line:fd6c6213	Conrad!	Конраде!
line:484cd04d	Conrad...?	Конраду...?
line:5b0360ad	Conrad: Actually.. I mean..	Conrad: Насправді... Тобто...
line:3ce891ff	Conrad: Conrad just enjoys himself	Conrad: Конрад просто насолоджується.
line:fbe86c06	Conrad: Damn right!	Conrad: Ще б пак!
line:5660dc8b	Conrad: Don't worry about it!	Conrad: Не переймайся!
line:c050dbfc	Conrad: I do it all the time	Conrad: Я постійно так роблю.
line:cd3367da	Conrad: I want this to go well	Conrad: Хочу, щоб усе пройшло добре.
line:194c1381	Conrad: I'm ready to blow	Conrad: Зараз кінчу.
line:ce4d0fef	Conrad: Yea	Conrad: Ага.
line:42c70daa	Conrad: You feel good	Conrad: З тобою так добре.
line:3bc52918	Conrad: You having a good time?	Conrad: Тобі добре?
line:be0e51af	Cool.	Крутий.
line:88c36bc7	Could do that, then get a hotel room... Hmm.	Можна туди, а потім зняти номер у готелі... Гмм.
line:b99e1503	Could you ask <i>me</i> a question?	Могли б ви поставити запитання <i>мені</i>?
line:12bf5baf	Could you get the gate...?	Ви могли б відчинити браму...?
line:3a6afae1	Could you go get the gate?	Відчиниш браму?
line:9f49d9d4	Could you wash it away?	Можеш це змити?
line:7661a0e9	D'aw... thanks.	Ой... Дякую.
line:59bc5840	Damn right I do!	Ще б пак!
line:64889395	Damn right!	Ще б пак!
line:95aa0bf4	Damn right!	Ще б пак!
line:db592d76	Damn right!	Ще б пак!
line:0fcf9908	Damn right.	Ще б пак.
line:b964c99b	Damn shame then. Better change that.	Прикро, блін. Треба це виправити.
line:c6955ecc	Damn, you know how to use your hands.	Блін, ти вмієш працювати руками.
line:eaf45022	Damn, you know how to use your hands.	Блін, ти вмієш працювати руками.
line:684fb29a	Damn... Always feels good.	Блін... Завжди приємно.
line:7023cc94	DATE NIGHT!	ВЕЧІР ПОБАЧЕННЯ!
line:c71df70b	Date night!	Увечері побачення!
line:b57cc8ad	Depends	Залежить.
line:07bd7f57	Did you do your uh...	Ти сьогодні якось інакше, ем...
line:4f38655d	Do I look like I'm okay?	Я схожий на того, хто в порядку?
line:8147156a	Do it!	Кінчай!
line:9ab6ddfb	Do you also do "special endings" here?	У вас тут теж є «особливі завершення»?
line:4c90479c	Do you ask because I'm lavender?	Ви питаєте, бо я лавандового кольору?
line:3020c97c	Do you believe I am attractive?	Ви вважаєте мене привабливим?
line:c5e71850	Do you even need a wash?	Тобі взагалі треба митися?
line:1810e75f	Do you have any advice?	Щось порадиш?
line:6be807b5	Do you have any plans with ryan?	Маєш якісь плани з Раяном?
line:a0cf6cae	Do you know any cool places, people, I could hang around?	Знаєш якісь класні місця, де можна зависнути? Чи когось, із ким можна потусити?
line:412ba249	Do you know any good bars?	Знаєш якісь хороші бари?
line:28ec716a	Do you know anyone I could talk to? Y'know... about relationship stuffs?	Знаєш когось, з ким я міг би поговорити? Ну... про стосунки й таке інше?
line:21c0526b	Do you like being big?	Вам подобається бути великим?
line:daa040eb	Do you like purple?	Вам подобається фіолетовий?
line:ef052302	Do you like purple?	Вам подобається фіолетовий?
line:d5ed3582	Do you make big dragons, <size=60%>like me, <size=100%>cum here?	Ви тут доводите великих драконів, <size=60%>як-от мене, <size=100%>до оргазму?
line:ec64a696	Do you mind double checking if I'm clean?	Перевіриш ще раз, чи я чистий?
line:647187f1	Do you want to say what happened...?	Хочеш розповісти, що сталося...?
line:807df02d	Do you want to use it?	Хочете скористатися?
line:5c42b85a	Doesn't mean I need to yell at you.	Це не привід кричати на тебе.
line:eefa8ae2	Don't be sorry! Get a mount!	Не вибачайся! Роздобудь станок!
line:dd0f7b1d	Don't worry, dragons are made to eat anything.	Не хвилюйся, дракони пристосовані їсти що завгодно.
line:b90b01a9	Don't worry, he's real nice.	Не хвилюйся, він дуже милий.
line:7de2a81c	Don't worry. I will.	Не хвилюйся. Розповім.
line:c29d4071	Don't... make it sound like that.	Не... кажи це таким тоном.
line:31bdd33c	Dont talk with your mouth full	Не говори з повним ротом.
line:8ee41fdc	Dragon history is complex. Ornamental crest <size=85%> are often <size=70%> worn by dragons to <size=55%>signify what family they belong to! <size=40%> It's an interesting mark of their culutral <size=35%> and familial heritage. I've often wondered if I should continue to wear mine. <size=20%> But culutural and familiar ties are considered important within the lore of dragons! so I must adhere to such things. <size=10%> Water. Earth. Fire. Air. Long ago, the four nations lived together in harmony. Then everything changed when the Fire Nation attacked.	Драконяча історія складна. Декоративні герби <size=85%> дракони часто <size=70%> носять, щоб <size=55%>показати належність до свого роду! <size=40%> Це цікавий символ їхньої культурної <size=35%> та родинної спадщини. Я часто міркував, чи варто й далі носити свій. <size=20%> Але культурні й родинні зв'язки в драконячих переказах вважаються важливими! Тому я маю їх шанувати. <size=10%> Вода. Земля. Вогонь. Повітря. Колись давно чотири народи жили в гармонії. Та все змінилося, коли Народ Вогню напав.
line:0a0e6773	Dragon stomachs are a bit more... robust than yours.	Драконячі шлунки трохи... витриваліші за твій.
line:7e352505	Dragons of the galaxy 2	Дракони галактики 2
line:c2c659d1	Eep!	І-і!
line:0bd1699e	Ehh..	Е-е...
line:43dd32f5	Er... That's not-	Е-е... Я не про...
line:93b60dce	Even so. Not this time	І все ж. Не цього разу.
line:573d9362	Even though you were just doing your job... I think it helped him a lot.	Навіть якщо ти просто робив свою роботу... Думаю, це дуже йому допомогло.
line:a2ba222e	Evening. This establishment takes walk ins, correct?	Добрий вечір. У цьому закладі приймають без запису, чи не так?
line:f98c3b6c	Every ending here is special!	У нас кожне завершення особливе!
line:bfeaec15	Every self respecting wizard has a phoenix feather handy.	Кожен поважний чарівник тримає напохваті перо фенікса.
line:57df700d	Everyone's gaze carries an immense weight.	Погляди інших тиснуть на мене величезним тягарем.
line:9ad8d2dd	Excellent!	Чудово!
line:0c997163	Excellent.	Відмінно.
line:1976bc60	Excellent. Then make sure to go greet your customer at the window.	Чудово. Тоді обов'язково привітайте клієнта біля вікна.
line:7bbe7ee3	Expectations are laaaame.	Очікування — це тааак нудно.
line:f99eb2ff	Ey! The mount! Fuck yeah.	Гей! Станок! Бляха, так.
line:d376acb9	Ey, so. Was thinkin'	Гей, слухай. Тут подумав.
line:85ec0862	Ey, sorry for coming in late.	Гей, вибач, що зайшов так пізно.
line:12e8ae42	Ey, Use your hands on my cock- it feels good!	Гей, попрацюй руками на моєму хую. Мені подобається!
line:271a3846	Fair enough. I'll be waiting!	Цілком слушно. Чекатиму!
line:4789095b	Fair enough. You two do seem cute together.	Ясно. Ви справді милі разом.
line:f5b37855	Felt good sliding down though!	Зате приємно ковзнув горлом!
line:274367d7	Figured I'd bring in something nice after all you've done.	Вирішив принести щось приємне після всього, що ти зробив.
line:aae8afca	Fine with me!	Я не проти!
line:e98616be	For you!	Для тебе!
line:62a82aba	Found this one gryphon. About my size...	Познайомився з одним грифоном. Приблизно мого розміру...
line:807fdc76	From what I've heard he sounds like he's improved a lot recently, yeah?	З того, що я чув, останнім часом він дуже змінився на краще, так?
line:803bf378	Fuck man, I'm so pumped.	Бляха, як же я чекаю.
line:f2418086	Fuck no! Shit's embarrassing.	Та ні, бляха! Це соромно.
line:a7ca3ca8	Fuck something and then get a handjob hopefully.	Щось трахнути, а потім, сподіваюся, щоб мені подрочили.
line:203bce10	Fuuuck. You really know how to work a dragon!	Бля-я-ха. Ти справді знаєш, як догодити дракону!
line:f7f9b0db	G'day mate!	Здоров, друже!
line:664c994e	Gave me time to think.	Дав час подумати.
line:1d9b3531	Get a handjob and fuck this mount.	Щоб мені подрочили та щоб трахнути цей станок.
line:48afdce4	Give it to me!	Дай мені все!
line:9df043ad	Give me a bit	Дай мені трохи часу.
line:e5c7f64a	Glad I'm here to remind you then.	То добре, що я прийшов нагадати.
line:354170aa	Go for it!	Давайте!
line:2d0b6b06	Goin' downtown tonight. Needed to be spotless. Say...	Сьогодні йду до центру. Треба бути бездоганно чистим. Слухай...
line:dcb506d2	Good as!	Чудово!
line:bcbc6373	Good evening!	Добрий вечір!
line:607a5c47	Good, I can't be having the Burnswick Community College of Thaumaturgy know that their best professor Alexander has caused another incident.	Добре. Не можна допустити, щоб Громадський коледж тауматургії Бернсвіка дізнався, що його найкращий професор Олександр знову спричинив інцидент.
line:12b72085	Good, you better. If I come back and there isn't one...	Добре, дивись мені. Якщо повернуся, а його не буде...
line:2c851dad	Good.	Добре.
line:2712436c	Good. 'Aight, let me out.	От і добре. Гаразд, випускай.
line:bab51ada	Good... That'd be correct.	Добре... Так, це слушне слово.
line:44f2b8cf	Goodbye!	До побачення!
line:a8e6ac2a	Goodness, thanks to you I have a chance at redeeming this situation.	Ох, завдяки вам у мене є шанс урятувати становище.
line:745c3c12	Gosh!	Оце так!
line:6b5c6564	Gotta <i>practice</i> for Ryan if you catch what I mean.	Треба <i>потренуватися</i> для Раяна, якщо розумієш, про що я.
line:e3cef2bc	Gotta make sure you're spotless!	Треба, щоб ти був бездоганно чистий!
line:b01b2159	Great, so uh,	Чудово, то, ем...
line:43c94954	Grouse as! Excited to see you work!	Оце клас! Чекаю, коли побачу тебе за роботою!
line:9de16ee9	Ha!	Ха!
line:88d7e1e2	Haah. This is the best fuckin' wash.	Ха-а. Це найкраща, бляха, мийня.
line:cc6e7856	Hah! There's the mount!	Ха! Ось і станок!
line:90dd6d9d	Hah, eager as always.	Ха, завзятий, як завжди.
line:9542e7a6	Hah, good. Let's break this thing in!	Ха, чудово. Ну що, обкатаємо її!
line:fe21109b	Hah, he seems like the wild type.	Ха, він і справді здається нестримним.
line:e8bc1d95	Hah, I imagine it would be.	Ха, так і думав.
line:acbf628d	Hah, it is a motivator.	Ха, це справді мотивує.
line:65b23418	Hah, okay. I'm game.	Ха, добре. Я за.
line:058d9d5c	Hah, yeah. Conrad is definitely experienced...	Ха, так. Конрад точно досвідчений...
line:8b878971	Hah, yeah. He sounds fun.	Ха, так. Здається, з ним весело.
line:e3ed51d9	Hah. Conrad, you look good too.	Ха. Конраде, ти теж гарно виглядаєш.
line:f8b2e23b	Hah. Fine.	Ха. Добре.
line:ea23c5f9	Hah. If only there was a kobold that could clean me.	Ха. От би тут був кобольд, який міг би мене помити.
line:c9bb2a93	Hah. Yeah. <size=70%><i>It's cool that you learn to jerk off dragons in cleaning school...	Ха. Так. <size=70%><i>Класно, що в школі мийників учать дрочити драконам...
line:50a559bb	Hah... <size=70%> yeah.	Ха... <size=70%>Так.
line:4d4d9986	Hah... Gonna jerk me off now? That's fine.	Ха... Тепер подрочиш мені? Я не проти.
line:4e920759	Hah... Yeah I'm excited.	Ха... Так, не можу дочекатися.
line:b36365ce	Hah... Yeah...	Ха... Так...
line:b8724c64	Hah... you do like that noise.	Ха... Любиш ти цей звук.
line:c8cde395	Haha, 'Yip' indeed.	Ха-ха, саме так, «дзяв».
line:680991cf	Haha, yes. Happy to see you.	Ха-ха, так. Радий вас бачити.
line:4c27b031	Haha, you certainly are!	Ха-ха, це вже точно!
line:c3a2e14e	Haha, you certainly are!	Ха-ха, це вже точно!
line:9ec40945	Haha. 'Yip' to you too.	Ха-ха. І тобі «дзяв».
line:5e91e0a7	Haha... Yeah. I'm not really used to complimenting.	Ха-ха... Так. Я не дуже звик робити компліменти.
line:44689f21	Happy to be back.	Радий повернутися.
line:2672f65d	Happy to be here.	Радий бути тут.
line:192fcb8e	Happy to get it off.	Радий її позбутися.
line:3517b28e	Have a productive day.	Продуктивного вам дня.
line:7c1adc57	He called me, we met up. He's really damn nice.	Він подзвонив, ми зустрілися. Він до біса милий.
line:e71f9a0b	HE DIED!?	ВІН ПОМЕР!?
line:ed6c9afb	He hadn't been... Well, cared about in a long time from what I could gather.	Наскільки я зрозумів, про нього... давно вже ніхто особливо не дбав.
line:de25de6e	He just... Knew what to say to snap me out of all that.	А він просто... знав, що сказати, щоб я отямився.
line:a035a3fd	He prefers 'vertically challenged'... But yes.	Він воліє «вертикально обмежений»... Але так.
line:04b29e42	He really is.	Він і справді такий.
line:c7e1b369	He really is.	Він і справді такий.
line:c64bd5ce	He said I was chill, we planned a date...	Сказав, що зі мною легко, ми запланували побачення...
line:e8a91447	He's a lot. But, I like it.	Його буває забагато. Але мені це подобається.
line:a7181b1a	He's a red dragon. I think you two would like eachother!	Він червоний дракон. Думаю, ви сподобаєтеся один одному!
line:8245fe2b	He's already back to work. Thanks for helping with all that.	Він уже повернувся до роботи. Дякую, що допомогли з усім цим.
line:aaea8391	He's been way nicer recently.	Останнім часом він значно добріший.
line:7363c004	He's great.	Він чудовий.
line:c13d4e24	He's hot.	Він гарячий.
line:675d7e37	He's like. SUPER hung.	У нього, ну, ПРОСТО ВЕЛЕТЕНСЬКИЙ.
line:7deb9fff	He's like... a big softy surrounded by sharp pointy bits.	Він ніби... великий добряк, оточений гострими колючками.
line:800c553d	He's my dream dragon.	Він дракон моєї мрії.
line:4b3c70d9	He's snappy, but tender too!	Він гострий на язик, але й ніжний!
line:31281c6d	He's this REALLY cute red drake who goes to the wash!	До мийні ходить один ДУЖЕ милий червоний дракон!
line:4c11c83e	He's tiny, I like being eye level with him.	Він маленький. Подобається, що ми на одному рівні очей.
line:b9ce2f3c	He's... Considerate. Real understanding too.	Він... турботливий. І дуже чуйний.
line:8e9e0f98	Heard about you and the big blue guy. Ryan was it?	Чув про тебе й того великого синього. Раян, так?
line:ca4a9672	Heeeey Ryan.	Приві-і-іт, Раяне.
line:24ce37ec	Heeeey.	Приві-і-іт.
line:bb70c1ed	Heh. Yeah.	Хе. Так.
line:3fa80829	Heh. Yeah. I like you too.	Хе. Так. Ти мені теж подобаєшся.
line:20393ff6	Heh. Yeah. That's me.	Хе. Так. Це я.
line:ac769d93	heh.. yea.. sorry..	Хе... Так... Вибач...
line:5246ceea	Heh... alright.	Хе... Гаразд.
line:75fef5cb	Heh... Damn right.	Хе... Ще б пак.
line:5f0edcb2	Heh... Handsy today, huh?	Хе... Сьогодні руки так і тягнуться, га?
line:2f55b3aa	Hehe	Хе-хе.
line:7e991330	Hehe yeah.	Хе-хе, так.
line:3223473f	Hehe, I'm excited to get into the dating scene again.	Хе-хе, не можу дочекатися, коли знову почну ходити на побачення.
line:4a137220	Hehe, thanks. It has stuff that should be good for both of us.	Хе-хе, дякую. Тут дещо, що має сподобатися нам обом.
line:1a3e2a73	Hell yea	Бляха, так!
line:93f67490	Hell yeah	Бляха, так.
line:389e4033	Hell yeah I did!	Ще б пак, бляха!
line:17dbb9b7	Hell yeah.	Бляха, так.
line:4b7b33d9	Hello!	Привіт!
line:c3d3da41	Hello!	Привіт!
line:4183ca7e	Hello, <i>'Drag'n wash franchise 223'...</i> Have you figured out how to interact yet?	Вітаю, <i>«філія Drag'n'wash № 223»...</i> Ви вже розібралися з взаємодією?
line:a99c515c	Hello, <i>'Drag'n wash franchise 223'...</i> Have you spoken to your first customer yet?	Вітаю, <i>«філія Drag'n'wash № 223»...</i> Ви вже поговорили з першим клієнтом?
line:b7cce838	Hello.	Добрий день.
line:a8779ebf	Hello?	Агов?
line:dd4b34ae	Hello?	Агов?
line:1954aab7	Help the developers out please..	Будь ласка, допоможіть розробникам...
line:db9c3a5c	Help the developers out please..	Будь ласка, допоможіть розробникам...
line:f7f7f5a1	Help the developers out please..	Будь ласка, допоможіть розробникам...
line:fc461784	Help the developers out please..	Будь ласка, допоможіть розробникам...
line:ee3398a6	Hey big guy.	Привіт, велетню.
line:0090c7b0	Hey Conrad!	Привіт, Конраде!
line:3d0a5aeb	Hey Conrad!	Привіт, Конраде!
line:a2b4acea	Hey conrad!	Здоров, Конраде!
line:975a629f	Hey Conrad.	Привіт, Конраде.
line:21235886	Hey could you come up front where I can see you?	Гей, можеш підійти спереду, щоб я тебе бачив?
line:533532c4	Hey fine by me!	Гей, мене влаштовує!
line:1538bc7e	Hey good lookin'	Привіт, красеню.
line:0121c874	Hey hey. Glad you're open.	Гей-гей. Добре, що відчинено.
line:71b651dd	Hey I have something to say!	Гей, хочу дещо сказати!
line:0d4e0ecf	Hey kobold!	Привіт, кобольде!
line:af3f02c9	Hey Ryan, what do you have there?	Привіт, Раяне. Що ти там маєш?
line:6374414d	Hey thanks for being here for me...	Гей, дякую, що ти поруч...
line:bf5ff483	Hey there, happy to be back.	Привіт, радий повернутися.
line:c38b7fa6	Hey there, Ryan!	Привіт тобі, Раяне!
line:2d5fc8a2	Hey there- Maybe you can get 'hands on' later?	Гей... Може, до такої «ручної роботи» перейдемо пізніше?
line:1b6c7f75	Hey there.	Вітаю.
line:5dacf226	Hey there.	Вітаю.
line:82698bd1	Hey there.	Вітаю.
line:ab3a5d9c	Hey there.	Привіт.
line:3d2bc74e	Hey uh, do you think Ryan and I will <i>actually</i> work out?	Гей, ем, думаєш, у нас із Раяном <i>справді</i> щось вийде?
line:04501155	Hey uh, I just need a cleaning.	Гей, ем, мені просто треба помитися.
line:2a29842a	Hey uh... Not now.	Гей, ем... Не зараз.
line:8caa3196	Hey uhm, thanks once again.	Гей, ем, ще раз дякую.
line:5c7a9105	Hey!	Гей!
line:eed2cc64	Hey!	Гей!
line:2f3f5508	Hey! He's just... 'vertically challenged'.	Гей! Він просто... «вертикально обмежений».
line:55bb78d1	Hey! I'm here for a wash.	Привіт! Прийшов помитися.
line:33480903	Hey, Alexander!	Привіт, Олександре!
line:21fcef4f	Hey, Alexander.	Вітаю, Олександре.
line:14598ca6	Hey, big guy!	Привіт, велетню!
line:e7353d24	Hey, I've got a question for you.	Гей, маю до тебе запитання.
line:674877e5	Hey, nothin' wrong with asking!	Гей, що поганого спитати!
line:d2589856	Hey, welcome back!	Вітаю, з поверненням!
line:0d3e4054	Hey.	Привіт.
line:aa0dda7b	Hey.	Слухай.
line:7f2e2736	Hey... little guy!	Привіт... малюче!
line:933efa6d	Hi again!	Знову привіт!
line:873a2b9a	Hi again..	Знову привіт...
line:83ac5b68	Hi Conrad.	Привіт, Конраде.
line:050efd1a	Hi, Ryan!	Привіт, Раяне!
line:06ed6aea	Hiiiii! Hiii!	Віта-а-аю! Вітаю!
line:5a632b75	His physical form is currently reconstituting in the staff lounge.	Його фізична форма зараз відновлюється у викладацькій.
line:6bd91ca7	Hm, I think I'll pass on the mount.	Гм, мабуть, відмовлюся від станка.
line:370d719b	Hm?	Гм?
line:3c3ddd0c	Hm?	Гм?
line:44658d73	Hmm...	Гмм...
line:bf059ff3	Hmm...	Гмм...
line:730b1ca4	Hmm?	Гмм?
line:fc571337	Hmmm, maybe something else?	Гмм, може, щось інше?
line:19207e44	Hold on a little longer for me?	Потримаєтеся для мене ще трохи?
line:f2ae89c4	Honestly, I'm surprised how nice this is.	Чесно, я здивований, як це приємно.
line:a2ff0176	Hope it went well.	Сподіваюся, усе пройшло добре.
line:b17360a0	Hope that's alright?	Сподіваюся, ти не проти?
line:ae08853f	Hope you're doing alright!	Сподіваюся, у вас усе добре!
line:e1fa2461	Hopefully! I'll go get the gate.	Сподіваюся! Відчиню браму.
line:99931b37	Hopefully.	Сподіваюся.
line:d9c91bca	How about you though? have you been seeing anyone?	А ти? З кимось зустрічаєшся?
line:4ec92454	How about you? Anyone exciting?	А ти? Є хтось цікавий?
line:86bde306	How are you with seafood?	Як ти ставишся до морепродуктів?
line:7fb611c9	How come you brought this all in?	Чому ти все це приніс?
line:af0d0972	How come you're covered in ink?	Чому ви весь у чорнилі?
line:e385b7f3	How did it go?	Як усе пройшло?
line:c0161bbc	How did it taste?	Який він був на смак?
line:262b262e	how do I get in?	Як мені зайти?
line:676b0638	how do I get in?	Як мені зайти?
line:8308bb09	How do I look?	Як я виглядаю?
line:4f172746	How do you even digest that?	Як ти взагалі це перетравлюєш?
line:28d390ac	How so?	У якому сенсі?
line:4ef9fe65	How so?	У якому сенсі?
line:ea66b5af	How so?	У якому сенсі?
line:4b29790b	How was the sex.	Як секс?
line:7736270c	How was your date with Conrad?	Як пройшло побачення з Конрадом?
line:18d418ab	However, it's ornamental! My family crest. You see...	Проте це прикраса! Мій родовий герб. Розумієте...
line:1f250062	However, My <i>image</i> is far more permanent than Igwyx's fleeting physical forms.	Проте мій <i>образ</i> значно довговічніший за минущі фізичні форми Іґвікса.
line:ae34381b	However, that respect comes with an expectation to act as I look. It's incredibly stressful.	Проте разом із повагою приходить очікування, що я поводитимусь відповідно до зовнішності. Це неймовірно виснажує.
line:d2baf9e2	However...	Проте...
line:fb8401c3	Huff...	Уф...
line:b54ee04d	huff... Thank you for that.	Уф... Дякую вам за це.
line:16420ca7	Huff... Thanks for that.	Уф... Дякую за це.
line:45507089	Huff... That was nice... Made a bit of a mess though.	Уф... Це було приємно... Хоча трохи забруднив тут усе.
line:ae83cfb6	huh...?	Га...?
line:0c78b56b	Huh?	Га?
line:e96114a2	Huh? ofcourse not!	Га? Звісно, ні!
line:836c079c	I <i>think </i> I must've spilled an inkwell <i>on the way here</i>. Rather clumsy of me!	<i>Гадаю,</i> я розлив на себе чорнильницю <i>дорогою сюди</i>. Який же я незграбний!
line:d37175c7	I act tough but am a small dragon...	Я вдаю крутого, але ж я маленький дракон...
line:b4e27683	I agree	Згоден.
line:68ebf07b	I allowed him, as my stature provides ample height.	Я дозволив, адже мій зріст забезпечує достатню висоту.
line:a051821a	I already feel a lot better.	Мені вже значно краще.
line:49bfbfbe	I already have spot at the club reserved.	Я вже забронював місце в клубі.
line:14ff4edd	I always do~	Я завжди так~
line:b05c6259	I always look forward to seeing you. I'll go get the gate.	Завжди чекаю на тебе. Відчиню браму.
line:52bf5ede	I am THE kobold. Yip!	Я ТОЙ САМИЙ кобольд. Дзяв!
line:141c006f	I am too.	Я теж.
line:363f6f6a	I am too.	Я теж.
line:405b9622	I am too.	Я теж.
line:d4c5faea	I am too.	Я теж.
line:556897bf	I am! Even better now that you're here.	Так! А тепер, коли ви тут, ще краще.
line:e499b2cc	I am.	Так, щасливий.
line:5ec8bb55	I believe that's in part because of you.	Гадаю, частково завдяки вам.
line:9883786d	I booked the night.	Я забронював на всю ніч.
line:eae85bf9	I broke up with my partner...	Я розійшовся зі своєю дівчиною...
line:ffcfee20	I brought watermelon, bread, grapes, and some other stuff.	Приніс кавун, хліб, виноград і ще дещо.
line:e8aa18f4	I can digest pretty much anything.	Я можу перетравити майже все.
line:7f543c2a	I can let loose whenever you are ready	Можу випустити все, щойно будеш готовий.
line:c83a6a0d	I can't believe Igwix would make a mistake like this!	Не віриться, що Іґвікс міг так помилитися!
line:e051a79e	I consider you a good friend too	Я теж вважаю тебе добрим другом.
line:f382336f	I could get us the <i>nicest</i> spots for their show.	Можу дістати нам <i>найкращі</i> місця на їхнє шоу.
line:2602b8c6	I could use a wash.	Не завадило б помитися.
line:c66153d3	I couldn't help but notice the... device over there.	Не міг не помітити той... пристрій.
line:b71f0756	I decided to try baking.	Вирішив спробувати щось спекти.
line:e62b989c	I decided to try baking.	Вирішив спробувати щось спекти.
line:efea7148	I decided to try baking.	Вирішив спробувати щось спекти.
line:98f800d3	I didn't know anyone could like me that much so easily.	Не знав, що можу комусь так швидко настільки сподобатися.
line:4116f001	I didn't know what the button did.	Я не знав, що робить кнопка.
line:7a5c7f54	I didn't mean to fluster you!	Не хотів тебе бентежити!
line:55542a9b	I do enjoy the color. Though I believe its unrelated to my own hue.	Цей колір мені подобається. Хоча навряд чи це пов'язано з моїм забарвленням.
line:f9c800f2	I do!	Так, вважаю!
line:ad9c1ada	I do. But, what happened?	Є. Але що сталося?
line:a45ccf3a	I don't believe I can hold back any longer	Не думаю, що можу стримуватися довше.
line:8c6e1cd3	I don't get it! Why do I have to act this way?	Не розумію! Чому я так поводжуся?
line:cc4e48a3	I don't know where they went but I feel dirty again.	Не знаю, куди подівся алхімік, але знову почуваюся брудним.
line:71127249	I don't mean to be rude, but I must decline	Не хочу бути нечемним, але мушу відмовитися.
line:f5696cc4	I don't need to tell you.	Не зобов'язаний тобі розповідати.
line:878fc94c	I don't understand..	Не розумію...
line:4f3d31f8	I don't want your pitty!	Не треба мене жаліти!
line:8fc36ab7	I enjoy being a part of so many individuals lives in a positive way.	Мені подобається позитивно впливати на життя стількох людей.
line:14653182	I enjoy parts of it. The respect is pleasant...	Деякі сторони мені подобаються. Повага приємна...
line:bd4bb1b9	I enjoy that I do not fear failure around you.	Мені подобається, що поруч із вами я не боюся помилитися.
line:c108ed4f	I enjoy when you tell me what to do with a pat of your hand.	Мені подобається, коли ви поплескуванням руки вказуєте, що робити.
line:6db406b4	I enjoyed this quite a lot.	Мені дуже сподобалося.
line:e838533b	I feel as I could say anything to you.	Здається, я можу сказати вам що завгодно.
line:9b9567ec	I feel much better.	Почуваюся значно краще.
line:ed6be68f	I feel spotless as always.	Як завжди, почуваюся бездоганно чистим.
line:938be2fb	I forget the ignorance of a layman. I apologize.	Забуваю про необізнаність нефахівців. Перепрошую.
line:63837f22	I forgot to bite into it so... Nothing?	Забув його надкусити, тож... ніякий?
line:fe3484ea	I get how you'd feel that way after a breakup, yeah.	Розумію, чому ти так почуваєшся після розриву.
line:adf1550f	I give my other bipedal friends rides all the time.	Постійно катаю інших своїх двоногих друзів.
line:9a68366f	I got a mount.	Я дістав станок.
line:78a54cae	I got back home a bit dirty. And she yelled at me.	Я повернувся трохи брудний. А вона накричала на мене.
line:22a9094a	I guess so!	Схоже на те!
line:28d6c0aa	I hate that I'm always getting into situations like this.	Ненавиджу, що постійно встрягаю в таке.
line:366a7f73	I have a question.	Маю запитання.
line:82b63c18	I have something to say!	Хочу дещо сказати!
line:fd68807c	I have to say, you did as good a job as private washers.	Мушу визнати, ви впоралися не гірше за приватних мийників.
line:761f413a	I heard a loud bang	Я почув гучний вибух.
line:9d7cc63c	I heard a loud bang, I don't think Igwix made it.	Почув гучний вибух. Не думаю, що Іґвікс вижив.
line:7ede5030	I heard there was kobolds down here that could wash me up?	Чув, тут унизу є кобольди, які можуть мене помити?
line:efb2d4af	I heard there were kobolds down here that could wash me up?	Чув, тут унизу є кобольди, які могли б мене помити?
line:2f9b499a	I honestly don't know how you are doing that.	Чесно, не знаю, як ти це робиш.
line:6f5dbc90	I hope he's okay too.	Теж сподіваюся, що він у порядку.
line:cd0197ed	I hope I can learn from that.	Сподіваюся, зможу цього навчитися.
line:cf50dbcc	I hope it all works out.	Сподіваюся, усе складеться.
line:b2dfad3e	I hope so.	Сподіваюся.
line:0477b0d7	I hope so. I really want a fresh start with someone.	Сподіваюся. Дуже хочу почати з кимось із чистого аркуша.
line:7429dab7	I hope that you'll help me prove them wrong!	Сподіваюся, ти допоможеш мені довести протилежне!
line:be5feb3e	I hope things get better.	Сподіваюся, усе налагодиться.
line:114ac9a0	I hope you're right.	Сподіваюся, ти маєш рацію.
line:06744c7e	I just don't like that she takes it out on me.	Мені просто не подобається, що вона зривається на мені.
line:1fb02179	I just don't like that she takes it out on me.	Мені просто не подобається, що вона зривається на мені.
line:c8a1e7d0	I Just need a quick wash... Maybe the mount would be nice too.	Мені тільки швидко помитися... Може, і станок був би доречний.
line:95ff1bed	I just wish for you to ask me a question. Any question.	Просто хочу, щоб ви мене про щось запитали. Про що завгодно.
line:f716a163	I knew you were too busy, so I figured I'd bring the date to you!	Знав, що ти дуже зайнятий, тож вирішив принести побачення до тебе!
line:2461773d	I knew you'd have my back	Знав, що ти мене підтримаєш.
line:6a671440	I know a decent equine-kin place by the pier.	Біля пірса знаю непоганий заклад кінського народу.
line:50102b85	I know he can be a bit hot headed and forget to thank folks.	Знаю, він буває запальним і забуває дякувати.
line:83c55e2e	I know things can be tough.	Знаю, буває важко.
line:2ffb026d	I know you need to close down shop. I'll make sure you get the address and we can meet up there, yeah?	Знаю, тобі треба закрити мийню. Передам адресу, і зустрінемося там, добре?
line:ded99a0c	I know, I'll reserve your spot!	Знаю, притримаю тобі місце!
line:59e503b2	I know. But the ability to open up to someone, even occasionally-	Знаю. Але можливість комусь відкритися, хоч іноді...
line:d30ffec9	I know. I know I shouldn't be dumping this on you.	Знаю. Знаю, не варто вивалювати це на тебе.
line:875048ca	I know. I know.	Знаю. Знаю.
line:7b59e4d6	I like how sure of yourself you are. Even if it just has to do with washing.	Подобається ваша впевненість. Навіть якщо йдеться лише про миття.
line:46061aae	I like it! I think you'd enjoy it too.	Мені подобається! Думаю, тобі теж сподобається.
line:f4ad8ea6	I like taking care of you.	Мені подобається дбати про вас.
line:8ffedb47	I like the mount you chose. Mind grabbing it?	Гарний станок ти вибрав. Принесеш?
line:5c86951f	I like you a lot.	Ти мені дуже подобаєшся.
line:a91980fc	I like you for who you are.	Ви подобаєтеся мені таким, який є.
line:bdca3e1b	I like... him.	Мені подобається... він.
line:2b65bf83	I love bubbles, they tickle!	Обожнюю бульбашки, вони лоскочуть!
line:f8a4f404	I mean it. Really.	Я серйозно. Справді.
line:ae719afc	I need to be better. I <i>want </i>to be better.	Мені треба стати кращим. Я <i>хочу</i> стати кращим.
line:a0373456	I need to be spotless. Seems that's what you're for. <size=70%> Ha.	Мені треба сяяти чистотою. Схоже, ти саме для цього. <size=70%>Ха.
line:3da2dd1d	I never expected myself to confide such embarrassing things in someone.	Ніколи не думав, що довірю комусь такі ніякові речі.
line:0c986dec	I never expected you to be the type to be so messy!	Ніколи б не подумав, що ви можете так забруднитися!
line:95db900b	I never miss a spot.	Не пропускаю жодної плямки.
line:d620d41a	I never thought someone like him would be my type...	Ніколи не думав, що хтось такий може бути в моєму смаку...
line:67592de1	I probably need to head out though.	Але, мабуть, уже треба йти.
line:e41c6dc5	I really do hope it all works out!	Дуже сподіваюся, що все вийде!
line:a722aada	I really think it was this time...	Цього разу, здається, таки моя...
line:e80e5edd	I see what you're doing, thank you.	Розумію ваш задум. Дякую.
line:cc6ec337	I see..	Розумію...
line:d57520b1	I seem to have gotten myself covered in ink!	Здається, я весь забруднився чорнилом!
line:3b161cf3	I still need more!	Мені ще треба!
line:47dc71f3	I suppose I understand disliking the mess it may cause.	Розумію, що бруд, який він приносить, може не подобатися.
line:234ccfda	I suppose it depends on the circumstances.	Мабуть, залежить від обставин.
line:910706c0	I think a movie could be fun!	Думаю, в кіно було б весело!
line:99bbb171	I think he was in a bad environment. He's doing better now.	Думаю, він був у поганому оточенні. Тепер йому краще.
line:9247b7a0	I think he'd like the new you!	Думаю, йому сподобається новий ти!
line:f4982dcd	I think he's got a crush on me.	Здається, я йому подобаюся.
line:fc6fdd10	I think I can still feel some explosion grime on me...	Здається, на мені ще лишився бруд від вибуху...
line:4efc873f	I think I like being taken care of?	Здається, мені подобається, коли про мене піклуються?
line:f5d36d9a	I think I might be close..	Здається, я вже близько...
line:52fc4e08	I think I'd like that!	Гадаю, мені б це сподобалося!
line:5c78099a	I think I'd like to meet him!	Думаю, я б хотів із ним познайомитися!
line:14e0edf6	I think I'd like to try!	Здається, я хочу спробувати!
line:164df75a	I think I'd like to use it?	Мабуть, хотів би ним скористатися?
line:4f6168aa	I think I'd like to use it?	Мабуть, хотів би ним скористатися?
line:ab314624	I think I'd like to?	Мабуть, я хотів би?
line:170c6aa3	I think I'd like you to be that someone aswell.	Мені теж хотілося б, щоб цим кимось був ти.
line:8f46bb17	I think I've got it!	Здається, розібрався!
line:a5e128e0	I think she's upset about something else...	Здається, її засмучує щось інше...
line:bc2545e7	I think she's upset about something else...	Здається, її засмучує щось інше...
line:335c5156	I think so!	Думаю, так!
line:3292625e	I think that would make a decent place! They put on good shows every night.	Думаю, він підійде! Там щовечора хороші шоу.
line:eaafe671	I think you got every spot!	Здається, ти нічого не пропустив!
line:1760e5d5	I think you got every spot.	Здається, ти нічого не пропустив.
line:341175f7	I think you got every spot.	Здається, ти нічого не пропустив.
line:770e7473	I think you got every spot.	Здається, ти нічого не пропустив.
line:f4a8f7fc	I think you helped him a lot more than you realize.	Думаю, ти допоміг йому значно більше, ніж усвідомлюєш.
line:f28fd15d	I think you missed a few spots still...	Здається, ти ще кілька місць пропустив...
line:77509e74	I think you're cool too. Self improvement is hard.	Ти теж класний. Працювати над собою важко.
line:763c6a82	I think you're good looking.	На мою думку, ви гарний.
line:69e7dbb3	I think you're pretty cool, Conrad.	Як на мене, ти класний, Конраде.
line:9c393f61	I think you're special too.	Для мене ти теж особливий.
line:7d5ae3b4	I usually make do with a hose down at home...	Я зазвичай просто обливаюся зі шланга вдома...
line:c4fc9b28	I wanna talk face to face!	Хочу поговорити віч-на-віч!
line:548dc375	I want to be more open. It feels good.	Хочу бути відкритішим. Це приємно.
line:e02f464d	I was helping the alchemist reach a high shelf	Я допомагав алхімікові дістатися до високої полиці.
line:fa97376e	I was helping the alchemist reach a high shelf	Я допомагав алхімікові дістатися до високої полиці.
line:bb015b1b	I was romping around the forest	Я гасав лісом.
line:78e2cb13	I was thinking about what you said,	Я думав про твої слова.
line:b8282714	I was thinking.	Я тут подумав.
line:ca616238	I was thinking. We could go out some time next week?	Думав, може, сходимо кудись наступного тижня?
line:a13d76ec	I was thinking...	Я тут подумав...
line:c1a4edf0	I wasn't making her happy either.	І вона зі мною теж.
line:a4214fe6	I went out of my way for a discrete washing, I was sure I wasn't followed.	Я доклав стільки зусиль, щоб помитися непомітно, й був певен, що за мною ніхто не стежить.
line:db5cd152	I went out with some friends.	Гуляв із друзями.
line:b6b9dc33	I will pay double. Triple- This is a job only you can do!	Заплачу вдвічі більше. Утричі! Лише ви здатні з цим упоратися!
line:0c31345e	I will, thanks.	Зайду, дякую.
line:fa41daf4	I will. I just need a quick wash, and wouldn't mind using the mount today.	Розповім. Тільки швидко помиюся, і сьогодні не відмовлюся від станка.
line:399457b7	I wish it was easy as it is in movies.	Якби ж усе було так просто, як у кіно.
line:2185f08c	I won't.	Не скажу.
line:45950848	I would like that!	Мені б це сподобалося!
line:099ec7fd	I would love to.	З радістю.
line:e6006cd6	I wouldn't mind!	Я не проти!
line:81905be1	I'd like to go out to eat.	Хотів би кудись піти поїсти.
line:75b152eb	I'd love to talk more, truly, but class is soon.	Я б залюбки ще поговорив, справді, але скоро заняття.
line:2fe8a558	I'd love to!	Із радістю!
line:87ba56cc	I'll be back again, yeah?	Я ще зайду, добре?
line:ca035ef2	I'll be back again. It's nice having you as a friend.	Я ще повернуся. Приємно мати такого друга, як ви.
line:0fcd9c26	I'll be back soon, yeah? Thanks for the wash.	Скоро повернуся, добре? Дякую за миття.
line:d9f422eb	I'll be waiting at the bar for you tonight!	Увечері чекатиму на тебе в барі!
line:69dff2ec	I'll be waiting for the gate!	Чекатиму, поки відчиниш!
line:ae4d09f6	I'll be waiting for the gate!	Чекатиму, поки відчиниш!
line:ab616aac	I'll definitely keep this place in mind.	Неодмінно запам'ятаю це місце.
line:b122441b	I'll get one ordered I promise!	Замовлю, обіцяю!
line:1642b6f1	I'll get out of your scales now. Thank you for the wash.	Тепер не плутатимусь у вас під лапами. Дякую за миття.
line:707d2693	I'll get out of your scales...	Не плутатимусь тобі під лапами...
line:ca480eed	I'll get you two in contact then.	Тоді познайомлю вас.
line:59416000	I'll go get the gate for ya'	Відчиню тобі браму.
line:6aa7ad03	I'll go get the gate for ya'	Відчиню тобі браму.
line:2a6d7e7d	I'll go get the gate for you.	Піду відчиню тобі браму.
line:8107858d	I'll go get the gate for you.	Піду відчиню вам браму.
line:d1755010	I'll go get the gate for you.	Піду відчиню тобі браму.
line:4d692a01	I'll go get the gate.	Піду відчиню браму.
line:a75bb519	I'll go get the gate.	Піду відчиню браму.
line:8689a124	I'll happily get that for you.	З радістю принесу його вам.
line:48e99d7b	I'll have to close up shop first-	Спершу мені треба закритися...
line:f2b894e2	I'll have to reserve your spot while you close up.	Поки закриватимешся, притримаю тобі місце.
line:6c5e2459	I'll keep that in mind. I'm used to things being transactional.	Запам'ятаю. Я звик, що все має бути обміном послугами.
line:956a0f47	I'll make sure to ask him next time I see him.	Обов'язково спитаю його, коли побачу.
line:e64d21e4	I'll make sure to come back.	Обов'язково повернуся.
line:7c9fe106	I'll make sure to get out of your scales.	Не плутатимусь під лапами.
line:87006442	I'll make sure to tell others about this place	Обов'язково розповім іншим про це місце.
line:1db78e06	I'll make sure to tell you how it goes, yeah?	Обов'язково розповім, як усе пройшло, добре?
line:49b6a167	I'll make sure you're <i>spotless.	Подбаю, щоб ти був <i>бездоганно чистий.
line:96981b61	I'll manage.	Упораюся.
line:9aa97614	I'll need this to be swift, students won't teach themselves.	Треба буде поквапитися, студенти самі себе не навчать.
line:9ef857c8	I'll need to resurrect Igwix, oh how embarrassing!	Доведеться воскресити Іґвікса. Як ніяково!
line:90a9a98e	I'll see you next time I come in, yeah?	Побачимося, коли знову зайду, добре?
line:d0f6a49a	I'll see you next time I come in, yeah?	Побачимося, коли знову зайду, добре?
line:160bf40f	I'll start prepping for it.	Почну все готувати.
line:8af64cb8	I'll take care of this, don't you worry.	Я про це подбаю, не хвилюйся.
line:e20c6391	I'll tell you in a bit. Could you just get the gate for now?	Трохи згодом розповім. Поки що просто відчини браму, добре?
line:04c62f9b	I'm <i>spotless</i>.	Я <i>бездоганно чистий</i>.
line:629f8cff	I'm a bit of a big deal around there.	Мене там добре знають.
line:d9272031	I'm a dragon.	Я дракон.
line:675e7284	I'm a rule breaker!	Я порушник правил!
line:afcd5586	I'm a... kobold.	Я... кобольд.
line:5d41b5d6	I'm all dirty still!	Я ще весь брудний!
line:2f6eb3c3	I'm all soapy still!	Я ще весь у милі!
line:18707b19	I'm always happy to give you a wash!	Завжди радий тебе помити!
line:3b01eb3b	I'm always happy to give you a wash!	Завжди радий тебе помити!
line:d82b1a7d	I'm always happy to help. <i><size=70%> especially a big dragon.	Завжди радий допомогти. <i><size=70%>Особливо великому дракону.
line:46c6a3ed	I'm always happy to see you Ryan.	Завжди радий тебе бачити, Раяне.
line:75206eee	I'm always happy to see you Ryan.	Завжди радий тебе бачити, Раяне.
line:fa6e232e	I'm always happy to see you. I'll go get the gate for you.	Я завжди радий вас бачити. Відчиню вам браму.
line:07e5fc05	I'm amazed!	Я вражений!
line:4586d55d	I'm an asshole. I know I am.	Я мудак. Я це знаю.
line:a6d46685	I'm certain he also finds you pleasant!	Певен, йому теж приємно бути з вами!
line:ef399e26	I'm doing good!	У мене все добре!
line:a6c1f2f4	I'm excited for you!	Я за тебе радий!
line:94fbdbf0	I'm excited for you. I'll get the gate!	Радий за тебе. Відчиню браму!
line:f83e4966	I'm excited to hear about it!	Дуже хочу про це почути!
line:bd55b8f4	I'm excited to see them washing down the drain though.	Але вже чекаю, коли вони попливуть у стік.
line:24832f01	I'm excited.	Не можу дочекатися.
line:69f406a6	I'm excited.	Не можу дочекатися.
line:a00f681d	I'm excited.	Не можу дочекатися.
line:a0479425	I'm excited.	Не можу дочекатися.
line:b5d7d26f	I'm excited.	Не можу дочекатися.
line:d66b9155	I'm excited.	Не можу дочекатися.
line:4e1b1d0a	I'm glad you derive enjoyment from this as well.	Радий, що й ви дістаєте від цього задоволення.
line:5db47405	I'm glad you enjoy him. I'm certain he finds you pleasant.	Радий, що він вам подобається. Певен, йому теж добре з вами.
line:c56ee060	I'm glad you enjoy my crest.	Радий, що вам подобається мій герб.
line:f44a1493	I'm glad you trust me.	Радий, що ви мені довіряєте.
line:3a2ed5ef	I'm glad you two are working out though.	Але я радий, що у вас усе складається.
line:c0972e81	I'm glad you two are working out.	Радий, що у вас усе складається.
line:34ba77b1	I'm glad you were able to make the choice that was best for you.	Радий, що ти зміг обрати те, що краще для тебе.
line:d5a90e1c	I'm glad!	Я радий!
line:286fec49	I'm glad.	Я радий.
line:42f5fd9d	I'm glad.	Я радий.
line:99b6dc81	I'm glad.	Я радий.
line:570d4953	I'm happy for you!	Радий за тебе!
line:ac6d5bd3	I'm happy for you!	Радий за тебе!
line:ed5c40ca	I'm happy for you!	Радий за тебе!
line:79099951	I'm happy to be here too.	Я теж радий бути тут.
line:99fd9b51	I'm happy to give you a place you can relax.	Радий дати вам місце, де можна розслабитися.
line:5d36d5c8	I'm happy to have met you.	Радий, що познайомився з вами.
line:ce21622a	I'm happy to hear that.	Радий це чути.
line:69963a6c	I'm happy you feel comfy here.	Радий, що вам тут затишно.
line:38388248	I'm here for a wash.	Я прийшов помитися.
line:a6974256	I'm here if you need someone to talk to.	Я поруч, якщо треба з кимось поговорити.
line:6690512d	I'm impressed.	Я вражений.
line:2e424b13	I'm in need of another wash.	Мені знову треба помитися.
line:ef91a572	I'm Jealous!	Заздрю!
line:a79b8639	I'm just happy I don't feel judged here.	Я просто радий, що тут мене не засуджують.
line:8076eb95	I'm just here for a wash though.	Але я тільки помитися.
line:c2caa0b7	I'm just here to bring you food!	Я просто прийшов принести тобі їжу!
line:ec6c7823	I'm just... Happy.	Я просто... щасливий.
line:ed4b0d48	I'm kind of excited.	Трохи хвилююся від передчуття.
line:266c652e	I'm looking forward to seeing you again	Чекаю на наступну зустріч.
line:e91e2041	I'm not <i>that</i> little-	Я не <i>такий</i> уже й маленький...
line:cf05a364	I'm not certain why I suddenly understand your 'Yips'	Не знаю, чому раптом розумію ваше «дзяв».
line:dcc4774b	I'm not too sure. It was on sale at WingCo.	Не зовсім певен. Було зі знижкою у WingCo.
line:5b31909a	I'm only doing what I think is right.	Просто роблю те, що вважаю правильним.
line:7fe349d7	I'm profoundly embarrassed by this whole ordeal.	Уся ця історія мене страшенно бентежить.
line:cfaffc52	I'm pumped.	Я в передчутті.
line:c0a140f8	I'm really fond of letting folks ride on my back.	Мені дуже подобається катати інших на спині.
line:1a5e6184	I'm really looking forward to this.	Дуже на це чекаю.
line:8b43a434	I'm really sorry you got hurt. Who did this?	Мені дуже шкода, що тебе поранили. Хто це зробив?
line:69ffe957	I'm so excited about this date!	Я так чекаю на це побачення!
line:e6290003	I'm so excited. I'll get you two in contact!	Я так радію. Обов'язково вас познайомлю!
line:e8611ad0	I'm sorry for dumping that all on you earlier.	Вибач, що раніше вивалив усе це на тебе.
line:e613b1c3	I'm sorry I snapped at you earlier.	Вибач, що раніше зірвався на тебе.
line:de208e68	I'm sorry you got hurt...	Мені шкода, що тебе поранили...
line:4843bb47	I'm still very muddy, if you could soap me up that'd be great.	На мені ще багато багнюки. Було б добре, якби ти мене намилив.
line:51d4e418	I'm such an idiot.	Я такий ідіот.
line:32114891	I'm sure nobody will know...	Певен, ніхто не дізнається...
line:17a05c96	I'm sure we'll figure something out! just meet me at the pier!	Упевнений, щось придумаємо! Просто зустрінь мене біля пірса!
line:8136ef1a	I'm surprised how nice it is.	Дивуюся, як це приємно.
line:722c6ab2	I'm thinking a date soon.	Думаю скоро піти на побачення.
line:3471e9b1	I'm trying my best.	Стараюся як можу.
line:01492e5e	I'm trying not to be pushy.	Намагаюся не тиснути.
line:4d6cd625	I'm trying to get away from the house for a bit.	Хочу трохи побути не вдома.
line:c1ef777a	I'm unsure why speaking with you is so easy.	Не знаю, чому з вами так легко розмовляти.
line:822c0718	I'm very excited.	Дуже чекаю.
line:ddab3d34	I'm very satisfied with these results..	Я дуже задоволений результатом...
line:03eb977c	I'm well aware. A deep clean has a distinct feel!	Добре це знаю. Глибоке очищення відчувається по-особливому!
line:f9193c0d	I'm willing to do it. But I'd like something new.	Я готовий із цим розбиратися. Але хотілося б чогось нового.
line:63981253	I'm... Happy.	Я... щасливий.
line:f80bd44b	I'm... not certain I'd like to use this today.	Я... не певен, що хочу сьогодні цим скористатися.
line:d422462e	I'm... not sure I can answer that for you.	Я... не певен, що можу відповісти за тебе.
line:8f107933	I'm... Rather close now	Я... Уже досить близько.
line:24c52c54	I'm... wondering...	Я... думаю...
line:6bbd7f1d	I've always hated the rain.	Завжди ненавидів дощ.
line:b4353808	I've always loved giving my biped friends rides...	Завжди любив катати своїх двоногих друзів...
line:9541fceb	I've been considering asking you this for a while now.	Уже якийсь час обмірковую, чи запросити вас.
line:505154a4	I've been thinking...	Я тут міркував...
line:58b4f5fb	I've been told it's polite to talk to smaller folk face to face.	Мені казали, що з меншими чемно говорити віч-на-віч.
line:2c560e29	I've been trying to get into the social sciences aswell.	Також намагаюся опанувати суспільні науки.
line:b4a29141	I've got a guy who can drop a gift by tomorrow that would spruce things up.	Знаю одного, хто завтра може завезти подарунок і пожвавити тут усе.
line:212f0021	I've had a lot of free time lately.	Останнім часом маю багато вільного часу.
line:701b9feb	I've had a lot of free time lately.	Останнім часом маю багато вільного часу.
line:79da763f	I've had a lot of free time lately.	Останнім часом маю багато вільного часу.
line:3c4443fd	I've seen bigger	Бачив і більші.
line:d7a90078	I...	Я...
line:393d0e05	I... hm.	Я... гм.
line:0da5609b	I... Know this is unprompted.	Я... Знаю, це трохи несподівано.
line:5cfb94b9	If a relationship is <i>so</i> bumpy and you know its going to end.	Якщо стосунки <i>настільки</i> складні й ти знаєш, що їм кінець.
line:b2f52b23	If I could uhm...	Чи міг би я, ем...
line:b4990e3d	If I'm honest. I've had a crush on you for a bit.	Чесно кажучи, ти вже якийсь час мені подобаєшся.
line:7c13c28e	If only.	От би.
line:a56c5621	If someone like Ryan is interested, you're doing great.	Якщо тобою зацікавився хтось такий, як Раян, ти чудово справляєшся.
line:52f28749	If we're caught violating another policy my reputation would be in ruins!	Якщо нас знову спіймають на порушенні правил, моя репутація загине!
line:83f511d2	If ya' place the mount for me I'll have at it.	Постав мені станок, і я за нього візьмуся.
line:7ead92b1	If you could come up front so I could talk.	Підійди спереду, будь ласка, щоб я міг поговорити.
line:e78656aa	If you could come up to where I can see you.	Підійди, будь ласка, щоб я тебе бачив.
line:9a013329	If you wanna talk about it more, I've got a minute.	Якщо хочеш ще поговорити, я маю хвилинку.
line:3d014153	If you want to use it that's fine!	Якщо хочете ним скористатися, усе гаразд!
line:a9eb9a76	if you're seeing this please grab nael or submit a bug report	Якщо ви це бачите, зверніться до nael або надішліть звіт про помилку.
line:b9ab4eed	Im not complaining though.	Але я не скаржуся.
line:27340362	In a bad way?	У поганому сенсі?
line:2019bb85	In a good way?	У доброму сенсі?
line:91d5fb72	Incredible!	Неймовірно!
line:61c8781b	Indeed! You're the only kobold I wish to wash me now.	Саме так! Тепер я хочу, щоб мене мив лише один кобольд — ви.
line:a5979ac9	Indeed, you must know of my crest! I teach alchemy.	Саме так, мабуть, ви впізнали мій герб! Я викладаю алхімію.
line:dd9d30d2	Indeed. I'm glad you were able to help.	Саме так. Радий, що ви змогли допомогти.
line:fd5ddfcb	Indeed. You're an excellent person to be around.	Саме так. Поруч із вами дуже приємно бути.
line:78c9b5cc	Is everything okay?	Усе гаразд?
line:bea8f1f7	Is something on your mind?	Тебе щось непокоїть?
line:6b6dd8bc	Is that a good thing...?	Це добре...?
line:848727f2	Is that a threat...?	Це погроза...?
line:db302830	Is that why you came in the first time?	Тому ти й прийшов уперше?
line:00e41343	Is this good?	Так добре?
line:7982d3d8	Is this the right place?	Я за адресою?
line:c48f59a9	Is this the right place?	Я за адресою?
line:b05f6eea	Isn't that... Wood?	Хіба це не... деревина?
line:bf137cb4	It arrived this morning, it should be near the gate.	Він прибув сьогодні вранці й має стояти біля брами.
line:5080b6dd	It depends! Dragon thing.	По-різному! Драконяча особливість.
line:34cf0601	It did! Thanks for asking.	Так! Дякую, що спитав.
line:900dca3c	It does wonders.	Творить дива.
line:cfd504c5	It does wonders.	Творить дива.
line:ac13bf68	It is indeed rather cool.	Це й справді досить цікаво.
line:ea445b46	It is rather novel isn't it?	Досить незвично, чи не так?
line:56d34a41	It is? Good to know...	Справді? Добре знати...
line:b058318f	It means you're doing a good job in kobold.	Кобольдською це означає, що ти добре справляєшся.
line:13c906c7	It really has been. You're wonderful.	І справді. Ти чудовий.
line:b032bfb1	It turns out baking is messy!	Виявляється, випікання — брудна справа!
line:da4f12a1	It turns out baking is messy!	Виявляється, випікання — брудна справа!
line:e106207b	It turns out baking is messy!	Виявляється, випікання — брудна справа!
line:e0c8c57b	It was good. We had sex.	Добре. У нас був секс.
line:681117ec	It was great. Conrad is wild. Good wild.	Чудово. Конрад дикий. У хорошому сенсі.
line:28eee9f5	It went great!	Усе пройшло чудово!
line:92bfe06c	It went great!	Усе пройшло чудово!
line:a5d2b991	It went well.	Усе пройшло добре.
line:1ab5969b	It would be a... date. As most would say.	Це було б... побачення. Як зазвичай кажуть.
line:8440a3f4	It's a regrettable state I find myself in...	Прикро опинитися в такому стані...
line:1706e86d	It's also new to me...	Для мене це теж нове...
line:c1b8e62b	It's always good when a kobold knows what they like.	Завжди добре, коли кобольд знає, що йому подобається.
line:deffce5c	It's crazy how much your neck can handle.	Неймовірно, скільки може вмістити твоя шия.
line:2e182063	It's difficult to find folks that are outside of my current bubble.	Важко знайти когось поза своїм теперішнім колом.
line:48cfc92b	It's endearing!	Це зворушливо!
line:5b6f00bd	It's fine.	Нічого страшного.
line:13dc0f15	It's fine. I close in about an hour.	Нічого. Закриваюся десь за годину.
line:23ac92c8	It's freeing. I'll be back, yeah?	Це звільняє. Я ще повернуся, добре?
line:de9fdb93	It's hard to hold back..	Важко стримуватися...
line:9ebea3d0	It's hard to not be nervous after everything...	Після всього важко не нервувати...
line:ec8243d8	It's interesting; you bipeds tend to savor your meals.	Цікаво, що ви, двоногі, любите смакувати кожен шматочок.
line:d50cb509	It's just that something happened to Conrad, I hope he's okay.	Просто з Конрадом щось сталося. Сподіваюся, він у порядку.
line:bee6c7dd	It's just that...	Просто...
line:3b76093c	It's made for eating things whole.	Вона пристосована ковтати все цілим.
line:19f36dc0	It's my dream.	Це моя мрія.
line:18db795f	It's never easy to end things.	Закінчувати стосунки завжди нелегко.
line:049fb01f	It's nice to have friends to rely on.	Добре мати друзів, на яких можна покластися.
line:ed69e3a1	It's nice to relinquish control, even for a moment.	Приємно передати контроль комусь іншому, хоч на мить.
line:e9d34ea0	It's no biggie. It sounds like everyone is fine.	Нічого страшного. Схоже, усі в порядку.
line:7e511da7	It's okay!	Усе гаразд!
line:b14d8520	It's okay, you sound like you need it.	Усе добре, схоже, тобі треба виговоритися.
line:50b95260	It's okay. I needed to. She wasn't making me happy.	Усе гаразд. Так було треба. Я не був із нею щасливий.
line:47455767	It's okay. I'll figure something out.	Нічого. Щось придумаю.
line:9287c933	It's starting to feel like it's <i>my</i> fault.	Починає здаватися, що це <i>моя</i> провина.
line:7ab244af	It's the best way to enjoy food.	Так найкраще насолоджуватися їжею.
line:0b7589ff	It's the mount you asked for.	Той станок, який ти просив.
line:a5780e74	It's wonderful to be back!	Чудово знову бути тут!
line:649e8eb3	Its a nice get away from everything out there.	Гарна нагода відволіктися від усього, що там, назовні.
line:d0361dd9	Its like an equine fusion thing...	Там щось на кшталт кінської ф'южн-кухні...
line:df86a610	Jokes aside, your wash is definitely the best.	А якщо без жартів, у тебе справді миють найкраще.
line:7fe40d2b	Just a rough day. Hoping this helps!	Просто важкий день. Сподіваюся, це допоможе!
line:ce77a00e	Just did!	Щойно!
line:7c93c604	Just doing my job!	Просто роблю свою роботу!
line:fa0a9fbb	Just having fun.	Просто розважаюся.
line:9e9425cd	Just possibly...	Чисто теоретично...
line:1d73a343	Just some drake at the bar. Was stupid... Couldn't shut my mouth.	Та один дракон у барі. Повівся як дурень... Не міг стулити пельку.
line:ecb9a15d	Just touch me with your hand and I'll try to help.	Просто торкнися рукою, і я спробую допомогти.
line:14209365	Just uhm... Don't tell anyone I'm saying all this.	Тільки, ем... Нікому не кажи, що я все це говорю.
line:3bac1dad	Just... open the gate.	Просто... відчини браму.
line:4f826403	Keep going a little longer please	Продовжуй ще трохи, будь ласка.
line:087039ba	Keep going.	Не зупиняйся.
line:d8f92323	Kinda! I've been getting out more.	Ніби так! Частіше виходжу у світ.
line:b965b4dd	Knock that off, we're not done yet. Right?	Припини, ми ж іще не закінчили. Так?
line:d9d276bb	Kobolds always seem enamored by me eating.	Кобольди завжди захоплюються тим, як я їм.
line:0274cacd	Kobolds are very flexible. It will fit.	Кобольди дуже гнучкі. Влізе.
line:20cb68b9	lemme in?	Впушштиш?
line:41d5085a	Let go whenever you are ready.	Відпустіть себе, щойно будете готові.
line:29a77d09	Let me give it a try!	Дай спробувати!
line:265e14cb	Let me know when you're finished rinsing.	Скажіть, коли закінчите споліскувати.
line:0e1fd4b0	Let the <i>big C</i> out of this place!	Випускай звідси <i>великого К</i>!
line:f7382398	Let's get going~!	Ну ж бо, до справи~!
line:c50535b3	Let's have it!	Давай сюди!
line:9accd60e	Lets wash it off for our date tonight then.	Тоді змиємо це перед нашим вечірнім побаченням.
line:7ce1b833	Like what?	Як саме?
line:cb91e703	Like, I love those around me, but there's a lot of baggage there.	Люблю тих, хто поруч, але з ними пов'язано стільки всього.
line:aa1c54ab	Like, in general.	А взагалі.
line:bbe51f87	Like, in general.	А взагалі.
line:7b7b0a3f	Like, the future of my relationships.	Про те, що буде зі стосунками далі.
line:db79a905	Like... a lemon?	Тобто... як лимон?
line:ffd7dcc4	Like... An asshole? I know I'm miserable to be around.	Як... мудак? Знаю, зі мною нестерпно.
line:a0a0a49c	Like... sexual stuff?	Тобто... щось сексуальне?
line:9becd177	Look at me! I'll be the laughing stock of my students.	Погляньте на мене! Студенти з мене сміятимуться.
line:9711cf03	Lookin' for a hose down. Wouldn't mind using the mount aswell.	Хочу, щоб мене сполоснули. І від станка не відмовлюся.
line:abdb5822	Looking forward to seeing ya'	Чекатиму на тебе.
line:5c335985	Looking forward to seeing you soon.	Сподіваюся невдовзі вас побачити.
line:1d0abc80	Looking forward to the wash.	Чекаю на миття.
line:646279a0	Looks like it.	Схоже на те.
line:b6093881	Looks like ya' got a shipment, eh?	Схоже, тобі щось привезли, га?
line:f1fc3e3c	Luckily death via spontaneous combustion is a concept we have thoroughly curtailed in the modern world.	На щастя, у сучасному світі ми навчилися суттєво обмежувати смертність від самозаймання.
line:d2ba8ba9	Made a bit of a mess... Still worth it.	Трохи насмітив... Але воно того варте.
line:301e8665	Make haste! My reputation is on the line.	Покваптеся! На кону моя репутація.
line:5072cc60	Make sure you're very clean. <size=70%><i>hehe.	Подбай, щоб бути дуже чистим. <size=70%><i>Хе-хе.
line:da21cf49	Makes sense! Yeah tiny drakes are fun.	Логічно! Так, із маленькими драконами весело.
line:22b2643b	Makes sense.	Це зрозуміло.
line:e7f0e9ed	Makes sense.	Це зрозуміло.
line:89c9a73b	Many think it's part of my body.	Багато хто думає, що це частина мого тіла.
line:d7bcbe29	Max says I'm a clumsy dragon,	Макс каже, що я незграбний дракон.
line:db986d0d	May you open the gate?	Чи могли б ви відчинити браму?
line:76a97730	Maybe later...?	Може, згодом...?
line:08a422ba	Maybe like...	Можливо, ну...
line:6f293b7a	Maybe someone new...	Може, когось нового...
line:d2558a04	Maybe someone?	Може, когось?
line:67a46ddc	Maybe we can hang out later?	Може, потім ще проведемо час разом?
line:5691478f	Maybe we could just... Walk?	Може, просто... прогуляємося?
line:7734bf93	Me too, thanks!	Я теж, дякую!
line:627a13e4	Me too.	Я також.
line:d3c733f5	Me too.	Я також.
line:ffa63d1b	Me too.	Я також.
line:040ee2a7	me too.	Я теж.
line:d13cd125	Me.	Собою.
line:14e7b293	Me?	Я?
line:b9cb051a	Means I'm ready to go on a date with a certain kobold.	Що я готовий піти на побачення з одним конкретним кобольдом.
line:e5da247d	Means you know how to get hands on!	Отже, вмієш прикласти руки!
line:171707d2	Mhm!	Мгм!
line:11306335	Mhm! Come back anytime.	Мгм! Заходь будь-коли.
line:69dd6a73	Mhm! he's trying to meet new people.	Мгм! Він намагається знайти нових знайомих.
line:da17b746	Mhm! I'm <i>the</i> kobold!	Мгм! Я <i>той самий</i> кобольд!
line:a0cb3f78	Mhm! that's him.	Мгм! Це він.
line:164fdb01	Mhm, he's trying.	Мгм, він старається.
line:1a663dcf	Mhm, right this way.	Мгм, прошу сюди.
line:3cd8a8bd	Mhm... Thank you.	Мгм... Дякую.
line:4546abce	Might seem kinda weird to ask now. Buuuut.	Мабуть, дивно питати саме зараз. Але-е-е.
line:57d8b72a	Mind opening the gate to let me out?	Відчиниш браму, щоб я вийшов?
line:b2a507ab	Mind opening the gate to let me out?	Відчиниш браму, щоб я вийшов?
line:6d726280	Mind washing more?	Помив би ще трохи?
line:c8281b83	Mmm, I understand that to mean you'll get the gate?	Ммм, я правильно зрозумів, що ви відчините браму?
line:dd0c77ae	Mmm, Yeah I know the type.	Ммм, так, знаю таких.
line:d8cafcc7	mmm..	Ммм...
line:729cea0c	Mmmhm, I always do my best.	Мгм, я завжди стараюся.
line:f36b8b76	Mmmhm. I'll work on my sleep schedule...	Мммгм. Попрацюю над режимом сну...
line:d38efb75	Mmmmhm, gotta prep for a date with him.	Мммгм, треба підготуватися до побачення з ним.
line:a78dd44b	mmph! (Yea!)	Ммф! (Так!)
line:b132719c	Mmph- Hm?	Ммф... Гм?
line:16ee6b14	Money... mmm...	Гроші... Ммм...
line:d8cc8048	Most people do!	Більшості це подобається!
line:3d723db0	Must mean you two are a good match.	Мабуть, ви добре підходите одне одному.
line:9ca994a5	My bad	Моя помилка.
line:aaecba3d	My bad	Моя помилка.
line:fedbf70c	My colleague, professor Igwyx, wished to use me as a platform.	Мій колега, професор Іґвікс, захотів використати мене як підставку.
line:08af3902	My date with Ryan was...	Моє побачення з Раяном було...
line:116b5405	My date with Ryan was...	Моє побачення з Раяном було...
line:e26c3b65	My first ever Yarn script in Unity!	Мій найперший сценарій Yarn в Unity!
line:f15b014f	My names Ryan. So...	Мене звати Раян. То...
line:e4aced7b	My students could learn a thing or two from your work ethic!	Моїм студентам варто було б повчитися у вас старанності!
line:dfe74420	My-	Ох...
line:9b915bf2	Nah.	Ні.
line:c3642dec	Nah.	Ні.
line:393c128a	Never cleaned a teacher dragon... woah.	Ще ніколи не мив дракона-вчителя... Ого.
line:a99b03ed	Never tried it.	Ніколи не пробував.
line:6df809e1	Nevermind. Could you get the gate?	Неважливо. Відчиниш браму?
line:d3a50f3f	Next time I come in for a wash we'll go.	Як наступного разу прийду митися, тоді й підемо.
line:ac5afd96	Next time I come in I'll have reservations!	Наступного разу прийду вже з бронюванням!
line:8990fcc9	Nice! Whats with all the... Gloop?	Клас! А що це за... жижа?
line:1d4b8528	Nice. Gotta open the gate though. Let Conrad in!	Чудово. Тільки браму відчини. Впусти Конрада!
line:acab92d4	Nnf... I believe I needed that. Thank you.	Ннф... Гадаю, мені це було потрібно. Дякую.
line:8fe11008	Nnnf... That was way better than those berries.	Ннф... Це було значно краще за ті ягоди.
line:b251704a	No	Ні
line:e05c2dca	No	Ні
line:dc86c2de	no	ні
line:5794ea87	No amount of justification makes it feel good though.	Але жодні пояснення не роблять це менш болючим.
line:5a5ec440	No I actually just got it	Ні, я щойно його придбав.
line:cd5f07ca	No more excuses.	Годі виправдовуватися.
line:4b38230f	No need for thanks. I'll get the gate.	Нема за що. Відчиню браму.
line:11604fbd	No need to be nervous, Alexander!	Не треба нервувати, Олександре!
line:eefef647	No need to be.	Не варто бентежитися.
line:73ea230a	No no, you're a certified cleaner yeah?	Ні-ні, ти ж дипломований мийник?
line:743c64e6	No not really.	Ні, не зовсім.
line:50feefe8	No problem!	Нема за що!
line:1a9a36e1	No problem! Can't wait for you to meet Conrad.	Нема за що! Не можу дочекатися, коли ти познайомишся з Конрадом.
line:0a9993d2	No problem, thanks!	Нічого страшного, дякую!
line:10bdb3a4	No problem, thanks!	Нічого страшного, дякую!
line:3a8f65fa	No problem.	Без проблем.
line:ee3d0ee4	No problem. Let me get that gate for ya'!	Нічого страшного. Зараз відчиню вам браму!
line:eedccaec	No way.	Та не може бути.
line:f0351f0c	No way.	Та не може бути.
line:d726f776	No worries,	Не переймайся.
line:12b7a5b3	No! I mean, yes, but for the sake of my reputation could you please keep my incursion here to yourself.	Ні! Тобто так, але заради моєї репутації збережіть цю вилазку в таємниці.
line:f7f963e3	No, I am.	Ні, настільки.
line:54faa7c0	No, I don't think I do.	Ні, здається, не треба.
line:38419d8b	No, it's not. No more excuses.	Ні, не все гаразд. Годі виправдовуватися.
line:cd9b2a8f	No, thank you. I'm... Really excited.	Ні, це тобі дякую. Я... Дуже чекаю.
line:1af1ad05	No, we don't offer things like that here.	Ні, таких послуг ми не надаємо.
line:cb7e94e5	no.	Ні.
line:6128a09c	No. A lime that is yellow.	Ні. Як лайм жовтого кольору.
line:de25dacd	No. I'm not. Do you have a medkit or not?	Ні. Не в порядку. Аптечка є чи ні?
line:1cc64bcf	No.. No it's fine... thank you.	Ні... Ні, усе нормально... Дякую.
line:525f5744	Nope	Ні.
line:fbd2c3e7	Nope.	Ні.
line:5406ba8e	Normally I'd say yes to a mount. But, not right now.	Зазвичай я б не відмовився від станка. Але зараз не хочу.
line:ab92da6a	Not anymore at least!	Принаймні тепер уже ні!
line:0cfcd179	Not for a date though.	Але не для побачення.
line:d1b90e2c	Not sure yet.	Ще не знаю.
line:e9643b5d	Not yet.	Ще ні.
line:326cc84d	Not yet. a little longer.	Ще ні. Ще трохи.
line:56a729f6	Nothing more attractive than a man who can improve!	Немає нічого привабливішого за чоловіка, який уміє ставати кращим!
line:b5dabf9f	Nothing more attractive than a man who can improve!	Немає нічого привабливішого за чоловіка, який уміє ставати кращим!
line:8a321997	Now I'm eyeballing the mount...	А я вже задивляюся на станок...
line:5e0a6d7a	Now I'm out here, agh!	І ось я тут, ох!
line:564a9606	Now they'll never need to know!	Тепер ніхто й не мусить знати!
line:d66b7986	Now!	А тепер!
line:63596bb3	Now, do you have a medkit or not?	То є в тебе аптечка чи ні?
line:eefc4e9f	Now, lemme in! I want to try that thing out!	А тепер впускай! Хочу випробувати цю штуку!
line:0554966a	Now, more food?	А тепер ще поїмо?
line:3fb3f8d4	Now, round two!	А тепер другий раунд!
line:12e6043e	Now... Food?	А тепер... Поїмо?
line:5f8b2de4	oah. <size=70%>okay.	О. <size=70%>Добре.
line:13223129	Of course	Звісно.
line:283e56d8	Of course I am! I know I'm very...	Аякже! Я знаю, що я дуже...
line:5788e15c	Of course I do. I'm a <i>professional</i>.	Звісно вмію. Я ж <i>професіонал</i>.
line:0b226939	Of course it is!	Звісно, не проти!
line:f21dd9d4	Of course it is!	Звісно, не проти!
line:642255fc	Of course!	Звісно!
line:76f8c20c	Of course!	Звісно!
line:877aced7	Of course!	Звісно!
line:d2401e75	Of course!	Звісно!
line:f9eb2b4a	Of course! Right this way!	Звісно! Прошу сюди!
line:0d20d327	Of course! Thank you for the food.	Звісно! Дякую за їжу.
line:4da976f5	Of course! You run a fine establishment.	Звісно! У вас чудовий заклад.
line:b629bcf2	Of course! You're wonderful.	Звісно! Ви чудовий.
line:b6c96475	Of course, you run a fine establishment.	Звісно, у вас чудовий заклад.
line:dd082478	Of course.	Авжеж.
line:203cc3d2	Of course. One moment!	Звісно. Хвилинку!
line:fd145efe	Of course. Sorry you're going through all this.	Звісно. Шкода, що тобі доводиться через це проходити.
line:7305cdbc	Oh cool!	О, клас!
line:eb6ae4c3	Oh cool!	О, клас!
line:77c996e8	Oh damn! You really are adventurous!	Ого, блін! Ти справді любиш пригоди!
line:3fdb9d01	Oh fcuk something went wrong	От бляха, щось пішло не так.
line:9e403ecd	Oh fuck yeah.	О, бляха, так.
line:13c39c50	Oh fudge, forget I said that!	От халепа, забудьте, що я це сказав!
line:e722753e	Oh goodness no..	О боже, ні...
line:55e3dd36	Oh hi! um..	О, привіт! Ем...
line:e8ee5747	Oh hi! um..	О, привіт! Ем...
line:b90f527f	Oh huh, that's the tiny drake I saw coming in a bit back yeah?	О, це той крихітний дракон, якого я недавно бачив на вході?
line:001ab950	Oh I heard good things about that.	О, чув про нього хороше.
line:0a4a28c0	Oh I see the button there, gotcha!	О, бачу там кнопку. Зрозумів!
line:c6b0b1aa	Oh like, swallowing things whole?	А, ковтаю все цілим?
line:10254d13	Oh my	Ох.
line:39f6c77d	Oh my bad	О, моя помилка.
line:79511a66	Oh my bad	О, моя помилка.
line:8cfbd75d	Oh my bad	О, моя помилка.
line:cb71b2a1	Oh my bad	О, моя помилка.
line:7d13eca0	Oh my- I didn't expect you to be so... hands on	Ох... Не очікував, що ви так... активно візьметеся руками.
line:c60c65e8	Oh my. I suppose I could use the mount!	Ох. Мабуть, я міг би скористатися станком!
line:433cb27e	Oh no! Do you want to talk about it?	О ні! Хочеш поговорити?
line:d908622a	Oh no, Conrad. are you okay?	О ні, Конраде. Ти в порядку?
line:bf977a7e	Oh okay. I'll go grab it.	О, добре. Піду принесу.
line:7428755b	Oh so it's new for both of us!	О, то для нас обох це нове!
line:513bed5a	Oh so it's new to both of us!	О, то для нас обох це щось нове!
line:4bad37a5	Oh that's good. I'm happy he's okay.	О, це добре. Радий, що він у порядку.
line:7d791906	Oh this is better, but I still feel dirty.	О, так краще, але я ще почуваюся брудним.
line:63926ecd	Oh we're done?	О, уже все?
line:546d1bf2	Oh wow, you're really covered in it!	Ого, ви справді весь у ньому!
line:b2d99a43	Oh wow..	О, ого...
line:e8052272	Oh yeah I liked the first one.	О так, перший мені сподобався.
line:a4a26529	Oh yeah, there's this nice place downtown called wings.	О так, у центрі є гарний заклад Wings.
line:d4d3ecd5	Oh yeah.	О так.
line:059142a3	Oh Yeah?	О, справді?
line:71053a53	Oh Yeah?	О, справді?
line:1121309c	Oh yeah?	О, так?
line:2b560f59	Oh yeah?	О, так?
line:2d2820b0	Oh yeah?	О, так?
line:6e82e54c	Oh yeah?	О, так?
line:b9d8a22f	Oh yeah?	О, так?
line:d8ce8566	Oh yeah?	О, так?
line:f103a4a8	Oh yeah?	О, так?
line:4f6344f1	Oh yeah? He sounds like a bit of a hothead.	Справді? Схоже, він трохи запальний.
line:60cdf456	Oh yeah? The little red drake?	Справді? З тим маленьким червоним драконом?
line:a9253dd8	Oh yeah? The sky blue drake I've seen around?	Справді? З тим небесно-блакитним драконом, якого я тут бачив?
line:762882b4	Oh yeeeaaah?	О, спра-а-авді?
line:5d737ca7	Oh yes	О так.
line:1c90fb6d	Oh you. Gonna make me blush.	Ой, ну тебе. Зараз почервонію.
line:7e3e59aa	Oh!	О!
line:3605a48a	Oh! I think I've seen him. The tiny one, yeah?	О! Здається, я його бачив. Той крихітний, так?
line:3bc15278	Oh! No it wouldn't be. It's fun!	О! Зовсім ні. Це весело!
line:c95a153d	Oh! nothing. I'll get the gate.	Ой! Нічого. Відчиню браму.
line:b6fb6fce	Oh! Okay. I'll get the gate!	О! Добре. Відчиню браму!
line:4d3233a1	Oh! That's cold!	Ой! Холодно!
line:403f2ab7	Oh! Then I better let you in. I'll go get the gate.	О! Тоді краще впущу вас. Піду відчиню браму.
line:0f2dc134	Oh! Yeah that makes sense...	О! Так, логічно...
line:1270a483	Oh, and I apologize for being absolutely filthy.	О, і перепрошую, що я такий брудний.
line:7b5be1f8	Oh, and I've figured it where to go.	О, і я вже придумав, куди підемо.
line:52fb116d	Oh, and seems I got some on my face. woops.	О, і, здається, трохи лишилося на морді. Ой.
line:73a37947	Oh, awesome. I'm a big salmon guy.	О, чудово. Я хлопець, який обожнює лосося.
line:74c9c07b	Oh, like... working class?	О, тобто... для робітничого класу?
line:e048566b	Oh, no.	О, ні.
line:1a9e6537	Oh, no. Ryan is a sweetheart.	Та ні. Раян — справжнє сонечко.
line:5f6a124a	Oh, okay. Thanks.	А, добре. Дякую.
line:17716b05	Oh, right. Sorry.	О, точно. Вибач.
line:82ba64bf	Oh, sorry-	Ой, вибач...
line:956e5c91	Oh, sorry.	Ой, вибач.
line:54a8bb22	Oh, sure. Come on in.	О, звісно. Заходь.
line:270276eb	Oh, that's my favorite part!	О, це моя улюблена частина!
line:1ff9a04c	Oh, the crest around my head?	О, той герб навколо моєї голови?
line:ffed6d04	Oh, wonderful. Seem's we're similar.	О, чудово. Схоже, ми в чомусь схожі.
line:30e6b801	Oh, yeah!	О, так!
line:bedeee82	Oh- Eager!	О, який нетерплячий!
line:38b3c8c1	Oh- I mean. I'll go open the gate!	Ой, тобто... Піду відчиню браму!
line:714c180e	Oh- I'm glad!	О, я радий!
line:ccf87ea9	Oh- I'm not too interested in using that right now.	О, зараз не дуже хочу цим користуватися.
line:963981e4	Oh- I'm sorry for making a mess...	Ой, перепрошую за безлад...
line:8e407c6e	Oh- Not just the wash.	О, я не лише про миття.
line:ad31ec4c	Oh- Not just the wash.	О, я не лише про миття.
line:6866c2c9	Oh- Right now? 'aight I'm down.	О, просто зараз? Гаразд, я за.
line:9a6dca4b	Oh- Ya. On it.	О, так. Уже йду.
line:3b6d644d	Oh.	О.
line:4399096b	Oh.	О.
line:8441bf7b	Oh.	О.
line:87233429	Oh.	О.
line:e90fee8e	Oh.	О.
line:ebd9b4d3	Oh.	О.
line:8a79f72c	Oh. And one other thing.	О. І ще дещо.
line:e8289be5	Oh. good.	О. Добре.
line:5442e228	Oh. Okay I'll go get the gate.	О. Добре, відчиню браму.
line:0da15c85	Oh. Okay.	А. Зрозуміло.
line:73f7f13d	OH. RIGHT.	О. ТОЧНО.
line:c35890c8	Oh. That's... Wonderful!	О. Це... чудово!
line:0ce8d5aa	Oh. Then yeah, we're open.	О. Тоді так, ми відчинені.
line:52ed140c	Oh. Uhm. <size=70%>Good.	О. Ем. <size=70%>Добре.
line:780d0993	Oh. yeah. Sorry.	О. Так. Перепрошую.
line:7f5113d5	OH. You're not used to eating them whole.	А-А. Ти не звик їсти їх цілими.
line:45bc649d	Oh...	Ох...
line:0a093816	Oh... hah. I like that.	О... Ха. Мені подобається.
line:f885f11d	Oh... I suppose this is alright~	Ох... Гадаю, я не проти~
line:7cd85c8e	Oh... I'm so sorry.	Ох... Мені дуже шкода.
line:8cc1aa72	Oh... yeah we don't have one.	О... Так, його в нас немає.
line:f16d7940	Oh... Yeah, tinier dragons tend to... Compensate.	О... Так, менші дракони зазвичай... компенсують.
line:1d491283	Oh?	О?
line:21c46e75	Oh?	О?
line:fd8d786a	Oh?	О?
line:0ce8d3c2	ohmygod I thought the egg was decorative.	Боже, я думав, те яйце декоративне.
line:d9b26374	Ok I can do that	Добре, я можу.
line:1777121d	Ok I got this..	Добре, я впораюся...
line:f3af3ce8	Ok just tell me if you get uncomfortable or anything.	Добре, тільки скажи, якщо стане незручно чи щось таке.
line:6c3a98cc	Ok lets wash it off for our date tonight then.	Гаразд, тоді змиємо це перед нашим вечірнім побаченням.
line:7a54a1e1	Okay	Гаразд.
line:f64a5b30	Okay	Гаразд.
line:249500dc	Okay!	Гаразд!
line:a327b5f9	Okay!	Гаразд!
line:ccaabca3	Okay!	Гаразд!
line:82d0ea81	Okay! I'll be back later then.	Добре! Тоді зайду пізніше.
line:3deb5f55	Okay! I'll go get the gate for you.	Добре! Піду відчиню тобі браму.
line:9c3d6cb7	Okay! I'll see you soon.	Добре! До скорої зустрічі.
line:72e0348e	Okay, bye!	Добре, бувай!
line:255362b9	Okay, Conrad.	Добре, Конраде.
line:0d16ab28	Okay, I'll be waiting. Thanks.	Добре, почекаю. Дякую.
line:155d1c64	Okay, I'll open the gate!	Добре, відчиню браму!
line:886f5df2	Okay, I'll see you later!	Добре, до зустрічі!
line:585d6a08	Okay, thank you.	Добре, дякую.
line:c298bc55	Okay, thank you.	Добре, дякую.
line:6acf71a3	Okay, thanks.	Гаразд, дякую.
line:8ed5a204	Okay- okay. I'll go get the gate.	Добре, добре. Відчиню браму.
line:10b9a653	Okay- Thanks.	Гаразд. Дякую.
line:00a81c16	Okay. I hope you're doing alright though.	Добре. Але сподіваюся, ти тримаєшся.
line:118a51bb	Okay. I should probably get out of your scales.	Гаразд. Мабуть, час перестати плутатися тобі під лапами.
line:a62e8112	Okay. I'll open up shop. Give me a sec.	Добре. Відчиню мийню. Хвилинку.
line:9d434af5	Okay. I'll order a mount.	Добре. Замовлю станок.
line:2f3b06de	Okay. Then I think I'd like to try.	Добре. Тоді, мабуть, хочу спробувати.
line:54ad4706	Okay...	Добре...
line:28311fbb	Omg you're hurt!	Боже, ти поранений!
line:8b3abbf7	On it!	Уже беруся!
line:42e3eba2	Once I'm cleaned up I'm gonna head out and get our spot ready.	Коли помиюся, вирушу готувати наше місце.
line:1d4b8a1c	One thing led to another...	Одне привело до іншого...
line:c70bea2d	Only been cleaning for a few weeks now!	Працюю мийником лише кілька тижнів!
line:5188bd4a	Only If that's alright-	Лише якщо ви не проти...
line:01505282	Only realized how much of a mess I made after Max yelled at me, haha.	Лише коли Макс здіймає крик, усвідомлюю, скільки бруду наробив, ха-ха.
line:828eed25	Oof... Needed that. Thank you.	Уф... Це було потрібно. Дякую.
line:2d40c69a	Oooh, alrighty.	О-о, гаразд.
line:99ff9e7f	Ooooh must be a big deal then.	О-о, то ти, мабуть, важлива персона.
line:e8ad4791	Ooooh.	О-о-о.
line:64bfd62a	Oops, my bad.	Ой, моя помилка.
line:0fa31c40	Our first meeting went great though!	Хоча перша зустріч пройшла чудово!
line:77cebc41	People tell me I've got a fat cock, is that true?	Кажуть, у мене товстий хуй. Це правда?
line:80de6c63	Perfectly clean again. Thank you for taking me in at this hour.	Знову бездоганно чистий. Дякую, що прийняли мене о такій порі.
line:f212528b	Phew! I had an accident that needs to be taken care of... discretely.	Фух! У мене сталася пригода, яку треба владнати... непомітно.
line:b3c35166	Phew, I was worried I'd make another mess of things.	Фух, боявся, що знову все забрудню.
line:314c3d8a	physically or emotionally?	Фізично чи морально?
line:156e0b50	Picnic bathket-	Кошшик для пікніка...
line:0d9de1a1	player hooked up with conrad	Гравець зійшовся з Конрадом.
line:2cf1c95e	player hooked up with conrad	Гравець зійшовся з Конрадом.
line:c2529648	player hooked up with conrad	Гравець зійшовся з Конрадом.
line:f7fd34b2	player hooked up with conrad	Гравець зійшовся з Конрадом.
line:66e08b22	player hooked up with ryan	Гравець зійшовся з Раяном.
line:78039fd1	player hooked up with ryan	Гравець зійшовся з Раяном.
line:96a0c0c7	player hooked up with ryan	Гравець зійшовся з Раяном.
line:9bade6d6	player hooked up with ryan	Гравець зійшовся з Раяном.
line:0ddcd600	Please scrub Igwix off my back would you?	Будь ласка, відчистіть Іґвікса з моєї спини, добре?
line:0632acbf	Plus they feel really nice.	А ще так приємно, коли мене миють.
line:c7b8ba3d	Possibly...?	Можливо...?
line:637629a8	Pretty sure I can digest anything.	Досить певен, що можу перетравити все.
line:65a41bc5	Pretty sure I'm all clean!	Здається, я вже зовсім чистий!
line:3750bbf0	Pretty sure that was everything.	Здається, це все.
line:960707b0	Primarily alchemy. Occasionally world history.	Переважно алхімію. Іноді світову історію.
line:1475f95c	Professor Igwyx- My colleague who self-immolated earlier.	Професор Іґвікс — мій колега, який тоді самозайнявся.
line:26e9d692	Professor, but yes. You have.	Професор. Але так, навчили.
line:af0c15fd	Professor- But, yes. I usually don't go to public washes.	Професора. Але так. Зазвичай я не відвідую громадські мийні.
line:962abe27	Project Scale mary	Project Scale mary
line:e5d47feb	prole- <i><size=70%>wuh?	Проле... <i><size=70%>Що?
line:c7b73162	Psst..!	Псст...!
line:9addfb4a	Ready!	Готовий!
line:875b5372	Really damn good!	До біса чудовим!
line:9e9f3e75	Really damn good!	До біса чудовим!
line:9364911d	Really looking forward to finding new people.	Дуже хочу познайомитися з новими людьми.
line:8b0b222c	Really sets the mood.	Добряче задає настрій.
line:4010d36d	Really well honestly.	Чесно, дуже добре.
line:cfcb40c7	Really?	Справді?
line:0ec807a4	Really? Aw, That's really sweet.	Справді? Ой, це дуже мило.
line:630fed1b	Remove this barrier at once so I may enter.	Негайно приберіть цю перепону, щоб я міг зайти.
line:65deb150	Right after this wash!	Одразу після цього миття!
line:0caa6657	Right, I'll get that for you ASAP.	Гаразд, зараз же відчиню.
line:1271b80c	Right.	Так.
line:3ede5541	Right.	Так.
line:6a2e4e0d	Right. I'll get to it.	Гаразд. Беруся до справи.
line:29daeb62	Right. Phoenix feather. Obviously.	Точно. Перо фенікса. Ну звісно.
line:51d1b41e	Ryan is a sweetheart	Раян — сонечко.
line:202fce0c	RYAN THE BONE!	РАЯНЕ, КІСТКА!
line:93bd9a2b	Ryan!	Раяне!
line:9b7e09b8	Ryan!	Раяне!
line:b76f49cd	Ryan!	Раяне!
line:1fa0fbbe	Ryan! I met him.	Раян! Я з ним зустрівся.
line:f0427bb9	Ryan! this is so sweet.	Раяне! Це так мило.
line:92829935	Ryan's such a nice dragon.	Раян такий добрий дракон.
line:13ca0a74	Ryan, you're not supposed to eat the stems-	Раяне, гілочки не їдять...
line:7a01d265	Ryan: I guess it is pretty exciting	Ryan: Мабуть, це досить збудливо.
line:e1526934	Ryan: I like that a lot	Ryan: Мені дуже подобається.
line:a430a2ff	Ryan: I think I am close too..	Ryan: Здається, я теж уже близько...
line:77626e43	Ryan: I would say it is going great	Ryan: Я б сказав, усе йде чудово.
line:f5f5b815	Ryan: I've never done this outside before	Ryan: Я ще ніколи не робив цього надворі.
line:6dd86b71	Ryan: This was nice	Ryan: Це було приємно.
line:41b9659f	Ryan: Wow.. Your stature is really the only thing small about you.	Ryan: Ого... Зріст — справді єдине, що в тебе маленьке.
line:aad89688	Ryan: Yea definitely. Worried about me?	Ryan: Так, звісно. Хвилюєшся за мене?
line:ce6d6d7f	Ryan? you sure everything is okay...?	Раяне? Точно все гаразд...?
line:1d3b255b	Save your mood setting for tonight!	От увечері й створюватимеш настрій!
line:3ed6ab5d	Say do you remember the name of the college I work at?	Скажіть, ви пам'ятаєте назву коледжу, де я працюю?
line:a05a7804	Say...	Послухайте...
line:82d7b5e4	Says who?	Хто сказав?
line:6c193ba9	Scales different today? <size=70%><i>is that a thing...? </i><size=100%>You look good today.	Луску вклав? <size=70%><i>Так узагалі можна...? </i><size=100%>Гарно сьогодні виглядаєш.
line:426f40ff	See you again soon, yeah?	Скоро ще побачимося, так?
line:3112d78d	See you soon.	До скорої зустрічі.
line:8072b186	See you tonight.	До вечора.
line:0d3b23da	Sheesh.	Ого.
line:48435b12	Shh! I'm not from around here...	Тсс! Я не місцевий...
line:0f86dbf6	So am I!	Я теж!
line:3063100e	So am I.	Я теж.
line:a241eec6	So far so good though, yeah?	Поки ж непогано виходить, так?
line:813c6dd4	So is this like... our first date?	То це ніби... наше перше побачення?
line:9b10d450	So this Conrad guy, seems like you like him?	То цей Конрад... Схоже, він тобі подобається?
line:0c5dcd3c	So uh, gate?	То, ем, брама?
line:84d8a935	So uh, mind opening the gate?	То, ем, відчиниш браму?
line:7da41ecd	So uhh, let me know if you need me to move.	То, ем, скажи, якщо треба буде посунутися.
line:3a469ae4	So yeah, I had a mishap..	Ну от, у мене сталася пригода...
line:a6d6bf76	So you and Ryan huh?	То ти й Раян, га?
line:31fa3bdf	So you came in just to...	То ти прийшов лише щоб...
line:5f64c352	So you're a certified dragon washer huh?	То ти дипломований мийник драконів?
line:c9e7bb1e	So you're a certified dragon washer huh?	То ти дипломований мийник драконів?
line:aedb6a51	So, coming in for a wash?	То прийшов помитися?
line:1c856f1c	So, how was your date?	То як пройшло ваше побачення?
line:3cda84e6	So, tell me more about conrad!	То розкажи більше про Конрада!
line:c10d9415	So, thanks on his behalf for caring.	Тож дякую тобі від його імені за небайдужість.
line:e6aa9d20	So, with... relationships.	От щодо... стосунків.
line:a99c5c88	So. How about a date?	То як щодо побачення?
line:c2f44537	So. My girlfriend was home before me. she's a work-from-home dragon.	Отже. Моя дівчина була вдома раніше за мене. Вона дракониця й працює з дому.
line:d9652dff	So. Our date tonight...	Отже. Наше побачення сьогодні ввечері...
line:b983f922	So. Tonight.	Отже. Сьогоднішній вечір.
line:28c51dbf	So... A date. I think I'd like to go on one soon!	Отже... Побачення. Думаю, я б хотів скоро на якесь сходити!
line:7c56b2d8	So... I was thinking about my relationships.	Отже... Я думав про свої стосунки.
line:5a5e7f21	So<size=90%>o<size=80%>o<size=70%>o<size=60%>o... <size=100%>I 'aint dirty. But I am <i>~dirty~</i> y'know?	То<size=90%>о<size=80%>о<size=70%>о<size=60%>ож... <size=100%>Я не брудний. Але думки в мене <i>~брудні~</i>, розумієш?
line:8a35fb7b	So<size=90%>o<size=80%>o<size=70%>o<size=60%>o... <size=100%>Was wonderin'	То<size=90%>о<size=80%>о<size=70%>о<size=60%>ож... <size=100%>Хотів спитати.
line:5230bdfd	Soap, then rinse!	Спершу намилити, потім сполоснути!
line:c374e532	Somehow that feels more honest than anything anyone else says.	Чомусь це звучить щиріше за все, що кажуть інші.
line:2898f680	Something happened last night	Учора ввечері щось сталося.
line:4dac3d2b	Something went wrong with flags!	Щось пішло не так із прапорцями сюжету!
line:61c7f2d6	Something went wrong with flags!	Щось пішло не так із прапорцями сюжету!
line:6d5ba814	Something went wrong with flags!	Щось пішло не так із прапорцями сюжету!
line:8f64adc0	Something went wrong with flags!	Щось пішло не так із прапорцями сюжету!
line:19cedc30	Sooo. You gonna jerk me off?	То-о-ож. Подрочиш мені?
line:1646ece2	Sorry for coming in late. My sleeps borked.	Вибач, що пізно прийшов. Збив собі режим сну.
line:b2b32876	Sorry I'm bad at flirting. Could you get the gate?	Вибач, фліртувати не вмію. Відчиниш браму?
line:13ba93ef	sorry!	Перепрошуємо!
line:e2f9c70c	Sorry, I meant to say I enjoy your wash.	Перепрошую, я хотів сказати, що мені подобається ваша мийня.
line:78ca8d95	Sorry...	Вибач...
line:4af15fc3	Sounds good to me!	Я не проти!
line:8c6e66f3	Sounds good!	Звучить добре!
line:1ef36cb0	Sounds like a date then!	От і домовилися про побачення!
line:d71ba53e	Sounds like a date then!	От і домовилися про побачення!
line:5fc277a9	Sounds like a date then! Seafood then we play it by ear.	Тоді домовилися! Морепродукти, а далі як піде.
line:0e643191	Sounds like a date then, I'm excited.	Тоді домовилися про побачення. Дуже чекаю.
line:c4642c9c	Sounds like a date then. I'm excited.	Тоді домовилися про побачення. Чекаю.
line:ffc401d1	Sounds like a plan.	Домовилися.
line:c4dd137b	Sounds like it was good then.	То, схоже, було добре.
line:7b6c47bd	Sounds like it.	Схоже на те.
line:5c51654f	Sounds nice.	Звучить приємно.
line:3a23b81f	Sounds really cool.	Звучить дуже цікаво.
line:1dbf50b3	Sure	Авжеж.
line:c14ceb34	Sure is!	Саме він!
line:de7cd73a	Sure it is. Thanks to Conrad for having me get it.	Звісно, не проти. Дякуємо Конраду, що переконав мене його придбати.
line:05c673e7	Sure!	Звісно!
line:52542beb	Sure!	Звісно!
line:67f14802	Sure!	Звісно!
line:a2dc4ac0	Sure! I'll go get the gate.	Звісно! Відчиню браму.
line:dbb68858	Sure! I'll go get the gate.	Звісно! Відчиню браму.
line:601e1b38	Sure! I'm excited to tell you about Conrad.	Звісно! Дуже хочу розповісти тобі про Конрада.
line:7b5c9d8c	Sure, but he needed someone who cared in that moment.	Звісно, але тієї миті йому був потрібен хтось небайдужий.
line:709a9a57	Sure.	Звісно.
line:4af4703c	Tasted real good though!	Але дуже смачне!
line:048fe71b	TELL ME ABOUT YOU AND CONRAD!	РОЗПОВІДАЙ ПРО ВАС ІЗ КОНРАДОМ!
line:2b84f2eb	Test line 1	Тестова репліка 1
line:7a22b4d3	Test line 10	Тестова репліка 10
line:ec12b3a4	Test line 11	Тестова репліка 11
line:4f87d73a	Test line 12	Тестова репліка 12
line:d9b7d04d	Test line 13	Тестова репліка 13
line:63e6d9d4	Test line 14	Тестова репліка 14
line:f5d6dea3	Test line 15	Тестова репліка 15
line:64cb6133	Test line 16	Тестова репліка 16
line:f2fb6644	Test line 17	Тестова репліка 17
line:1772a124	Test line 18	Тестова репліка 18
line:88119675	Test line 2	Тестова репліка 2
line:1e219102	Test line 3	Тестова репліка 3
line:a470989b	Test line 4	Тестова репліка 4
line:32409fec	Test line 5	Тестова репліка 5
line:a35d207c	Test line 6	Тестова репліка 6
line:356d270b	Test line 7	Тестова репліка 7
line:5643ba3d	Test line 8	Тестова репліка 8
line:c073bd4a	Test line 9	Тестова репліка 9
line:394db643	Thank the stars you're open.	Хвала зорям, ви відчинені.
line:f1946aab	Thank you for cleaning me!!	Дякую, що помив мене!!
line:75b5b084	Thank you for getting me and Ryan in contact.	Дякую, що познайомив мене з Раяном.
line:189d999e	Thank you for listening.	Дякую, що вислухав.
line:3398aea2	Thank you for that.	Дякую вам за це.
line:875f0961	Thank you for the clean!	Дякую за очищення!
line:acb8a5aa	Thank you for the quick clean!	Дякую за швидке миття!
line:8512365e	Thank you!	Щиро дякую!
line:bbca8a46	Thank you!	Щиро дякую!
line:e449156d	Thank you!	Дякую вам!
line:bb4e1dc1	Thank you, Ryan. I'm happy I got to meet you too	Дякую, Раяне. Я теж радий, що познайомився з тобою.
line:3b568c14	Thank you.	Дякую вам.
line:6b245989	Thank you.	Дякую тобі.
line:836d1b13	Thank you.	Дякую вам.
line:d60f2dc0	Thank you.	Дякую вам.
line:035a0830	Thank you. I'd really appreciate it	Дякую. Я був би дуже вдячний.
line:f3e7a8fe	Thank you. Look good feel good!	Дякую. Гарно виглядаєш — добре почуваєшся!
line:d2d97c90	Thank you. You make this a whole lot easier to go through.	Дякую. З тобою пройти через усе це значно легше.
line:3027bcf7	Thanks for asking. It's enjoyable to be asked personal questions.	Дякую, що питаєте. Приємно, коли цікавляться чимось особистим.
line:aaf3066d	Thanks for cleaning me!	Дякую, що помив!
line:8150e2a2	Thanks for helping me out.	Дякую, що допоміг мені.
line:a2217280	Thanks for helping me out.	Дякую, що допоміг мені.
line:7db0baf0	Thanks for introducing me to him.	Дякую, що познайомив мене з ним.
line:c6cee89f	Thanks for letting me in so late.	Дякую, що впустив так пізно.
line:079b3782	Thanks for sharing food with me, You're a great friend.	Дякую, що склав мені компанію за їжею. Ти чудовий друг.
line:85f901b0	Thanks for sharing food with me...	Дякую, що склав мені компанію за їжею...
line:a39fd5a9	Thanks for that. Felt pretty damn good.	Дякую за це. Було до біса приємно.
line:505e150f	Thanks for the clean.	Дякую за очищення.
line:a40e531c	Thanks for the food! I'll go get the gate.	Дякую за їжу! Відчиню браму.
line:f1692a96	Thanks for the suggestion!	Дякую за пропозицію!
line:81ebbec0	Thanks for the wash so late in the night.	Дякую, що помив так пізно ввечері.
line:a9df4c5e	Thanks I'll be waiting!	Дякую, чекатиму!
line:f73a3fc7	Thanks mate, see you tomorrow then.	Дякую, друже. Тоді до завтра.
line:30f1f583	Thanks!	Дякую!
line:3484ab9d	Thanks!	Дякую!
line:44701902	Thanks!	Дякую!
line:4d868f2f	Thanks!	Дякую!
line:70190774	Thanks!	Дякую!
line:8b8f57c4	Thanks!	Дякую!
line:ab5b2574	Thanks!	Дякую!
line:b588bf4c	Thanks!	Дякую тобі!
line:bc5d790a	Thanks!	Дякую!
line:c07a9171	Thanks!	Дякую!
line:e7e57d9c	Thanks!	Дякую!
line:fa293cde	Thanks! Whats with all the... Gloop?	Дякую! А що це за... жижа?
line:e1609903	Thanks, but I'll be better. I promise.	Дякую, але я стану кращим. Обіцяю.
line:02cbdc87	Thanks, I'm excited too.	Дякую, я теж чекаю.
line:37c9d915	Thanks, You're pleasant too!	Дякую, з вами теж приємно!
line:cb847372	Thanks, You're pleasant too!	Дякую, з вами теж приємно!
line:188d4359	Thanks.	Дякую.
line:316bb26e	Thanks.	Дякую.
line:34ec4db7	Thanks.	Дякую.
line:5183a6f2	Thanks.	Дякую.
line:c642cb17	Thanks.	Дякую.
line:cf716777	Thanks.	Дякую тобі.
line:e00c6df5	Thanks.	Дякую.
line:e521db76	Thanks.	Дякую тобі.
line:f62e1c4f	Thanks.	Дякую тобі.
line:fbba1293	Thanks.	Дякую тобі.
line:8bfa88d7	Thanks. I like being around you too.	Дякую. Мені теж добре з тобою.
line:df0a8598	Thanks. I'm always happy to be here.	Дякую. Мені тут завжди добре.
line:084e3cbc	Thanks. See you soon.	Дякую. До скорої зустрічі.
line:71d57aeb	Thanks. That's kind of you to say.	Дякую. Дуже мило з вашого боку.
line:a1f9de62	Thanks. That's kind of you to say.	Дякую. Дуже мило з вашого боку.
line:9a9a6120	Thankth!	Дякуюш!
line:e721d512	That brings me to my next question...	Це підводить мене до наступного запитання...
line:215a2d34	That felt <i>good</i>.	Це було <i>добре</i>.
line:89150715	That is rather kind of you to say.	Дуже люб'язно з вашого боку.
line:a57409fb	That is the source of my worry...	Ось що мене непокоїть...
line:ad261b84	That just makes it harder!	Від цього лише важче!
line:7111d265	That makes me feel a lot more sure of myself then.	Тоді я почуваюся значно впевненіше.
line:3fac5bff	That makes me feel good to hear.	Приємно це чути.
line:1c49f05b	That makes me happy to hear.	Мені радісно це чути.
line:a8b70da7	That must mean it is! I'm glad.	Мабуть, це означає, що не проти! Я радий.
line:5738ea38	That nice to hear... But, I mean being taken care of more... Primally?	Приємно чути... Та я маю на увазі турботу на більш... первісному рівні?
line:8f598864	That one was almost too big-	Цей був мало не завеликий...
line:5960dcbb	That should be all though, could you go get the gate?	Але на цьому, мабуть, усе. Відчиниш браму?
line:116f0e16	That should be every spot.	Це має бути остання плямка.
line:90444b09	That sounds like an over-reaction on her part.	Здається, вона занадто гостро відреагувала.
line:f07c9e39	That sounds like an over-reaction on her part.	Здається, вона занадто гостро відреагувала.
line:c78cf81f	That sounds lovely!	Звучить чудово!
line:eaa3c173	That they are...	Саме так...
line:f4b9a455	That was much nicer than a hose.	Це було значно приємніше за шланг.
line:78cef130	That was never a concern. I'm a rather risk averse dragon.	Про це я й не хвилювався. Я досить обережний дракон.
line:22d271f4	That was really fun.	Було дуже весело.
line:019b83df	That was wonderful! I feel so much better about dating.	Це було чудово! Тепер я значно спокійніше ставлюся до побачень.
line:d7bf167b	That was... Nicer than I expected.	Це було... приємніше, ніж я очікував.
line:577cec43	That's a mount, no?	Це станок, чи не так?
line:825536f5	That's a tricky question to answer.	На це непросто відповісти.
line:66fb84fe	That's all I want to ask.	Це все, що я хотів спитати.
line:ac1ed298	That's all you can ask for, right?	Більшого й не попросиш, правда?
line:6605187b	That's an appeal to authority fallacy. But, yes. I'm correct.	Це логічна хиба — апеляція до авторитету. Але так. Я маю рацію.
line:52f81dde	That's cute!	Це мило!
line:45befc02	That's exciting!	Як чудово!
line:13cd5511	That's fast... But I think so!	Це швидко... Але, думаю, так!
line:4ff91cbd	That's fine!	Нічого страшного!
line:163c524a	That's good to hear.	Радий це чути.
line:33e2bee6	That's good to hear.	Радий це чути.
line:30e461f2	That's good. You deserve a decent man.	Це добре. Ви заслуговуєте на гідного чоловіка.
line:aeae4744	That's good... Now what?	Це добре... А тепер що?
line:f3eeb627	That's great! whens your first date?	Це чудово! Коли перше побачення?
line:215f4eba	That's me.	Це я.
line:cf8c5f37	That's not a thing... But thank you!	Так не роблять... Але дякую!
line:3f29878b	That's rather nice of you to say.	Дуже приємно чути це від вас.
line:d38c63ea	That's really cute.	Це дуже мило.
line:6474d7f7	That's really nice!	Це так приємно!
line:c5001a4c	That's the best way to eat'em!	Так найсмачніше!
line:2a5cc3a5	That's very sweet.	Це дуже мило.
line:7052576b	That's what I like to hear.	Саме це я й люблю чути.
line:2a154290	That's what I thought too.	Я теж так подумав.
line:33d12f97	That's what I thought too.	Я теж так подумав.
line:2b7bb6ce	That's what's terrifying.	Оце й лякає.
line:36fb380f	That's wonderful, he's cute!	Це чудово, він милий!
line:266836f8	That's... the first time you've yipped for me.	Ти... вперше так дзявкнув для мене.
line:9b0b24ad	That.	Це.
line:6ff80785	That... makes me feel a lot more sure of myself then.	Тоді... я почуваюся значно впевненіше.
line:cc6d631b	That... makes me feel a lot more sure of myself then.	Тоді... я почуваюся значно впевненіше.
line:ecf6206f	Thats awesome. I'm glad you two are working out.	Це чудово. Радий, що у вас усе складається.
line:0f8bb606	Thats good to hear.	Приємно чути.
line:f5324d68	Thats really good to hear.	Дуже приємно це чути.
line:063dcd4b	The ability to open up to someone, even occasionally...	Можливість комусь відкритися, хоч іноді...
line:8919009a	The ambiance is nice.	Гарна атмосфера.
line:08c850bf	The apothecary will tarnish my name for months.	Аптекар місяцями паплюжитиме моє ім'я.
line:01b4161e	The breakup I went through earlier was rough.	Той розрив дався мені важко.
line:c932c99d	The breakup I went through earlier was rough.	Той розрив дався мені важко.
line:dd06ed39	The Burnswick Community College of Thaumaturgy, of course!	Звісно ж, Громадський коледж тауматургії Бернсвіка!
line:515099ec	The button on the wall, I mean.	Маю на увазі ту, що на стіні.
line:7fe73572	The clean was fine.	Помив нормально.
line:e8a38ed0	The college cannot find out about this okay?	Коледж не повинен про це дізнатися, гаразд?
line:1a169dbc	The lights in the area are great too.	Там ще й освітлення гарне.
line:610dd8cb	The markers were fun.	З маркерами було весело.
line:4b36ea4e	The most prestigious college hosting prestigious professors like me:	Найпрестижніший коледж із такими поважними професорами, як я:
line:ec00a1fe	The mount? I... suppose!	Станок? Я... мабуть, так!
line:94e04dcf	The mount? Sure!	Станок? Звісно!
line:d8273d7f	The night 'aint gonna start itself!	Ніч сама себе не почне!
line:1f2907ed	The rain has been unrelenting today!	Сьогодні дощ не вщухає!
line:1804bf0a	The rain is nice.	Дощ приємний.
line:7e9a1f83	The stem is just extra food.	Гілочка — це просто ще трохи їжі.
line:c88244b5	The vibe at night is fuckin' great.	Уночі там до біса класна атмосфера.
line:d8a2002e	Then I better let you out!	Тоді краще тебе випустити!
line:d7b3cd09	Then- Have a productive day.	Тоді... Продуктивного вам дня.
line:448afe95	There was a fault in his method.	Його метод виявився недосконалим.
line:48d4a45a	There's this one red dragon, Conrad. He's... Hot headed, but cute.	Є один червоний дракон, Конрад. Він... запальний, але милий.
line:f4af8b88	Theres this club downtown. 'Wings'. It's an old favorite of mine.	У центрі є клуб Wings. Давно його люблю.
line:972f132f	These washes really make things easier.	Завдяки цим відвідинам мені значно легше.
line:352d1d6f	They cum	Вони кінчають.
line:d78962e8	They cum	Вони кінчають.
line:3200a588	They keep going	Вони продовжують.
line:a31d1a18	They keep going	Вони продовжують.
line:035e5be6	They seem cute!	Схоже, він милий!
line:454172b0	They took it too far.	Вони зайшли надто далеко.
line:d7b49fb8	They were! The stem is my favorite part though.	Він і був смачний! Але гілочки я люблю найбільше.
line:d156a87f	Think that's every spot.	Здається, жодної плямки не лишилося.
line:fa1a1e76	Think that's it.	Здається, усе.
line:3112adad	This drake at the bar... I was stupid. Couldn't shut my mouth.	Один дракон у барі... Я повівся як дурень. Не міг стулити пельку.
line:bfd70320	This feels scandalous	Це здається непристойним.
line:cb437bd0	This is a common practice?	Це поширена практика?
line:831cbfda	This is a job only you can do.	Лише ви здатні з цим упоратися.
line:4944dbda	This is delicious!	Це смакота!
line:088893da	This is my first time with a Kobold.	З кобольдом у мене вперше.
line:e218722c	This is my first time, actually!	Насправді я вперше!
line:9eb894ad	This is really nice..	Це дуже приємно...
line:c7e4e36f	This is the kind of shit I try to avoid!	Саме такого лайна я й намагаюся уникати!
line:22929636	This place could use a makeover, I know would it could use!	Тут не завадило б дещо оновити. Знаю, чого бракує!
line:b06e13bc	This soap isn't fitting for a professor don't you think?	Це мило не надто личить професорові, не вважаєте?
line:97841169	This was a nice escape.	Тут було приємно відволіктися.
line:5f02ceea	This was a wonderful escape...	Це був чудовий прихисток від усього...
line:d45f4788	This was nice...	Це було приємно...
line:418498cf	Those grapes looked good.	Виноград виглядав смачно.
line:e9d73205	Though every other wash I've been to at least has a mount	Хоча в кожній іншій мийні, де я бував, є хоча б станок.
line:29e70457	Though I can't say I am not curious	Хоча не можу сказати, що мені не цікаво.
line:9c3e6004	Though you probably shouldn't eat them.	Хоча тобі, мабуть, не варто їх їсти.
line:f1ca33da	title: Alexander_Done	title: Alexander_Done
line:3ed2f649	title: Conrad_OutroDone	title: Conrad_OutroDone
line:74c28add	title: ConradBeatup_OutroDone	title: ConradBeatup_OutroDone
line:722243c8	title: RyanDate_OutroDone	title: RyanDate_OutroDone
line:b4eee981	title: RyanExploded_OutroDone	title: RyanExploded_OutroDone
line:6298f08b	Told me about the time he got beat up.	Розповів, як його побили.
line:ee954bd9	Told me to go to a wash, and was acting extremely offended.	Наказала йти до мийні й поводилася так, ніби я її страшенно образив.
line:c66e1278	Tonight- on campus. The library is the large blue spire building.	Сьогодні ввечері, на території коледжу. Бібліотека — велика будівля з синім шпилем.
line:434527c6	Truly terrible, no?	Воістину жахливо, чи не так?
line:5a5d646c	Truly?	Справді?
line:e3aa4e29	Truth be told, I got dirty to come here.	Щиро кажучи, я забруднився, щоб прийти сюди.
line:0979dea3	Uh, I'm still really soapy!	Ем, я ще дуже намилений!
line:05bbe58c	Uh-huh, I'll go get the gate	Ага, піду відчиню браму.
line:7de638fb	Uh... Hello?	Ем... Вітаю?
line:7de9b3a4	Uh... uhm...	Е-е... Ем...
line:159c5c1f	Uh... Yeah.	Ем... Ага.
line:2089db44	Uhhhm we're not exactly.	Е-е, не зовсім.
line:3ed62e6b	Uhm, no, I'll just be REALLY upset.	Ем, ні. Я просто ДУЖЕ засмучуся.
line:f0a579a5	Uhm...	Ем...
line:cc295885	uhm... <size=60%>no?	Ем... <size=60%>Ні?
line:29237bc3	Use the crowbar to open and place it in storage, would you?	Відкрийте ящик ломом і перенесіть станок на склад, добре?
line:1ec0dc6a	Use the sprayer on the wall to wash me off.	Сполосни мене розпилювачем на стіні.
line:a716d3b8	Uunf. T-that was... Rather undignified.	Уф. Ц-це було... Досить негідно.
line:a37177dd	V-very well. I'll try.	Д-добре. Спробую.
line:209ddf97	Very cool	Дуже круто.
line:2f10f572	Very well. Don't let me interrupt the wash then!	Дуже добре. Тоді не відволікатиму вас від миття!
line:7678511c	Wah- huh- <size=80%>oah. <size=60%>we don't-	Що... га... <size=80%>О. <size=60%>Ми не...
line:82e2c158	Wait a sec, I need to open the gate.	Зачекай, я маю відчинити браму.
line:9c7a2fb7	Wait a sec, I need to open the gate.	Зачекай, я маю відчинити браму.
line:8ab5686b	Was great! Ryan is a sweetheart.	Чудово! Раян — сонечко.
line:d8c9f912	Was just doing my job!	Просто робив свою роботу!
line:148a63c8	Was just trying to play along. Happy to see you!	Просто хотів підіграти. Радий тебе бачити!
line:56261ccb	Was still good though! I like how it feels sliding down.	Але все одно приємно! Люблю, як він ковзає вниз.
line:4d002f47	Was... <i>Really</i> upset I was muddy.	Її... <i>Дуже</i> розлютило, що я в багнюці.
line:014b5da5	Watch where those paws are going would you?	Може, стежитимеш, куди лізуть ці лапи?
line:3028feb5	We also had sex after our date.	Після побачення в нас також був секс.
line:d132db41	We can just lay here...	Можемо просто полежати тут...
line:4da8b942	We can make an opening.	Знайдемо для тебе місце.
line:8c563ab8	We can make an opening.	Знайдемо для тебе місце.
line:33a79dbe	We do! Are you... from the college...?	Так! Ви... з коледжу...?
line:b83ec453	We got your request for the mount!	Ми отримали вашу заявку на станок!
line:8b7b8d6b	We went out to eat. Had some good conversation.	Сходили поїсти. Гарно поговорили.
line:74706bb3	We will need to clean the floors...	Доведеться помити підлогу...
line:df8fb8c9	We'll be going out to this seafood place-	Підемо в один заклад із морепродуктами...
line:110a2ced	Welcome back!	З поверненням!
line:b042f12a	Welcome back!	З поверненням!
line:c46f5033	Well great, I appreciate your discretion, I'll be headed off to the apothecary.	Чудово, ціную вашу стриманість. Я вирушаю до аптекаря.
line:08f40e32	Well I had a good time, see you later then!	Що ж, мені сподобалося. До зустрічі!
line:c1e8b05d	Well I had a good time, see you later then!	Що ж, мені сподобалося. До зустрічі!
line:fcff7b00	Well, go to the window and speak with your customer.	Тоді підійдіть до вікна й поговоріть із клієнтом.
line:fc1e497a	Well, good luck getting your hands around all of me.	Ну, удачі обхопити мене всього руками.
line:60f14972	Well, I do enjoy the color. But I believe that is unrelated to my hue.	Що ж, цей колір мені подобається. Але навряд чи це пов'язано з моїм забарвленням.
line:c9f270de	Well, I'm a dragon- but... You know what I mean.	Ну, я дракон, але... Ти зрозумів.
line:f7f87f6c	Well, That's why I'm here!	Саме для цього я тут!
line:629d89d1	Well, yes. I mean more... Primally?	Ну, так. Але я радше про щось... первісне?
line:8aa0fc1a	Well, you are one hell of a catch.	Ну, ти ж неабияка знахідка.
line:5d34e715	Well, you better get one then!	Тоді краще роздобудь!
line:f16e75f3	Well...	Ну...
line:a71a8385	Went to the bar... Things got spicy. You can imagine what happened next... <size=70%>Hah...	Пішли до бару... Стало гаряче. Уявляєш, що було далі... <size=70%>Ха...
line:2e0ec324	Wha..?	Що..?
line:29ec93b2	Whaaat. Nothing wrong with it! figured you'd like to know.	Що-о-о? Нічого поганого! Подумав, тобі буде цікаво.
line:18e5a573	Whaaat? It's good to make sure you're warmed up!	Що-о-о? Не завадить добре розігрітися!
line:bd66082e	What about a movie?	Може, в кіно?
line:ee3c126b	What about your private washers?	А як же ваші приватні мийники?
line:871137eb	What about?	Про що саме?
line:bb3b6c71	What brings you in so late?	Що привело тебе так пізно?
line:2dd518f0	What do you mean?	Що ти маєш на увазі?
line:2fae1274	What do you mean?	Що ви маєте на увазі?
line:3c2c53dc	What do you mean?	Що ти маєш на увазі?
line:838cdf1b	What do you think of me?	Що ви про мене думаєте?
line:c2bdc402	What does the number 7 taste like?	Яка на смак цифра 7?
line:56fc085a	What happened!?	Що сталося!?
line:0bc56d4d	what happened?	Що сталося?
line:8c3b76ea	What is it?	Яке?
line:44b711a0	What is..	Що це...
line:53301d3b	What kind of egg was that?	Що це було за яйце?
line:073701b7	What kind of movie are you thinking?	Який фільм хочеш?
line:03cf1c9a	What kind of question?	Яке запитання?
line:003700c7	What kinds of classes do you teach?	Які предмети ви викладаєте?
line:e2406cc4	What now?	Що тепер?
line:0c583118	What was in those opened crates?	Що було в тих відкритих ящиках?
line:5a195ff2	What!? that's terrible! You don't even have a mount...?	Що!? Та це ж жах! У вас навіть станка для трахання немає...?
line:8ebd442e	What's got you looking so happy?	Чому ти такий задоволений?
line:fc7aaaa0	What's teaching like?	Як воно — викладати?
line:f99840cd	What's that?	Що це?
line:1a0b719d	What's up?	Що таке?
line:29359884	What's up?	Що таке?
line:8d5c7802	What's up?	Що таке?
line:712f9d7c	what?	Що?
line:766c2abd	What? All the best places do it!	Що? В усіх найкращих місцях це є!
line:159a1d54	What? I'm a professor! Can't you tell from my crest?	Що? Я професор! Хіба за гербом не видно?
line:9aa86a9b	What? There is no harm caused by a genuine compliment!	Що? Щирий комплімент нікому не зашкодить!
line:b2fe309b	Whats got you in a good mood?	Чому такий гарний настрій?
line:93a145d4	Whats up, big guy?	Що таке, велетню?
line:4efe8211	Whats up?	Що таке?
line:866cd495	Whats up?	Що таке?
line:bfc04b3a	Whats up?	Що таке?
line:e01885c3	Whats up?	Що таке?
line:f7d786b6	Whats with all the... Gloop?	А що це за... жижа?
line:c4c81aa9	Whats your favorite part about him?	Що тобі в ньому найбільше подобається?
line:ff6ef027	When do you actually end the relationship?	Коли саме треба їх закінчувати?
line:2ffe284b	When I met him at first I was falling back on my old script.	Коли ми вперше зустрілися, я знову почав поводитися по-старому.
line:eb019075	When you're done go ahead and hit the button.	Коли закінчиш, сміливо тисни кнопку.
line:5d4e9392	Where did he go...?	Куди він подівся...?
line:7af04961	Where would you like to go?	Куди хочеш піти?
line:7e9389a7	Which college?	Який коледж?
line:2d315c6c	Who knew a dragon could get so dirty, huh?	Хто б міг подумати, що дракон може так забруднитися?
line:a97338b0	Who knew places such as this existed so readily available to the public!	Хто б міг подумати, що такі місця доступні широкому загалу!
line:8b7915f4	Who's that?	Хто це?
line:ebd63f8c	Who's there?	Хто там?
line:eea7573f	Whoa! Cold!	Ого! Холодно!
line:1acbd02a	Whoops	Ой.
line:5a6c0d31	Whoops	Ой.
line:afc6c00a	Whoops	Ой.
line:c30013ff	Whoops	Ой.
line:9df56a3a	why are you here so late?	Чому ви прийшли так пізно?
line:bb8583c1	With Ryan, I'm pretty sure we're gonna go on a date tonight.	Здається, ми з Раяном сьогодні ввечері підемо на побачення.
line:c236bdf9	Woah. Uhm.	Ого. Ем.
line:390f05be	Woah... What is that in your mouth?	Ого... Що це в тебе в роті?
line:4b93b009	Woah... You want me to use that? Even with the food? Alright!	Ого... Хочеш, щоб я цим скористався? Навіть коли тут їжа? Гаразд!
line:4cacfab8	Wonderful to hear you're seeing someone!	Чудово, що ви з кимось зустрічаєтеся!
line:f6fdf321	Wonderful to hear you're seeing someone!	Чудово, що ви з кимось зустрічаєтеся!
line:7e2421b6	Wonderful to hear.	Радий це чути.
line:36d49875	Wonderful!	Чудово!
line:6046bedf	Wonderful!	Чудово!
line:ab423ac7	Wonderful!	Чудово!
line:5a9abbd4	Wonderful. Have a <i>productive</i> day.	Чудово. Бажаю <i>продуктивного</i> дня.
line:ec771552	Woops.	Упс.
line:51bcff68	Would that interest you?	Тобі було б цікаво?
line:8c8591ec	Would you care to join me at the college library this evening...?	Чи не бажаєте приєднатися до мене сьогодні ввечері в бібліотеці коледжу...?
line:985436e6	Wouldn't that be degrading?	Хіба це не принизливо?
line:1e027369	Wow thanks, that feels good.	Ого, дякую, це приємно.
line:737184f5	Wow!	Ого!
line:ead1bf44	Wow, it's an experience seeing you eat like that.	Ого, дивитися, як ти так їси, — неабияке видовище.
line:5da1e074	Y'know?	Розумієш?
line:79352475	Ya.	Ага.
line:f6c14e05	Ya.	Ага.
line:b6add8e0	Yea! I do!	Так! Саме так!
line:b44edd29	Yeaaah I'm not sticking with that one.	Та-а-ак, ця кличка не приживеться.
line:7a471225	Yeaaah.	Та-а-ак.
line:5483c5fd	Yeah	Так
line:3a5d5ca4	Yeah he seems like he'd push some buttons.	Так, схоже, він знає, як завести.
line:63024a1f	Yeah he's improved a lot.	Так, він дуже змінився на краще.
line:5847a779	Yeah I have.	Так, уже.
line:f3b5952a	Yeah I'm happy too.	Так, я теж радий.
line:fb47f998	Yeah it go BRRT haha.	Ага, вона робить БРРТ, ха-ха.
line:eef9b2bb	Yeah It's fine. Sorry.	Так, усе нормально. Вибач.
line:fbc80e96	Yeah let me get that for you.	Так, зараз відчиню.
line:f212b2de	Yeah so I'm all muddy and stuff, love romping around in the public park.	Так, я весь у багнюці й таке інше. Люблю гасати в громадському парку.
line:108de471	Yeah that sounds pretty good.	Так, звучить непогано.
line:fdd800c2	Yeah! clean as always.	Так! Чистий, як завжди.
line:dee4a32d	Yeah! Conrad, he's adorable. Though he'd hate I said that.	Так! Конрад, він чарівний. Хоча йому не сподобалося б, що я так кажу.
line:ab1bc039	Yeah! I feel clean.	Так! Почуваюся чистим.
line:6733a3df	Yeah! I'm going on a date with him soon.	Так! Скоро йду з ним на побачення.
line:66727cce	Yeah! It has food that should be good for both of us.	Так! Тут їжа, яка має сподобатися нам обом.
line:b482634c	Yeah! its useful.	Так! Дуже зручно.
line:da9cfdcf	Yeah! Just went on a date with Conrad.	Так! Щойно був на побаченні з Конрадом.
line:3f153aaf	Yeah! Just went on a date with Ryan.	Так! Щойно був на побаченні з Раяном.
line:77ca2316	Yeah! Thanks for the food. I'll go get the gate.	Так! Дякую за їжу. Відчиню браму.
line:c87d632b	Yeah! That would be amazing.	Так! Було б чудово.
line:71c0ee9a	Yeah, ever since the breakup I've been looking for something new.	Так, після розриву я весь час шукаю чогось нового.
line:bee397db	Yeah, he's so kind to me.	Так, він такий добрий до мене.
line:4815ddba	Yeah, I've got one.	Так, є.
line:24efaa49	Yeah, me too. He's real nice.	Так, я теж. Він дуже милий.
line:6fa847ba	Yeah, nah. Mate you gotta get in on this. I'll pay good!	Та ні, друже. Тобі треба за це взятися. Добре заплачу!
line:266f699d	Yeah, taste good!	Так, смачно!
line:67cc394b	Yeah, that was scary at first.	Так, спершу було страшно.
line:a9980f5e	Yeah, this has been super nice.	Так, це було неймовірно приємно.
line:54c44240	Yeah, you're right.	Так, ти маєш рацію.
line:bb1827c7	Yeah- Though only if you want!	Так, але лише якщо ти хочеш!
line:7311dc01	Yeah.	Так.
line:95e2f7cc	Yeah.	Так.
line:9fd5b834	Yeah. <size=90%>Oh- <size=80%>you know. I'm like... <size=70%>Haha. Yeah. Mhm!	Так. <size=90%>Ой... <size=80%>Ну знаєш, я такий... <size=70%>Ха-ха. Так. Мгм!
line:a28a70c6	Yeah. At least I got to meet you because of it.	Так. Принаймні завдяки цьому я познайомився з тобою.
line:e5937e30	Yeah. I like fish!	Так. Люблю рибу!
line:0372e0d1	Yeah. It wasn't too expensive.	Так. Не надто дорого.
line:6804839d	Yeah. It's hard to unwind groups after something like that.	Так. Після такого важко розплутати спільні зв'язки.
line:6e0e4e11	Yeah. You two will be cute.	Так. Ви будете милою парою.
line:616121a9	Yeah...	Так...
line:f244d080	Yeah... He's really great.	Так... Він справді чудовий.
line:5bab2df8	Yeah... I've never gone on a date with a kobold before.	Так... Я ще ніколи не був на побаченні з кобольдом.
line:8eeb7e28	Yeah... It really isn't.	Так... Це справді нелегко.
line:039a0c83	Yeah?	Так?
line:2fb3fe55	Yeah?	Так?
line:92bd78f3	Yeah?	Так?
line:3690a3eb	Yeah? I don't even see a mount.	Ага. Я тут навіть станка не бачу.
line:ea2adb20	Yeah? tell me about it!	Справді? Розповідай!
line:78eccd9b	Yellow lime.	Як жовтий лайм.
line:5fd7bc69	Yep!	Ага!
line:b6c878fa	Yep!	Ага!
line:fcff76d4	Yep! I'll get the gate.	Ага! Відчиню браму.
line:3cdcbd4a	Yes	Так
line:991dc643	Yes	Так
line:e535cacb	Yes	Так
line:fb4265f7	Yes	Так
line:4ab6c5a9	yes	так
line:db98be35	Yes right this way.	Так, прошу сюди.
line:52010e35	YES!	ТАК!
line:c4310942	Yes!	Так!
line:d5f94e23	Yes!	Так!
line:5592e639	Yes, welcome to Drag'N Wash!	Так, ласкаво просимо до Drag'N Wash!
line:f676b9a8	Yes, welcome to Drag'n wash!	Так, ласкаво просимо до Drag'N Wash!
line:a610ce0b	YES.	ТАК.
line:85fd5266	Yes.	Так.
line:152cb8ad	Yes. I'm in need of a clean. The situation is rather dire!	Так. Мені потрібна мийка. Ситуація досить критична!
line:c4595dd5	Yes. It's invigorating to be so candid.	Так. Така відвертість надихає.
line:d7e50f2d	Yes..	Так...
line:5811655d	Yes... But I believe we need to clean the floors.	Так... Але, гадаю, нам треба помити підлогу.
line:9444cdba	Yip	Дзяв.
line:14d2c62f	Yip!	Дзяв!
line:296ff3f4	Yip!	Дзяв!
line:3d516ddb	Yip!	Дзяв!
line:3e870ad0	Yip!	Дзяв!
line:5544e245	Yip!	Дзяв!
line:5efde4e2	Yip!	Дзяв!
line:c3e1f198	Yip!	Дзяв!
line:e662501c	Yip!	Дзяв!
line:5e181cf4	Yip! <size=70%>(Gate)	Дзяв! <size=70%>(Брама)
line:b12a3f31	Yip! <size=70%>(idk)	Дзяв! <size=70%>(Не знаю.)
line:a8ee5236	Yip! <size=70%>(It's because the dormant part of your draconic mind is remembering the deep set language bridge between your kind and mine. Which carries the deep meaning and intention of kobold 'Yips' within it. This sudden understanding of yours is simply from our connection growing over time and activating that part of your mind.)	Дзяв! <size=70%>(Бо спляча частина вашого драконячого розуму згадує глибоко закладений мовний міст між нашими видами. Він містить глибинний зміст і намір кобольдського «дзяв». Ваше раптове розуміння виникло просто тому, що наш зв'язок із часом зміцнів і активував цю частину вашого розуму.)
line:5935a413	Yip! <size=70%>(Yes)	Дзяв! <size=70%>(Так)
line:f1c14f75	Yip-Man - The Final Yip	Дзяв-Мен — Останній дзяв
line:4b9046ec	Yip-Man movies are real corny...	Фільми про Дзяв-Мена дуже шаблонні...
line:3d6b2203	You again?	Знову ти?
line:81416c72	You already are, whats up?	Уже питаєш. Що таке?
line:6fbc3c1b	You also do <i>special endings</i> here, yeah?	Ви тут і <i>особливі завершення</i> робите, так?
line:e553c773	You also introduced me to Conrad.	А ще ти познайомив мене з Конрадом.
line:feb8727e	You always make me feel welcomed.	З тобою я завжди почуваюся бажаним гостем.
line:563d71ba	You are too!	Ти теж!
line:4efafbb0	You are very skilled with your hands	У вас дуже вмілі руки.
line:0dd63830	You brought food in?	Ти приніс їжу?
line:38043f6c	You can act however you like around me.	Зі мною ви можете поводитися як забажаєте.
line:3fbd01fb	You can come in whenever!	Можеш приходити будь-коли!
line:0eb37f1a	You can stay here if you want.	Можеш залишитися, якщо хочеш.
line:ecc04e16	You decide!	Вирішуй ти!
line:19698f13	You didn't even open the watermelon.	Ти навіть не розкусив кавуна.
line:7e8c1ae2	You do know how to use your hands pretty well.	Ти ж умієш працювати руками.
line:7023b6b4	You don't deserve that.	Ти такого не заслужив.
line:c0cc0f2d	You got a medkit?	Аптечка є?
line:c2b3c28a	you know about getting back into the dating scene...	Ну, про повернення до побачень...
line:512df07c	You know what that means.	Знаєш, що це означає.
line:e613cbe3	You know what that means...	Знаєш, що це означає...
line:73e4789c	You know... This environment is rather pleasant. Very... proletarian.	Знаєте... Тут досить приємна атмосфера. Дуже... пролетарська.
line:404b17ef	You look good this clean!	Тобі личить бути таким чистим!
line:780c151c	You needn't worry. The washer's union is... More powerful than I.	Не хвилюйтеся. Профспілка мийників... могутніша за мене.
line:3fab049a	You probably shouldn't.	Мабуть, і не варто.
line:0bc044da	You ready for this?	Готовий до цього?
line:f0a0565a	You ready to go back in to the club?	Готовий повернутися в клуб?
line:c0e34d36	You really ate that entire thing... Woah.	Ти справді з'їв це все... Ого.
line:82cf49aa	You seemed to enjoy yourself.	Схоже, тобі сподобалося.
line:ba66095e	You set a good example.	Ви подаєте гарний приклад.
line:6c2a1901	You should be all clean!	Тепер ти маєш бути зовсім чистий!
line:36779352	You should be.	І правильно.
line:86154a64	You should feel it and check for me	Тобі варто помацати й перевірити.
line:20503ab0	You sure? It's not like... fun stuff.	Точно? Це ж не... щось веселе.
line:0a0d6bc0	You too! I'll go get the gate.	І я на тебе! Відчиню браму.
line:e3106999	You too. Thanks for the wash.	І я тебе. Дякую за миття.
line:fc97aa74	You too. Thanks for the wash.	І я тебе. Дякую за миття.
line:5e4d645c	You two are really cute together...	Ви такі милі разом...
line:b76a2a43	You were really going at it.	Ти добряче розійшовся.
line:83aa1a23	You work at a college?	Ви працюєте в коледжі?
line:85fa0d03	You'd need a dragon stomach first!	Спершу тобі знадобився б драконячий шлунок!
line:ebd2af6b	You'll have to give me all the Ryan details soon.	Скоро мусиш розповісти всі подробиці про Раяна.
line:6c71dd83	You'll have to tell me all about it.	Маєш розповісти мені все.
line:91ab30f5	You'll have to tell me how you two work out!	Потім розкажи, як у вас усе складеться!
line:ffeff59b	You'll have to tell me more inside.	Усередині розповіси докладніше.
line:5eb243c2	You'll like it.	Тобі сподобається.
line:6acf7c77	You'll need to let them in afterwards of course.	Після цього, звісно, треба буде впустити його.
line:6b63d2d8	You'll take care of everything?	Ви про все подбаєте?
line:f2527ed7	You're <i>spotless.	Ти <i>бездоганно чистий.
line:23ae97e6	You're a big deal	Ти важлива персона.
line:323e546b	You're a good friend too, I'll go get the gate.	Ти теж хороший друг. Відчиню браму.
line:44e97be7	You're always welcome here, Ryan.	Тобі тут завжди раді, Раяне.
line:09e5bf43	You're cute by the way.	До речі, ти милий.
line:277d8257	You're fine. Thank you.	Усе гаразд. Дякую.
line:8c269acb	You're going to love it.	Тобі сподобається.
line:173782fa	You're good at it.	У вас добре виходить.
line:1dca8fa0	You're just a very comfortable person to be around.	Просто поруч із тобою так затишно.
line:42124159	You're just a very comfortable person to be around.	Просто поруч із тобою так затишно.
line:d3b6d22a	You're kind. It's more than I deserve.	Ти добрий. Я на таке не заслуговую.
line:ca72bf2d	You're okay. You're clearly going through a lot.	Усе гаразд. Видно, що тобі зараз дуже важко.
line:68887509	You're one of my favorite clients!	Ти один із моїх улюблених клієнтів!
line:c4cc497f	You're pretty hot.	Ти доволі гарячий.
line:b6603dc7	You're right. I shouldn't pry.	Твоя правда. Не варто мені лізти.
line:31ab814e	You're right... Theres no way you could.	Ти маєш рацію... Звідки тобі знати.
line:470cd652	You're the first person I've met who's only expectation is for me to be...	Ви перший, кого я зустрів, хто очікує від мене лише одного — бути...
line:f718a7eb	You're the professor here. Must be correct.	Професор тут ви. Мабуть, маєте рацію.
line:15f55959	You're very sweet.	Ти дуже милий.
line:bc6cc4d2	You're very sweet.	Ви дуже добрі.
line:6289a322	You're very welcome.	Завжди будь ласка.
line:39ddd682	You're...	Ви...
line:6e94f373	You're... cool.	Ти... класний.
line:61c96494	You're... Not that dirty.	Ви... не настільки брудний.
line:8bab3246	You're... very forward.	Ти... дуже прямолінійний.
line:3bbab759	You've gotta keep me updated on you and Ryan, yeah?	Розповідай мені, як у вас із Раяном, добре?
line:a5a8a9d5	Your crest is cool. What is it?	У вас гарний герб. Що він означає?
line:3890b91c	Your date with Ryan.	Твоє побачення з Раяном.
line:82109412	Your secret's safe with me.	Твоя таємниця в надійних руках.
line:ed8e7994	Yours doesn't. It's nice.	Ваш — ні. Це приємно.
line:016a65e8	Yuh, that's me.	Ага, це я.
line:38eb6d26	Yup!	Ага!
line:7ac62718	Yup. I like it.	Ага. Мені це подобається.
