# line ID	exact English source	translation (English A-Z then ID)
line:39fd52f1	'Ey big dog.	Qué tal, perro grande.
line:918d7820	'Ey big kobold.	Qué tal, gran kobold.
line:155c00eb	'think', 'On the way here'? Then you weren't covered in ink before...	¿«Cree»? ¿«De camino aquí»? Entonces antes no estaba cubierto de tinta...
line:15bcd86c	'Yes way', There is nothing I am more certain of.	Sí puede ser. No hay nada de lo que esté más seguro.
line:4d49ae72	'Yes way', There is nothing I am more certain of.	Sí puede ser. No hay nada de lo que esté más seguro.
line:25f35611	---	---
line:4b9b3a43	---	---
line:97ab84a8	---	---
line:db5b3129	---	---
line:e2f28daa	---	---
line:3d2df033	..	..
line:8c0e2d04	..	..
line:b36eb839	..	..
line:03d2f0bb	...	...
line:045f5836	...	...
line:1113335e	...	...
line:227eda5e	...	...
line:30a74521	...	...
line:4810891f	...	...
line:4da86a7a	...	...
line:610824ef	...	...
line:6757e4a0	...	...
line:695ef750	...	...
line:7426a997	...	...
line:759a495e	...	...
line:7e189c92	...	...
line:812700a5	...	...
line:848f5cd8	...	...
line:85f39b27	...	...
line:9504ba33	...	...
line:a6531779	...	...
line:b59e9091	...	...
line:b7f0551c	...	...
line:c272e55f	...	...
line:cdb8d8db	...	...
line:cfe4b91d	...	...
line:d6483230	...	...
line:d90d368f	...	...
line:d9516fdd	...	...
line:dd197e7c	...	...
line:decf872a	...	...
line:e9d40a5c	...	...
line:20f87f8d	... A class which I'm teaching rather soon.	... Una clase que, por cierto, empieza dentro de poco.
line:4815d919	... Being a bit of a jerk honestly.	... Siendo un poco imbécil, la verdad.
line:11bfce3b	... I thought we were good friends, we have sex all the time!	... ¡Creí que éramos buenos amigos, tenemos sexo todo el tiempo!
line:1bebf328	... Thank you..	... Gracias..
line:a8eb78ed	... you're done? I'm still dirty..	... ¿Ya terminaste? Todavía estoy sucio..
line:ef611d11	... you're done? I'm still soapy..	... ¿Ya terminaste? Todavía tengo jabón..
line:496134bc	...!	...!
line:7cc45755	...!	...!
line:6585925d	...<i><size=70%>I have one on him at least.	...<i><size=70%>Al menos él me gusta a mí.
line:e2ea4ead	...A wash for our date tonight.	... Un baño para nuestra cita de esta noche.
line:048d7f84	...About what I said earlier.	... Sobre lo que dije antes.
line:55d1f6ef	...and nice.	... Y eres amable.
line:79a1a205	...But not in like a bad weird way.	... Pero no en un sentido raro ni malo.
line:3592632e	...It's intimidating knowing how much they look up to me.	... Impone saber cuánto me admiran.
line:7e08544c	...It's odd being able to speak so freely with someone.	... Es extraño poder hablar con tanta libertad con alguien.
line:f0cb8389	...No	... No.
line:92601622	...Okay, come in	... Bueno, pasa.
line:e381559c	...Thank you for this.	... Gracias por esto.
line:b7b5f7fb	...Thanks.	... Gracias.
line:dbab7a39	<b><i><size=130%>Did you suggest Ryan to Conrad?	<b><i><size=130%>¿Le hablaste de Ryan a Conrad?
line:36ff6bd9	<gradient="gold"><b> I know a dragon, Ryan. I could get you two in contact? </b></gradient><size=70%>(Unlocks Conrad/Ryan hookup OR Ryan romance)	<gradient="gold"><b> Conozco a un dragón, Ryan. ¿Los pongo en contacto? </b></gradient><size=70%>(Desbloquea el encuentro entre Conrad y Ryan O la relación con Ryan)
line:7e9d40e6	<gradient="gold"><b> I wouldn't mind hanging out... </b></gradient><size=70%> (Unlocks Conrad romance)	<gradient="gold"><b> A mí me gustaría pasar tiempo contigo... </b></gradient><size=70%> (Desbloquea la relación con Conrad)
line:a0e49f02	<gradient="gold"><b> I wouldn't mind! </b></gradient><size=70%> (Will lead to Alexander romance!)	<gradient="gold"><b> ¡Me encantaría! </b></gradient><size=70%> (¡Lleva a una relación con Alexander!)
line:0371fb9c	<gradient="gold"><b> I'm going to be busy tonight. Sorry. </b></gradient><size=70%> (Will lead to no romance!)	<gradient="gold"><b> Esta noche estaré ocupado. Lo siento. </b></gradient><size=70%> (¡Lleva a un final sin relación romántica!)
line:f5a81524	<gradient="gold"><b>I don't have anyone off the top of my head.</b></gradient><size=70%> (Locks in Conrad romance!)	<gradient="gold"><b>No se me ocurre nadie ahora mismo.</b></gradient><size=70%> (¡Confirma la relación con Conrad!)
line:bedc761d	<gradient="gold"><b>I know this one red dragon. I think you'd like him! </b></gradient><size=70%> (Hooks up Ryan with Conrad!)	<gradient="gold"><b>Conozco a un dragón rojo. ¡Creo que te gustaría! </b></gradient><size=70%> (¡Junta a Ryan con Conrad!)
line:e104b8e4	<gradient="gold"><b>Oh. Uhm. <size=70%> I wouldn't mind... If I was that someone. </b></gradient><size=70%> (Locks in Ryan romance!)	<gradient="gold"><b>Ah. Este. <size=70%> A mí me gustaría... ser ese alguien. </b></gradient><size=70%> (¡Confirma la relación con Ryan!)
line:36073321	<gradient="yellow - orange"><size=140%>HEY! </gradient><size=100%>This is the cleaning place, ya?	<gradient="yellow - orange"><size=140%>¡EH! </gradient><size=100%>Aquí es donde bañan dragones, ¿no?
line:c777ce0c	<i> that feels nice...</i>	<i>Eso se siente bien...</i>
line:e56dd423	<i><size=70%>uh oh.. and the books	<i><size=70%>Ay... Y los libros.
line:d67b1098	<i>I like spraying you with water.	<i>Me gusta rociarte con agua.
line:ad5d633a	<i>Oh...	<i>Ah...
line:22b5941e	<i>Oh.</i> I don't think I'm ready for that just yet.	<i>Ah.</i> No creo estar listo para eso todavía.
line:cacbff51	<i>Ooooh. </i>The mount? Hell yeah, man.	<i>Ooooh. </i>¿El aparato? Claro que sí, amigo.
line:04b7ce44	<i>This</i> isn't your fault, Conrad.	<i>Esto</i> no es culpa tuya, Conrad.
line:72b244b7	<size=100%> That felt damn good!	<size=100%>¡Eso se sintió de maravilla, carajo!
line:78cc49e8	<size=100%>I mean- Cool.	<size=100%>Digo... Genial.
line:e48243c0	<size=140%> FUCK YEAH!	<size=140%>¡CARAJO, SÍ!
line:f474ffa9	<size=140%>HEY, <size=100%>lookin' for a wash.	<size=140%>EH, <size=100%>vengo a bañarme.
line:9d458e88	<size=160%>HELL YEAH!	<size=160%>¡ESO, CARAJO!
line:f5462edf	<size=60%> that's hot.	<size=60%>Qué sexy.
line:7c745c31	<size=70%> A big dragon giving me control. Woah.	<size=70%>Un dragón grande dándome el control. Vaya.
line:53d71f27	<size=70%> And for me.	<size=70%>Y por mí.
line:4fe271cc	<size=70%> woah.	<size=70%>Vaya.
line:e53b1bd3	<size=70%><i> holy shit, I just bagged a date with a dragon.	<size=70%><i>Carajo, acabo de conseguir una cita con un dragón.
line:c4384e8e	<size=70%><i>but it was nice... Thank you.	<size=70%><i>Pero fue agradable... Gracias.
line:ec0e5330	<size=70%><i>feel free to continue-</i>	<size=70%><i>Puede continuar, si quiere...</i>
line:e77c1f79	<size=70%><i>oah-</i> no that's really cool actually.	<size=70%><i>Ah...</i> No, de hecho me encanta.
line:a618f9c2	<size=70%><i>Woah...	<size=70%><i>Vaya...
line:ad460e4b	<size=70%><i>Yeah?	<size=70%><i>¿Sí?
line:c25d1c85	<size=70%>They're still on my payroll.	<size=70%>Siguen en mi nómina.
line:22deeef6	==	==
line:67fa34ad	==	==
line:a8e2f13e	==	==
line:ce938344	==	==
line:e41244bf	==	==
line:497d3f67	A few days ago...	Hace unos días...
line:c570a462	A rather good excuse to see my favorite kobold.	Una muy buena excusa para ver a mi kobold favorito.
line:5d2d16e0	A really good friend?	un muy buen amigo?
line:df4d3810	About earlier.	Sobre lo de antes.
line:1a5e1ba4	Act what way?	¿Así cómo?
line:cc532c02	After his spontaneous conflagration, I made sure to give him privacy.	Después de su combustión espontánea, me aseguré de darle privacidad.
line:a983ffa3	Again...?	¿Otra vez...?
line:8e34b87d	Agreed, though I'd still like to be let in as soon as convenient.	Coincido, aunque me gustaría que me dejara entrar en cuanto pueda.
line:934a1d5a	Ah yeah, that's the stuff.. keep at it.	Ah, sí, así... Sigue.
line:e216aee0	Ah, good.	Ah, bien.
line:9b26ac5f	Ah, I see the button there, gotcha!	Ah, ya vi el botón. ¡Entendido!
line:7f3fe9f9	Ah, sorry, I'm passionate about such things.	Ah, disculpe, estos temas me apasionan.
line:bf2a8309	Ah, the grime did sting a little, thank you.	Ah, la suciedad me ardía un poco. Gracias.
line:ebdb9888	Ah, yeah, those types are pretty cute.	Ah, sí, los de ese tipo son bastante lindos.
line:b920f205	Ah. Do not worry.	Ah. No se preocupe.
line:a98d068c	Ah. Okay nevermind I'm not sorry then.	Ah. Bueno, entonces retiro la disculpa.
line:6de2c490	Ah...	Ah...
line:4d6b365e	Ahh, all cleaned and with a lighter load.	Ah, limpio y con menos carga.
line:20f96302	Alexander!	¡Alexander!
line:f167e3d7	Alexander!	¡Alexander!
line:fe3996b8	Alexander!	¡Alexander!
line:af7db134	Alexander...?	¿Alexander...?
line:eb7cf9e5	All clean...	Todo limpio...
line:f57fc630	All done!	¡Todo listo!
line:0b734d82	All self respecting washers know how to please a dragon.	Cualquiera que se respete en este oficio sabe complacer a un dragón.
line:599ffb25	Already got seats at that bar I mentioned earlier.	Ya conseguí sitios en el bar que te dije.
line:642ddea3	Alright alright... Then I think I'd like to use it?	Bueno, bueno... ¿Entonces creo que me gustaría usarlo?
line:c7b3a185	Alright! I'll go get the gate.	¡Bueno! Voy a abrir la puerta.
line:7279121a	Alright! I'll go get you the gate.	¡Bueno! Voy a abrirle la puerta.
line:4fc4259c	Alright! I'm ready to go.	¡Bueno! Estoy listo para salir.
line:a722d0fa	Alright, go get the gate and I'll head out to the spot!	Bueno, ¡abre la puerta y yo me adelanto!
line:d04df8f8	Alright, I'll cya!	Bueno, ¡nos vemos!
line:4766af08	Alrighty! That should be it.	¡Bueno! Eso debería ser todo.
line:797ca540	Alrighty. All clean.	Bueno. Ya estoy limpio.
line:c4cb161a	Although grapes have always hit a specific craving.	Aunque las uvas siempre me quitan un antojo muy particular.
line:dc237557	Although, the portions might be a bit... dragon sized.	Aunque las porciones quizá sean un poco... tamaño dragón.
line:655b8c01	Always happy to have you, Conrad.	Siempre eres bienvenido, Conrad.
line:afedd1f5	An anomaly.	Una anomalía.
line:0de4fe62	And I'm glad you have a medkit... You're very prepared.	Y me alegra que tengas un botiquín... Tienes todo previsto.
line:0699aef9	And I'm really happy for you and Conrad.	Y me alegro mucho por Conrad y por ti.
line:a3a26459	And not just physically.	Y no solo por lo alto que soy.
line:507bd2b9	And that's why I'm here! Going to be heading out after this wash to go see him.	¡Y por eso estoy aquí! Después del baño voy a verlo.
line:33440e8c	And why you are perfect for this job!	¡Y por eso usted es ideal para este trabajo!
line:cacb93ce	And you've tried everything.	Y ya lo intentaste todo.
line:8cae6240	Another dragon? Usually I don't really get along...	¿Otro dragón? Normalmente no me llevo muy bien...
line:5a7e4fd4	Any chance you can clean me up again?	¿Podrías bañarme otra vez?
line:92d2a30a	Anything. I'm just curious.	Lo que sea. Solo tengo curiosidad.
line:52695aa2	Anything?	¿Cualquier cosa?
line:8ead9ee9	Anytime, Ryan.	Cuando quieras, Ryan.
line:6d77feef	Anyway glad you're not finished, lets keep at it!	En fin, me alegra que no hayas terminado. ¡Sigamos!
line:bdb4f59c	Anyway, time to get writing!	En fin, ¡hora de ponerse a escribir!
line:75dd56ae	Anyways,	En fin,
line:8980260e	Anyways-	En fin...
line:a8e6291c	Anyways- Let me out.	En fin, déjame salir.
line:493a82ef	Anyways. Could you go get the gate?	En fin. ¿Me abres la puerta?
line:926f5f41	Anyways. Gonna use this thing now!	En fin. ¡Voy a usar esta cosa!
line:ad8ab02e	Anyways...	En fin...
line:e767dc51	Anywho, I'll get out of your scales now.	En fin, ya lo dejo tranquilo.
line:e81426c1	Anywho, I'm in need of a clean.	En fin, necesito un baño.
line:23e7d518	Approach the dragon entrance, and I will let you in.	Acérquese a la entrada para dragones y lo dejaré pasar.
line:72a9b5bb	Are you happy?	¿Es feliz?
line:be0118cc	Are you okay?	¿Estás bien?
line:de735c65	Are you open right now?	¿Está abierto ahora?
line:9369755d	Are you sure it will fit?	¿Seguro que va a entrar?
line:c35b717a	Are you sure...? In front of the food?	¿Estás seguro...? ¿Delante de la comida?
line:cb06d2bf	As am I.	Igualmente.
line:9a48b21c	As in you're unique.	Quiero decir que es único.
line:1c021ee0	At getting hand jobs.	En que me masturben.
line:e861b464	At least that's what I've heard anyway.	O al menos eso he oído.
line:2f54ceec	At least you can still use your hands. Heh.	Al menos todavía puedes usar las manos. Je.
line:cb04e062	At least you can still use your hands. Heh.	Al menos todavía puedes usar las manos. Je.
line:97792929	Aw, I'll go get you the gate.	Ay, voy a abrirte la puerta.
line:c6895517	Aw, Ryan.	Ay, Ryan.
line:db997182	Aw, thank you Alexander.	Ay, gracias, Alexander.
line:7157db26	Aw, thanks Alexander.	Ay, gracias, Alexander.
line:011f1458	Aw, thanks.	Ay, gracias.
line:aea0be6b	Aw, thanks.	Ay, gracias.
line:c00d76cd	Aw, thanks. I only look so good 'cause of your washes!	Ay, gracias. ¡Solo me veo así de bien gracias a tus baños!
line:453ff9be	Aw- Ryan...	Ay, Ryan...
line:5340a315	Aw... Thanks!	Ay... ¡Gracias!
line:c6202cf2	Aw... Thanks.	Ay... Gracias.
line:cb1d1197	Aw... Thanks. Is it weird I consider you...	Ay... Gracias. ¿Es raro que te considere...
line:2bfa396c	Aw... That's really sweet	Ay... Qué lindo.
line:22053f7f	Awesome!	¡Genial!
line:6fdb2c3d	Awesome!	¡Genial!
line:70306ba1	Awesome!	¡Genial!
line:6126a614	Awesome! Come on in..	¡Genial! Pasa..
line:e85007ac	Awesome! See you later then!	¡Genial! ¡Entonces nos vemos después!
line:4c7f15d6	Awesome, I'll go get the gate.	Genial, voy a abrir la puerta.
line:9d126e4e	Awesome, I'm glad.	Genial, me alegra.
line:b60cc4a5	Awesome.	Genial.
line:59fb47b0	Awww. You don't need to be coverd in ink to say hi!	Ay, ¡no necesita llenarse de tinta para venir a saludar!
line:8e20e028	Be yourself!	¡Sé tú mismo!
line:cd18f73f	Been looking forward to this.	Tenía ganas de esto.
line:8f1fccf9	Being muddy is really fun up until it starts drying.	Estar lleno de lodo es divertido hasta que empieza a secarse.
line:40783547	Berries.	Bayas.
line:59d4be6a	Berries.	Bayas.
line:61e781c1	Berries.	Bayas.
line:18ae08ef	Bet you had fun.	Seguro que la pasaron bien.
line:982fd3c7	big C...?	¿Gran C...?
line:4b3f7c6a	Biology...? <size=70%> <i>I think?	¿La biología...? <size=70%> <i>¿Creo?
line:9be63f47	Bleh. Thank you for grabbing that.	Uf. Gracias por agarrar eso.
line:66957ed2	Blue...?	¿Azul...?
line:a77c3afd	Both.	Las dos cosas.
line:78975048	Brrr! Cold water!	¡Brrr! ¡Agua fría!
line:8487a2c4	Burnswick Community College of Thaumaturgy	Colegio Comunitario de Taumaturgia de Burnswick.
line:f75126de	But honestly you've helped me a lot.	Pero, sinceramente, me has ayudado mucho.
line:cab69268	But I already know I'm liking this a lot.	Pero ya sé que esto me está gustando mucho.
line:d9534386	But I know the type... They tend to be big softies on the inside.	Pero conozco ese tipo... Suelen ser muy tiernos por dentro.
line:f73ddfbc	But I think its time to get cleaned up.	Pero creo que ya es hora de quitarme todo esto.
line:088ea4a7	But I'm hot shit, so I'll be fine.	Pero soy la gran cosa, así que estaré bien.
line:c8f8bc22	But I'm only your washer?	¿Pero si solo lo baño?
line:dda0419b	But I'm sure I'd enjoy it with you!	¡Pero seguro que la disfrutaría contigo!
line:aa74448a	But not in this sized package, right??	Pero no en alguien de este tamaño, ¿verdad?
line:7d9ffc48	But nothing beats a large gulp!	¡Pero nada supera un buen bocado entero!
line:d1ec7684	But that is why I am here!	¡Pero para eso estoy aquí!
line:b0d9d1e5	But you're the teacher dragon.	Pero el dragón maestro es usted.
line:2d7e1ab6	But, at least I got to meet you!	Pero ¡al menos pude conocerte!
line:b7f46902	But, I think you've taught me something.	Pero creo que usted me ha enseñado algo.
line:b1040415	By the stars! No no. You're excellent.	¡Por las estrellas! No, no. Usted es excelente.
line:3a88a2dd	By the way would you be mad if your partner made a mess at home?	Por cierto, ¿te enojarías si tu pareja hiciera un desastre en casa?
line:4199070f	Came in for another wash.	Vine por otro baño.
line:105cd3e2	Can I ask you a question?	¿Puedo hacerte una pregunta?
line:535ee717	Can you repeat that?	¿Puede repetirlo?
line:835e0c27	Can't sthpeak well.	No puedo hablar bien afí.
line:afa450c0	Come back whenever, Ryan.	Vuelve cuando quieras, Ryan.
line:0cedfc3d	Conrad can go as long as he needs	Conrad aguanta todo lo que haga falta.
line:5462913f	conrad hooked up with ryan	Conrad está con Ryan.
line:61cd33c5	conrad hooked up with ryan	Conrad está con Ryan.
line:6a7610f3	conrad hooked up with ryan	Conrad está con Ryan.
line:bac1ce29	conrad hooked up with ryan	Conrad está con Ryan.
line:61c9b7ac	Conrad needs a cleaning, got a slot for 'im?	Conrad necesita un baño. ¿Tienes un espacio para él?
line:405b7ef1	Conrad needs a wash!	¡Conrad necesita un baño!
line:803c8f0c	Conrad was talking about you during our date.	Conrad habló de ti durante nuestra cita.
line:f1787092	Conrad!	¡Conrad!
line:fd6c6213	Conrad!	¡Conrad!
line:484cd04d	Conrad...?	¿Conrad...?
line:5b0360ad	Conrad: Actually.. I mean..	Conrad: En realidad... Quiero decir...
line:3ce891ff	Conrad: Conrad just enjoys himself	Conrad: Conrad solo disfruta.
line:fbe86c06	Conrad: Damn right!	Conrad: ¡Claro que sí, carajo!
line:5660dc8b	Conrad: Don't worry about it!	Conrad: ¡No te preocupes!
line:c050dbfc	Conrad: I do it all the time	Conrad: Yo lo hago todo el tiempo.
line:cd3367da	Conrad: I want this to go well	Conrad: Quiero que esto salga bien.
line:194c1381	Conrad: I'm ready to blow	Conrad: Estoy a punto de venirme.
line:ce4d0fef	Conrad: Yea	Conrad: Sí.
line:42c70daa	Conrad: You feel good	Conrad: Qué bien te sientes.
line:3bc52918	Conrad: You having a good time?	Conrad: ¿La estás pasando bien?
line:be0e51af	Cool.	Genial.
line:88c36bc7	Could do that, then get a hotel room... Hmm.	Podríamos ir y después buscar una habitación de hotel... Mmm.
line:b99e1503	Could you ask <i>me</i> a question?	¿Podría hacerme una pregunta <i>a mí</i>?
line:12bf5baf	Could you get the gate...?	¿Podría abrir la puerta...?
line:3a6afae1	Could you go get the gate?	¿Puedes abrirme la puerta?
line:9f49d9d4	Could you wash it away?	¿Puedes quitármelo?
line:7661a0e9	D'aw... thanks.	Ay... Gracias.
line:59bc5840	Damn right I do!	¡Claro que me veo bien!
line:64889395	Damn right!	¡Claro que sí, carajo!
line:95aa0bf4	Damn right!	¡Pues claro que sí!
line:db592d76	Damn right!	¡Claro que sí, carajo!
line:0fcf9908	Damn right.	Claro que sí, carajo.
line:b964c99b	Damn shame then. Better change that.	Pues qué lástima. Mejor cambia eso.
line:c6955ecc	Damn, you know how to use your hands.	Carajo, sí que sabes usar las manos.
line:eaf45022	Damn, you know how to use your hands.	Carajo, sí que sabes usar las manos.
line:684fb29a	Damn... Always feels good.	Carajo... Siempre se siente bien.
line:7023cc94	DATE NIGHT!	¡NOCHE DE CITA!
line:c71df70b	Date night!	¡Noche de cita!
line:b57cc8ad	Depends	Depende.
line:07bd7f57	Did you do your uh...	¿Hoy te hiciste algo en las...?
line:4f38655d	Do I look like I'm okay?	¿Te parece que estoy bien?
line:8147156a	Do it!	¡Hazlo!
line:9ab6ddfb	Do you also do "special endings" here?	¿Aquí también dan «finales felices»?
line:4c90479c	Do you ask because I'm lavender?	¿Lo pregunta porque soy de color lavanda?
line:3020c97c	Do you believe I am attractive?	¿Me considera atractivo?
line:c5e71850	Do you even need a wash?	¿Siquiera necesitas un baño?
line:1810e75f	Do you have any advice?	¿Tienes algún consejo?
line:6be807b5	Do you have any plans with ryan?	¿Tienes algún plan con Ryan?
line:a0cf6cae	Do you know any cool places, people, I could hang around?	¿Conoces algún lugar o gente agradable con quien pasar el rato?
line:412ba249	Do you know any good bars?	¿Conoces algún buen bar?
line:28ec716a	Do you know anyone I could talk to? Y'know... about relationship stuffs?	¿Conoces a alguien con quien pueda hablar? Ya sabes... Para ver si surge algo.
line:21c0526b	Do you like being big?	¿Le gusta ser grande?
line:daa040eb	Do you like purple?	¿Le gusta el morado?
line:ef052302	Do you like purple?	¿Le gusta el morado?
line:d5ed3582	Do you make big dragons, <size=60%>like me, <size=100%>cum here?	¿Haces que los dragones grandes, <size=60%>como yo, <size=100%>se vengan aquí?
line:ec64a696	Do you mind double checking if I'm clean?	¿Puedes revisar otra vez si estoy limpio?
line:647187f1	Do you want to say what happened...?	¿Quieres contarme lo que pasó...?
line:807df02d	Do you want to use it?	¿Quiere usarlo?
line:5c42b85a	Doesn't mean I need to yell at you.	Eso no significa que tenga que gritarte.
line:eefa8ae2	Don't be sorry! Get a mount!	¡No te disculpes! ¡Consigue un aparato!
line:dd0f7b1d	Don't worry, dragons are made to eat anything.	No te preocupes, los dragones estamos hechos para comer de todo.
line:b90b01a9	Don't worry, he's real nice.	No te preocupes, es muy amable.
line:7de2a81c	Don't worry. I will.	No te preocupes. Lo haré.
line:c29d4071	Don't... make it sound like that.	No... lo digas así.
line:31bdd33c	Dont talk with your mouth full	No hables con la boca llena.
line:8ee41fdc	Dragon history is complex. Ornamental crest <size=85%> are often <size=70%> worn by dragons to <size=55%>signify what family they belong to! <size=40%> It's an interesting mark of their culutral <size=35%> and familial heritage. I've often wondered if I should continue to wear mine. <size=20%> But culutural and familiar ties are considered important within the lore of dragons! so I must adhere to such things. <size=10%> Water. Earth. Fire. Air. Long ago, the four nations lived together in harmony. Then everything changed when the Fire Nation attacked.	La historia de los dragones es compleja. Los emblemas ornamentales <size=85%> suelen <size=70%> llevarse para <size=55%>indicar a qué familia pertenece cada dragón. <size=40%> Son una marca interesante de su herencia cultural <size=35%> y familiar. A menudo me pregunto si debería seguir llevando el mío. <size=20%> Pero los lazos culturales y familiares se consideran importantes en la tradición de los dragones, así que debo respetarlos. <size=10%> Agua. Tierra. Fuego. Aire. Hace mucho tiempo, las cuatro naciones vivían en armonía. Pero todo cambió cuando la Nación del Fuego atacó.
line:0a0e6773	Dragon stomachs are a bit more... robust than yours.	El estómago de un dragón es un poco más... resistente que el tuyo.
line:7e352505	Dragons of the galaxy 2	Dragones de la galaxia 2.
line:c2c659d1	Eep!	¡Ah!
line:0bd1699e	Ehh..	Eh...
line:43dd32f5	Er... That's not-	Eh... No era...
line:93b60dce	Even so. Not this time	Aun así, esta vez no.
line:573d9362	Even though you were just doing your job... I think it helped him a lot.	Aunque solo hacías tu trabajo... Creo que le ayudó mucho.
line:a2ba222e	Evening. This establishment takes walk ins, correct?	Buenas noches. ¿Este establecimiento recibe clientes sin cita?
line:f98c3b6c	Every ending here is special!	¡Aquí todos los finales son felices!
line:bfeaec15	Every self respecting wizard has a phoenix feather handy.	Todo mago que se respete tiene una pluma de fénix a mano.
line:57df700d	Everyone's gaze carries an immense weight.	La mirada de los demás pesa muchísimo.
line:9ad8d2dd	Excellent!	¡Excelente!
line:0c997163	Excellent.	Excelente.
line:1976bc60	Excellent. Then make sure to go greet your customer at the window.	Excelente. Entonces no olvides ir a saludar a tu cliente a la ventana.
line:7bbe7ee3	Expectations are laaaame.	Las expectativas son un fastidioooo.
line:f99eb2ff	Ey! The mount! Fuck yeah.	¡Eh! ¡El aparato! ¡Carajo, sí!
line:d376acb9	Ey, so. Was thinkin'	Oye, estaba pensando...
line:85ec0862	Ey, sorry for coming in late.	Oye, perdón por venir tarde.
line:12e8ae42	Ey, Use your hands on my cock- it feels good!	Oye, usa las manos en mi verga. ¡Se siente bien!
line:271a3846	Fair enough. I'll be waiting!	Está bien. ¡Aquí espero!
line:4789095b	Fair enough. You two do seem cute together.	Está bien. Se ven lindos juntos.
line:f5b37855	Felt good sliding down though!	¡Pero se sintió bien al bajar!
line:274367d7	Figured I'd bring in something nice after all you've done.	Pensé en traer algo rico después de todo lo que has hecho por mí.
line:aae8afca	Fine with me!	¡Por mí, perfecto!
line:e98616be	For you!	¡Por ti!
line:62a82aba	Found this one gryphon. About my size...	Conocí a un grifo. Más o menos de mi tamaño...
line:807fdc76	From what I've heard he sounds like he's improved a lot recently, yeah?	Por lo que he oído, parece que ha mejorado mucho últimamente, ¿no?
line:803bf378	Fuck man, I'm so pumped.	Carajo, tengo unas ganas enormes.
line:f2418086	Fuck no! Shit's embarrassing.	¡Claro que no, mierda! Me da vergüenza.
line:a7ca3ca8	Fuck something and then get a handjob hopefully.	Cogerme algo y, con suerte, que después me masturben.
line:203bce10	Fuuuck. You really know how to work a dragon!	Mieeerda. ¡Sí que sabes complacer a un dragón!
line:f7f9b0db	G'day mate!	¡Qué tal, amigo!
line:664c994e	Gave me time to think.	Me diste tiempo para pensar.
line:1d9b3531	Get a handjob and fuck this mount.	Que me masturben y cogerme este aparato.
line:48afdce4	Give it to me!	¡Dámelo!
line:9df043ad	Give me a bit	Dame un momento.
line:e5c7f64a	Glad I'm here to remind you then.	Entonces qué bueno que vine a recordártelo.
line:354170aa	Go for it!	¡Adelante!
line:2d0b6b06	Goin' downtown tonight. Needed to be spotless. Say...	Voy al centro esta noche. Necesito quedar impecable. Oye...
line:dcb506d2	Good as!	¡Excelente!
line:bcbc6373	Good evening!	¡Buenas noches!
line:607a5c47	Good, I can't be having the Burnswick Community College of Thaumaturgy know that their best professor Alexander has caused another incident.	Bien. No puedo permitir que el Colegio Comunitario de Taumaturgia de Burnswick se entere de que su mejor profesor, Alexander, ha provocado otro incidente.
line:12b72085	Good, you better. If I come back and there isn't one...	Bien, más te vale. Si vuelvo y no hay uno...
line:2c851dad	Good.	Bien.
line:2712436c	Good. 'Aight, let me out.	Bien. Bueno, déjame salir.
line:bab51ada	Good... That'd be correct.	Bien... Sí, esa es la palabra.
line:44f2b8cf	Goodbye!	¡Adiós!
line:a8e6ac2a	Goodness, thanks to you I have a chance at redeeming this situation.	Cielos, gracias a usted aún puedo salvar la situación.
line:745c3c12	Gosh!	¡Madre mía!
line:6b5c6564	Gotta <i>practice</i> for Ryan if you catch what I mean.	Tengo que <i>practicar</i> para Ryan, si me entiendes.
line:e3cef2bc	Gotta make sure you're spotless!	¡Hay que dejarte impecable!
line:b01b2159	Great, so uh,	Genial, entonces, eh,
line:43c94954	Grouse as! Excited to see you work!	¡Buenísimo! ¡Tengo ganas de ver cómo trabajas!
line:9de16ee9	Ha!	¡Ja!
line:88d7e1e2	Haah. This is the best fuckin' wash.	Aaah. Este es el mejor maldito baño.
line:cc6e7856	Hah! There's the mount!	¡Ja! ¡Ahí está el aparato!
line:90dd6d9d	Hah, eager as always.	Ja, tan entusiasta como siempre.
line:9542e7a6	Hah, good. Let's break this thing in!	Ja, bien. ¡Vamos a estrenarlo!
line:fe21109b	Hah, he seems like the wild type.	Ja, sí parece de los salvajes.
line:e8bc1d95	Hah, I imagine it would be.	Ja, me lo imagino.
line:acbf628d	Hah, it is a motivator.	Ja, es una buena motivación.
line:65b23418	Hah, okay. I'm game.	Ja, bueno. Me apunto.
line:058d9d5c	Hah, yeah. Conrad is definitely experienced...	Ja, sí. Conrad sin duda tiene experiencia...
line:8b878971	Hah, yeah. He sounds fun.	Ja, sí. Parece divertido.
line:e3ed51d9	Hah. Conrad, you look good too.	Ja. Tú también te ves bien, Conrad.
line:f8b2e23b	Hah. Fine.	Ja. Bueno.
line:ea23c5f9	Hah. If only there was a kobold that could clean me.	Ja. Si tan solo hubiera un kobold que pudiera bañarme.
line:c9bb2a93	Hah. Yeah. <size=70%><i>It's cool that you learn to jerk off dragons in cleaning school...	Ja. Sí. <size=70%><i>Qué bien que enseñen a masturbar dragones en la escuela de baño...
line:50a559bb	Hah... <size=70%> yeah.	Ja... <size=70%>Sí.
line:4d4d9986	Hah... Gonna jerk me off now? That's fine.	Ja... ¿Ahora me vas a masturbar? Por mí, bien.
line:4e920759	Hah... Yeah I'm excited.	Ja... Sí, estoy emocionado.
line:b36365ce	Hah... Yeah...	Ja... Sí...
line:b8724c64	Hah... you do like that noise.	Ja... Sí que te gusta hacer ese sonido.
line:c8cde395	Haha, 'Yip' indeed.	Jaja, «yip», en efecto.
line:680991cf	Haha, yes. Happy to see you.	Jaja, sí. Me alegra verlo.
line:4c27b031	Haha, you certainly are!	¡Jaja, eso veo!
line:c3a2e14e	Haha, you certainly are!	¡Jaja, eso veo!
line:9ec40945	Haha. 'Yip' to you too.	Jaja. «Yip» para ti también.
line:5e91e0a7	Haha... Yeah. I'm not really used to complimenting.	Jaja... Sí. No tengo mucha práctica haciendo cumplidos.
line:44689f21	Happy to be back.	Me alegra volver.
line:2672f65d	Happy to be here.	Qué gusto estar aquí.
line:192fcb8e	Happy to get it off.	Me alegra quitármelo.
line:3517b28e	Have a productive day.	Que tengas un día productivo.
line:7c1adc57	He called me, we met up. He's really damn nice.	Me llamó y nos vimos. Es increíblemente amable.
line:e71f9a0b	HE DIED!?	¿¡SE MURIÓ!?
line:ed6c9afb	He hadn't been... Well, cared about in a long time from what I could gather.	Por lo que entendí, llevaba mucho tiempo sin... bueno, sin que a nadie le importara.
line:de25de6e	He just... Knew what to say to snap me out of all that.	Él simplemente... supo qué decir para hacerme reaccionar.
line:a035a3fd	He prefers 'vertically challenged'... But yes.	Prefiere «de estatura limitada»... Pero sí.
line:04b29e42	He really is.	De verdad lo es.
line:c7e1b369	He really is.	De verdad lo es.
line:c64bd5ce	He said I was chill, we planned a date...	Dijo que era agradable y planeamos una cita...
line:e8a91447	He's a lot. But, I like it.	Es intenso. Pero me gusta.
line:a7181b1a	He's a red dragon. I think you two would like eachother!	Es un dragón rojo. ¡Creo que se gustarían!
line:8245fe2b	He's already back to work. Thanks for helping with all that.	Ya volvió al trabajo. Gracias por ayudar con todo aquello.
line:aaea8391	He's been way nicer recently.	Últimamente ha estado mucho más amable.
line:7363c004	He's great.	Es genial.
line:c13d4e24	He's hot.	Está buenísimo.
line:675d7e37	He's like. SUPER hung.	La tiene ENORME.
line:7deb9fff	He's like... a big softy surrounded by sharp pointy bits.	Es como... un corazón blandito rodeado de púas.
line:800c553d	He's my dream dragon.	Es el dragón de mis sueños.
line:4b3c70d9	He's snappy, but tender too!	¡Tiene mal genio, pero también es tierno!
line:31281c6d	He's this REALLY cute red drake who goes to the wash!	¡Un dragón rojo GUAPÍSIMO que viene a bañarse aquí!
line:4c11c83e	He's tiny, I like being eye level with him.	Es pequeño. Me gusta poder mirarlo a los ojos sin levantar la cabeza.
line:b9ce2f3c	He's... Considerate. Real understanding too.	Es... considerado. Y muy comprensivo.
line:8e9e0f98	Heard about you and the big blue guy. Ryan was it?	Me enteré de lo tuyo con el grandote azul. ¿Ryan, era?
line:ca4a9672	Heeeey Ryan.	Holaaa, Ryan.
line:24ce37ec	Heeeey.	Holaaa.
line:bb70c1ed	Heh. Yeah.	Je. Sí.
line:3fa80829	Heh. Yeah. I like you too.	Je. Sí. Tú también me gustas.
line:20393ff6	Heh. Yeah. That's me.	Je. Sí. Ese soy yo.
line:ac769d93	heh.. yea.. sorry..	Je... Sí... Perdón..
line:5246ceea	Heh... alright.	Je... Está bien.
line:75fef5cb	Heh... Damn right.	Je... Claro que sí.
line:5f0edcb2	Heh... Handsy today, huh?	Je... Hoy tienes las manos inquietas, ¿eh?
line:2f55b3aa	Hehe	Jeje.
line:7e991330	Hehe yeah.	Jeje, sí.
line:3223473f	Hehe, I'm excited to get into the dating scene again.	Jeje, me hace ilusión volver a salir con gente.
line:4a137220	Hehe, thanks. It has stuff that should be good for both of us.	Jeje, gracias. Traje cosas que nos deberían gustar a los dos.
line:1a3e2a73	Hell yea	Claro que sí, carajo.
line:93f67490	Hell yeah	Claro que sí, carajo.
line:389e4033	Hell yeah I did!	¡Claro que sí, carajo!
line:17dbb9b7	Hell yeah.	Claro que sí, carajo.
line:4b7b33d9	Hello!	¡Hola!
line:c3d3da41	Hello!	¡Hola!
line:4183ca7e	Hello, <i>'Drag'n wash franchise 223'...</i> Have you figured out how to interact yet?	Hola, <i>«franquicia Drag'n'wash 223»...</i> ¿Ya descubriste cómo interactuar?
line:a99c515c	Hello, <i>'Drag'n wash franchise 223'...</i> Have you spoken to your first customer yet?	Hola, <i>«franquicia Drag'n'wash 223»...</i> ¿Ya hablaste con tu primer cliente?
line:b7cce838	Hello.	Hola.
line:a8779ebf	Hello?	¿Hola?
line:dd4b34ae	Hello?	¿Hola?
line:1954aab7	Help the developers out please..	Ayuda a los desarrolladores, por favor...
line:db9c3a5c	Help the developers out please..	Ayuda a los desarrolladores, por favor...
line:f7f7f5a1	Help the developers out please..	Ayuda a los desarrolladores, por favor...
line:fc461784	Help the developers out please..	Ayuda a los desarrolladores, por favor...
line:ee3398a6	Hey big guy.	Hola, grandote.
line:0090c7b0	Hey Conrad!	¡Hola, Conrad!
line:3d0a5aeb	Hey Conrad!	¡Hola, Conrad!
line:a2b4acea	Hey conrad!	¡Hola, Conrad!
line:975a629f	Hey Conrad.	Hola, Conrad.
line:21235886	Hey could you come up front where I can see you?	Oye, ¿puedes venir adelante para que te vea?
line:533532c4	Hey fine by me!	¡Oye, por mí bien!
line:1538bc7e	Hey good lookin'	Hola, guapo.
line:0121c874	Hey hey. Glad you're open.	Hola, hola. Qué bueno que está abierto.
line:71b651dd	Hey I have something to say!	¡Oye, quiero decirte algo!
line:0d4e0ecf	Hey kobold!	¡Hola, kobold!
line:af3f02c9	Hey Ryan, what do you have there?	Oye, Ryan, ¿qué traes ahí?
line:6374414d	Hey thanks for being here for me...	Oye, gracias por estar aquí para mí...
line:bf5ff483	Hey there, happy to be back.	Hola, qué gusto volver.
line:c38b7fa6	Hey there, Ryan!	¡Hola, Ryan!
line:2d5fc8a2	Hey there- Maybe you can get 'hands on' later?	Oye... ¿Y si dejamos esas «manos inquietas» para después?
line:1b6c7f75	Hey there.	Hola.
line:5dacf226	Hey there.	Hola.
line:82698bd1	Hey there.	Hola.
line:ab3a5d9c	Hey there.	Ey.
line:3d2bc74e	Hey uh, do you think Ryan and I will <i>actually</i> work out?	Oye, eh, ¿crees que lo de Ryan y yo <i>de verdad</i> funcionará?
line:04501155	Hey uh, I just need a cleaning.	Oye, eh, solo necesito un baño.
line:2a29842a	Hey uh... Not now.	Oye, eh... Ahora no.
line:8caa3196	Hey uhm, thanks once again.	Oye, este... Gracias otra vez.
line:5c7a9105	Hey!	¡Hola!
line:eed2cc64	Hey!	¡Hola!
line:2f3f5508	Hey! He's just... 'vertically challenged'.	¡Oye! Solo es... «de estatura limitada».
line:55bb78d1	Hey! I'm here for a wash.	¡Hola! Vine a bañarme.
line:33480903	Hey, Alexander!	¡Hola, Alexander!
line:21fcef4f	Hey, Alexander.	Hola, Alexander.
line:14598ca6	Hey, big guy!	¡Hola, grandote!
line:e7353d24	Hey, I've got a question for you.	Oye, tengo una pregunta.
line:674877e5	Hey, nothin' wrong with asking!	¡Oye, preguntar no tiene nada de malo!
line:d2589856	Hey, welcome back!	¡Hola, bienvenido de nuevo!
line:0d3e4054	Hey.	Oye.
line:aa0dda7b	Hey.	Oye.
line:7f2e2736	Hey... little guy!	Hola... ¡pequeñín!
line:933efa6d	Hi again!	¡Hola de nuevo!
line:873a2b9a	Hi again..	Hola de nuevo..
line:83ac5b68	Hi Conrad.	Hola, Conrad.
line:050efd1a	Hi, Ryan!	¡Hola, Ryan!
line:06ed6aea	Hiiiii! Hiii!	¡Holaaaa! ¡Holaaa!
line:5a632b75	His physical form is currently reconstituting in the staff lounge.	Su forma física se está reconstituyendo en la sala de profesores.
line:6bd91ca7	Hm, I think I'll pass on the mount.	Mmm, creo que no usaré el aparato.
line:370d719b	Hm?	¿Mmm?
line:3c3ddd0c	Hm?	¿Mmm?
line:44658d73	Hmm...	Mmm...
line:bf059ff3	Hmm...	Mmm...
line:730b1ca4	Hmm?	¿Mmm?
line:fc571337	Hmmm, maybe something else?	Mmm, ¿quizá otra cosa?
line:19207e44	Hold on a little longer for me?	¿Puede aguantar un poquito más por mí?
line:f2ae89c4	Honestly, I'm surprised how nice this is.	La verdad, me sorprende lo agradable que es.
line:a2ff0176	Hope it went well.	Espero que les haya ido bien.
line:b17360a0	Hope that's alright?	¿Espero que no te moleste?
line:ae08853f	Hope you're doing alright!	¡Espero que esté bien!
line:e1fa2461	Hopefully! I'll go get the gate.	¡Ojalá! Voy a abrir la puerta.
line:99931b37	Hopefully.	Ojalá.
line:d9c91bca	How about you though? have you been seeing anyone?	¿Y tú? ¿Estás saliendo con alguien?
line:4ec92454	How about you? Anyone exciting?	¿Y tú? ¿Alguien interesante?
line:86bde306	How are you with seafood?	¿Qué te parece la comida del mar?
line:7fb611c9	How come you brought this all in?	¿Por qué trajiste todo esto?
line:af0d0972	How come you're covered in ink?	¿Cómo terminó cubierto de tinta?
line:e385b7f3	How did it go?	¿Cómo les fue?
line:c0161bbc	How did it taste?	¿A qué sabía?
line:262b262e	how do I get in?	¿cómo entro?
line:676b0638	how do I get in?	¿cómo entro?
line:8308bb09	How do I look?	¿Cómo me veo?
line:4f172746	How do you even digest that?	¿Cómo puedes digerir eso?
line:28d390ac	How so?	¿En qué sentido?
line:4ef9fe65	How so?	¿En qué sentido?
line:ea66b5af	How so?	¿En qué sentido?
line:4b29790b	How was the sex.	¿Qué tal el sexo?
line:7736270c	How was your date with Conrad?	¿Cómo fue tu cita con Conrad?
line:18d418ab	However, it's ornamental! My family crest. You see...	¡Pero es un adorno! El emblema de mi familia. Verá...
line:1f250062	However, My <i>image</i> is far more permanent than Igwyx's fleeting physical forms.	Sin embargo, mi <i>imagen</i> es mucho más duradera que las fugaces formas físicas de Igwyx.
line:ae34381b	However, that respect comes with an expectation to act as I look. It's incredibly stressful.	Sin embargo, ese respeto viene con la expectativa de actuar a la altura de mi apariencia. Es increíblemente estresante.
line:d2baf9e2	However...	Sin embargo...
line:fb8401c3	Huff...	Uf...
line:b54ee04d	huff... Thank you for that.	Uf... Gracias por eso.
line:16420ca7	Huff... Thanks for that.	Uf... Gracias por eso.
line:45507089	Huff... That was nice... Made a bit of a mess though.	Uf... Eso estuvo bien... Aunque hice un poco de desastre.
line:ae83cfb6	huh...?	¿Eh...?
line:0c78b56b	Huh?	¿Eh?
line:e96114a2	Huh? ofcourse not!	¿Eh? ¡Claro que no!
line:836c079c	I <i>think </i> I must've spilled an inkwell <i>on the way here</i>. Rather clumsy of me!	<i>Creo </i>que debí derramar un tintero <i>de camino aquí</i>. ¡Qué torpe soy!
line:d37175c7	I act tough but am a small dragon...	Me hago el duro, pero soy un dragón pequeño...
line:b4e27683	I agree	Estoy de acuerdo.
line:68ebf07b	I allowed him, as my stature provides ample height.	Se lo permití, ya que mi estatura le daba altura de sobra.
line:a051821a	I already feel a lot better.	Ya me siento mucho mejor.
line:49bfbfbe	I already have spot at the club reserved.	Ya tengo un lugar reservado en el club.
line:14ff4edd	I always do~	Siempre le doy con ganas~
line:b05c6259	I always look forward to seeing you. I'll go get the gate.	Siempre tengo ganas de verte. Voy a abrir la puerta.
line:52bf5ede	I am THE kobold. Yip!	Yo soy EL kobold. ¡Yip!
line:141c006f	I am too.	Yo también.
line:363f6f6a	I am too.	Yo también.
line:405b9622	I am too.	Yo también.
line:d4c5faea	I am too.	Yo también.
line:556897bf	I am! Even better now that you're here.	¡Lo estoy! Y mejor ahora que está aquí.
line:e499b2cc	I am.	Lo soy.
line:5ec8bb55	I believe that's in part because of you.	Creo que en parte se lo debo a usted.
line:9883786d	I booked the night.	Reservé toda la noche.
line:eae85bf9	I broke up with my partner...	Terminé con mi pareja...
line:ffcfee20	I brought watermelon, bread, grapes, and some other stuff.	Traje sandía, pan, uvas y otras cosas.
line:e8aa18f4	I can digest pretty much anything.	Puedo digerir prácticamente cualquier cosa.
line:7f543c2a	I can let loose whenever you are ready	Puedo soltarlo cuando estés listo.
line:c83a6a0d	I can't believe Igwix would make a mistake like this!	¡No puedo creer que Igwix cometiera un error así!
line:e051a79e	I consider you a good friend too	Yo también te considero un buen amigo.
line:f382336f	I could get us the <i>nicest</i> spots for their show.	Podría conseguirnos los <i>mejores</i> sitios para el espectáculo.
line:2602b8c6	I could use a wash.	Me vendría bien un baño.
line:c66153d3	I couldn't help but notice the... device over there.	No he podido evitar fijarme en el... dispositivo de allí.
line:b71f0756	I decided to try baking.	Decidí probar con la repostería.
line:e62b989c	I decided to try baking.	Decidí probar con la repostería.
line:efea7148	I decided to try baking.	Decidí probar con la repostería.
line:98f800d3	I didn't know anyone could like me that much so easily.	No sabía que podía gustarle tanto a alguien con tanta facilidad.
line:4116f001	I didn't know what the button did.	No sabía qué hacía el botón.
line:7a5c7f54	I didn't mean to fluster you!	¡No quería ponerte nervioso!
line:55542a9b	I do enjoy the color. Though I believe its unrelated to my own hue.	Sí me gusta ese color, aunque no creo que tenga que ver con el mío.
line:f9c800f2	I do!	¡Sí!
line:ad9c1ada	I do. But, what happened?	Sí. Pero ¿qué pasó?
line:a45ccf3a	I don't believe I can hold back any longer	No creo poder aguantar más.
line:8c6e1cd3	I don't get it! Why do I have to act this way?	¡No lo entiendo! ¿Por qué tengo que ser así?
line:cc4e48a3	I don't know where they went but I feel dirty again.	No sé adónde fue a parar, pero me siento sucio otra vez.
line:71127249	I don't mean to be rude, but I must decline	No quiero ser descortés, pero debo rechazarlo.
line:f5696cc4	I don't need to tell you.	No tengo por qué contártelo.
line:878fc94c	I don't understand..	No lo entiendo..
line:4f3d31f8	I don't want your pitty!	¡No quiero tu lástima!
line:8fc36ab7	I enjoy being a part of so many individuals lives in a positive way.	Me gusta influir positivamente en la vida de tantas personas.
line:14653182	I enjoy parts of it. The respect is pleasant...	Hay cosas que disfruto. El respeto es agradable...
line:bd4bb1b9	I enjoy that I do not fear failure around you.	Me gusta no tener miedo de equivocarme cuando estoy con usted.
line:c108ed4f	I enjoy when you tell me what to do with a pat of your hand.	Disfruto cuando me indica qué hacer con una palmadita.
line:6db406b4	I enjoyed this quite a lot.	He disfrutado muchísimo de esto.
line:e838533b	I feel as I could say anything to you.	Siento que podría decirle cualquier cosa.
line:9b9567ec	I feel much better.	Me siento mucho mejor.
line:ed6be68f	I feel spotless as always.	Me siento impecable, como siempre.
line:938be2fb	I forget the ignorance of a layman. I apologize.	Olvido lo que desconoce alguien ajeno a la materia. Disculpe.
line:63837f22	I forgot to bite into it so... Nothing?	Olvidé morderla, así que... ¿a nada?
line:fe3484ea	I get how you'd feel that way after a breakup, yeah.	Sí, entiendo que te sientas así después de una ruptura.
line:adf1550f	I give my other bipedal friends rides all the time.	Llevo a mis otros amigos bípedos de paseo todo el tiempo.
line:9a68366f	I got a mount.	Compré un aparato.
line:78a54cae	I got back home a bit dirty. And she yelled at me.	Llegué un poco sucio y me gritó.
line:22a9094a	I guess so!	¡Supongo que sí!
line:28d6c0aa	I hate that I'm always getting into situations like this.	Odio meterme siempre en situaciones como esta.
line:366a7f73	I have a question.	Tengo una pregunta.
line:82b63c18	I have something to say!	¡Tengo algo que decir!
line:fd68807c	I have to say, you did as good a job as private washers.	Debo decir que ha trabajado tan bien como un servicio privado.
line:761f413a	I heard a loud bang	Oí un gran estruendo.
line:9d7cc63c	I heard a loud bang, I don't think Igwix made it.	Oí un gran estruendo. No creo que Igwix haya sobrevivido.
line:7ede5030	I heard there was kobolds down here that could wash me up?	¿Me dijeron que por aquí había kobolds que podían bañarme?
line:efb2d4af	I heard there were kobolds down here that could wash me up?	Me dijeron que por aquí había unos kobolds que podían bañarme.
line:2f9b499a	I honestly don't know how you are doing that.	La verdad, no sé cómo haces eso.
line:6f5dbc90	I hope he's okay too.	Yo también espero que esté bien.
line:cd0197ed	I hope I can learn from that.	Ojalá pueda aprender de eso.
line:cf50dbcc	I hope it all works out.	Espero que todo salga bien.
line:b2dfad3e	I hope so.	Eso espero.
line:0477b0d7	I hope so. I really want a fresh start with someone.	Ojalá. Tengo muchas ganas de empezar de cero con alguien.
line:7429dab7	I hope that you'll help me prove them wrong!	¡Espero que me ayudes a demostrar que no es cierto!
line:be5feb3e	I hope things get better.	Espero que las cosas mejoren.
line:114ac9a0	I hope you're right.	Espero que tengas razón.
line:06744c7e	I just don't like that she takes it out on me.	Solo que no me gusta que se desquite conmigo.
line:1fb02179	I just don't like that she takes it out on me.	Solo que no me gusta que se desquite conmigo.
line:c8a1e7d0	I Just need a quick wash... Maybe the mount would be nice too.	Solo necesito un baño rápido... Y quizá usar el aparato.
line:95ff1bed	I just wish for you to ask me a question. Any question.	Solo quiero que me haga una pregunta. Cualquiera.
line:f716a163	I knew you were too busy, so I figured I'd bring the date to you!	Sabía que estabas muy ocupado, ¡así que decidí traerte la cita!
line:2461773d	I knew you'd have my back	Sabía que me apoyarías.
line:6a671440	I know a decent equine-kin place by the pier.	Conozco un buen restaurante de los equinos cerca del muelle.
line:50102b85	I know he can be a bit hot headed and forget to thank folks.	Sé que a veces tiene mal genio y se le olvida agradecer.
line:83c55e2e	I know things can be tough.	Sé que las cosas a veces se ponen difíciles.
line:2ffb026d	I know you need to close down shop. I'll make sure you get the address and we can meet up there, yeah?	Sé que tienes que cerrar el local. Te pasaré la dirección y nos vemos allí, ¿sí?
line:ded99a0c	I know, I'll reserve your spot!	¡Lo sé, te guardaré tu sitio!
line:59e503b2	I know. But the ability to open up to someone, even occasionally-	Lo sé. Pero poder abrirse con alguien, aunque sea de vez en cuando...
line:d30ffec9	I know. I know I shouldn't be dumping this on you.	Lo sé. Sé que no debería descargarte todo esto.
line:875048ca	I know. I know.	Lo sé. Lo sé.
line:7b59e4d6	I like how sure of yourself you are. Even if it just has to do with washing.	Me gusta la seguridad que tiene, aunque solo sea a la hora de bañarme.
line:46061aae	I like it! I think you'd enjoy it too.	¡Me gusta! Creo que tú también lo disfrutarías.
line:f4ad8ea6	I like taking care of you.	Me gusta cuidar de usted.
line:8ffedb47	I like the mount you chose. Mind grabbing it?	Me gusta el aparato que elegiste. ¿Lo traes?
line:5c86951f	I like you a lot.	Me gustas mucho.
line:a91980fc	I like you for who you are.	Me gusta tal como es.
line:bdca3e1b	I like... him.	Me gusta... él.
line:2b65bf83	I love bubbles, they tickle!	Me encantan las burbujas, ¡hacen cosquillas!
line:f8a4f404	I mean it. Really.	Lo digo en serio. De verdad.
line:ae719afc	I need to be better. I <i>want </i>to be better.	Tengo que ser mejor. <i>Quiero </i>ser mejor.
line:a0373456	I need to be spotless. Seems that's what you're for. <size=70%> Ha.	Necesito quedar impecable. Para eso estás, ¿no? <size=70%>Ja.
line:3da2dd1d	I never expected myself to confide such embarrassing things in someone.	Nunca imaginé que le confiaría cosas tan vergonzosas a alguien.
line:0c986dec	I never expected you to be the type to be so messy!	¡No lo imaginaba tan propenso a ensuciarse!
line:95db900b	I never miss a spot.	Nunca se me escapa ni una mancha.
line:d620d41a	I never thought someone like him would be my type...	Nunca pensé que me gustaría alguien como él...
line:67592de1	I probably need to head out though.	Aunque ya debería irme.
line:e41c6dc5	I really do hope it all works out!	¡Espero de verdad que todo salga bien!
line:a722aada	I really think it was this time...	Esta vez de verdad creo que sí...
line:e80e5edd	I see what you're doing, thank you.	Ya veo lo que hace. Gracias.
line:cc6ec337	I see..	Ya veo..
line:d57520b1	I seem to have gotten myself covered in ink!	¡Parece que terminé cubierto de tinta!
line:3b161cf3	I still need more!	¡Todavía necesito más!
line:47dc71f3	I suppose I understand disliking the mess it may cause.	Supongo que entiendo que le moleste el desastre que puede causar.
line:234ccfda	I suppose it depends on the circumstances.	Supongo que depende de las circunstancias.
line:910706c0	I think a movie could be fun!	¡Creo que una película podría ser divertida!
line:99bbb171	I think he was in a bad environment. He's doing better now.	Creo que estaba en un mal ambiente. Ahora está mejor.
line:9247b7a0	I think he'd like the new you!	¡Creo que le gustaría esta nueva versión de ti!
line:f4982dcd	I think he's got a crush on me.	Creo que le gusto.
line:fc6fdd10	I think I can still feel some explosion grime on me...	Creo que todavía tengo suciedad de la explosión...
line:4efc873f	I think I like being taken care of?	¿Creo que me gusta que me cuiden?
line:f5d36d9a	I think I might be close..	Creo que ya estoy cerca..
line:52fc4e08	I think I'd like that!	¡Creo que me gustaría!
line:5c78099a	I think I'd like to meet him!	¡Creo que me gustaría conocerlo!
line:14e0edf6	I think I'd like to try!	¡Creo que me gustaría intentarlo!
line:164df75a	I think I'd like to use it?	¿Creo que me gustaría usarlo?
line:4f6168aa	I think I'd like to use it?	¿Creo que me gustaría usarlo?
line:ab314624	I think I'd like to?	¿Creo que me gustaría?
line:170c6aa3	I think I'd like you to be that someone aswell.	A mí también me gustaría que fueras ese alguien.
line:8f46bb17	I think I've got it!	¡Creo que ya entendí!
line:a5e128e0	I think she's upset about something else...	Creo que está enojada por otra cosa...
line:bc2545e7	I think she's upset about something else...	Creo que está enojada por otra cosa...
line:335c5156	I think so!	¡Yo creo que sí!
line:3292625e	I think that would make a decent place! They put on good shows every night.	¡Creo que estaría bien! Tienen buenos espectáculos todas las noches.
line:eaafe671	I think you got every spot!	¡Creo que no se te escapó ninguna mancha!
line:1760e5d5	I think you got every spot.	Creo que no se te escapó ninguna mancha.
line:341175f7	I think you got every spot.	Creo que no se te escapó ninguna mancha.
line:770e7473	I think you got every spot.	Creo que no se te escapó ninguna mancha.
line:f4a8f7fc	I think you helped him a lot more than you realize.	Creo que lo ayudaste mucho más de lo que imaginas.
line:f28fd15d	I think you missed a few spots still...	Creo que todavía te faltaron unas manchas...
line:77509e74	I think you're cool too. Self improvement is hard.	Tú también me pareces genial. Mejorar como persona cuesta.
line:763c6a82	I think you're good looking.	Creo que es guapo.
line:69e7dbb3	I think you're pretty cool, Conrad.	A mí me pareces genial, Conrad.
line:9c393f61	I think you're special too.	Tú también me pareces especial.
line:7d5ae3b4	I usually make do with a hose down at home...	Yo normalmente me arreglo con la manguera de casa...
line:c4fc9b28	I wanna talk face to face!	¡Quiero hablarte cara a cara!
line:548dc375	I want to be more open. It feels good.	Quiero abrirme más. Se siente bien.
line:e02f464d	I was helping the alchemist reach a high shelf	Estaba ayudando al alquimista a alcanzar un estante alto.
line:fa97376e	I was helping the alchemist reach a high shelf	Estaba ayudando al alquimista a alcanzar un estante alto.
line:bb015b1b	I was romping around the forest	Estaba correteando por el bosque.
line:78e2cb13	I was thinking about what you said,	Estaba pensando en lo que dijiste,
line:b8282714	I was thinking.	Estaba pensando.
line:ca616238	I was thinking. We could go out some time next week?	Estaba pensando. ¿Podríamos salir la próxima semana?
line:a13d76ec	I was thinking...	Estaba pensando...
line:c1a4edf0	I wasn't making her happy either.	Ella tampoco era feliz conmigo.
line:a4214fe6	I went out of my way for a discrete washing, I was sure I wasn't followed.	Me tomé la molestia de venir para un baño discreto. Estaba seguro de que nadie me había seguido.
line:db5cd152	I went out with some friends.	Salí con unos amigos.
line:b6b9dc33	I will pay double. Triple- This is a job only you can do!	Pagaré el doble. ¡El triple! ¡Solo usted puede hacer este trabajo!
line:0c31345e	I will, thanks.	Lo haré, gracias.
line:fa41daf4	I will. I just need a quick wash, and wouldn't mind using the mount today.	Lo haré. Solo necesito un baño rápido, y hoy me gustaría usar el aparato.
line:399457b7	I wish it was easy as it is in movies.	Ojalá fuera tan fácil como en las películas.
line:2185f08c	I won't.	No lo haré.
line:45950848	I would like that!	¡Me encantaría eso!
line:099ec7fd	I would love to.	Me encantaría.
line:e6006cd6	I wouldn't mind!	¡Me gustaría!
line:81905be1	I'd like to go out to eat.	Me gustaría salir a comer.
line:75b152eb	I'd love to talk more, truly, but class is soon.	Me encantaría seguir conversando, de verdad, pero pronto empieza la clase.
line:2fe8a558	I'd love to!	¡Me encantaría!
line:87ba56cc	I'll be back again, yeah?	Volveré, ¿sí?
line:ca035ef2	I'll be back again. It's nice having you as a friend.	Volveré. Es agradable tenerlo como amigo.
line:0fcd9c26	I'll be back soon, yeah? Thanks for the wash.	Volveré pronto, ¿sí? Gracias por el baño.
line:d9f422eb	I'll be waiting at the bar for you tonight!	¡Te espero en el bar esta noche!
line:69dff2ec	I'll be waiting for the gate!	¡Aquí espero a que abras la puerta!
line:ae4d09f6	I'll be waiting for the gate!	¡Aquí espero a que abras la puerta!
line:ab616aac	I'll definitely keep this place in mind.	Sin duda tendré presente este lugar.
line:b122441b	I'll get one ordered I promise!	¡Prometo pedir uno!
line:1642b6f1	I'll get out of your scales now. Thank you for the wash.	Ya lo dejo tranquilo. Gracias por el baño.
line:707d2693	I'll get out of your scales...	Ya te dejo tranquilo...
line:ca480eed	I'll get you two in contact then.	Entonces los pondré en contacto.
line:59416000	I'll go get the gate for ya'	Voy a abrirte la puerta.
line:6aa7ad03	I'll go get the gate for ya'	Voy a abrirte la puerta.
line:2a6d7e7d	I'll go get the gate for you.	Voy a abrirte la puerta.
line:8107858d	I'll go get the gate for you.	Voy a abrirle la puerta.
line:d1755010	I'll go get the gate for you.	Voy a abrirte la puerta.
line:4d692a01	I'll go get the gate.	Voy a abrir la puerta.
line:a75bb519	I'll go get the gate.	Voy a abrir la puerta.
line:8689a124	I'll happily get that for you.	Con gusto se lo traigo.
line:48e99d7b	I'll have to close up shop first-	Primero tengo que cerrar el local...
line:f2b894e2	I'll have to reserve your spot while you close up.	Te guardaré tu sitio mientras cierras.
line:6c5e2459	I'll keep that in mind. I'm used to things being transactional.	Lo tendré presente. Estoy acostumbrado a que todo sea un intercambio.
line:956a0f47	I'll make sure to ask him next time I see him.	Le preguntaré la próxima vez que lo vea.
line:e64d21e4	I'll make sure to come back.	Volveré, sin falta.
line:7c9fe106	I'll make sure to get out of your scales.	Ya te dejo tranquilo.
line:87006442	I'll make sure to tell others about this place	Voy a recomendar este lugar.
line:1db78e06	I'll make sure to tell you how it goes, yeah?	Te contaré cómo va todo, ¿sí?
line:49b6a167	I'll make sure you're <i>spotless.	Me aseguraré de dejarte <i>impecable.
line:96981b61	I'll manage.	Ya saldré adelante.
line:9aa97614	I'll need this to be swift, students won't teach themselves.	Necesito que sea rápido. Los alumnos no van a aprender solos.
line:9ef857c8	I'll need to resurrect Igwix, oh how embarrassing!	Tendré que resucitar a Igwix. ¡Qué vergüenza!
line:90a9a98e	I'll see you next time I come in, yeah?	Nos vemos la próxima vez que venga, ¿sí?
line:d0f6a49a	I'll see you next time I come in, yeah?	Nos vemos la próxima vez que venga, ¿sí?
line:160bf40f	I'll start prepping for it.	Voy a empezar a prepararlo.
line:8af64cb8	I'll take care of this, don't you worry.	Yo me encargo, no te preocupes.
line:e20c6391	I'll tell you in a bit. Could you just get the gate for now?	Te cuento en un rato. ¿Por ahora puedes abrir la puerta?
line:04c62f9b	I'm <i>spotless</i>.	Estoy <i>impecable</i>.
line:629f8cff	I'm a bit of a big deal around there.	Soy bastante conocido por ahí.
line:d9272031	I'm a dragon.	Soy un dragón.
line:675e7284	I'm a rule breaker!	¡Me gusta romper las reglas!
line:afcd5586	I'm a... kobold.	Soy un... kobold.
line:5d41b5d6	I'm all dirty still!	¡Todavía estoy sucio!
line:2f6eb3c3	I'm all soapy still!	¡Todavía estoy lleno de jabón!
line:18707b19	I'm always happy to give you a wash!	¡Siempre me alegra bañarte!
line:3b01eb3b	I'm always happy to give you a wash!	¡Siempre me alegra bañarte!
line:d82b1a7d	I'm always happy to help. <i><size=70%> especially a big dragon.	Siempre me alegra ayudar. <i><size=70%>Sobre todo a un dragón grande.
line:46c6a3ed	I'm always happy to see you Ryan.	Siempre me alegra verte, Ryan.
line:75206eee	I'm always happy to see you Ryan.	Siempre me alegra verte, Ryan.
line:fa6e232e	I'm always happy to see you. I'll go get the gate for you.	Siempre me alegra verlo. Voy a abrirle la puerta.
line:07e5fc05	I'm amazed!	¡Estoy impresionado!
line:4586d55d	I'm an asshole. I know I am.	Soy un imbécil. Lo sé.
line:a6d46685	I'm certain he also finds you pleasant!	¡Estoy seguro de que usted también le agrada!
line:ef399e26	I'm doing good!	¡Estoy bien!
line:a6c1f2f4	I'm excited for you!	¡Me alegra mucho por ti!
line:94fbdbf0	I'm excited for you. I'll get the gate!	Me alegro por ti. ¡Te abro la puerta!
line:f83e4966	I'm excited to hear about it!	¡Tengo ganas de que me cuentes!
line:bd55b8f4	I'm excited to see them washing down the drain though.	Aunque también tengo ganas de verlas irse por el desagüe.
line:24832f01	I'm excited.	Me hace ilusión.
line:69f406a6	I'm excited.	Me hace ilusión.
line:a00f681d	I'm excited.	Me hace ilusión.
line:a0479425	I'm excited.	Me hace ilusión.
line:b5d7d26f	I'm excited.	Me hace ilusión.
line:d66b9155	I'm excited.	Me hace ilusión.
line:4e1b1d0a	I'm glad you derive enjoyment from this as well.	Me alegra que usted también disfrute de esto.
line:5db47405	I'm glad you enjoy him. I'm certain he finds you pleasant.	Me alegra que disfrute de su compañía. Seguro que él también disfruta de la suya.
line:c56ee060	I'm glad you enjoy my crest.	Me alegra que le guste mi emblema.
line:f44a1493	I'm glad you trust me.	Me alegra que confíe en mí.
line:3a2ed5ef	I'm glad you two are working out though.	De todos modos, me alegra que lo suyo funcione.
line:c0972e81	I'm glad you two are working out.	Me alegra que lo suyo esté funcionando.
line:34ba77b1	I'm glad you were able to make the choice that was best for you.	Me alegra que hayas podido decidir lo mejor para ti.
line:d5a90e1c	I'm glad!	¡Me alegra!
line:286fec49	I'm glad.	Me alegra.
line:42f5fd9d	I'm glad.	Me alegra.
line:99b6dc81	I'm glad.	Me alegra.
line:570d4953	I'm happy for you!	¡Me alegro por ti!
line:ac6d5bd3	I'm happy for you!	¡Me alegro por ti!
line:ed5c40ca	I'm happy for you!	¡Me alegro por ti!
line:79099951	I'm happy to be here too.	A mí también me alegra estar aquí.
line:99fd9b51	I'm happy to give you a place you can relax.	Me alegra ofrecerle un lugar donde pueda relajarse.
line:5d36d5c8	I'm happy to have met you.	Me alegra haberlo conocido.
line:ce21622a	I'm happy to hear that.	Me alegra oírlo.
line:69963a6c	I'm happy you feel comfy here.	Me alegra que se sienta a gusto aquí.
line:38388248	I'm here for a wash.	Vengo a bañarme.
line:a6974256	I'm here if you need someone to talk to.	Estoy aquí si necesitas hablar con alguien.
line:6690512d	I'm impressed.	Me impresionas.
line:2e424b13	I'm in need of another wash.	Necesito otro baño.
line:ef91a572	I'm Jealous!	¡Qué envidia!
line:a79b8639	I'm just happy I don't feel judged here.	Me alegra poder estar aquí sin sentir que me juzgan.
line:8076eb95	I'm just here for a wash though.	Pero solo vengo a bañarme.
line:c2caa0b7	I'm just here to bring you food!	¡Solo vine a traerte comida!
line:ec6c7823	I'm just... Happy.	Es que... estoy feliz.
line:ed4b0d48	I'm kind of excited.	Me hace un poco de ilusión.
line:266c652e	I'm looking forward to seeing you again	Tengo ganas de volver a verte.
line:e91e2041	I'm not <i>that</i> little-	No soy <i>tan</i> pequeño...
line:cf05a364	I'm not certain why I suddenly understand your 'Yips'	No sé por qué de pronto entiendo sus «yips».
line:dcc4774b	I'm not too sure. It was on sale at WingCo.	No estoy muy seguro. Estaba en oferta en WingCo.
line:5b31909a	I'm only doing what I think is right.	Solo hago lo que creo que está bien.
line:7fe349d7	I'm profoundly embarrassed by this whole ordeal.	Todo este asunto me avergüenza profundamente.
line:cfaffc52	I'm pumped.	Estoy emocionadísimo.
line:c0a140f8	I'm really fond of letting folks ride on my back.	Me gusta mucho llevar gente sobre el lomo.
line:1a5e6184	I'm really looking forward to this.	Tengo muchas ganas de hacerlo.
line:8b43a434	I'm really sorry you got hurt. Who did this?	Siento mucho que te hayan lastimado. ¿Quién te hizo esto?
line:69ffe957	I'm so excited about this date!	¡Tengo tantas ganas de esta cita!
line:e6290003	I'm so excited. I'll get you two in contact!	¡Qué emoción! ¡Los pondré en contacto!
line:e8611ad0	I'm sorry for dumping that all on you earlier.	Perdón por soltarte todo eso hace rato.
line:e613b1c3	I'm sorry I snapped at you earlier.	Perdón por haberte hablado así antes.
line:de208e68	I'm sorry you got hurt...	Siento que te hayan lastimado...
line:4843bb47	I'm still very muddy, if you could soap me up that'd be great.	Todavía tengo mucho lodo. Me vendría bien que me enjabonaras.
line:51d4e418	I'm such an idiot.	Soy un idiota.
line:32114891	I'm sure nobody will know...	Seguro que nadie se enterará...
line:17a05c96	I'm sure we'll figure something out! just meet me at the pier!	¡Seguro que se nos ocurre algo! ¡Nos vemos en el muelle!
line:8136ef1a	I'm surprised how nice it is.	Me sorprende lo agradable que es.
line:722c6ab2	I'm thinking a date soon.	Estoy pensando en una cita pronto.
line:3471e9b1	I'm trying my best.	Estoy haciendo lo que puedo.
line:01492e5e	I'm trying not to be pushy.	Estoy intentando no presionar.
line:4d6cd625	I'm trying to get away from the house for a bit.	Quería salir un rato de casa.
line:c1ef777a	I'm unsure why speaking with you is so easy.	No sé por qué me resulta tan fácil hablar con usted.
line:822c0718	I'm very excited.	Tengo muchísimas ganas.
line:ddab3d34	I'm very satisfied with these results..	Estoy muy satisfecho con el resultado..
line:03eb977c	I'm well aware. A deep clean has a distinct feel!	Lo sé muy bien. ¡Una limpieza a fondo se nota!
line:f9193c0d	I'm willing to do it. But I'd like something new.	Estoy dispuesto a intentarlo. Pero me gustaría algo nuevo.
line:63981253	I'm... Happy.	Estoy... feliz.
line:f80bd44b	I'm... not certain I'd like to use this today.	No... estoy seguro de querer usar esto hoy.
line:d422462e	I'm... not sure I can answer that for you.	No... sé si puedo responder eso por ti.
line:8f107933	I'm... Rather close now	Estoy... bastante cerca ya.
line:24c52c54	I'm... wondering...	Me... preguntaba...
line:6bbd7f1d	I've always hated the rain.	Siempre he odiado la lluvia.
line:b4353808	I've always loved giving my biped friends rides...	Siempre me ha encantado llevar de paseo a mis amigos bípedos...
line:9541fceb	I've been considering asking you this for a while now.	Llevo un tiempo considerando preguntárselo.
line:505154a4	I've been thinking...	He estado pensando...
line:58b4f5fb	I've been told it's polite to talk to smaller folk face to face.	Me dijeron que es de buena educación hablar cara a cara con la gente más pequeña.
line:2c560e29	I've been trying to get into the social sciences aswell.	También he intentado adentrarme en las ciencias sociales.
line:b4a29141	I've got a guy who can drop a gift by tomorrow that would spruce things up.	Conozco a alguien que puede traer un regalo mañana para darle vida al lugar.
line:212f0021	I've had a lot of free time lately.	Últimamente he tenido mucho tiempo libre.
line:701b9feb	I've had a lot of free time lately.	Últimamente he tenido mucho tiempo libre.
line:79da763f	I've had a lot of free time lately.	Últimamente he tenido mucho tiempo libre.
line:3c4443fd	I've seen bigger	He visto más grandes.
line:d7a90078	I...	Yo...
line:393d0e05	I... hm.	Yo... Mmm.
line:0da5609b	I... Know this is unprompted.	Sé... que esto no viene al caso.
line:5cfb94b9	If a relationship is <i>so</i> bumpy and you know its going to end.	Si una relación va <i>tan</i> mal y sabes que se va a terminar.
line:b2f52b23	If I could uhm...	Si podría, eh...
line:b4990e3d	If I'm honest. I've had a crush on you for a bit.	La verdad, me gustas desde hace un tiempo.
line:7c13c28e	If only.	Si tan solo.
line:a56c5621	If someone like Ryan is interested, you're doing great.	Si le interesas a alguien como Ryan, vas muy bien.
line:52f28749	If we're caught violating another policy my reputation would be in ruins!	¡Si nos descubren infringiendo otra norma, mi reputación quedará arruinada!
line:83f511d2	If ya' place the mount for me I'll have at it.	Si me pones el aparato, me lanzo.
line:7ead92b1	If you could come up front so I could talk.	¿Puedes venir adelante para que hablemos?
line:e78656aa	If you could come up to where I can see you.	¿Puedes venir a donde te vea?
line:9a013329	If you wanna talk about it more, I've got a minute.	Si quieres seguir hablando, tengo un momento.
line:3d014153	If you want to use it that's fine!	¡Si quiere usarlo, no hay problema!
line:a9eb9a76	if you're seeing this please grab nael or submit a bug report	Si ves esto, avisa a Nael o envía un informe del error.
line:b9ab4eed	Im not complaining though.	Pero no me quejo.
line:27340362	In a bad way?	¿En el mal sentido?
line:2019bb85	In a good way?	¿En el buen sentido?
line:91d5fb72	Incredible!	¡Increíble!
line:61c8781b	Indeed! You're the only kobold I wish to wash me now.	¡En efecto! Ahora usted es el único kobold que quiero que me bañe.
line:a5979ac9	Indeed, you must know of my crest! I teach alchemy.	Así es, ¡debe de reconocer mi emblema! Doy clases de alquimia.
line:dd9d30d2	Indeed. I'm glad you were able to help.	En efecto. Me alegra que haya podido ayudar.
line:fd5ddfcb	Indeed. You're an excellent person to be around.	En efecto. Es muy agradable estar con usted.
line:78c9b5cc	Is everything okay?	¿Está todo bien?
line:bea8f1f7	Is something on your mind?	¿Te preocupa algo?
line:6b6dd8bc	Is that a good thing...?	¿Eso es bueno...?
line:848727f2	Is that a threat...?	¿Eso es una amenaza...?
line:db302830	Is that why you came in the first time?	¿Por eso viniste la primera vez?
line:00e41343	Is this good?	¿Está bien así?
line:7982d3d8	Is this the right place?	¿Es aquí?
line:c48f59a9	Is this the right place?	¿Es aquí?
line:b05f6eea	Isn't that... Wood?	¿Eso no es... madera?
line:bf137cb4	It arrived this morning, it should be near the gate.	Llegó esta mañana. Debería estar cerca de la puerta.
line:5080b6dd	It depends! Dragon thing.	¡Depende! Cosas de dragones.
line:34cf0601	It did! Thanks for asking.	¡Sí! Gracias por preguntar.
line:900dca3c	It does wonders.	Hace maravillas.
line:cfd504c5	It does wonders.	Hace maravillas.
line:ac13bf68	It is indeed rather cool.	Lo es, en efecto.
line:ea445b46	It is rather novel isn't it?	Es bastante novedoso, ¿verdad?
line:56d34a41	It is? Good to know...	¿Sí? Es bueno saberlo...
line:b058318f	It means you're doing a good job in kobold.	En kobold significa que lo estás haciendo bien.
line:13c906c7	It really has been. You're wonderful.	Lo ha sido. Eres maravilloso.
line:b032bfb1	It turns out baking is messy!	¡Resulta que hornear ensucia bastante!
line:da4f12a1	It turns out baking is messy!	¡Resulta que hornear ensucia bastante!
line:e106207b	It turns out baking is messy!	¡Resulta que hornear ensucia bastante!
line:e0c8c57b	It was good. We had sex.	Fue bien. Tuvimos sexo.
line:681117ec	It was great. Conrad is wild. Good wild.	Fue genial. Conrad es una fiera. En el buen sentido.
line:28eee9f5	It went great!	¡Fue genial!
line:92bfe06c	It went great!	¡Fue genial!
line:a5d2b991	It went well.	Nos fue bien.
line:1ab5969b	It would be a... date. As most would say.	Sería una... cita. Como suele decirse.
line:8440a3f4	It's a regrettable state I find myself in...	Me encuentro en un estado lamentable...
line:1706e86d	It's also new to me...	También es nuevo para mí...
line:c1b8e62b	It's always good when a kobold knows what they like.	Siempre viene bien que un kobold sepa lo que le gusta.
line:deffce5c	It's crazy how much your neck can handle.	Es increíble cuánto aguanta tu cuello.
line:2e182063	It's difficult to find folks that are outside of my current bubble.	Es difícil conocer gente fuera de mi círculo de siempre.
line:48cfc92b	It's endearing!	¡Es tierno!
line:5b6f00bd	It's fine.	No pasa nada.
line:13dc0f15	It's fine. I close in about an hour.	No pasa nada. Cierro en una hora, más o menos.
line:23ac92c8	It's freeing. I'll be back, yeah?	Es liberador. Volveré, ¿sí?
line:de9fdb93	It's hard to hold back..	Cuesta aguantar..
line:9ebea3d0	It's hard to not be nervous after everything...	Es difícil no ponerse nervioso después de todo...
line:ec8243d8	It's interesting; you bipeds tend to savor your meals.	Es curioso: ustedes los bípedos suelen saborear la comida.
line:d50cb509	It's just that something happened to Conrad, I hope he's okay.	Es que le pasó algo a Conrad. Espero que esté bien.
line:bee6c7dd	It's just that...	Es que...
line:3b76093c	It's made for eating things whole.	Está hecho para tragar cosas enteras.
line:19f36dc0	It's my dream.	Es mi sueño.
line:18db795f	It's never easy to end things.	Nunca es fácil terminar una relación.
line:049fb01f	It's nice to have friends to rely on.	Es bueno tener amigos en quienes apoyarse.
line:ed69e3a1	It's nice to relinquish control, even for a moment.	Es agradable ceder el control, aunque sea un momento.
line:e9d34ea0	It's no biggie. It sounds like everyone is fine.	No es para tanto. Parece que todos están bien.
line:7e511da7	It's okay!	¡No pasa nada!
line:b14d8520	It's okay, you sound like you need it.	No pasa nada, parece que lo necesitas.
line:50b95260	It's okay. I needed to. She wasn't making me happy.	Está bien. Tenía que hacerlo. No era feliz con ella.
line:47455767	It's okay. I'll figure something out.	Está bien. Ya encontraré qué hacer.
line:9287c933	It's starting to feel like it's <i>my</i> fault.	Empiezo a sentir que la culpa es <i>mía</i>.
line:7ab244af	It's the best way to enjoy food.	Es la mejor forma de disfrutar la comida.
line:0b7589ff	It's the mount you asked for.	Es el aparato que pediste.
line:a5780e74	It's wonderful to be back!	¡Qué maravilla volver!
line:649e8eb3	Its a nice get away from everything out there.	Es una buena forma de desconectarse de todo lo de afuera.
line:d0361dd9	Its like an equine fusion thing...	Es algo así como cocina fusión equina...
line:df86a610	Jokes aside, your wash is definitely the best.	Fuera de bromas, tu baño es sin duda el mejor.
line:7fe40d2b	Just a rough day. Hoping this helps!	Solo fue un día difícil. ¡Ojalá esto ayude!
line:ce77a00e	Just did!	¡Acabo de hacerlo!
line:7c93c604	Just doing my job!	¡Solo hago mi trabajo!
line:fa0a9fbb	Just having fun.	Solo me divierto.
line:9e9425cd	Just possibly...	Solo tal vez...
line:1d73a343	Just some drake at the bar. Was stupid... Couldn't shut my mouth.	Un dragón del bar. Fui un idiota... No supe cerrar la boca.
line:ecb9a15d	Just touch me with your hand and I'll try to help.	Solo tócame con la mano e intentaré ayudar.
line:14209365	Just uhm... Don't tell anyone I'm saying all this.	Solo, eh... No le cuentes a nadie que estoy diciendo esto.
line:3bac1dad	Just... open the gate.	Solo... abre la puerta.
line:4f826403	Keep going a little longer please	Sigue un poco más, por favor.
line:087039ba	Keep going.	Sigue.
line:d8f92323	Kinda! I've been getting out more.	¡Más o menos! Estoy saliendo más.
line:b965b4dd	Knock that off, we're not done yet. Right?	Deja eso, todavía no terminamos. ¿Verdad?
line:d9d276bb	Kobolds always seem enamored by me eating.	Los kobolds siempre parecen fascinados cuando como.
line:0274cacd	Kobolds are very flexible. It will fit.	Los kobolds somos muy flexibles. Va a entrar.
line:20cb68b9	lemme in?	¿Me dejaf entrar?
line:41d5085a	Let go whenever you are ready.	Déjese llevar cuando esté listo.
line:29a77d09	Let me give it a try!	¡Déjame probarlo!
line:265e14cb	Let me know when you're finished rinsing.	Avíseme cuando termine de enjuagar.
line:0e1fd4b0	Let the <i>big C</i> out of this place!	¡Deja salir de aquí al <i>gran C</i>!
line:f7382398	Let's get going~!	¡Vamos allá~!
line:c50535b3	Let's have it!	¡Vamos, suéltalo!
line:9accd60e	Lets wash it off for our date tonight then.	Entonces vamos a quitarme esto para nuestra cita de esta noche.
line:7ce1b833	Like what?	¿Así cómo?
line:cb91e703	Like, I love those around me, but there's a lot of baggage there.	Quiero mucho a quienes me rodean, pero hay demasiadas cosas de por medio.
line:aa1c54ab	Like, in general.	Sino a todo, en general.
line:bbe51f87	Like, in general.	Sino a todo, en general.
line:7b7b0a3f	Like, the future of my relationships.	En cómo serán de ahora en adelante.
line:db79a905	Like... a lemon?	¿Como... un limón?
line:ffd7dcc4	Like... An asshole? I know I'm miserable to be around.	Como... ¿un imbécil? Sé que estar conmigo es un suplicio.
line:a0a0a49c	Like... sexual stuff?	¿Te refieres a... cosas sexuales?
line:9becd177	Look at me! I'll be the laughing stock of my students.	¡Míreme! Seré el hazmerreír de mis alumnos.
line:9711cf03	Lookin' for a hose down. Wouldn't mind using the mount aswell.	Busco un enjuague. Y tampoco me vendría mal usar el aparato.
line:abdb5822	Looking forward to seeing ya'	Espero verte pronto.
line:5c335985	Looking forward to seeing you soon.	Espero verlo pronto.
line:1d0abc80	Looking forward to the wash.	Tengo ganas de ese baño.
line:646279a0	Looks like it.	Eso parece.
line:b6093881	Looks like ya' got a shipment, eh?	Parece que recibiste un pedido, ¿eh?
line:f1fc3e3c	Luckily death via spontaneous combustion is a concept we have thoroughly curtailed in the modern world.	Por suerte, en el mundo moderno hemos reducido muchísimo las muertes por combustión espontánea.
line:d2ba8ba9	Made a bit of a mess... Still worth it.	Hice un poco de desastre... Aun así, valió la pena.
line:301e8665	Make haste! My reputation is on the line.	¡Dese prisa! Mi reputación está en juego.
line:5072cc60	Make sure you're very clean. <size=70%><i>hehe.	Asegúrate de estar bien limpio. <size=70%><i>Jeje.
line:da21cf49	Makes sense! Yeah tiny drakes are fun.	¡Tiene sentido! Sí, los dragones pequeños son divertidos.
line:22b2643b	Makes sense.	Tiene sentido.
line:e7f0e9ed	Makes sense.	Tiene sentido.
line:89c9a73b	Many think it's part of my body.	Muchos creen que es parte de mi cuerpo.
line:d7bcbe29	Max says I'm a clumsy dragon,	Max dice que soy un dragón torpe.
line:db986d0d	May you open the gate?	¿Podría abrir la puerta?
line:76a97730	Maybe later...?	¿Quizá después...?
line:08a422ba	Maybe like...	Quizá, como...
line:6f293b7a	Maybe someone new...	Quizá alguien nuevo...
line:d2558a04	Maybe someone?	¿O quizá a alguien?
line:67a46ddc	Maybe we can hang out later?	¿Quizá podríamos pasar el rato después?
line:5691478f	Maybe we could just... Walk?	¿Quizá podríamos simplemente... pasear?
line:7734bf93	Me too, thanks!	¡Yo también, gracias!
line:627a13e4	Me too.	A mí también.
line:d3c733f5	Me too.	A mí también.
line:ffa63d1b	Me too.	A mí también.
line:040ee2a7	me too.	Yo también.
line:d13cd125	Me.	Yo mismo.
line:14e7b293	Me?	¿Yo?
line:b9cb051a	Means I'm ready to go on a date with a certain kobold.	Significa que estoy listo para salir con cierto kobold.
line:e5da247d	Means you know how to get hands on!	¡Eso significa que sabes poner manos a la obra!
line:171707d2	Mhm!	¡Ajá!
line:11306335	Mhm! Come back anytime.	¡Ajá! Vuelve cuando quieras.
line:69dd6a73	Mhm! he's trying to meet new people.	¡Ajá! Está intentando conocer gente nueva.
line:da17b746	Mhm! I'm <i>the</i> kobold!	¡Ajá! ¡Yo soy <i>el</i> kobold!
line:a0cb3f78	Mhm! that's him.	¡Ajá! Ese mismo.
line:164fdb01	Mhm, he's trying.	Ajá, se está esforzando.
line:1a663dcf	Mhm, right this way.	Ajá, por aquí.
line:3cd8a8bd	Mhm... Thank you.	Ajá... Gracias.
line:4546abce	Might seem kinda weird to ask now. Buuuut.	Quizá sea raro preguntar esto ahora. Peeero...
line:57d8b72a	Mind opening the gate to let me out?	¿Me abres la puerta para salir?
line:b2a507ab	Mind opening the gate to let me out?	¿Me abres la puerta para salir?
line:6d726280	Mind washing more?	¿Puedes seguir lavando un poco más?
line:c8281b83	Mmm, I understand that to mean you'll get the gate?	Mmm, ¿entiendo que eso significa que abrirá la puerta?
line:dd0c77ae	Mmm, Yeah I know the type.	Mmm, sí, conozco ese tipo.
line:d8cafcc7	mmm..	Mmm...
line:729cea0c	Mmmhm, I always do my best.	Ajá, siempre doy lo mejor de mí.
line:f36b8b76	Mmmhm. I'll work on my sleep schedule...	Ajá. Voy a arreglar mis horarios de sueño...
line:d38efb75	Mmmmhm, gotta prep for a date with him.	Ajá, tengo que prepararme para una cita con él.
line:a78dd44b	mmph! (Yea!)	¡Mmph! (¡Sí!)
line:b132719c	Mmph- Hm?	Mmph... ¿Mmm?
line:16ee6b14	Money... mmm...	Dinero... Mmm...
line:d8cc8048	Most people do!	¡A casi todo el mundo!
line:3d723db0	Must mean you two are a good match.	Eso debe de significar que hacen buena pareja.
line:9ca994a5	My bad	Perdón, fue mi culpa.
line:aaecba3d	My bad	Perdón, fue mi culpa.
line:fedbf70c	My colleague, professor Igwyx, wished to use me as a platform.	Mi colega, el profesor Igwyx, quiso utilizarme como plataforma.
line:08af3902	My date with Ryan was...	Mi cita con Ryan fue...
line:116b5405	My date with Ryan was...	Mi cita con Ryan fue...
line:e26c3b65	My first ever Yarn script in Unity!	¡Mi primer guion de Yarn en Unity!
line:f15b014f	My names Ryan. So...	Me llamo Ryan. Entonces...
line:e4aced7b	My students could learn a thing or two from your work ethic!	¡Mis alumnos podrían aprender de su ética de trabajo!
line:dfe74420	My-	Vaya...
line:9b915bf2	Nah.	No.
line:c3642dec	Nah.	No.
line:393c128a	Never cleaned a teacher dragon... woah.	Nunca había bañado a un dragón maestro... Vaya.
line:a99b03ed	Never tried it.	Nunca lo he probado.
line:6df809e1	Nevermind. Could you get the gate?	Olvídalo. ¿Puedes abrirme la puerta?
line:d3a50f3f	Next time I come in for a wash we'll go.	Saldremos la próxima vez que venga a bañarme.
line:ac5afd96	Next time I come in I'll have reservations!	¡La próxima vez que venga ya tendré la reserva!
line:8990fcc9	Nice! Whats with all the... Gloop?	¡Qué bien! ¿Y todo ese... pegote?
line:1d4b8528	Nice. Gotta open the gate though. Let Conrad in!	Bien. Pero abre la puerta. ¡Deja entrar a Conrad!
line:acab92d4	Nnf... I believe I needed that. Thank you.	Nnf... Creo que lo necesitaba. Gracias.
line:8fe11008	Nnnf... That was way better than those berries.	Nnnf... Eso estuvo mucho mejor que las bayas.
line:b251704a	No	No.
line:e05c2dca	No	No.
line:dc86c2de	no	No
line:5794ea87	No amount of justification makes it feel good though.	Pero por muchas razones que haya, no deja de doler.
line:5a5ec440	No I actually just got it	No, en realidad acabo de conseguirlo.
line:cd5f07ca	No more excuses.	Se acabaron las excusas.
line:4b38230f	No need for thanks. I'll get the gate.	No hay de qué. Te abro la puerta.
line:11604fbd	No need to be nervous, Alexander!	¡No tiene por qué ponerse nervioso, Alexander!
line:eefef647	No need to be.	No tiene por qué avergonzarse.
line:73ea230a	No no, you're a certified cleaner yeah?	No, no, tienes un certificado para esto, ¿verdad?
line:743c64e6	No not really.	No, la verdad no.
line:50feefe8	No problem!	¡No hay problema!
line:1a9a36e1	No problem! Can't wait for you to meet Conrad.	¡No hay de qué! Tengo muchas ganas de que conozcas a Conrad.
line:0a9993d2	No problem, thanks!	No hay problema, ¡gracias!
line:10bdb3a4	No problem, thanks!	No hay problema, ¡gracias!
line:3a8f65fa	No problem.	No hay problema.
line:ee3d0ee4	No problem. Let me get that gate for ya'!	No hay problema. ¡Le abro la puerta!
line:eedccaec	No way.	No puede ser.
line:f0351f0c	No way.	No puede ser.
line:d726f776	No worries,	No te preocupes,
line:12b7a5b3	No! I mean, yes, but for the sake of my reputation could you please keep my incursion here to yourself.	¡No! Es decir, sí, pero por el bien de mi reputación, ¿podría guardar silencio sobre mi visita?
line:f7f963e3	No, I am.	Sí, lo estoy.
line:54faa7c0	No, I don't think I do.	No, creo que no.
line:38419d8b	No, it's not. No more excuses.	Sí pasa. Se acabaron las excusas.
line:cd9b2a8f	No, thank you. I'm... Really excited.	No, gracias a ti. Estoy... muy emocionado.
line:1af1ad05	No, we don't offer things like that here.	No, aquí no ofrecemos esos servicios.
line:cb7e94e5	no.	No.
line:6128a09c	No. A lime that is yellow.	No. Una lima de color amarillo.
line:de25dacd	No. I'm not. Do you have a medkit or not?	No. No estoy bien. ¿Tienes un botiquín o no?
line:1cc64bcf	No.. No it's fine... thank you.	No... No, está bien... Gracias.
line:525f5744	Nope	No.
line:fbd2c3e7	Nope.	No.
line:5406ba8e	Normally I'd say yes to a mount. But, not right now.	Normalmente sí usaría el aparato. Pero ahora no.
line:ab92da6a	Not anymore at least!	¡Al menos ya no!
line:0cfcd179	Not for a date though.	Pero no para una cita.
line:d1b90e2c	Not sure yet.	Todavía no sé.
line:e9643b5d	Not yet.	Todavía no.
line:326cc84d	Not yet. a little longer.	Todavía no. Un poco más.
line:56a729f6	Nothing more attractive than a man who can improve!	¡Nada más atractivo que un hombre capaz de mejorar!
line:b5dabf9f	Nothing more attractive than a man who can improve!	¡Nada más atractivo que un hombre capaz de mejorar!
line:8a321997	Now I'm eyeballing the mount...	Ahora no puedo dejar de mirar el aparato...
line:5e0a6d7a	Now I'm out here, agh!	¡Y ahora estoy aquí afuera, agh!
line:564a9606	Now they'll never need to know!	¡Ahora nunca tendrán que enterarse!
line:d66b7986	Now!	¡Ahora sí!
line:63596bb3	Now, do you have a medkit or not?	Bueno, ¿tienes un botiquín o no?
line:eefc4e9f	Now, lemme in! I want to try that thing out!	¡Ahora déjame entrar! ¡Quiero probar esa cosa!
line:0554966a	Now, more food?	Entonces, ¿más comida?
line:3fb3f8d4	Now, round two!	¡Ahora, la segunda ronda!
line:12e6043e	Now... Food?	Entonces... ¿Comemos?
line:5f8b2de4	oah. <size=70%>okay.	Ah. <size=70%>Bueno.
line:13223129	Of course	Por supuesto.
line:283e56d8	Of course I am! I know I'm very...	¡Claro que sí! Sé que soy muy...
line:5788e15c	Of course I do. I'm a <i>professional</i>.	Claro que sí. Soy <i>profesional</i>.
line:0b226939	Of course it is!	¡Claro que no!
line:f21dd9d4	Of course it is!	¡Claro que sí!
line:642255fc	Of course!	¡Claro que sí!
line:76f8c20c	Of course!	¡Claro que sí!
line:877aced7	Of course!	¡Claro que sí!
line:d2401e75	Of course!	¡Claro que sí!
line:f9eb2b4a	Of course! Right this way!	¡Claro! ¡Por aquí!
line:0d20d327	Of course! Thank you for the food.	¡Claro! Gracias por la comida.
line:4da976f5	Of course! You run a fine establishment.	¡Por supuesto! Tiene un excelente establecimiento.
line:b629bcf2	Of course! You're wonderful.	¡Por supuesto! Es maravilloso.
line:b6c96475	Of course, you run a fine establishment.	Por supuesto, tiene un excelente establecimiento.
line:dd082478	Of course.	Por supuesto.
line:203cc3d2	Of course. One moment!	Claro. ¡Un momento!
line:fd145efe	Of course. Sorry you're going through all this.	Claro. Siento que estés pasando por todo esto.
line:7305cdbc	Oh cool!	¡Ah, qué bien!
line:eb6ae4c3	Oh cool!	¡Ah, qué bien!
line:77c996e8	Oh damn! You really are adventurous!	¡Carajo! ¡Sí que eres aventurero!
line:3fdb9d01	Oh fcuk something went wrong	Mierda, algo salió mal.
line:9e403ecd	Oh fuck yeah.	Carajo, sí.
line:13c39c50	Oh fudge, forget I said that!	¡Ay, caramba, olvide que dije eso!
line:e722753e	Oh goodness no..	Ay, cielos, no..
line:55e3dd36	Oh hi! um..	¡Ah, hola! Este...
line:e8ee5747	Oh hi! um..	¡Ah, hola! Este...
line:b90f527f	Oh huh, that's the tiny drake I saw coming in a bit back yeah?	Ah, ¿es el dragoncito que vi entrar hace un tiempo?
line:001ab950	Oh I heard good things about that.	Ah, he oído buenas cosas de esa.
line:0a4a28c0	Oh I see the button there, gotcha!	Ah, veo el botón. ¡Entendido!
line:c6b0b1aa	Oh like, swallowing things whole?	Ah, ¿tragarme las cosas enteras?
line:10254d13	Oh my	Vaya.
line:39f6c77d	Oh my bad	Ah, perdón.
line:79511a66	Oh my bad	Ah, perdón.
line:8cfbd75d	Oh my bad	Ah, perdón.
line:cb71b2a1	Oh my bad	Ah, perdón.
line:7d13eca0	Oh my- I didn't expect you to be so... hands on	Vaya... No esperaba que fuera tan... hábil con las manos.
line:c60c65e8	Oh my. I suppose I could use the mount!	Vaya. ¡Supongo que podría usar el aparato!
line:433cb27e	Oh no! Do you want to talk about it?	¡Ay, no! ¿Quieres hablar de eso?
line:d908622a	Oh no, Conrad. are you okay?	Ay, no, Conrad. ¿Estás bien?
line:bf977a7e	Oh okay. I'll go grab it.	Ah, bueno. Voy a traerlo.
line:7428755b	Oh so it's new for both of us!	¡Ah, entonces es nuevo para los dos!
line:513bed5a	Oh so it's new to both of us!	¡Entonces es nuevo para los dos!
line:4bad37a5	Oh that's good. I'm happy he's okay.	Ah, qué bien. Me alegra que esté bien.
line:7d791906	Oh this is better, but I still feel dirty.	Ah, así está mejor, pero todavía me siento sucio.
line:63926ecd	Oh we're done?	Ah, ¿ya terminamos?
line:546d1bf2	Oh wow, you're really covered in it!	Vaya, ¡sí que está cubierto de tinta!
line:b2d99a43	Oh wow..	Ah, vaya..
line:e8052272	Oh yeah I liked the first one.	Ah, sí, me gustó la primera.
line:a4a26529	Oh yeah, there's this nice place downtown called wings.	Ah, sí, hay un buen lugar en el centro que se llama Wings.
line:d4d3ecd5	Oh yeah.	Ah, sí.
line:059142a3	Oh Yeah?	¿Ah, sí?
line:71053a53	Oh Yeah?	¿Ah, sí?
line:1121309c	Oh yeah?	¿Ah, sí?
line:2b560f59	Oh yeah?	¿Ah, sí?
line:2d2820b0	Oh yeah?	¿Ah, sí?
line:6e82e54c	Oh yeah?	¿Ah, sí?
line:b9d8a22f	Oh yeah?	¿Ah, sí?
line:d8ce8566	Oh yeah?	¿Ah, sí?
line:f103a4a8	Oh yeah?	¿Ah, sí?
line:4f6344f1	Oh yeah? He sounds like a bit of a hothead.	¿Ah, sí? Parece un poco impulsivo.
line:60cdf456	Oh yeah? The little red drake?	¿Ah, sí? ¿El pequeño dragón rojo?
line:a9253dd8	Oh yeah? The sky blue drake I've seen around?	¿Ah, sí? ¿El dragón azul cielo que he visto por aquí?
line:762882b4	Oh yeeeaaah?	¿Ah, sííí?
line:5d737ca7	Oh yes	Ah, sí.
line:1c90fb6d	Oh you. Gonna make me blush.	Ay, tú. Me vas a hacer sonrojar.
line:7e3e59aa	Oh!	¡Ah!
line:3605a48a	Oh! I think I've seen him. The tiny one, yeah?	¡Ah! Creo que lo he visto. El pequeñito, ¿no?
line:3bc15278	Oh! No it wouldn't be. It's fun!	¡Ah! No, para nada. ¡Es divertido!
line:c95a153d	Oh! nothing. I'll get the gate.	¡Ah! Nada. Te abro la puerta.
line:b6fb6fce	Oh! Okay. I'll get the gate!	¡Ah! Bueno. ¡Voy a abrir la puerta!
line:4d3233a1	Oh! That's cold!	¡Ah! ¡Está fría!
line:403f2ab7	Oh! Then I better let you in. I'll go get the gate.	¡Ah! Entonces será mejor que lo deje pasar. Voy a abrir la puerta.
line:0f2dc134	Oh! Yeah that makes sense...	¡Ah! Sí, tiene sentido...
line:1270a483	Oh, and I apologize for being absolutely filthy.	Ah, y le pido disculpas por estar tan sucio.
line:7b5be1f8	Oh, and I've figured it where to go.	Ah, y ya decidí adónde ir.
line:52fb116d	Oh, and seems I got some on my face. woops.	Ah, parece que me manché la cara. Ups.
line:73a37947	Oh, awesome. I'm a big salmon guy.	Ah, genial. Soy un hombre al que le encanta el salmón.
line:74c9c07b	Oh, like... working class?	Ah, ¿como... de la clase trabajadora?
line:e048566b	Oh, no.	Ah, no.
line:1a9e6537	Oh, no. Ryan is a sweetheart.	Ah, no. Ryan es un amor.
line:5f6a124a	Oh, okay. Thanks.	Ah, bueno. Gracias.
line:17716b05	Oh, right. Sorry.	Ah, cierto. Perdón.
line:82ba64bf	Oh, sorry-	Ah, perdón...
line:956e5c91	Oh, sorry.	Ah, perdón.
line:54a8bb22	Oh, sure. Come on in.	Ah, claro. Pasa.
line:270276eb	Oh, that's my favorite part!	Ah, ¡esa es mi parte favorita!
line:1ff9a04c	Oh, the crest around my head?	Ah, ¿el emblema que llevo alrededor de la cabeza?
line:ffed6d04	Oh, wonderful. Seem's we're similar.	Ah, estupendo. Parece que estamos en las mismas.
line:30e6b801	Oh, yeah!	¡Ah, sí!
line:bedeee82	Oh- Eager!	Ah... ¡Cuánto entusiasmo!
line:38b3c8c1	Oh- I mean. I'll go open the gate!	Ah... Quiero decir, ¡voy a abrir la puerta!
line:714c180e	Oh- I'm glad!	Ah, ¡me alegra!
line:ccf87ea9	Oh- I'm not too interested in using that right now.	Ah... Ahora no tengo muchas ganas de usar eso.
line:963981e4	Oh- I'm sorry for making a mess...	Ah... Perdón por el desastre...
line:8e407c6e	Oh- Not just the wash.	Ah... No solo me refiero al baño.
line:ad31ec4c	Oh- Not just the wash.	Ah... No solo me refiero al baño.
line:6866c2c9	Oh- Right now? 'aight I'm down.	Ah, ¿ahora? Bueno, me apunto.
line:9a6dca4b	Oh- Ya. On it.	Ah, sí. Ya voy.
line:3b6d644d	Oh.	Ah.
line:4399096b	Oh.	Ah.
line:8441bf7b	Oh.	Ah.
line:87233429	Oh.	Ah.
line:e90fee8e	Oh.	Ah.
line:ebd9b4d3	Oh.	Ah.
line:8a79f72c	Oh. And one other thing.	Ah. Y una cosa más.
line:e8289be5	Oh. good.	Ah, bien.
line:5442e228	Oh. Okay I'll go get the gate.	Ah. Bueno, voy a abrir la puerta.
line:0da15c85	Oh. Okay.	Ah. Bueno.
line:73f7f13d	OH. RIGHT.	AH. CIERTO.
line:c35890c8	Oh. That's... Wonderful!	Ah. Eso es... ¡maravilloso!
line:0ce8d5aa	Oh. Then yeah, we're open.	Ah. Entonces sí, está abierto.
line:52ed140c	Oh. Uhm. <size=70%>Good.	Ah. Este. <size=70%>Bien.
line:780d0993	Oh. yeah. Sorry.	Ah. Sí. Perdón.
line:7f5113d5	OH. You're not used to eating them whole.	AH. No tienes costumbre de comerlos enteros.
line:45bc649d	Oh...	Ah...
line:0a093816	Oh... hah. I like that.	Ah... Ja. Me gusta.
line:f885f11d	Oh... I suppose this is alright~	Ah... Supongo que esto está bien~
line:7cd85c8e	Oh... I'm so sorry.	Ah... Lo siento mucho.
line:8cc1aa72	Oh... yeah we don't have one.	Ah... Sí, no tenemos.
line:f16d7940	Oh... Yeah, tinier dragons tend to... Compensate.	Ah... Sí, los dragones pequeños suelen... compensar.
line:1d491283	Oh?	¿Ah, sí?
line:21c46e75	Oh?	¿Ah, sí?
line:fd8d786a	Oh?	¿Ah, sí?
line:0ce8d3c2	ohmygod I thought the egg was decorative.	Ay, creí que el huevo era de adorno.
line:d9b26374	Ok I can do that	Bueno, puedo hacerlo.
line:1777121d	Ok I got this..	Bueno, yo puedo..
line:f3af3ce8	Ok just tell me if you get uncomfortable or anything.	Bueno, avísame si te incomoda o algo.
line:6c3a98cc	Ok lets wash it off for our date tonight then.	Bueno, vamos a quitarme esto para nuestra cita de esta noche.
line:7a54a1e1	Okay	Bueno.
line:f64a5b30	Okay	Bueno.
line:249500dc	Okay!	¡Está bien!
line:a327b5f9	Okay!	¡Está bien!
line:ccaabca3	Okay!	¡Está bien!
line:82d0ea81	Okay! I'll be back later then.	¡Bueno! Entonces vuelvo después.
line:3deb5f55	Okay! I'll go get the gate for you.	¡Bueno! Te abro la puerta.
line:9c3d6cb7	Okay! I'll see you soon.	¡Bueno! Nos vemos pronto.
line:72e0348e	Okay, bye!	Bueno, ¡adiós!
line:255362b9	Okay, Conrad.	Bueno, Conrad.
line:0d16ab28	Okay, I'll be waiting. Thanks.	Bueno, aquí espero. Gracias.
line:155d1c64	Okay, I'll open the gate!	¡Está bien, voy a abrir la puerta!
line:886f5df2	Okay, I'll see you later!	Bueno, ¡nos vemos!
line:585d6a08	Okay, thank you.	Bueno, gracias.
line:c298bc55	Okay, thank you.	Bueno, gracias.
line:6acf71a3	Okay, thanks.	Bueno, gracias.
line:8ed5a204	Okay- okay. I'll go get the gate.	Bueno, bueno. Voy a abrir la puerta.
line:10b9a653	Okay- Thanks.	Bueno. Gracias.
line:00a81c16	Okay. I hope you're doing alright though.	Bueno. Espero que estés bien, de todos modos.
line:118a51bb	Okay. I should probably get out of your scales.	Bueno. Mejor te dejo tranquilo.
line:a62e8112	Okay. I'll open up shop. Give me a sec.	Está bien. Abriré el local. Deme un segundo.
line:9d434af5	Okay. I'll order a mount.	Está bien. Voy a pedir uno.
line:2f3b06de	Okay. Then I think I'd like to try.	Bueno. Entonces creo que me gustaría intentarlo.
line:54ad4706	Okay...	Bueno...
line:28311fbb	Omg you're hurt!	¡Ay, estás herido!
line:8b3abbf7	On it!	¡Enseguida!
line:42e3eba2	Once I'm cleaned up I'm gonna head out and get our spot ready.	En cuanto esté limpio, voy a preparar nuestro sitio.
line:1d4b8a1c	One thing led to another...	Una cosa llevó a la otra...
line:c70bea2d	Only been cleaning for a few weeks now!	¡Apenas llevo unas semanas en esto!
line:5188bd4a	Only If that's alright-	Solo si le parece bien...
line:01505282	Only realized how much of a mess I made after Max yelled at me, haha.	No me di cuenta del desastre que había hecho hasta que Max me gritó, jaja.
line:828eed25	Oof... Needed that. Thank you.	Uf... Lo necesitaba. Gracias.
line:2d40c69a	Oooh, alrighty.	Oooh, bueno.
line:99ff9e7f	Ooooh must be a big deal then.	Oooh, entonces sí que eres importante.
line:e8ad4791	Ooooh.	Ooooh.
line:64bfd62a	Oops, my bad.	Ups, perdón.
line:0fa31c40	Our first meeting went great though!	¡Aunque nuestro primer encuentro fue genial!
line:77cebc41	People tell me I've got a fat cock, is that true?	Me dicen que tengo una verga gruesa. ¿Es verdad?
line:80de6c63	Perfectly clean again. Thank you for taking me in at this hour.	Otra vez perfectamente limpio. Gracias por recibirme a estas horas.
line:f212528b	Phew! I had an accident that needs to be taken care of... discretely.	¡Uf! Tuve un accidente del que hay que ocuparse... discretamente.
line:b3c35166	Phew, I was worried I'd make another mess of things.	Uf, temía volver a hacer un desastre.
line:314c3d8a	physically or emotionally?	¿Física o emocionalmente?
line:156e0b50	Picnic bathket-	Una canafta de pícnic...
line:0d9de1a1	player hooked up with conrad	El jugador está con Conrad.
line:2cf1c95e	player hooked up with conrad	El jugador está con Conrad.
line:c2529648	player hooked up with conrad	El jugador está con Conrad.
line:f7fd34b2	player hooked up with conrad	El jugador está con Conrad.
line:66e08b22	player hooked up with ryan	El jugador está con Ryan.
line:78039fd1	player hooked up with ryan	El jugador está con Ryan.
line:96a0c0c7	player hooked up with ryan	El jugador está con Ryan.
line:9bade6d6	player hooked up with ryan	El jugador está con Ryan.
line:0ddcd600	Please scrub Igwix off my back would you?	¿Podría quitarme a Igwix de la espalda, por favor?
line:0632acbf	Plus they feel really nice.	Además, se sienten muy bien.
line:c7b8ba3d	Possibly...?	¿Tal vez...?
line:637629a8	Pretty sure I can digest anything.	Estoy casi seguro de que puedo digerir cualquier cosa.
line:65a41bc5	Pretty sure I'm all clean!	¡Creo que ya estoy bien limpio!
line:3750bbf0	Pretty sure that was everything.	Creo que eso fue todo.
line:960707b0	Primarily alchemy. Occasionally world history.	Principalmente alquimia. En ocasiones, historia universal.
line:1475f95c	Professor Igwyx- My colleague who self-immolated earlier.	El profesor Igwyx, mi colega que se prendió fuego.
line:26e9d692	Professor, but yes. You have.	Catedrático, pero sí. Usted me ha enseñado algo.
line:af0c15fd	Professor- But, yes. I usually don't go to public washes.	Catedrático. Pero sí. No suelo acudir a baños públicos.
line:962abe27	Project Scale mary	Project Scale mary
line:e5d47feb	prole- <i><size=70%>wuh?	¿Prole...? <i><size=70%>¿Qué?
line:c7b73162	Psst..!	¡Psst...!
line:9addfb4a	Ready!	¡Listo!
line:875b5372	Really damn good!	¡Buenísima, carajo!
line:9e9f3e75	Really damn good!	¡Buenísima, carajo!
line:9364911d	Really looking forward to finding new people.	Tengo muchas ganas de conocer gente nueva.
line:8b0b222c	Really sets the mood.	Crean el ambiente perfecto.
line:4010d36d	Really well honestly.	Muy bien, la verdad.
line:cfcb40c7	Really?	¿De verdad?
line:0ec807a4	Really? Aw, That's really sweet.	¿De verdad? Ay, qué lindo.
line:630fed1b	Remove this barrier at once so I may enter.	Quite esa barrera de inmediato para que pueda entrar.
line:65deb150	Right after this wash!	¡Justo después de este baño!
line:0caa6657	Right, I'll get that for you ASAP.	Claro, ya mismo te abro.
line:1271b80c	Right.	Cierto.
line:3ede5541	Right.	Cierto.
line:6a2e4e0d	Right. I'll get to it.	Bien. Me pongo a ello.
line:29daeb62	Right. Phoenix feather. Obviously.	Claro. Una pluma de fénix. Obviamente.
line:51d1b41e	Ryan is a sweetheart	Ryan es un amor.
line:202fce0c	RYAN THE BONE!	¡RYAN, EL HUESO!
line:93bd9a2b	Ryan!	¡Ryan!
line:9b7e09b8	Ryan!	¡Ryan!
line:b76f49cd	Ryan!	¡Ryan!
line:1fa0fbbe	Ryan! I met him.	¡Ryan! Lo conocí.
line:f0427bb9	Ryan! this is so sweet.	¡Ryan! Qué lindo detalle.
line:92829935	Ryan's such a nice dragon.	Ryan es un dragón tan amable.
line:13ca0a74	Ryan, you're not supposed to eat the stems-	Ryan, los tallos no se comen...
line:7a01d265	Ryan: I guess it is pretty exciting	Ryan: Supongo que sí es bastante emocionante.
line:e1526934	Ryan: I like that a lot	Ryan: Eso me gusta mucho.
line:a430a2ff	Ryan: I think I am close too..	Ryan: Creo que yo también estoy cerca..
line:77626e43	Ryan: I would say it is going great	Ryan: Yo diría que va de maravilla.
line:f5f5b815	Ryan: I've never done this outside before	Ryan: Nunca había hecho esto al aire libre.
line:6dd86b71	Ryan: This was nice	Ryan: Esto estuvo bien.
line:41b9659f	Ryan: Wow.. Your stature is really the only thing small about you.	Ryan: Vaya... Tu estatura es lo único pequeño que tienes.
line:aad89688	Ryan: Yea definitely. Worried about me?	Ryan: Sí, mucho. ¿Te preocupas por mí?
line:ce6d6d7f	Ryan? you sure everything is okay...?	¿Ryan? ¿Seguro que está todo bien...?
line:1d3b255b	Save your mood setting for tonight!	¡Guarda lo del ambiente para esta noche!
line:3ed6ab5d	Say do you remember the name of the college I work at?	Dígame, ¿recuerda el nombre de la universidad donde trabajo?
line:a05a7804	Say...	Dígame...
line:82d7b5e4	Says who?	¿Quién lo dice?
line:6c193ba9	Scales different today? <size=70%><i>is that a thing...? </i><size=100%>You look good today.	¿Escamas? <size=70%><i>¿Eso se puede...? </i><size=100%>Hoy te ves bien.
line:426f40ff	See you again soon, yeah?	Nos vemos pronto, ¿sí?
line:3112d78d	See you soon.	Hasta pronto.
line:8072b186	See you tonight.	Hasta esta noche.
line:0d3b23da	Sheesh.	Uf.
line:48435b12	Shh! I'm not from around here...	¡Shh! No soy de por aquí...
line:0f86dbf6	So am I!	¡Yo también!
line:3063100e	So am I.	Yo también.
line:a241eec6	So far so good though, yeah?	Hasta ahora voy bien, ¿no?
line:813c6dd4	So is this like... our first date?	Entonces, ¿esta es... nuestra primera cita?
line:9b10d450	So this Conrad guy, seems like you like him?	Entonces, ese tal Conrad... ¿Parece que te gusta?
line:0c5dcd3c	So uh, gate?	Entonces, eh... ¿la puerta?
line:84d8a935	So uh, mind opening the gate?	Entonces, eh, ¿me abres la puerta?
line:7da41ecd	So uhh, let me know if you need me to move.	Bueno, eh, avísame si necesitas que me mueva.
line:3a469ae4	So yeah, I had a mishap..	Bueno, tuve un percance..
line:a6d6bf76	So you and Ryan huh?	Así que tú y Ryan, ¿eh?
line:31fa3bdf	So you came in just to...	Así que viniste solo para...
line:5f64c352	So you're a certified dragon washer huh?	Así que tienes un certificado para bañar dragones, ¿eh?
line:c9e7bb1e	So you're a certified dragon washer huh?	Así que tienes un certificado para bañar dragones, ¿eh?
line:aedb6a51	So, coming in for a wash?	Entonces, ¿vienes a bañarte?
line:1c856f1c	So, how was your date?	Bueno, ¿cómo fue su cita?
line:3cda84e6	So, tell me more about conrad!	Bueno, ¡cuéntame más de Conrad!
line:c10d9415	So, thanks on his behalf for caring.	Así que, de su parte, gracias por preocuparte.
line:e6aa9d20	So, with... relationships.	Bueno, sobre... las relaciones.
line:a99c5c88	So. How about a date?	Entonces, ¿qué tal una cita?
line:c2f44537	So. My girlfriend was home before me. she's a work-from-home dragon.	Bueno. Mi novia estaba en casa antes que yo. Trabaja desde casa.
line:d9652dff	So. Our date tonight...	Bueno. Nuestra cita de esta noche...
line:b983f922	So. Tonight.	Bueno. Esta noche.
line:28c51dbf	So... A date. I think I'd like to go on one soon!	Bueno... Una cita. ¡Creo que me gustaría tener una pronto!
line:7c56b2d8	So... I was thinking about my relationships.	Bueno... Estuve pensando en mis relaciones.
line:5a5e7f21	So<size=90%>o<size=80%>o<size=70%>o<size=60%>o... <size=100%>I 'aint dirty. But I am <i>~dirty~</i> y'know?	Bue<size=90%>e<size=80%>e<size=70%>e<size=60%>eno... <size=100%>No estoy sucio. Pero sí tengo la mente <i>~sucia~</i>, ¿entiendes?
line:8a35fb7b	So<size=90%>o<size=80%>o<size=70%>o<size=60%>o... <size=100%>Was wonderin'	Bue<size=90%>e<size=80%>e<size=70%>e<size=60%>eno... <size=100%>Quería saber...
line:5230bdfd	Soap, then rinse!	¡Primero jabón y después enjuague!
line:c374e532	Somehow that feels more honest than anything anyone else says.	Por alguna razón, eso me parece más sincero que todo lo que dicen los demás.
line:2898f680	Something happened last night	Pasó algo anoche.
line:4dac3d2b	Something went wrong with flags!	¡Algo salió mal con las variables de la historia!
line:61c7f2d6	Something went wrong with flags!	¡Algo salió mal con las variables de la historia!
line:6d5ba814	Something went wrong with flags!	¡Algo salió mal con las variables de la historia!
line:8f64adc0	Something went wrong with flags!	¡Algo salió mal con las variables de la historia!
line:19cedc30	Sooo. You gonna jerk me off?	Bueeeno. ¿Me vas a masturbar?
line:1646ece2	Sorry for coming in late. My sleeps borked.	Perdón por venir tarde. Tengo el sueño hecho un desastre.
line:b2b32876	Sorry I'm bad at flirting. Could you get the gate?	Perdón, se me da mal coquetear. ¿Me abres la puerta?
line:13ba93ef	sorry!	¡Perdón!
line:e2f9c70c	Sorry, I meant to say I enjoy your wash.	Disculpe, quise decir que me gusta su establecimiento.
line:78ca8d95	Sorry...	Perdón...
line:4af15fc3	Sounds good to me!	¡Me parece bien!
line:8c6e66f3	Sounds good!	¡Me parece bien!
line:1ef36cb0	Sounds like a date then!	¡Entonces tenemos una cita!
line:d71ba53e	Sounds like a date then!	¡Entonces tenemos una cita!
line:5fc277a9	Sounds like a date then! Seafood then we play it by ear.	¡Entonces tenemos una cita! Comemos pescado y después improvisamos.
line:0e643191	Sounds like a date then, I'm excited.	Entonces tenemos una cita. Me hace mucha ilusión.
line:c4642c9c	Sounds like a date then. I'm excited.	Entonces tenemos una cita. Tengo ganas.
line:ffc401d1	Sounds like a plan.	Me parece un buen plan.
line:c4dd137b	Sounds like it was good then.	Entonces parece que estuvo bien.
line:7b6c47bd	Sounds like it.	Eso parece.
line:5c51654f	Sounds nice.	Suena bien.
line:3a23b81f	Sounds really cool.	Suena muy interesante.
line:1dbf50b3	Sure	Claro.
line:c14ceb34	Sure is!	¡Así es!
line:de7cd73a	Sure it is. Thanks to Conrad for having me get it.	Claro. Hay que agradecerle a Conrad que me hiciera conseguirlo.
line:05c673e7	Sure!	¡Claro!
line:52542beb	Sure!	¡Claro!
line:67f14802	Sure!	¡Claro!
line:a2dc4ac0	Sure! I'll go get the gate.	¡Claro! Voy a abrir la puerta.
line:dbb68858	Sure! I'll go get the gate.	¡Claro! Voy a abrir la puerta.
line:601e1b38	Sure! I'm excited to tell you about Conrad.	¡Claro! Tengo muchas ganas de contarte lo de Conrad.
line:7b5c9d8c	Sure, but he needed someone who cared in that moment.	Claro, pero en ese momento necesitaba que alguien se preocupara por él.
line:709a9a57	Sure.	Claro.
line:4af4703c	Tasted real good though!	¡Pero sabía muy bien!
line:048fe71b	TELL ME ABOUT YOU AND CONRAD!	¡CUÉNTAME LO DE CONRAD Y TÚ!
line:2b84f2eb	Test line 1	Línea de prueba 1
line:7a22b4d3	Test line 10	Línea de prueba 10
line:ec12b3a4	Test line 11	Línea de prueba 11
line:4f87d73a	Test line 12	Línea de prueba 12
line:d9b7d04d	Test line 13	Línea de prueba 13
line:63e6d9d4	Test line 14	Línea de prueba 14
line:f5d6dea3	Test line 15	Línea de prueba 15
line:64cb6133	Test line 16	Línea de prueba 16
line:f2fb6644	Test line 17	Línea de prueba 17
line:1772a124	Test line 18	Línea de prueba 18
line:88119675	Test line 2	Línea de prueba 2
line:1e219102	Test line 3	Línea de prueba 3
line:a470989b	Test line 4	Línea de prueba 4
line:32409fec	Test line 5	Línea de prueba 5
line:a35d207c	Test line 6	Línea de prueba 6
line:356d270b	Test line 7	Línea de prueba 7
line:5643ba3d	Test line 8	Línea de prueba 8
line:c073bd4a	Test line 9	Línea de prueba 9
line:394db643	Thank the stars you're open.	Gracias a las estrellas, está abierto.
line:f1946aab	Thank you for cleaning me!!	¡¡Gracias por limpiarme!!
line:75b5b084	Thank you for getting me and Ryan in contact.	Gracias por ponernos en contacto a Ryan y a mí.
line:189d999e	Thank you for listening.	Gracias por escucharme.
line:3398aea2	Thank you for that.	Gracias por eso.
line:875f0961	Thank you for the clean!	¡Gracias por limpiarme!
line:acb8a5aa	Thank you for the quick clean!	¡Gracias por el baño rápido!
line:8512365e	Thank you!	¡Muchas gracias!
line:bbca8a46	Thank you!	¡Muchas gracias!
line:e449156d	Thank you!	¡Se lo agradezco!
line:bb4e1dc1	Thank you, Ryan. I'm happy I got to meet you too	Gracias, Ryan. Yo también me alegro de haberte conocido.
line:3b568c14	Thank you.	Se lo agradezco.
line:6b245989	Thank you.	Gracias.
line:836d1b13	Thank you.	Se lo agradezco.
line:d60f2dc0	Thank you.	Se lo agradezco.
line:035a0830	Thank you. I'd really appreciate it	Gracias. Te lo agradecería mucho.
line:f3e7a8fe	Thank you. Look good feel good!	Gracias. ¡Verse bien ayuda a sentirse bien!
line:d2d97c90	Thank you. You make this a whole lot easier to go through.	Gracias. Haces que todo esto sea mucho más llevadero.
line:3027bcf7	Thanks for asking. It's enjoyable to be asked personal questions.	Gracias por preguntar. Es agradable que me hagan preguntas personales.
line:aaf3066d	Thanks for cleaning me!	¡Gracias por bañarme!
line:8150e2a2	Thanks for helping me out.	Gracias por ayudarme.
line:a2217280	Thanks for helping me out.	Gracias por ayudarme.
line:7db0baf0	Thanks for introducing me to him.	Gracias por presentármelo.
line:c6cee89f	Thanks for letting me in so late.	Gracias por dejarme entrar tan tarde.
line:079b3782	Thanks for sharing food with me, You're a great friend.	Gracias por compartir la comida conmigo. Eres un gran amigo.
line:85f901b0	Thanks for sharing food with me...	Gracias por compartir la comida conmigo...
line:a39fd5a9	Thanks for that. Felt pretty damn good.	Gracias por eso. Se sintió increíble.
line:505e150f	Thanks for the clean.	Gracias por el baño.
line:a40e531c	Thanks for the food! I'll go get the gate.	¡Gracias por la comida! Voy a abrir la puerta.
line:f1692a96	Thanks for the suggestion!	¡Gracias por la sugerencia!
line:81ebbec0	Thanks for the wash so late in the night.	Gracias por bañarme a estas horas.
line:a9df4c5e	Thanks I'll be waiting!	Gracias, ¡aquí espero!
line:f73a3fc7	Thanks mate, see you tomorrow then.	Gracias, amigo. Hasta mañana.
line:30f1f583	Thanks!	¡Gracias!
line:3484ab9d	Thanks!	¡Gracias!
line:44701902	Thanks!	¡Gracias!
line:4d868f2f	Thanks!	¡Gracias!
line:70190774	Thanks!	¡Gracias!
line:8b8f57c4	Thanks!	¡Gracias!
line:ab5b2574	Thanks!	¡Gracias!
line:b588bf4c	Thanks!	¡Gracias!
line:bc5d790a	Thanks!	¡Gracias!
line:c07a9171	Thanks!	¡Gracias!
line:e7e57d9c	Thanks!	¡Gracias!
line:fa293cde	Thanks! Whats with all the... Gloop?	¡Gracias! ¿Y todo ese... pegote?
line:e1609903	Thanks, but I'll be better. I promise.	Gracias, pero voy a mejorar. Lo prometo.
line:02cbdc87	Thanks, I'm excited too.	Gracias, yo también tengo ganas.
line:37c9d915	Thanks, You're pleasant too!	¡Gracias, usted también me agrada!
line:cb847372	Thanks, You're pleasant too!	¡Gracias, usted también me agrada!
line:188d4359	Thanks.	Gracias.
line:316bb26e	Thanks.	Gracias.
line:34ec4db7	Thanks.	Gracias.
line:5183a6f2	Thanks.	Gracias.
line:c642cb17	Thanks.	Gracias.
line:cf716777	Thanks.	Gracias.
line:e00c6df5	Thanks.	Gracias.
line:e521db76	Thanks.	Gracias.
line:f62e1c4f	Thanks.	Gracias.
line:fbba1293	Thanks.	Gracias.
line:8bfa88d7	Thanks. I like being around you too.	Gracias. A mí también me gusta estar contigo.
line:df0a8598	Thanks. I'm always happy to be here.	Gracias. Siempre me alegra estar aquí.
line:084e3cbc	Thanks. See you soon.	Gracias. Hasta pronto.
line:71d57aeb	Thanks. That's kind of you to say.	Gracias. Es muy amable de su parte.
line:a1f9de62	Thanks. That's kind of you to say.	Gracias. Es muy amable de su parte.
line:9a9a6120	Thankth!	¡Grafiaf!
line:e721d512	That brings me to my next question...	Lo que me lleva a mi siguiente pregunta...
line:215a2d34	That felt <i>good</i>.	Eso se sintió <i>bien</i>.
line:89150715	That is rather kind of you to say.	Es muy amable de su parte.
line:a57409fb	That is the source of my worry...	Eso es lo que me preocupa...
line:ad261b84	That just makes it harder!	¡Eso solo lo hace más difícil!
line:7111d265	That makes me feel a lot more sure of myself then.	Eso me da mucha más confianza en mí mismo.
line:3fac5bff	That makes me feel good to hear.	Me hace bien oír eso.
line:1c49f05b	That makes me happy to hear.	Me alegra oír eso.
line:a8b70da7	That must mean it is! I'm glad.	¡Supongo que eso significa que no! Me alegra.
line:5738ea38	That nice to hear... But, I mean being taken care of more... Primally?	Me alegra oírlo... Pero me refiero a que me cuiden de una forma más... ¿instintiva?
line:8f598864	That one was almost too big-	Esa casi fue demasiado grande...
line:5960dcbb	That should be all though, could you go get the gate?	Bueno, eso sería todo. ¿Me abres la puerta?
line:116f0e16	That should be every spot.	No debería quedar ninguna mancha.
line:90444b09	That sounds like an over-reaction on her part.	Parece que ella reaccionó de forma exagerada.
line:f07c9e39	That sounds like an over-reaction on her part.	Parece que ella reaccionó de forma exagerada.
line:c78cf81f	That sounds lovely!	¡Suena precioso!
line:eaa3c173	That they are...	Así es...
line:f4b9a455	That was much nicer than a hose.	Eso fue mucho más agradable que la manguera.
line:78cef130	That was never a concern. I'm a rather risk averse dragon.	Eso nunca me preocupó. Soy un dragón bastante precavido.
line:22d271f4	That was really fun.	Eso fue muy divertido.
line:019b83df	That was wonderful! I feel so much better about dating.	¡Fue maravilloso! Ahora me siento mucho mejor con lo de volver a tener citas.
line:d7bf167b	That was... Nicer than I expected.	Eso fue... más agradable de lo que esperaba.
line:577cec43	That's a mount, no?	Es un aparato de esos, ¿no?
line:825536f5	That's a tricky question to answer.	Es una pregunta difícil de responder.
line:66fb84fe	That's all I want to ask.	Eso es todo lo que quería preguntar.
line:ac1ed298	That's all you can ask for, right?	Es lo único que se puede pedir, ¿no?
line:6605187b	That's an appeal to authority fallacy. But, yes. I'm correct.	Eso es una falacia de apelación a la autoridad. Pero sí, tengo razón.
line:52f81dde	That's cute!	¡Qué lindo!
line:45befc02	That's exciting!	¡Qué emoción!
line:13cd5511	That's fast... But I think so!	Qué rápido... ¡Pero creo que sí!
line:4ff91cbd	That's fine!	¡No pasa nada!
line:163c524a	That's good to hear.	Me alegra oírlo.
line:33e2bee6	That's good to hear.	Me alegra oírlo.
line:30e461f2	That's good. You deserve a decent man.	Qué bien. Merece a un buen hombre.
line:aeae4744	That's good... Now what?	Qué bien... ¿Y ahora?
line:f3eeb627	That's great! whens your first date?	¡Qué bien! ¿Cuándo es su primera cita?
line:215f4eba	That's me.	Ese soy yo.
line:cf8c5f37	That's not a thing... But thank you!	Eso no se hace... ¡Pero gracias!
line:3f29878b	That's rather nice of you to say.	Es muy amable al decir eso.
line:d38c63ea	That's really cute.	Qué lindo.
line:6474d7f7	That's really nice!	¡Qué bonito!
line:c5001a4c	That's the best way to eat'em!	¡Es la mejor forma de comerlos!
line:2a5cc3a5	That's very sweet.	Qué lindo.
line:7052576b	That's what I like to hear.	Eso me gusta oír.
line:2a154290	That's what I thought too.	Eso pensé yo también.
line:33d12f97	That's what I thought too.	Eso pensé yo también.
line:2b7bb6ce	That's what's terrifying.	Eso es lo que me aterra.
line:36fb380f	That's wonderful, he's cute!	¡Qué bien, es lindo!
line:266836f8	That's... the first time you've yipped for me.	Es... la primera vez que haces «yip» para mí.
line:9b0b24ad	That.	Eso.
line:6ff80785	That... makes me feel a lot more sure of myself then.	Eso... me da mucha más confianza en mí mismo.
line:cc6d631b	That... makes me feel a lot more sure of myself then.	Eso... me da mucha más confianza en mí mismo.
line:ecf6206f	Thats awesome. I'm glad you two are working out.	Qué bien. Me alegra que lo suyo esté funcionando.
line:0f8bb606	Thats good to hear.	Qué bueno oírlo.
line:f5324d68	Thats really good to hear.	Me alegra mucho oírlo.
line:063dcd4b	The ability to open up to someone, even occasionally...	Poder abrirse con alguien, aunque sea de vez en cuando...
line:8919009a	The ambiance is nice.	El ambiente es agradable.
line:08c850bf	The apothecary will tarnish my name for months.	El boticario manchará mi nombre durante meses.
line:01b4161e	The breakup I went through earlier was rough.	La ruptura que tuve fue difícil.
line:c932c99d	The breakup I went through earlier was rough.	La ruptura que tuve fue difícil.
line:dd06ed39	The Burnswick Community College of Thaumaturgy, of course!	¡El Colegio Comunitario de Taumaturgia de Burnswick, por supuesto!
line:515099ec	The button on the wall, I mean.	El de la pared, quiero decir.
line:7fe73572	The clean was fine.	El baño estuvo bien.
line:e8a38ed0	The college cannot find out about this okay?	La universidad no puede enterarse de esto, ¿entendido?
line:1a169dbc	The lights in the area are great too.	Las luces de la zona también están muy bien.
line:610dd8cb	The markers were fun.	Nos divertimos con los marcadores.
line:4b36ea4e	The most prestigious college hosting prestigious professors like me:	La institución más prestigiosa, con profesores tan prestigiosos como yo:
line:ec00a1fe	The mount? I... suppose!	¿El aparato? Yo... ¡supongo que sí!
line:94e04dcf	The mount? Sure!	¿El aparato? ¡Claro!
line:d8273d7f	The night 'aint gonna start itself!	¡La noche no va a empezar sola!
line:1f2907ed	The rain has been unrelenting today!	¡Hoy no ha dejado de llover!
line:1804bf0a	The rain is nice.	La lluvia es agradable.
line:7e9a1f83	The stem is just extra food.	El tallo solo es más comida.
line:c88244b5	The vibe at night is fuckin' great.	El ambiente de noche es increíble, carajo.
line:d8a2002e	Then I better let you out!	¡Entonces será mejor que te deje salir!
line:d7b3cd09	Then- Have a productive day.	Entonces, que tengas un día productivo.
line:448afe95	There was a fault in his method.	Hubo un fallo en su método.
line:48d4a45a	There's this one red dragon, Conrad. He's... Hot headed, but cute.	Hay un dragón rojo, Conrad. Es... impulsivo, pero lindo.
line:f4af8b88	Theres this club downtown. 'Wings'. It's an old favorite of mine.	Hay un club en el centro, Wings. Es uno de mis favoritos de siempre.
line:972f132f	These washes really make things easier.	Estos baños me ayudan mucho a sobrellevarlo.
line:352d1d6f	They cum	Se vienen.
line:d78962e8	They cum	Se vienen.
line:3200a588	They keep going	Siguen.
line:a31d1a18	They keep going	Siguen.
line:035e5be6	They seem cute!	¡Parece lindo!
line:454172b0	They took it too far.	Se pasaron de la raya.
line:d7b49fb8	They were! The stem is my favorite part though.	¡Lo estaban! Pero mi parte favorita es el tallo.
line:d156a87f	Think that's every spot.	Creo que no queda ninguna mancha.
line:fa1a1e76	Think that's it.	Creo que eso es todo.
line:3112adad	This drake at the bar... I was stupid. Couldn't shut my mouth.	Un dragón en el bar... Fui un idiota. No supe cerrar la boca.
line:bfd70320	This feels scandalous	Esto parece escandaloso.
line:cb437bd0	This is a common practice?	¿Esto es habitual?
line:831cbfda	This is a job only you can do.	Es un trabajo que solo usted puede hacer.
line:4944dbda	This is delicious!	¡Está delicioso!
line:088893da	This is my first time with a Kobold.	Es mi primera vez con un kobold.
line:e218722c	This is my first time, actually!	¡En realidad es mi primera vez!
line:9eb894ad	This is really nice..	Esto se siente muy bien..
line:c7e4e36f	This is the kind of shit I try to avoid!	¡Esta es la mierda que intento evitar!
line:22929636	This place could use a makeover, I know would it could use!	A este lugar le vendría bien una renovación. ¡Ya sé qué le falta!
line:b06e13bc	This soap isn't fitting for a professor don't you think?	Este jabón no está a la altura de un catedrático, ¿no cree?
line:97841169	This was a nice escape.	Este lugar fue un buen refugio.
line:5f02ceea	This was a wonderful escape...	Este fue un refugio maravilloso...
line:d45f4788	This was nice...	Esto fue muy lindo...
line:418498cf	Those grapes looked good.	Esas uvas se veían buenas.
line:e9d73205	Though every other wash I've been to at least has a mount	Aunque todos los otros baños a los que he ido tienen al menos un aparato.
line:29e70457	Though I can't say I am not curious	Aunque no puedo negar que siento curiosidad.
line:9c3e6004	Though you probably shouldn't eat them.	Aunque tú probablemente no deberías comerlos.
line:f1ca33da	title: Alexander_Done	title: Alexander_Done
line:3ed2f649	title: Conrad_OutroDone	title: Conrad_OutroDone
line:74c28add	title: ConradBeatup_OutroDone	title: ConradBeatup_OutroDone
line:722243c8	title: RyanDate_OutroDone	title: RyanDate_OutroDone
line:b4eee981	title: RyanExploded_OutroDone	title: RyanExploded_OutroDone
line:6298f08b	Told me about the time he got beat up.	Me contó de cuando le dieron una paliza.
line:ee954bd9	Told me to go to a wash, and was acting extremely offended.	Me mandó a un baño y actuó como si la hubiera ofendido muchísimo.
line:c66e1278	Tonight- on campus. The library is the large blue spire building.	Esta noche, en el campus. La biblioteca es el edificio con la gran aguja azul.
line:434527c6	Truly terrible, no?	Terrible, ¿no le parece?
line:5a5d646c	Truly?	¿De verdad?
line:e3aa4e29	Truth be told, I got dirty to come here.	La verdad es que me ensucié para poder venir.
line:0979dea3	Uh, I'm still really soapy!	Eh, ¡todavía tengo mucho jabón!
line:05bbe58c	Uh-huh, I'll go get the gate	Ajá, voy a abrir la puerta.
line:7de638fb	Uh... Hello?	Eh... ¿Hola?
line:7de9b3a4	Uh... uhm...	Eh... Este...
line:159c5c1f	Uh... Yeah.	Eh... Sí.
line:2089db44	Uhhhm we're not exactly.	Eh... No exactamente.
line:3ed62e6b	Uhm, no, I'll just be REALLY upset.	Eh, no. Solo me voy a enojar MUCHÍSIMO.
line:f0a579a5	Uhm...	Este...
line:cc295885	uhm... <size=60%>no?	Este... <size=60%>¿no?
line:29237bc3	Use the crowbar to open and place it in storage, would you?	Usa la palanca para abrir la caja y guárdalo en el almacén, ¿sí?
line:1ec0dc6a	Use the sprayer on the wall to wash me off.	Usa el rociador de la pared para enjuagarme.
line:a716d3b8	Uunf. T-that was... Rather undignified.	Uunf. E-eso fue... bastante poco digno.
line:a37177dd	V-very well. I'll try.	M-muy bien. Lo intentaré.
line:209ddf97	Very cool	Muy bien.
line:2f10f572	Very well. Don't let me interrupt the wash then!	Muy bien. ¡Entonces no lo distraigo más del baño!
line:7678511c	Wah- huh- <size=80%>oah. <size=60%>we don't-	Ah... Eh... <size=80%>Vaya. <size=60%>Aquí no...
line:82e2c158	Wait a sec, I need to open the gate.	Espera un momento, tengo que abrir la puerta.
line:9c7a2fb7	Wait a sec, I need to open the gate.	Espera un momento, tengo que abrir la puerta.
line:8ab5686b	Was great! Ryan is a sweetheart.	¡Fue genial! Ryan es un amor.
line:d8c9f912	Was just doing my job!	¡Solo hacía mi trabajo!
line:148a63c8	Was just trying to play along. Happy to see you!	Solo quería seguirte el juego. ¡Qué gusto verte!
line:56261ccb	Was still good though! I like how it feels sliding down.	¡Pero estuvo bien! Me gusta cómo se siente al bajar.
line:4d002f47	Was... <i>Really</i> upset I was muddy.	Estaba... <i>muy</i> enojada porque yo tenía lodo.
line:014b5da5	Watch where those paws are going would you?	Ten cuidado con dónde pones esas patas, ¿sí?
line:3028feb5	We also had sex after our date.	También tuvimos sexo después de la cita.
line:d132db41	We can just lay here...	Podemos quedarnos acostados aquí...
line:4da8b942	We can make an opening.	Podemos hacerte un espacio.
line:8c563ab8	We can make an opening.	Podemos hacerte un espacio.
line:33a79dbe	We do! Are you... from the college...?	¡Sí! ¿Usted es... de la universidad...?
line:b83ec453	We got your request for the mount!	¡Recibimos tu solicitud del aparato!
line:8b7b8d6b	We went out to eat. Had some good conversation.	Fuimos a comer y tuvimos una buena conversación.
line:74706bb3	We will need to clean the floors...	Tendremos que limpiar el piso...
line:df8fb8c9	We'll be going out to this seafood place-	Vamos a un restaurante de mariscos...
line:110a2ced	Welcome back!	¡Bienvenido de nuevo!
line:b042f12a	Welcome back!	¡Bienvenido de nuevo!
line:c46f5033	Well great, I appreciate your discretion, I'll be headed off to the apothecary.	Muy bien, agradezco su discreción. Me iré a ver al boticario.
line:08f40e32	Well I had a good time, see you later then!	Bueno, la pasé muy bien. ¡Nos vemos!
line:c1e8b05d	Well I had a good time, see you later then!	Bueno, la pasé muy bien. ¡Nos vemos!
line:fcff7b00	Well, go to the window and speak with your customer.	Bueno, ve a la ventana y habla con tu cliente.
line:fc1e497a	Well, good luck getting your hands around all of me.	Bueno, suerte intentando rodeármela entera con las manos.
line:60f14972	Well, I do enjoy the color. But I believe that is unrelated to my hue.	Bueno, sí me gusta ese color. Pero no creo que se deba al mío.
line:c9f270de	Well, I'm a dragon- but... You know what I mean.	Bueno, soy un dragón, pero... Ya me entiendes.
line:f7f87f6c	Well, That's why I'm here!	Bueno, ¡para eso estoy aquí!
line:629d89d1	Well, yes. I mean more... Primally?	Bueno, sí. Me refiero a algo más... ¿instintivo?
line:8aa0fc1a	Well, you are one hell of a catch.	Bueno, cualquiera tendría mucha suerte contigo.
line:5d34e715	Well, you better get one then!	¡Pues más te vale conseguir uno!
line:f16e75f3	Well...	Bueno...
line:a71a8385	Went to the bar... Things got spicy. You can imagine what happened next... <size=70%>Hah...	Fuimos al bar... La cosa se puso caliente. Ya te imaginarás qué pasó después... <size=70%>Ja...
line:2e0ec324	Wha..?	¿Eh...?
line:29ec93b2	Whaaat. Nothing wrong with it! figured you'd like to know.	¿Quééé? ¡No tiene nada de malo! Pensé que querrías saberlo.
line:18e5a573	Whaaat? It's good to make sure you're warmed up!	¿Quééé? ¡Hay que asegurarse de calentar antes!
line:bd66082e	What about a movie?	¿Qué tal una película?
line:ee3c126b	What about your private washers?	¿Y su personal de baño privado?
line:871137eb	What about?	¿Qué dijo?
line:bb3b6c71	What brings you in so late?	¿Qué te trae tan tarde?
line:2dd518f0	What do you mean?	¿A qué te refieres?
line:2fae1274	What do you mean?	¿A qué se refiere?
line:3c2c53dc	What do you mean?	¿A qué te refieres?
line:838cdf1b	What do you think of me?	¿Qué piensa de mí?
line:c2bdc402	What does the number 7 taste like?	¿A qué sabe el número 7?
line:56fc085a	What happened!?	¿¡Qué pasó!?
line:0bc56d4d	what happened?	¿Qué pasó?
line:8c3b76ea	What is it?	¿Qué es?
line:44b711a0	What is..	¿Qué es...?
line:53301d3b	What kind of egg was that?	¿De qué era ese huevo?
line:073701b7	What kind of movie are you thinking?	¿Qué película tienes en mente?
line:03cf1c9a	What kind of question?	¿Qué clase de pregunta?
line:003700c7	What kinds of classes do you teach?	¿Qué materias enseña?
line:e2406cc4	What now?	¿Y ahora?
line:0c583118	What was in those opened crates?	¿Qué había en esas cajas abiertas?
line:5a195ff2	What!? that's terrible! You don't even have a mount...?	¿¡Qué!? ¡Qué mal! ¿Ni siquiera tienes un aparato...?
line:8ebd442e	What's got you looking so happy?	¿Por qué estás tan contento?
line:fc7aaaa0	What's teaching like?	¿Cómo es enseñar?
line:f99840cd	What's that?	¿Qué es eso?
line:1a0b719d	What's up?	¿Qué pasa?
line:29359884	What's up?	¿Qué pasa?
line:8d5c7802	What's up?	¿Qué pasa?
line:712f9d7c	what?	¿Qué?
line:766c2abd	What? All the best places do it!	¿Qué? ¡Todos los buenos lugares lo hacen!
line:159a1d54	What? I'm a professor! Can't you tell from my crest?	¿Qué? ¡Soy catedrático! ¿No lo ve por mi emblema?
line:9aa86a9b	What? There is no harm caused by a genuine compliment!	¿Qué? ¡No tiene nada de malo un cumplido sincero!
line:b2fe309b	Whats got you in a good mood?	¿Por qué estás de tan buen humor?
line:93a145d4	Whats up, big guy?	¿Qué pasa, grandote?
line:4efe8211	Whats up?	¿Qué pasa?
line:866cd495	Whats up?	¿Qué pasa?
line:bfc04b3a	Whats up?	¿Qué pasa?
line:e01885c3	Whats up?	¿Qué pasa?
line:f7d786b6	Whats with all the... Gloop?	¿Y todo ese... pegote?
line:c4c81aa9	Whats your favorite part about him?	¿Qué es lo que más te gusta de él?
line:ff6ef027	When do you actually end the relationship?	¿Cuándo decides ponerle fin?
line:2ffe284b	When I met him at first I was falling back on my old script.	Cuando lo conocí, estaba volviendo a mis viejas costumbres.
line:eb019075	When you're done go ahead and hit the button.	Cuando termines, pulsa el botón.
line:5d4e9392	Where did he go...?	¿Adónde fue...?
line:7af04961	Where would you like to go?	¿Adónde te gustaría ir?
line:7e9389a7	Which college?	¿Qué universidad?
line:2d315c6c	Who knew a dragon could get so dirty, huh?	¿Quién diría que un dragón puede ensuciarse tanto, eh?
line:a97338b0	Who knew places such as this existed so readily available to the public!	¡Quién diría que hay lugares así tan accesibles para el público!
line:8b7915f4	Who's that?	¿Quién es?
line:ebd63f8c	Who's there?	¿Quién está ahí?
line:eea7573f	Whoa! Cold!	¡Vaya! ¡Qué fría!
line:1acbd02a	Whoops	Ups.
line:5a6c0d31	Whoops	Ups.
line:afc6c00a	Whoops	Ups.
line:c30013ff	Whoops	Ups.
line:9df56a3a	why are you here so late?	¿Por qué viene tan tarde?
line:bb8583c1	With Ryan, I'm pretty sure we're gonna go on a date tonight.	Creo que Ryan y yo vamos a tener una cita esta noche.
line:c236bdf9	Woah. Uhm.	Vaya. Este...
line:390f05be	Woah... What is that in your mouth?	Vaya... ¿Qué tienes en la boca?
line:4b93b009	Woah... You want me to use that? Even with the food? Alright!	Vaya... ¿Quieres que use eso? ¿Incluso con la comida aquí? ¡Bueno!
line:4cacfab8	Wonderful to hear you're seeing someone!	¡Me alegra que esté saliendo con alguien!
line:f6fdf321	Wonderful to hear you're seeing someone!	¡Me alegra que esté saliendo con alguien!
line:7e2421b6	Wonderful to hear.	Me alegra mucho oírlo.
line:36d49875	Wonderful!	¡Qué bien!
line:6046bedf	Wonderful!	¡Qué bien!
line:ab423ac7	Wonderful!	¡Qué bien!
line:5a9abbd4	Wonderful. Have a <i>productive</i> day.	Maravilloso. Que tengas un día <i>productivo</i>.
line:ec771552	Woops.	Ups.
line:51bcff68	Would that interest you?	¿Te gustaría?
line:8c8591ec	Would you care to join me at the college library this evening...?	¿Le gustaría acompañarme a la biblioteca de la universidad esta noche...?
line:985436e6	Wouldn't that be degrading?	¿No sería degradante?
line:1e027369	Wow thanks, that feels good.	Vaya, gracias, se siente bien.
line:737184f5	Wow!	¡Vaya!
line:ead1bf44	Wow, it's an experience seeing you eat like that.	Vaya, verte comer así es toda una experiencia.
line:5da1e074	Y'know?	¿Sabes?
line:79352475	Ya.	Sí.
line:f6c14e05	Ya.	Sí.
line:b6add8e0	Yea! I do!	¡Sí! ¡Así es!
line:b44edd29	Yeaaah I'm not sticking with that one.	Sííí, creo que no voy a usar ese apodo.
line:7a471225	Yeaaah.	Sííí.
line:5483c5fd	Yeah	Sí.
line:3a5d5ca4	Yeah he seems like he'd push some buttons.	Sí, parece de los que saben cómo provocar.
line:63024a1f	Yeah he's improved a lot.	Sí, ha mejorado mucho.
line:5847a779	Yeah I have.	Sí, ya hablé con él.
line:f3b5952a	Yeah I'm happy too.	Sí, yo también estoy feliz.
line:fb47f998	Yeah it go BRRT haha.	sí, hace BRRT, jaja.
line:eef9b2bb	Yeah It's fine. Sorry.	Sí, todo bien. Perdón.
line:fbc80e96	Yeah let me get that for you.	Sí, ya te abro.
line:f212b2de	Yeah so I'm all muddy and stuff, love romping around in the public park.	Sí, estoy lleno de lodo y eso. Me encanta corretear por el parque público.
line:108de471	Yeah that sounds pretty good.	Sí, suena bastante bien.
line:fdd800c2	Yeah! clean as always.	¡Sí! Limpio como siempre.
line:dee4a32d	Yeah! Conrad, he's adorable. Though he'd hate I said that.	¡Sí! Conrad. Es adorable, aunque le molestaría oírme decir eso.
line:ab1bc039	Yeah! I feel clean.	¡Sí! Me siento limpio.
line:6733a3df	Yeah! I'm going on a date with him soon.	¡Sí! Pronto tendré una cita con él.
line:66727cce	Yeah! It has food that should be good for both of us.	¡Sí! Traje comida que nos debería gustar a los dos.
line:b482634c	Yeah! its useful.	¡Sí! Es útil.
line:da9cfdcf	Yeah! Just went on a date with Conrad.	¡Sí! Acabo de tener una cita con Conrad.
line:3f153aaf	Yeah! Just went on a date with Ryan.	¡Sí! Acabo de tener una cita con Ryan.
line:77ca2316	Yeah! Thanks for the food. I'll go get the gate.	¡Sí! Gracias por la comida. Voy a abrir la puerta.
line:c87d632b	Yeah! That would be amazing.	¡Sí! Sería maravilloso.
line:71c0ee9a	Yeah, ever since the breakup I've been looking for something new.	Sí, desde que terminamos busco algo nuevo.
line:bee397db	Yeah, he's so kind to me.	Sí, es muy bueno conmigo.
line:4815ddba	Yeah, I've got one.	Sí, tengo uno.
line:24efaa49	Yeah, me too. He's real nice.	Sí, yo también. Es muy amable.
line:6fa847ba	Yeah, nah. Mate you gotta get in on this. I'll pay good!	No, mira, amigo, tienes que ofrecer eso. ¡Pago bien!
line:266f699d	Yeah, taste good!	Sí, ¡sabe bien!
line:67cc394b	Yeah, that was scary at first.	Sí, al principio fue aterrador.
line:a9980f5e	Yeah, this has been super nice.	Sí, esto ha sido muy bonito.
line:54c44240	Yeah, you're right.	Sí, tienes razón.
line:bb1827c7	Yeah- Though only if you want!	Sí... ¡Pero solo si tú quieres!
line:7311dc01	Yeah.	Sí.
line:95e2f7cc	Yeah.	Sí.
line:9fd5b834	Yeah. <size=90%>Oh- <size=80%>you know. I'm like... <size=70%>Haha. Yeah. Mhm!	Sí. <size=90%>Ah... <size=80%>Ya sabes. Yo... <size=70%>Jaja. Sí. ¡Ajá!
line:a28a70c6	Yeah. At least I got to meet you because of it.	Sí. Al menos gracias a eso te conocí.
line:e5937e30	Yeah. I like fish!	Sí. ¡Me gusta el pescado!
line:0372e0d1	Yeah. It wasn't too expensive.	Sí. No salió muy caro.
line:6804839d	Yeah. It's hard to unwind groups after something like that.	Sí. Es difícil desenredar un grupo de amigos después de algo así.
line:6e0e4e11	Yeah. You two will be cute.	Sí. Harán una linda pareja.
line:616121a9	Yeah...	Sí...
line:f244d080	Yeah... He's really great.	Sí... Es maravilloso.
line:5bab2df8	Yeah... I've never gone on a date with a kobold before.	Sí... Nunca había tenido una cita con un kobold.
line:8eeb7e28	Yeah... It really isn't.	Sí... No lo es.
line:039a0c83	Yeah?	¿Sí?
line:2fb3fe55	Yeah?	¿Sí?
line:92bd78f3	Yeah?	¿Sí?
line:3690a3eb	Yeah? I don't even see a mount.	¿Sí? Ni siquiera veo un aparato.
line:ea2adb20	Yeah? tell me about it!	¿Sí? ¡Cuéntame!
line:78eccd9b	Yellow lime.	A lima amarilla.
line:5fd7bc69	Yep!	¡Sí!
line:b6c878fa	Yep!	¡Sí!
line:fcff76d4	Yep! I'll get the gate.	¡Sí! Te abro la puerta.
line:3cdcbd4a	Yes	Sí.
line:991dc643	Yes	Sí.
line:e535cacb	Yes	Sí.
line:fb4265f7	Yes	Sí.
line:4ab6c5a9	yes	Sí
line:db98be35	Yes right this way.	Sí, por aquí.
line:52010e35	YES!	¡SÍ!
line:c4310942	Yes!	¡Sí!
line:d5f94e23	Yes!	¡Sí!
line:5592e639	Yes, welcome to Drag'N Wash!	¡Sí, bienvenido a Drag'N Wash!
line:f676b9a8	Yes, welcome to Drag'n wash!	¡Sí, bienvenido a Drag'N Wash!
line:a610ce0b	YES.	SÍ.
line:85fd5266	Yes.	Sí.
line:152cb8ad	Yes. I'm in need of a clean. The situation is rather dire!	Sí. Necesito que me limpie. ¡La situación es bastante grave!
line:c4595dd5	Yes. It's invigorating to be so candid.	Sí. Resulta revitalizante ser tan franco.
line:d7e50f2d	Yes..	Sí..
line:5811655d	Yes... But I believe we need to clean the floors.	Sí... Pero creo que tenemos que limpiar el piso.
line:9444cdba	Yip	Yip.
line:14d2c62f	Yip!	¡Yip!
line:296ff3f4	Yip!	¡Yip!
line:3d516ddb	Yip!	¡Yip!
line:3e870ad0	Yip!	¡Yip!
line:5544e245	Yip!	¡Yip!
line:5efde4e2	Yip!	¡Yip!
line:c3e1f198	Yip!	¡Yip!
line:e662501c	Yip!	¡Yip!
line:5e181cf4	Yip! <size=70%>(Gate)	¡Yip! <size=70%>(Puerta)
line:b12a3f31	Yip! <size=70%>(idk)	¡Yip! <size=70%>(Ni idea)
line:a8ee5236	Yip! <size=70%>(It's because the dormant part of your draconic mind is remembering the deep set language bridge between your kind and mine. Which carries the deep meaning and intention of kobold 'Yips' within it. This sudden understanding of yours is simply from our connection growing over time and activating that part of your mind.)	¡Yip! <size=70%>(Es porque una parte dormida de su mente dracónica está recordando el profundo vínculo lingüístico entre su especie y la mía, que transmite el significado y la intención de los «yips» kobold. Esta comprensión repentina se debe simplemente a que nuestra conexión se ha fortalecido con el tiempo y ha activado esa parte de su mente.)
line:5935a413	Yip! <size=70%>(Yes)	¡Yip! <size=70%>(Sí)
line:f1c14f75	Yip-Man - The Final Yip	Yip Man: el último yip.
line:4b9046ec	Yip-Man movies are real corny...	Las películas de Yip Man son bastante cursis...
line:3d6b2203	You again?	¿Tú otra vez?
line:81416c72	You already are, whats up?	Ya me estás haciendo una. ¿Qué pasa?
line:6fbc3c1b	You also do <i>special endings</i> here, yeah?	Aquí también dan <i>finales felices</i>, ¿verdad?
line:e553c773	You also introduced me to Conrad.	Además, me presentaste a Conrad.
line:feb8727e	You always make me feel welcomed.	Siempre me haces sentir bienvenido.
line:563d71ba	You are too!	¡Tú también!
line:4efafbb0	You are very skilled with your hands	Tiene mucha habilidad con las manos.
line:0dd63830	You brought food in?	¿Trajiste comida?
line:38043f6c	You can act however you like around me.	Conmigo puede actuar como quiera.
line:3fbd01fb	You can come in whenever!	¡Puedes venir cuando quieras!
line:0eb37f1a	You can stay here if you want.	Puedes quedarte si quieres.
line:ecc04e16	You decide!	¡Tú decides!
line:19698f13	You didn't even open the watermelon.	Ni siquiera abriste la sandía.
line:7e8c1ae2	You do know how to use your hands pretty well.	Tú sí que sabes usar las manos.
line:7023b6b4	You don't deserve that.	No te lo mereces.
line:c0cc0f2d	You got a medkit?	¿Tienes un botiquín?
line:c2b3c28a	you know about getting back into the dating scene...	ya sabes, sobre volver a tener citas...
line:512df07c	You know what that means.	Ya sabes lo que eso significa.
line:e613cbe3	You know what that means...	Ya sabes lo que eso significa...
line:73e4789c	You know... This environment is rather pleasant. Very... proletarian.	Sabe... Este ambiente es bastante agradable. Muy... proletario.
line:404b17ef	You look good this clean!	¡Te ves bien así de limpio!
line:780c151c	You needn't worry. The washer's union is... More powerful than I.	No se preocupe. El sindicato del personal de baño es... más poderoso que yo.
line:3fab049a	You probably shouldn't.	Probablemente no deberías.
line:0bc044da	You ready for this?	¿Estás listo para esto?
line:f0a0565a	You ready to go back in to the club?	¿Listo para volver al club?
line:c0e34d36	You really ate that entire thing... Woah.	De verdad te lo comiste entero... Vaya.
line:82cf49aa	You seemed to enjoy yourself.	Parece que lo disfrutaste.
line:ba66095e	You set a good example.	Usted da un buen ejemplo.
line:6c2a1901	You should be all clean!	¡Ya deberías estar bien limpio!
line:36779352	You should be.	Deberías estarlo.
line:86154a64	You should feel it and check for me	Tócala y compruébalo por mí.
line:20503ab0	You sure? It's not like... fun stuff.	¿Seguro? No es que sea... divertido.
line:0a0d6bc0	You too! I'll go get the gate.	¡Yo también! Voy a abrir la puerta.
line:e3106999	You too. Thanks for the wash.	Igualmente. Gracias por el baño.
line:fc97aa74	You too. Thanks for the wash.	Igualmente. Gracias por el baño.
line:5e4d645c	You two are really cute together...	Se ven muy lindos juntos...
line:b76a2a43	You were really going at it.	Le estabas dando con ganas.
line:83aa1a23	You work at a college?	¿Trabaja en una universidad?
line:85fa0d03	You'd need a dragon stomach first!	¡Primero necesitarías un estómago de dragón!
line:ebd2af6b	You'll have to give me all the Ryan details soon.	Pronto tendrás que contarme todos los detalles de Ryan.
line:6c71dd83	You'll have to tell me all about it.	Tendrás que contármelo todo.
line:91ab30f5	You'll have to tell me how you two work out!	¡Tendrás que contarme cómo les va!
line:ffeff59b	You'll have to tell me more inside.	Tendrás que contarme más adentro.
line:5eb243c2	You'll like it.	Te va a gustar.
line:6acf7c77	You'll need to let them in afterwards of course.	Después tendrás que dejarlo entrar, por supuesto.
line:6b63d2d8	You'll take care of everything?	¿Usted se encargará de todo?
line:f2527ed7	You're <i>spotless.	Estás <i>impecable.
line:23ae97e6	You're a big deal	Tú sí que eres importante.
line:323e546b	You're a good friend too, I'll go get the gate.	Tú también eres un buen amigo. Voy a abrir la puerta.
line:44e97be7	You're always welcome here, Ryan.	Siempre serás bienvenido aquí, Ryan.
line:09e5bf43	You're cute by the way.	Por cierto, eres lindo.
line:277d8257	You're fine. Thank you.	No te preocupes. Gracias.
line:8c269acb	You're going to love it.	Te va a encantar.
line:173782fa	You're good at it.	Y lo hace bien.
line:1dca8fa0	You're just a very comfortable person to be around.	Es que contigo me siento muy a gusto.
line:42124159	You're just a very comfortable person to be around.	Es que contigo me siento muy a gusto.
line:d3b6d22a	You're kind. It's more than I deserve.	Qué amable eres. Es más de lo que merezco.
line:ca72bf2d	You're okay. You're clearly going through a lot.	No te preocupes. Se nota que estás pasando por mucho.
line:68887509	You're one of my favorite clients!	¡Eres uno de mis clientes favoritos!
line:c4cc497f	You're pretty hot.	Estás bastante sexy.
line:b6603dc7	You're right. I shouldn't pry.	Tienes razón. No debería entrometerme.
line:31ab814e	You're right... Theres no way you could.	Tienes razón... No hay manera de que puedas.
line:470cd652	You're the first person I've met who's only expectation is for me to be...	Es la primera persona que conozco que solo espera que yo sea...
line:f718a7eb	You're the professor here. Must be correct.	Usted es el catedrático. Seguro que tiene razón.
line:15f55959	You're very sweet.	Eres un encanto.
line:bc6cc4d2	You're very sweet.	Es usted muy amable.
line:6289a322	You're very welcome.	No hay de qué.
line:39ddd682	You're...	Usted es...
line:6e94f373	You're... cool.	Eres... genial.
line:61c96494	You're... Not that dirty.	No está... tan sucio.
line:8bab3246	You're... very forward.	Eres... muy directo.
line:3bbab759	You've gotta keep me updated on you and Ryan, yeah?	Tienes que contarme cómo sigue lo tuyo con Ryan, ¿sí?
line:a5a8a9d5	Your crest is cool. What is it?	Me gusta su emblema. ¿Qué es?
line:3890b91c	Your date with Ryan.	Tu cita con Ryan.
line:82109412	Your secret's safe with me.	Tu secreto está a salvo conmigo.
line:ed8e7994	Yours doesn't. It's nice.	La suya no. Es agradable.
line:016a65e8	Yuh, that's me.	Sí, ese soy yo.
line:38eb6d26	Yup!	¡Sí!
line:7ac62718	Yup. I like it.	Sí. Me gusta.
