# line ID	exact English source	translation (English A-Z then ID)
line:39fd52f1	'Ey big dog.	Hey, großer Hund.
line:918d7820	'Ey big kobold.	Hey, großer Kobold.
line:155c00eb	'think', 'On the way here'? Then you weren't covered in ink before...	„Glaube“, „auf dem Weg hierher“? Vorher waren Sie also noch sauber...
line:15bcd86c	'Yes way', There is nothing I am more certain of.	Doch, möglich. Bei nichts bin ich mir sicherer.
line:4d49ae72	'Yes way', There is nothing I am more certain of.	Doch, möglich. Bei nichts bin ich mir sicherer.
line:25f35611	---	---
line:4b9b3a43	---	---
line:97ab84a8	---	---
line:db5b3129	---	---
line:e2f28daa	---	---
line:3d2df033	..	..
line:8c0e2d04	..	..
line:b36eb839	..	..
line:03d2f0bb	...	...
line:045f5836	...	...
line:1113335e	...	...
line:227eda5e	...	...
line:30a74521	...	...
line:4810891f	...	...
line:4da86a7a	...	...
line:610824ef	...	...
line:6757e4a0	...	...
line:695ef750	...	...
line:7426a997	...	...
line:759a495e	...	...
line:7e189c92	...	...
line:812700a5	...	...
line:848f5cd8	...	...
line:85f39b27	...	...
line:9504ba33	...	...
line:a6531779	...	...
line:b59e9091	...	...
line:b7f0551c	...	...
line:c272e55f	...	...
line:cdb8d8db	...	...
line:cfe4b91d	...	...
line:d6483230	...	...
line:d90d368f	...	...
line:d9516fdd	...	...
line:dd197e7c	...	...
line:decf872a	...	...
line:e9d40a5c	...	...
line:20f87f8d	... A class which I'm teaching rather soon.	...Und meine nächste Stunde beginnt schon bald.
line:4815d919	... Being a bit of a jerk honestly.	...War ein ziemlicher Idiot, ehrlich gesagt.
line:11bfce3b	... I thought we were good friends, we have sex all the time!	... Ich dachte, wir wären gute Freunde. Wir haben ständig Sex!
line:1bebf328	... Thank you..	... Danke..
line:a8eb78ed	... you're done? I'm still dirty..	... Bist du fertig? Ich bin noch schmutzig..
line:ef611d11	... you're done? I'm still soapy..	... Bist du fertig? Ich bin noch voller Seife..
line:496134bc	...!	...!
line:7cc45755	...!	...!
line:6585925d	...<i><size=70%>I have one on him at least.	...<i><size=70%>Ich stehe jedenfalls auf ihn.
line:e2ea4ead	...A wash for our date tonight.	...Für unser Date heute Abend.
line:048d7f84	...About what I said earlier.	...Wegen dem, was ich vorhin gesagt habe.
line:55d1f6ef	...and nice.	...Und nett.
line:79a1a205	...But not in like a bad weird way.	...Aber nicht auf die unangenehme, komische Art.
line:3592632e	...It's intimidating knowing how much they look up to me.	...Es ist einschüchternd, wie sehr sie zu mir aufsehen.
line:7e08544c	...It's odd being able to speak so freely with someone.	...Es ist ungewohnt, so frei mit jemandem reden zu können.
line:f0cb8389	...No	...Nein.
line:92601622	...Okay, come in	... Okay, komm rein.
line:e381559c	...Thank you for this.	...Danke für Ihre Hilfe.
line:b7b5f7fb	...Thanks.	...Danke.
line:dbab7a39	<b><i><size=130%>Did you suggest Ryan to Conrad?	<b><i><size=130%>Hast du Conrad vorgeschlagen, Ryan kennenzulernen?
line:36ff6bd9	<gradient="gold"><b> I know a dragon, Ryan. I could get you two in contact? </b></gradient><size=70%>(Unlocks Conrad/Ryan hookup OR Ryan romance)	<gradient="gold"><b> Ich kenne einen Drachen namens Ryan. Soll ich euch bekannt machen? </b></gradient><size=70%>(Schaltet Conrad/Ryan ODER eine Romanze mit Ryan frei)
line:7e9d40e6	<gradient="gold"><b> I wouldn't mind hanging out... </b></gradient><size=70%> (Unlocks Conrad romance)	<gradient="gold"><b> Ich hätte nichts gegen etwas gemeinsame Zeit... </b></gradient><size=70%> (Schaltet die Romanze mit Conrad frei)
line:a0e49f02	<gradient="gold"><b> I wouldn't mind! </b></gradient><size=70%> (Will lead to Alexander romance!)	<gradient="gold"><b> Sehr gern! </b></gradient><size=70%> (Führt zur Romanze mit Alexander!)
line:0371fb9c	<gradient="gold"><b> I'm going to be busy tonight. Sorry. </b></gradient><size=70%> (Will lead to no romance!)	<gradient="gold"><b> Heute Abend habe ich leider keine Zeit. </b></gradient><size=70%> (Führt zu keiner Romanze!)
line:f5a81524	<gradient="gold"><b>I don't have anyone off the top of my head.</b></gradient><size=70%> (Locks in Conrad romance!)	<gradient="gold"><b>Mir fällt gerade niemand ein.</b></gradient><size=70%> (Legt die Romanze mit Conrad fest!)
line:bedc761d	<gradient="gold"><b>I know this one red dragon. I think you'd like him! </b></gradient><size=70%> (Hooks up Ryan with Conrad!)	<gradient="gold"><b>Ich kenne einen roten Drachen. Der würde dir bestimmt gefallen! </b></gradient><size=70%> (Bringt Ryan und Conrad zusammen!)
line:e104b8e4	<gradient="gold"><b>Oh. Uhm. <size=70%> I wouldn't mind... If I was that someone. </b></gradient><size=70%> (Locks in Ryan romance!)	<gradient="gold"><b>Oh. Ähm. <size=70%> Ich hätte nichts dagegen... wenn ich dieser Jemand wäre. </b></gradient><size=70%> (Legt die Romanze mit Ryan fest!)
line:36073321	<gradient="yellow - orange"><size=140%>HEY! </gradient><size=100%>This is the cleaning place, ya?	<gradient="yellow - orange"><size=140%>HEY! </gradient><size=100%>Hier wird gewaschen, oder?
line:c777ce0c	<i> that feels nice...</i>	<i>Das fühlt sich schön an...</i>
line:e56dd423	<i><size=70%>uh oh.. and the books	<i><size=70%>Oh je... und die Bücher.
line:d67b1098	<i>I like spraying you with water.	<i>Ich spritze dich gerne mit Wasser ab.
line:ad5d633a	<i>Oh...	<i>Oh...
line:22b5941e	<i>Oh.</i> I don't think I'm ready for that just yet.	<i>Oh.</i> Dazu bin ich wohl noch nicht bereit.
line:cacbff51	<i>Ooooh. </i>The mount? Hell yeah, man.	<i>Ooooh. </i>Der Bock? Na klar, Mann!
line:04b7ce44	<i>This</i> isn't your fault, Conrad.	An <i>dem hier</i> bist du nicht schuld, Conrad.
line:72b244b7	<size=100%> That felt damn good!	<size=100%> Das war verdammt geil!
line:78cc49e8	<size=100%>I mean- Cool.	<size=100%>Ich meine... Cool.
line:e48243c0	<size=140%> FUCK YEAH!	<size=140%> FUCK, JA!
line:f474ffa9	<size=140%>HEY, <size=100%>lookin' for a wash.	<size=140%>HEY, <size=100%>ich brauche eine Wäsche.
line:9d458e88	<size=160%>HELL YEAH!	<size=160%>GEIL, MANN!
line:f5462edf	<size=60%> that's hot.	<size=60%> Das ist heiß.
line:7c745c31	<size=70%> A big dragon giving me control. Woah.	<size=70%> Ein großer Drache überlässt mir die Kontrolle. Wow.
line:53d71f27	<size=70%> And for me.	<size=70%> Und für mich.
line:4fe271cc	<size=70%> woah.	<size=70%> Wow.
line:e53b1bd3	<size=70%><i> holy shit, I just bagged a date with a dragon.	<size=70%><i> Heilige Scheiße, ich habe gerade ein Date mit einem Drachen klargemacht.
line:c4384e8e	<size=70%><i>but it was nice... Thank you.	<size=70%><i>Aber angenehm... Danke.
line:ec0e5330	<size=70%><i>feel free to continue-</i>	<size=70%><i>Fahren Sie ruhig fort...</i>
line:e77c1f79	<size=70%><i>oah-</i> no that's really cool actually.	<size=70%><i>Oh...</i> Nein, das finde ich sogar richtig schön.
line:a618f9c2	<size=70%><i>Woah...	<size=70%><i>Wow...
line:ad460e4b	<size=70%><i>Yeah?	<size=70%><i>Ja?
line:c25d1c85	<size=70%>They're still on my payroll.	<size=70%>Sie stehen weiterhin auf meiner Gehaltsliste.
line:22deeef6	==	==
line:67fa34ad	==	==
line:a8e2f13e	==	==
line:ce938344	==	==
line:e41244bf	==	==
line:497d3f67	A few days ago...	Vor ein paar Tagen...
line:c570a462	A rather good excuse to see my favorite kobold.	Ein recht guter Vorwand, meinen liebsten Kobold zu besuchen.
line:5d2d16e0	A really good friend?	Ein richtig guter Freund bist?
line:df4d3810	About earlier.	Wegen vorhin.
line:1a5e1ba4	Act what way?	Wie denn?
line:cc532c02	After his spontaneous conflagration, I made sure to give him privacy.	Nach seiner plötzlichen Entzündung habe ich ihm etwas Privatsphäre gegönnt.
line:a983ffa3	Again...?	Schon wieder...?
line:8e34b87d	Agreed, though I'd still like to be let in as soon as convenient.	Da stimme ich zu. Trotzdem würde ich gerne baldmöglichst hereinkommen.
line:934a1d5a	Ah yeah, that's the stuff.. keep at it.	Ah ja, genau so... Mach weiter.
line:e216aee0	Ah, good.	Ah, gut.
line:9b26ac5f	Ah, I see the button there, gotcha!	Ah, da ist ja der Knopf. Verstanden!
line:7f3fe9f9	Ah, sorry, I'm passionate about such things.	Ah, Verzeihung. Bei solchen Themen gerate ich ins Schwärmen.
line:bf2a8309	Ah, the grime did sting a little, thank you.	Ah, der Schmutz hat etwas gebrannt. Vielen Dank.
line:ebdb9888	Ah, yeah, those types are pretty cute.	Ach ja, solche Typen sind ziemlich süß.
line:b920f205	Ah. Do not worry.	Ach. Machen Sie sich keine Sorgen.
line:a98d068c	Ah. Okay nevermind I'm not sorry then.	Ah, okay. Dann nehme ich die Entschuldigung zurück.
line:6de2c490	Ah...	Ah...
line:4d6b365e	Ahh, all cleaned and with a lighter load.	Ahh, sauber und eine Ladung leichter.
line:20f96302	Alexander!	Alexander!
line:f167e3d7	Alexander!	Alexander!
line:fe3996b8	Alexander!	Alexander!
line:af7db134	Alexander...?	Alexander...?
line:eb7cf9e5	All clean...	Ganz sauber...
line:f57fc630	All done!	Fertig!
line:0b734d82	All self respecting washers know how to please a dragon.	Jeder vernünftige Wäscher weiß doch, wie man einen Drachen verwöhnt.
line:599ffb25	Already got seats at that bar I mentioned earlier.	In der Bar, die ich erwähnt habe, sind schon Plätze reserviert.
line:642ddea3	Alright alright... Then I think I'd like to use it?	Gut, gut... Dann würde ich ihn wohl gerne benutzen?
line:c7b3a185	Alright! I'll go get the gate.	Alles klar! Ich öffne das Tor.
line:7279121a	Alright! I'll go get you the gate.	Alles klar! Ich öffne Ihnen das Tor.
line:4fc4259c	Alright! I'm ready to go.	Okay! Ich kann los.
line:a722d0fa	Alright, go get the gate and I'll head out to the spot!	Okay, öffne das Tor, dann gehe ich schon mal hin!
line:d04df8f8	Alright, I'll cya!	Alles klar, bis dann!
line:4766af08	Alrighty! That should be it.	So! Das sollte alles gewesen sein.
line:797ca540	Alrighty. All clean.	Na also. Alles sauber.
line:c4cb161a	Although grapes have always hit a specific craving.	Aber auf Trauben hatte ich schon immer einen besonderen Appetit.
line:dc237557	Although, the portions might be a bit... dragon sized.	Allerdings sind die Portionen vielleicht ein bisschen... drachengroß.
line:655b8c01	Always happy to have you, Conrad.	Du bist mir immer willkommen, Conrad.
line:afedd1f5	An anomaly.	Eine Anomalie.
line:0de4fe62	And I'm glad you have a medkit... You're very prepared.	Gut, dass du einen Verbandskasten hast... Du bist echt vorbereitet.
line:0699aef9	And I'm really happy for you and Conrad.	Und ich freue mich wirklich für dich und Conrad.
line:a3a26459	And not just physically.	Und das nicht nur körperlich.
line:507bd2b9	And that's why I'm here! Going to be heading out after this wash to go see him.	Deshalb bin ich hier! Nach der Wäsche gehe ich ihn treffen.
line:33440e8c	And why you are perfect for this job!	Und deshalb sind Sie perfekt für diese Aufgabe!
line:cacb93ce	And you've tried everything.	Und man schon alles versucht hat.
line:8cae6240	Another dragon? Usually I don't really get along...	Noch ein Drache? Mit denen komme ich meistens nicht so gut klar...
line:5a7e4fd4	Any chance you can clean me up again?	Könntest du mich vielleicht noch mal waschen?
line:92d2a30a	Anything. I'm just curious.	Irgendetwas. Ich bin nur neugierig.
line:52695aa2	Anything?	Alles?
line:8ead9ee9	Anytime, Ryan.	Jederzeit, Ryan.
line:6d77feef	Anyway glad you're not finished, lets keep at it!	Jedenfalls gut, dass du noch nicht fertig bist. Machen wir weiter!
line:bdb4f59c	Anyway, time to get writing!	Wie auch immer, Zeit zum Schreiben!
line:75dd56ae	Anyways,	Jedenfalls...
line:8980260e	Anyways-	Jedenfalls...
line:a8e6291c	Anyways- Let me out.	Wie auch immer, lass mich raus.
line:493a82ef	Anyways. Could you go get the gate?	Also, machst du das Tor auf?
line:926f5f41	Anyways. Gonna use this thing now!	Jedenfalls benutze ich das Ding jetzt!
line:ad8ab02e	Anyways...	Wie auch immer...
line:e767dc51	Anywho, I'll get out of your scales now.	Nun denn, ich lasse Sie jetzt in Ruhe.
line:e81426c1	Anywho, I'm in need of a clean.	Wie dem auch sei, ich brauche eine Wäsche.
line:23e7d518	Approach the dragon entrance, and I will let you in.	Kommen Sie zum Dracheneingang, dann lasse ich Sie hinein.
line:72a9b5bb	Are you happy?	Sind Sie glücklich?
line:be0118cc	Are you okay?	Geht's dir gut?
line:de735c65	Are you open right now?	Haben Sie gerade geöffnet?
line:9369755d	Are you sure it will fit?	Bist du sicher, dass das passt?
line:c35b717a	Are you sure...? In front of the food?	Bist du sicher...? Hier beim Essen?
line:cb06d2bf	As am I.	Das geht mir ebenso.
line:9a48b21c	As in you're unique.	Ich meine damit: einzigartig.
line:1c021ee0	At getting hand jobs.	Darin, mir einen runterholen zu lassen.
line:e861b464	At least that's what I've heard anyway.	So habe ich es zumindest gehört.
line:2f54ceec	At least you can still use your hands. Heh.	Wenigstens kannst du noch deine Hände benutzen. Hehe.
line:cb04e062	At least you can still use your hands. Heh.	Wenigstens kannst du noch deine Hände benutzen. Hehe.
line:97792929	Aw, I'll go get you the gate.	Ach, ich mache dir auf.
line:c6895517	Aw, Ryan.	Ach, Ryan.
line:db997182	Aw, thank you Alexander.	Ach, danke, Alexander.
line:7157db26	Aw, thanks Alexander.	Ach, danke, Alexander.
line:011f1458	Aw, thanks.	Ach, danke.
line:aea0be6b	Aw, thanks.	Ach, danke.
line:c00d76cd	Aw, thanks. I only look so good 'cause of your washes!	Ach, danke. Dass ich so gut aussehe, liegt nur an deinen Wäschen!
line:453ff9be	Aw- Ryan...	Ach, Ryan...
line:5340a315	Aw... Thanks!	Ach... Danke!
line:c6202cf2	Aw... Thanks.	Ach... Danke.
line:cb1d1197	Aw... Thanks. Is it weird I consider you...	Ach... Danke. Ist es komisch, dass du für mich...
line:2bfa396c	Aw... That's really sweet	Ach... Das ist wirklich lieb.
line:22053f7f	Awesome!	Klasse!
line:6fdb2c3d	Awesome!	Klasse!
line:70306ba1	Awesome!	Klasse!
line:6126a614	Awesome! Come on in..	Super! Komm rein..
line:e85007ac	Awesome! See you later then!	Super! Dann bis später!
line:4c7f15d6	Awesome, I'll go get the gate.	Klasse, ich öffne das Tor.
line:9d126e4e	Awesome, I'm glad.	Super, das freut mich.
line:b60cc4a5	Awesome.	Super.
line:59fb47b0	Awww. You don't need to be coverd in ink to say hi!	Ach! Um Hallo zu sagen, müssen Sie sich nicht mit Tinte beschmieren!
line:8e20e028	Be yourself!	Sei du selbst!
line:cd18f73f	Been looking forward to this.	Darauf habe ich mich schon gefreut.
line:8f1fccf9	Being muddy is really fun up until it starts drying.	Schlammig zu sein macht Spaß, bis der Schlamm trocknet.
line:40783547	Berries.	Beeren.
line:59d4be6a	Berries.	Beeren.
line:61e781c1	Berries.	Beeren.
line:18ae08ef	Bet you had fun.	Ihr hattet bestimmt Spaß.
line:982fd3c7	big C...?	Den großen C...?
line:4b3f7c6a	Biology...? <size=70%> <i>I think?	Die Biologie...? <size=70%> <i>Glaube ich?
line:9be63f47	Bleh. Thank you for grabbing that.	Bäh. Danke fürs Abnehmen.
line:66957ed2	Blue...?	Ein blaues...?
line:a77c3afd	Both.	Beides.
line:78975048	Brrr! Cold water!	Brrr! Kaltes Wasser!
line:8487a2c4	Burnswick Community College of Thaumaturgy	Burnswick Community College für Thaumaturgie.
line:f75126de	But honestly you've helped me a lot.	Aber ehrlich, du hast mir sehr geholfen.
line:cab69268	But I already know I'm liking this a lot.	Aber ich weiß jetzt schon, dass mir das sehr gefällt.
line:d9534386	But I know the type... They tend to be big softies on the inside.	Aber ich kenne solche Typen... Im Innern sind sie meistens ganz weich.
line:f73ddfbc	But I think its time to get cleaned up.	Aber jetzt sollte ich mich wohl saubermachen lassen.
line:088ea4a7	But I'm hot shit, so I'll be fine.	Aber ich bin schließlich der Hammer. Wird schon.
line:c8f8bc22	But I'm only your washer?	Aber ich bin doch nur Ihr Wäscher?
line:dda0419b	But I'm sure I'd enjoy it with you!	Aber mit dir würde er mir bestimmt gefallen!
line:aa74448a	But not in this sized package, right??	Aber nicht an jemandem in meiner Größe, oder??
line:7d9ffc48	But nothing beats a large gulp!	Aber nichts geht über einen großen Schluck!
line:d1ec7684	But that is why I am here!	Aber dafür bin ich schließlich hier!
line:b0d9d1e5	But you're the teacher dragon.	Aber Sie sind doch der Lehrerdrache.
line:2d7e1ab6	But, at least I got to meet you!	Aber immerhin habe ich dich kennengelernt!
line:b7f46902	But, I think you've taught me something.	Aber ich glaube, Sie haben mir etwas beigebracht.
line:b1040415	By the stars! No no. You're excellent.	Bei den Sternen! Nein, nein. Sie sind ausgezeichnet.
line:3a88a2dd	By the way would you be mad if your partner made a mess at home?	Übrigens, wärst du sauer, wenn deine bessere Hälfte zu Hause eine Sauerei macht?
line:4199070f	Came in for another wash.	Bin für eine weitere Wäsche da.
line:105cd3e2	Can I ask you a question?	Darf ich dich etwas fragen?
line:535ee717	Can you repeat that?	Können Sie das wiederholen?
line:835e0c27	Can't sthpeak well.	Kann niff gut fprechen.
line:afa450c0	Come back whenever, Ryan.	Komm wieder, wann immer du möchtest, Ryan.
line:0cedfc3d	Conrad can go as long as he needs	Conrad hält so lange durch, wie er muss.
line:5462913f	conrad hooked up with ryan	Conrad ist mit Ryan zusammengekommen.
line:61cd33c5	conrad hooked up with ryan	Conrad ist mit Ryan zusammengekommen.
line:6a7610f3	conrad hooked up with ryan	Conrad ist mit Ryan zusammengekommen.
line:bac1ce29	conrad hooked up with ryan	Conrad ist mit Ryan zusammengekommen.
line:61c9b7ac	Conrad needs a cleaning, got a slot for 'im?	Conrad braucht eine Wäsche. Hast du einen Termin für ihn?
line:405b7ef1	Conrad needs a wash!	Conrad muss gewaschen werden!
line:803c8f0c	Conrad was talking about you during our date.	Conrad hat während unseres Dates über dich geredet.
line:f1787092	Conrad!	Conrad!
line:fd6c6213	Conrad!	Conrad!
line:484cd04d	Conrad...?	Conrad...?
line:5b0360ad	Conrad: Actually.. I mean..	Conrad: Eigentlich... Ich meine...
line:3ce891ff	Conrad: Conrad just enjoys himself	Conrad: Conrad hat einfach seinen Spaß.
line:fbe86c06	Conrad: Damn right!	Conrad: Verdammt richtig!
line:5660dc8b	Conrad: Don't worry about it!	Conrad: Mach dir keinen Kopf!
line:c050dbfc	Conrad: I do it all the time	Conrad: Ich mach das ständig.
line:cd3367da	Conrad: I want this to go well	Conrad: Ich will, dass das hier gut läuft.
line:194c1381	Conrad: I'm ready to blow	Conrad: Ich bin gleich so weit.
line:ce4d0fef	Conrad: Yea	Conrad: Ja.
line:42c70daa	Conrad: You feel good	Conrad: Du fühlst dich gut an.
line:3bc52918	Conrad: You having a good time?	Conrad: Gefällt's dir?
line:be0e51af	Cool.	Cool bin.
line:88c36bc7	Could do that, then get a hotel room... Hmm.	Wir könnten erst dorthin und dann ein Hotelzimmer nehmen... Hm.
line:b99e1503	Could you ask <i>me</i> a question?	Könnten Sie <i>mir</i> eine Frage stellen?
line:12bf5baf	Could you get the gate...?	Könnten Sie das Tor öffnen...?
line:3a6afae1	Could you go get the gate?	Kannst du das Tor aufmachen?
line:9f49d9d4	Could you wash it away?	Kannst du sie abspülen?
line:7661a0e9	D'aw... thanks.	Ach... Danke.
line:59bc5840	Damn right I do!	Aber so was von!
line:64889395	Damn right!	Verdammt, ja!
line:95aa0bf4	Damn right!	Und ob!
line:db592d76	Damn right!	Verdammt, ja!
line:0fcf9908	Damn right.	Aber sicher.
line:b964c99b	Damn shame then. Better change that.	Verdammt schade. Solltest du ändern.
line:c6955ecc	Damn, you know how to use your hands.	Verdammt, du kannst mit deinen Händen umgehen.
line:eaf45022	Damn, you know how to use your hands.	Verdammt, du kannst mit deinen Händen umgehen.
line:684fb29a	Damn... Always feels good.	Verdammt... Fühlt sich immer gut an.
line:7023cc94	DATE NIGHT!	ZEIT FÜRS DATE!
line:c71df70b	Date night!	Zeit fürs Date!
line:b57cc8ad	Depends	Kommt drauf an.
line:07bd7f57	Did you do your uh...	Hast du heute deine, äh...
line:4f38655d	Do I look like I'm okay?	Sehe ich aus, als ginge es mir gut?
line:8147156a	Do it!	Tu's!
line:9ab6ddfb	Do you also do "special endings" here?	Gibt's hier auch ein Happy End?
line:4c90479c	Do you ask because I'm lavender?	Fragen Sie wegen meiner lavendelfarbenen Schuppen?
line:3020c97c	Do you believe I am attractive?	Finden Sie mich attraktiv?
line:c5e71850	Do you even need a wash?	Brauchst du überhaupt eine Wäsche?
line:1810e75f	Do you have any advice?	Hast du einen Rat?
line:6be807b5	Do you have any plans with ryan?	Hast du schon Pläne mit Ryan?
line:a0cf6cae	Do you know any cool places, people, I could hang around?	Kennst du coole Orte oder Leute, mit denen man was unternehmen kann?
line:412ba249	Do you know any good bars?	Kennst du gute Bars?
line:28ec716a	Do you know anyone I could talk to? Y'know... about relationship stuffs?	Kennst du jemanden, mit dem ich reden könnte? Also... über Beziehungssachen?
line:21c0526b	Do you like being big?	Sind Sie gerne groß?
line:daa040eb	Do you like purple?	Mögen Sie Lila?
line:ef052302	Do you like purple?	Mögen Sie Lila?
line:d5ed3582	Do you make big dragons, <size=60%>like me, <size=100%>cum here?	Bringt ihr große Drachen, <size=60%>so wie mich, <size=100%>hier zum Abspritzen?
line:ec64a696	Do you mind double checking if I'm clean?	Kannst du noch mal nachsehen, ob ich sauber bin?
line:647187f1	Do you want to say what happened...?	Magst du erzählen, was passiert ist...?
line:807df02d	Do you want to use it?	Möchten Sie ihn benutzen?
line:5c42b85a	Doesn't mean I need to yell at you.	Deshalb muss ich dich nicht anschreien.
line:eefa8ae2	Don't be sorry! Get a mount!	Nicht entschuldigen! Einen Bock besorgen!
line:dd0f7b1d	Don't worry, dragons are made to eat anything.	Keine Sorge, Drachen können alles fressen.
line:b90b01a9	Don't worry, he's real nice.	Keine Sorge, er ist wirklich nett.
line:7de2a81c	Don't worry. I will.	Keine Sorge, mache ich.
line:c29d4071	Don't... make it sound like that.	Lass es doch nicht... so klingen.
line:31bdd33c	Dont talk with your mouth full	Nicht mit vollem Mund reden.
line:8ee41fdc	Dragon history is complex. Ornamental crest <size=85%> are often <size=70%> worn by dragons to <size=55%>signify what family they belong to! <size=40%> It's an interesting mark of their culutral <size=35%> and familial heritage. I've often wondered if I should continue to wear mine. <size=20%> But culutural and familiar ties are considered important within the lore of dragons! so I must adhere to such things. <size=10%> Water. Earth. Fire. Air. Long ago, the four nations lived together in harmony. Then everything changed when the Fire Nation attacked.	Die Geschichte der Drachen ist komplex. Solche Wappen <size=85%> tragen Drachen <size=70%> häufig, um <size=55%>ihre Familienzugehörigkeit zu zeigen! <size=40%> Ein interessantes Zeichen ihres kulturellen <size=35%> und familiären Erbes. Ich habe mich oft gefragt, ob ich meines weiterhin tragen sollte. <size=20%> Doch kulturelle und familiäre Bindungen gelten in der Überlieferung der Drachen als wichtig! Daher muss ich mich danach richten. <size=10%> Wasser. Erde. Feuer. Luft. Vor langer Zeit lebten die vier Nationen in Harmonie zusammen. Doch dann erklärte die Feuernation den Krieg, und alles änderte sich.
line:0a0e6773	Dragon stomachs are a bit more... robust than yours.	Drachenmägen sind etwas... widerstandsfähiger als deiner.
line:7e352505	Dragons of the galaxy 2	Drachen der Galaxis 2
line:c2c659d1	Eep!	Iep!
line:0bd1699e	Ehh..	Äh...
line:43dd32f5	Er... That's not-	Äh... Das ist nicht...
line:93b60dce	Even so. Not this time	Trotzdem. Diesmal nicht.
line:573d9362	Even though you were just doing your job... I think it helped him a lot.	Auch wenn du nur deine Arbeit gemacht hast... Es hat ihm sehr geholfen.
line:a2ba222e	Evening. This establishment takes walk ins, correct?	Guten Abend. Kann man Ihr Etablissement ohne Termin aufsuchen?
line:f98c3b6c	Every ending here is special!	Bei uns ist jedes Ende besonders!
line:bfeaec15	Every self respecting wizard has a phoenix feather handy.	Jeder vernünftige Magier hat eine Phönixfeder griffbereit.
line:57df700d	Everyone's gaze carries an immense weight.	Die Blicke aller anderen lasten so schwer auf mir.
line:9ad8d2dd	Excellent!	Großartig!
line:0c997163	Excellent.	Ausgezeichnet.
line:1976bc60	Excellent. Then make sure to go greet your customer at the window.	Ausgezeichnet. Begrüßen Sie Ihren Kunden dann bitte am Fenster.
line:7bbe7ee3	Expectations are laaaame.	Erwartungen sind so ääätzend.
line:f99eb2ff	Ey! The mount! Fuck yeah.	Hey! Der Bock! Fuck, ja.
line:d376acb9	Ey, so. Was thinkin'	Hey, ich hab mir überlegt...
line:85ec0862	Ey, sorry for coming in late.	Hey, sorry, dass ich so spät komme.
line:12e8ae42	Ey, Use your hands on my cock- it feels good!	Hey, bearbeite meinen Schwanz mit den Händen. Das ist geil!
line:271a3846	Fair enough. I'll be waiting!	Verstanden. Ich warte!
line:4789095b	Fair enough. You two do seem cute together.	Verstehe. Ihr passt wirklich gut zusammen.
line:f5b37855	Felt good sliding down though!	Aber das Runterrutschen war schön!
line:274367d7	Figured I'd bring in something nice after all you've done.	Nach allem, was du getan hast, wollte ich dir etwas Gutes tun.
line:aae8afca	Fine with me!	Für mich ist das in Ordnung!
line:e98616be	For you!	Für dich!
line:62a82aba	Found this one gryphon. About my size...	Habe einen Greif kennengelernt. Ungefähr so groß wie ich...
line:807fdc76	From what I've heard he sounds like he's improved a lot recently, yeah?	Was man so hört, scheint er sich zuletzt sehr gebessert zu haben, oder?
line:803bf378	Fuck man, I'm so pumped.	Scheiße, Mann, ich freue mich so.
line:f2418086	Fuck no! Shit's embarrassing.	Fuck, nein! Das ist peinlich.
line:a7ca3ca8	Fuck something and then get a handjob hopefully.	Was zu ficken und hoffentlich danach einen runtergeholt zu kriegen.
line:203bce10	Fuuuck. You really know how to work a dragon!	Fuuuck. Du weißt wirklich, wie man einen Drachen verwöhnt!
line:f7f9b0db	G'day mate!	Moin, Kumpel!
line:664c994e	Gave me time to think.	Mir Zeit zum Nachdenken gegeben.
line:1d9b3531	Get a handjob and fuck this mount.	Einen runtergeholt zu kriegen und diesen Bock zu ficken.
line:48afdce4	Give it to me!	Gib's mir!
line:9df043ad	Give me a bit	Gib mir noch einen Moment.
line:e5c7f64a	Glad I'm here to remind you then.	Gut, dass ich dich daran erinnere.
line:354170aa	Go for it!	Nur zu!
line:2d0b6b06	Goin' downtown tonight. Needed to be spotless. Say...	Ich gehe heute in die Innenstadt. Muss blitzblank sein. Sag mal...
line:dcb506d2	Good as!	Prima!
line:bcbc6373	Good evening!	Guten Abend!
line:607a5c47	Good, I can't be having the Burnswick Community College of Thaumaturgy know that their best professor Alexander has caused another incident.	Gut. Das Burnswick Community College für Thaumaturgie darf keinesfalls erfahren, dass sein bester Professor Alexander wieder einen Zwischenfall verursacht hat.
line:12b72085	Good, you better. If I come back and there isn't one...	Gut, wehe wenn nicht. Wenn ich wiederkomme und keiner da ist...
line:2c851dad	Good.	Gut.
line:2712436c	Good. 'Aight, let me out.	Gut. Dann lass mich raus.
line:bab51ada	Good... That'd be correct.	Gut... Ja, das trifft es.
line:44f2b8cf	Goodbye!	Auf Wiedersehen!
line:a8e6ac2a	Goodness, thanks to you I have a chance at redeeming this situation.	Gütiger Himmel, dank Ihnen lässt sich die Situation vielleicht noch retten.
line:745c3c12	Gosh!	Meine Güte!
line:6b5c6564	Gotta <i>practice</i> for Ryan if you catch what I mean.	Muss für Ryan <i>üben</i>, wenn du verstehst, was ich meine.
line:e3cef2bc	Gotta make sure you're spotless!	Du musst schließlich blitzblank sein!
line:b01b2159	Great, so uh,	Super, also, äh,
line:43c94954	Grouse as! Excited to see you work!	Sau gut! Bin gespannt, was du draufhast!
line:9de16ee9	Ha!	Ha!
line:88d7e1e2	Haah. This is the best fuckin' wash.	Haah. Das ist die verdammt beste Waschanlage.
line:cc6e7856	Hah! There's the mount!	Ha! Da ist der Bock!
line:90dd6d9d	Hah, eager as always.	Ha, so begeistert wie immer.
line:9542e7a6	Hah, good. Let's break this thing in!	Ha, gut. Weihen wir es ein!
line:fe21109b	Hah, he seems like the wild type.	Ha, er wirkt tatsächlich wie ein wilder Bursche.
line:e8bc1d95	Hah, I imagine it would be.	Ha, das kann ich mir vorstellen.
line:acbf628d	Hah, it is a motivator.	Ha, das ist durchaus ein Anreiz.
line:65b23418	Hah, okay. I'm game.	Ha, okay. Da bin ich dabei.
line:058d9d5c	Hah, yeah. Conrad is definitely experienced...	Ha, ja. Conrad hat eindeutig Erfahrung...
line:8b878971	Hah, yeah. He sounds fun.	Ha, ja. Mit ihm hat man bestimmt Spaß.
line:e3ed51d9	Hah. Conrad, you look good too.	Ha. Du siehst auch gut aus, Conrad.
line:f8b2e23b	Hah. Fine.	Ha. Gut.
line:ea23c5f9	Hah. If only there was a kobold that could clean me.	Ha. Wenn's hier doch nur einen Kobold gäbe, der mich sauber machen könnte.
line:c9bb2a93	Hah. Yeah. <size=70%><i>It's cool that you learn to jerk off dragons in cleaning school...	Ha. Ja. <size=70%><i>Cool, dass man in der Wäscherschule lernt, Drachen einen runterzuholen...
line:50a559bb	Hah... <size=70%> yeah.	Ha... <size=70%> Ja.
line:4d4d9986	Hah... Gonna jerk me off now? That's fine.	Ha... Holst du mir jetzt einen runter? Geht klar.
line:4e920759	Hah... Yeah I'm excited.	Ha... Ja, ich bin gespannt.
line:b36365ce	Hah... Yeah...	Ha... Ja...
line:b8724c64	Hah... you do like that noise.	Ha... Das Geräusch magst du wirklich.
line:c8cde395	Haha, 'Yip' indeed.	Haha, „Yip“, in der Tat.
line:680991cf	Haha, yes. Happy to see you.	Haha, ja. Ich freue mich, Sie zu sehen.
line:4c27b031	Haha, you certainly are!	Haha, das bist du allerdings!
line:c3a2e14e	Haha, you certainly are!	Haha, das bist du allerdings!
line:9ec40945	Haha. 'Yip' to you too.	Haha. Dir auch ein „Yip“.
line:5e91e0a7	Haha... Yeah. I'm not really used to complimenting.	Haha... Ja. Bin Komplimente nicht so gewohnt.
line:44689f21	Happy to be back.	Ich bin gerne wieder hier.
line:2672f65d	Happy to be here.	Schön, hier zu sein.
line:192fcb8e	Happy to get it off.	Bin froh, ihn loszuwerden.
line:3517b28e	Have a productive day.	Ich wünsche einen produktiven Tag.
line:7c1adc57	He called me, we met up. He's really damn nice.	Er hat mich angerufen, wir haben uns getroffen. Er ist verdammt nett.
line:e71f9a0b	HE DIED!?	ER IST GESTORBEN?!
line:ed6c9afb	He hadn't been... Well, cared about in a long time from what I could gather.	So wie ich es verstanden habe, hat sich schon lange... niemand um ihn gekümmert.
line:de25de6e	He just... Knew what to say to snap me out of all that.	Er wusste einfach... genau, was er sagen musste, um mich da rauszuholen.
line:a035a3fd	He prefers 'vertically challenged'... But yes.	Er bevorzugt „vertikal benachteiligt“... Aber ja.
line:04b29e42	He really is.	Das ist er wirklich.
line:c7e1b369	He really is.	Das ist er wirklich.
line:c64bd5ce	He said I was chill, we planned a date...	Er meinte, mit mir wäre es entspannt. Wir haben ein Date ausgemacht...
line:e8a91447	He's a lot. But, I like it.	Er ist nicht ganz einfach. Aber gerade das mag ich.
line:a7181b1a	He's a red dragon. I think you two would like eachother!	Ein roter Drache. Ich glaube, ihr würdet euch mögen!
line:8245fe2b	He's already back to work. Thanks for helping with all that.	Er arbeitet bereits wieder. Danke für Ihre Hilfe dabei.
line:aaea8391	He's been way nicer recently.	Er ist in letzter Zeit viel netter geworden.
line:7363c004	He's great.	Er ist toll.
line:c13d4e24	He's hot.	Er ist heiß.
line:675d7e37	He's like. SUPER hung.	Er ist, also... ENORM bestückt.
line:7deb9fff	He's like... a big softy surrounded by sharp pointy bits.	Er ist wie... ein ganz weicher Kern, umgeben von scharfen Stacheln.
line:800c553d	He's my dream dragon.	Er ist mein Traumdrache.
line:4b3c70d9	He's snappy, but tender too!	Er kann bissig sein, aber auch zärtlich!
line:31281c6d	He's this REALLY cute red drake who goes to the wash!	Ein WIRKLICH süßer roter Drache, der hier zum Waschen herkommt!
line:4c11c83e	He's tiny, I like being eye level with him.	Er ist klein. Ich mag es, mit ihm auf Augenhöhe zu sein.
line:b9ce2f3c	He's... Considerate. Real understanding too.	Er ist... aufmerksam. Und verständnisvoll.
line:8e9e0f98	Heard about you and the big blue guy. Ryan was it?	Hab von dir und dem großen Blauen gehört. Ryan, oder?
line:ca4a9672	Heeeey Ryan.	Heeey, Ryan.
line:24ce37ec	Heeeey.	Heeey.
line:bb70c1ed	Heh. Yeah.	Hehe. Ja.
line:3fa80829	Heh. Yeah. I like you too.	Hehe. Ja. Ich mag dich auch.
line:20393ff6	Heh. Yeah. That's me.	Hehe. Ja, der bin ich.
line:ac769d93	heh.. yea.. sorry..	Heh... Ja... Tut mir leid..
line:5246ceea	Heh... alright.	Hehe... Na gut.
line:75fef5cb	Heh... Damn right.	Hehe... Genau.
line:5f0edcb2	Heh... Handsy today, huh?	Hehe... Heute kannst du die Hände nicht bei dir behalten, was?
line:2f55b3aa	Hehe	Hehe.
line:7e991330	Hehe yeah.	Hehe, ja.
line:3223473f	Hehe, I'm excited to get into the dating scene again.	Hehe, ich freue mich, wieder Dates zu haben.
line:4a137220	Hehe, thanks. It has stuff that should be good for both of us.	Hehe, danke. Da sind Sachen drin, die uns beiden schmecken dürften.
line:1a3e2a73	Hell yea	Aber so was von!
line:93f67490	Hell yeah	Oh ja!
line:389e4033	Hell yeah I did!	Und wie!
line:17dbb9b7	Hell yeah.	Oh ja, Mann.
line:4b7b33d9	Hello!	Hallo!
line:c3d3da41	Hello!	Hallo!
line:4183ca7e	Hello, <i>'Drag'n wash franchise 223'...</i> Have you figured out how to interact yet?	Hallo, <i>„Drag'n'wash-Filiale 223“...</i> Haben Sie schon herausgefunden, wie die Bedienung funktioniert?
line:a99c515c	Hello, <i>'Drag'n wash franchise 223'...</i> Have you spoken to your first customer yet?	Hallo, <i>„Drag'n'wash-Filiale 223“...</i> Haben Sie Ihren ersten Kunden bereits angesprochen?
line:b7cce838	Hello.	Hallo.
line:a8779ebf	Hello?	Hallo? Jemand da?
line:dd4b34ae	Hello?	Hallo? Jemand da?
line:1954aab7	Help the developers out please..	Bitte hilf den Entwicklern weiter...
line:db9c3a5c	Help the developers out please..	Bitte hilf den Entwicklern weiter...
line:f7f7f5a1	Help the developers out please..	Bitte hilf den Entwicklern weiter...
line:fc461784	Help the developers out please..	Bitte hilf den Entwicklern weiter...
line:ee3398a6	Hey big guy.	Hey, Großer.
line:0090c7b0	Hey Conrad!	Hey, Conrad!
line:3d0a5aeb	Hey Conrad!	Hey, Conrad!
line:a2b4acea	Hey conrad!	Hallo, Conrad!
line:975a629f	Hey Conrad.	Hey, Conrad.
line:21235886	Hey could you come up front where I can see you?	Hey, kannst du nach vorne kommen, damit ich dich sehe?
line:533532c4	Hey fine by me!	Hey, mir soll's recht sein!
line:1538bc7e	Hey good lookin'	Hey, Hübscher.
line:0121c874	Hey hey. Glad you're open.	Hey, hey. Schön, dass du offen hast.
line:71b651dd	Hey I have something to say!	Hey, ich wollte dir was sagen!
line:0d4e0ecf	Hey kobold!	Hey, Kobold!
line:af3f02c9	Hey Ryan, what do you have there?	Hey, Ryan, was bringst du mit?
line:6374414d	Hey thanks for being here for me...	Hey, danke, dass du für mich da bist...
line:bf5ff483	Hey there, happy to be back.	Hey, schön, wieder hier zu sein.
line:c38b7fa6	Hey there, Ryan!	Hallo, lieber Ryan!
line:2d5fc8a2	Hey there- Maybe you can get 'hands on' later?	Du, vielleicht heben wir uns die „Handarbeit“ für später auf?
line:1b6c7f75	Hey there.	Seien Sie gegrüßt.
line:5dacf226	Hey there.	Guten Tag.
line:82698bd1	Hey there.	Seien Sie gegrüßt.
line:ab3a5d9c	Hey there.	Hey.
line:3d2bc74e	Hey uh, do you think Ryan and I will <i>actually</i> work out?	Du, äh, glaubst du, dass es mit Ryan und mir <i>wirklich</i> klappt?
line:04501155	Hey uh, I just need a cleaning.	Hey, äh, ich brauch nur eine Wäsche.
line:2a29842a	Hey uh... Not now.	Hey, äh... Jetzt nicht.
line:8caa3196	Hey uhm, thanks once again.	Du, ähm, noch mal danke.
line:5c7a9105	Hey!	Hey!
line:eed2cc64	Hey!	Hey!
line:2f3f5508	Hey! He's just... 'vertically challenged'.	Hey! Er ist nur... „vertikal benachteiligt“.
line:55bb78d1	Hey! I'm here for a wash.	Hey! Ich bin zum Waschen da.
line:33480903	Hey, Alexander!	Hallo, Alexander!
line:21fcef4f	Hey, Alexander.	Hallo, Alexander.
line:14598ca6	Hey, big guy!	Hallo, Großer!
line:e7353d24	Hey, I've got a question for you.	Hey, ich wollte dich was fragen.
line:674877e5	Hey, nothin' wrong with asking!	Hey, fragen wird man wohl dürfen!
line:d2589856	Hey, welcome back!	Hallo, schön, dass Sie wieder da sind!
line:0d3e4054	Hey.	Hey.
line:aa0dda7b	Hey.	Du.
line:7f2e2736	Hey... little guy!	Hey... Kleiner!
line:933efa6d	Hi again!	Da bin ich wieder!
line:873a2b9a	Hi again..	Hallo noch mal..
line:83ac5b68	Hi Conrad.	Hi, Conrad.
line:050efd1a	Hi, Ryan!	Hallo, Ryan!
line:06ed6aea	Hiiiii! Hiii!	Haaallo! Hi!
line:5a632b75	His physical form is currently reconstituting in the staff lounge.	Sein Körper setzt sich derzeit im Aufenthaltsraum des Personals wieder zusammen.
line:6bd91ca7	Hm, I think I'll pass on the mount.	Hm, auf den Bock verzichte ich wohl.
line:370d719b	Hm?	Hm?
line:3c3ddd0c	Hm?	Hm?
line:44658d73	Hmm...	Hm...
line:bf059ff3	Hmm...	Hm...
line:730b1ca4	Hmm?	Hmm?
line:fc571337	Hmmm, maybe something else?	Hm, vielleicht lieber etwas anderes?
line:19207e44	Hold on a little longer for me?	Halten Sie noch ein bisschen für mich durch?
line:f2ae89c4	Honestly, I'm surprised how nice this is.	Ehrlich gesagt hätte ich nicht gedacht, dass das so angenehm ist.
line:a2ff0176	Hope it went well.	Hoffe, es lief gut.
line:b17360a0	Hope that's alright?	Ist das hoffentlich okay?
line:ae08853f	Hope you're doing alright!	Ich hoffe, es geht Ihnen gut!
line:e1fa2461	Hopefully! I'll go get the gate.	Hoffentlich! Ich öffne das Tor.
line:99931b37	Hopefully.	Hoffentlich jedenfalls.
line:d9c91bca	How about you though? have you been seeing anyone?	Wie ist es bei dir? Triffst du dich mit jemandem?
line:4ec92454	How about you? Anyone exciting?	Und bei dir? Jemand Interessantes?
line:86bde306	How are you with seafood?	Wie stehst du zu Meeresfrüchten?
line:7fb611c9	How come you brought this all in?	Warum hast du das alles mitgebracht?
line:af0d0972	How come you're covered in ink?	Wie kommt die ganze Tinte auf Sie?
line:e385b7f3	How did it go?	Wie ist es gelaufen?
line:c0161bbc	How did it taste?	Wie hat sie geschmeckt?
line:262b262e	how do I get in?	Wie komme ich rein?
line:676b0638	how do I get in?	Wie komme ich rein?
line:8308bb09	How do I look?	Wie sehe ich aus?
line:4f172746	How do you even digest that?	Wie kannst du das überhaupt verdauen?
line:28d390ac	How so?	Inwiefern?
line:4ef9fe65	How so?	Inwiefern?
line:ea66b5af	How so?	Inwiefern?
line:4b29790b	How was the sex.	Wie war der Sex?
line:7736270c	How was your date with Conrad?	Wie war dein Date mit Conrad?
line:18d418ab	However, it's ornamental! My family crest. You see...	Dabei ist es nur Schmuck! Unser Familienwappen. Wissen Sie...
line:1f250062	However, My <i>image</i> is far more permanent than Igwyx's fleeting physical forms.	Allerdings ist mein <i>Ansehen</i> weit beständiger als Igwyx' vergängliche körperliche Gestalten.
line:ae34381b	However, that respect comes with an expectation to act as I look. It's incredibly stressful.	Doch dazu kommt die Erwartung, meinem Erscheinungsbild gerecht zu werden. Das ist äußerst belastend.
line:d2baf9e2	However...	Allerdings...
line:fb8401c3	Huff...	Huff...
line:b54ee04d	huff... Thank you for that.	Puh... Danke dafür.
line:16420ca7	Huff... Thanks for that.	Puh... Danke dafür.
line:45507089	Huff... That was nice... Made a bit of a mess though.	Puh... Das war schön... Gab aber ein bisschen Sauerei.
line:ae83cfb6	huh...?	Hä...?
line:0c78b56b	Huh?	Hä?
line:e96114a2	Huh? ofcourse not!	Hä? Natürlich nicht!
line:836c079c	I <i>think </i> I must've spilled an inkwell <i>on the way here</i>. Rather clumsy of me!	Ich <i>glaube, </i> ich habe <i>auf dem Weg hierher</i> ein Tintenfass umgestoßen. Ungeschickt von mir!
line:d37175c7	I act tough but am a small dragon...	Ich tu hart, aber ich bin ein kleiner Drache...
line:b4e27683	I agree	Finde ich auch.
line:68ebf07b	I allowed him, as my stature provides ample height.	Ich erlaubte es ihm, da meine Statur ausreichend Höhe bietet.
line:a051821a	I already feel a lot better.	Mir geht's schon viel besser.
line:49bfbfbe	I already have spot at the club reserved.	Im Club habe ich schon reserviert.
line:14ff4edd	I always do~	Mach ich immer~
line:b05c6259	I always look forward to seeing you. I'll go get the gate.	Ich freue mich immer auf dich. Ich mache das Tor auf.
line:52bf5ede	I am THE kobold. Yip!	Ich bin DER Kobold. Yip!
line:141c006f	I am too.	Ich freue mich auch schon.
line:363f6f6a	I am too.	Ich mich auch.
line:405b9622	I am too.	Ich mich auch.
line:d4c5faea	I am too.	Mich auch.
line:556897bf	I am! Even better now that you're here.	Ja! Und jetzt, wo Sie da sind, noch besser.
line:e499b2cc	I am.	Ja, das bin ich.
line:5ec8bb55	I believe that's in part because of you.	Und ich glaube, das liegt zum Teil an Ihnen.
line:9883786d	I booked the night.	Ich hab für die ganze Nacht gebucht.
line:eae85bf9	I broke up with my partner...	Ich habe mich von meiner Partnerin getrennt...
line:ffcfee20	I brought watermelon, bread, grapes, and some other stuff.	Ich habe Wassermelone, Brot, Trauben und ein paar andere Sachen mitgebracht.
line:e8aa18f4	I can digest pretty much anything.	Ich kann so ziemlich alles verdauen.
line:7f543c2a	I can let loose whenever you are ready	Ich kann kommen, sobald du so weit bist.
line:c83a6a0d	I can't believe Igwix would make a mistake like this!	Ich kann nicht glauben, dass Igwix so einen Fehler gemacht hat!
line:e051a79e	I consider you a good friend too	Für mich bist du auch ein guter Freund.
line:f382336f	I could get us the <i>nicest</i> spots for their show.	Ich könnte uns die <i>besten</i> Plätze für die Show besorgen.
line:2602b8c6	I could use a wash.	Eine Wäsche wäre nicht schlecht.
line:c66153d3	I couldn't help but notice the... device over there.	Mir ist da dieses... Gerät aufgefallen.
line:b71f0756	I decided to try baking.	Ich habe mich am Backen versucht.
line:e62b989c	I decided to try baking.	Ich habe mich am Backen versucht.
line:efea7148	I decided to try baking.	Ich habe mich am Backen versucht.
line:98f800d3	I didn't know anyone could like me that much so easily.	Ich wusste nicht, dass mich jemand so einfach so sehr mögen könnte.
line:4116f001	I didn't know what the button did.	Ich wusste nicht, was der Knopf macht.
line:7a5c7f54	I didn't mean to fluster you!	Ich wollte dich nicht verlegen machen!
line:55542a9b	I do enjoy the color. Though I believe its unrelated to my own hue.	Die Farbe gefällt mir tatsächlich. Wohl unabhängig von meiner eigenen Färbung.
line:f9c800f2	I do!	Ja, das tue ich!
line:ad9c1ada	I do. But, what happened?	Hab ich. Aber was ist passiert?
line:a45ccf3a	I don't believe I can hold back any longer	Ich glaube nicht, dass ich mich noch länger zurückhalten kann.
line:8c6e1cd3	I don't get it! Why do I have to act this way?	Ich versteh's nicht! Warum benehme ich mich so?
line:cc4e48a3	I don't know where they went but I feel dirty again.	Ich weiß nicht, wo der Alchemist abgeblieben ist, aber ich fühle mich wieder schmutzig.
line:71127249	I don't mean to be rude, but I must decline	Ich möchte nicht unhöflich sein, aber ich muss ablehnen.
line:f5696cc4	I don't need to tell you.	Muss ich dir nicht erzählen.
line:878fc94c	I don't understand..	Ich verstehe das nicht..
line:4f3d31f8	I don't want your pitty!	Ich brauche dein Mitleid nicht!
line:8fc36ab7	I enjoy being a part of so many individuals lives in a positive way.	Es freut mich, so viele Leben positiv beeinflussen zu können.
line:14653182	I enjoy parts of it. The respect is pleasant...	Manches daran gefällt mir. Der Respekt ist angenehm...
line:bd4bb1b9	I enjoy that I do not fear failure around you.	Mir gefällt, dass ich in Ihrer Gegenwart keine Angst vor Fehlern habe.
line:c108ed4f	I enjoy when you tell me what to do with a pat of your hand.	Ich mag es, wenn Sie mir mit einem Klaps sagen, was ich tun soll.
line:6db406b4	I enjoyed this quite a lot.	Das hat mir außerordentlich gefallen.
line:e838533b	I feel as I could say anything to you.	Ich habe das Gefühl, Ihnen alles sagen zu können.
line:9b9567ec	I feel much better.	Mir geht es viel besser.
line:ed6be68f	I feel spotless as always.	Wie immer blitzsauber.
line:938be2fb	I forget the ignorance of a layman. I apologize.	Ich vergesse immer, wie wenig Laien darüber wissen. Verzeihen Sie.
line:63837f22	I forgot to bite into it so... Nothing?	Ich hab vergessen reinzubeißen, also... nach nichts?
line:fe3484ea	I get how you'd feel that way after a breakup, yeah.	Ja, nach einer Trennung kann ich das gut verstehen.
line:adf1550f	I give my other bipedal friends rides all the time.	Meine anderen zweibeinigen Freunde nehme ich ständig mit.
line:9a68366f	I got a mount.	Ich habe jetzt einen Bock.
line:78a54cae	I got back home a bit dirty. And she yelled at me.	Ich kam etwas schmutzig heim. Da hat sie mich angeschrien.
line:22a9094a	I guess so!	Sieht so aus!
line:28d6c0aa	I hate that I'm always getting into situations like this.	Ich hasse es, dass ich immer in so was gerate.
line:366a7f73	I have a question.	Ich habe eine Frage.
line:82b63c18	I have something to say!	Ich möchte etwas sagen!
line:fd68807c	I have to say, you did as good a job as private washers.	Ich muss sagen, Sie arbeiten ebenso gründlich wie meine privaten Wäscher.
line:761f413a	I heard a loud bang	Ich habe einen lauten Knall gehört.
line:9d7cc63c	I heard a loud bang, I don't think Igwix made it.	Dann gab es einen lauten Knall. Ich glaube nicht, dass Igwix es überlebt hat.
line:7ede5030	I heard there was kobolds down here that could wash me up?	Ich habe gehört, hier unten gibt es Kobolde, die mich waschen können?
line:efb2d4af	I heard there were kobolds down here that could wash me up?	Mir wurde gesagt, hier unten gibt's Kobolde, die mich waschen können?
line:2f9b499a	I honestly don't know how you are doing that.	Ich hab echt keine Ahnung, wie du das schaffst.
line:6f5dbc90	I hope he's okay too.	Das hoffe ich auch.
line:cd0197ed	I hope I can learn from that.	Hoffentlich kann ich mir da was abschauen.
line:cf50dbcc	I hope it all works out.	Hoffentlich klappt alles.
line:b2dfad3e	I hope so.	Hoffentlich.
line:0477b0d7	I hope so. I really want a fresh start with someone.	Hoffentlich. Ich will wirklich mit jemandem neu anfangen.
line:7429dab7	I hope that you'll help me prove them wrong!	Ich hoffe, du hilfst mir, das Gegenteil zu beweisen!
line:be5feb3e	I hope things get better.	Hoffentlich wird alles besser.
line:114ac9a0	I hope you're right.	Hoffentlich hast du recht.
line:06744c7e	I just don't like that she takes it out on me.	Ich mag nur nicht, dass sie es an mir auslässt.
line:1fb02179	I just don't like that she takes it out on me.	Ich mag nur nicht, dass sie es an mir auslässt.
line:c8a1e7d0	I Just need a quick wash... Maybe the mount would be nice too.	Ich brauche nur eine schnelle Wäsche... Vielleicht wäre der Bock auch nett.
line:95ff1bed	I just wish for you to ask me a question. Any question.	Ich möchte einfach, dass Sie mich etwas fragen. Ganz gleich, was.
line:f716a163	I knew you were too busy, so I figured I'd bring the date to you!	Ich wusste, dass du zu viel zu tun hast. Also dachte ich, ich bringe das Date zu dir!
line:2461773d	I knew you'd have my back	Ich wusste, dass du zu mir hältst.
line:6a671440	I know a decent equine-kin place by the pier.	Ich kenne ein gutes Restaurant der Pferdeleute beim Pier.
line:50102b85	I know he can be a bit hot headed and forget to thank folks.	Ich weiß, dass er manchmal aufbrausend ist und das Danken vergisst.
line:83c55e2e	I know things can be tough.	Ich weiß, manchmal ist es schwer.
line:2ffb026d	I know you need to close down shop. I'll make sure you get the address and we can meet up there, yeah?	Ich weiß, du musst noch zumachen. Ich schicke dir die Adresse, dann treffen wir uns dort, ja?
line:ded99a0c	I know, I'll reserve your spot!	Ich weiß, ich halte dir einen Platz frei!
line:59e503b2	I know. But the ability to open up to someone, even occasionally-	Ich weiß. Aber sich jemandem anvertrauen zu können, selbst gelegentlich...
line:d30ffec9	I know. I know I shouldn't be dumping this on you.	Ich weiß. Ich sollte dich nicht damit belasten.
line:875048ca	I know. I know.	Ich weiß, ich weiß.
line:7b59e4d6	I like how sure of yourself you are. Even if it just has to do with washing.	Mir gefällt Ihre Selbstsicherheit. Selbst wenn es nur ums Waschen geht.
line:46061aae	I like it! I think you'd enjoy it too.	Mir gefällt es! Dir bestimmt auch.
line:f4ad8ea6	I like taking care of you.	Ich kümmere mich gerne um Sie.
line:8ffedb47	I like the mount you chose. Mind grabbing it?	Der Bock gefällt mir. Holst du ihn?
line:5c86951f	I like you a lot.	Ich mag dich wirklich sehr.
line:a91980fc	I like you for who you are.	Ich mag Sie so, wie Sie sind.
line:bdca3e1b	I like... him.	Ich mag... ihn.
line:2b65bf83	I love bubbles, they tickle!	Ich liebe Seifenblasen, sie kitzeln!
line:f8a4f404	I mean it. Really.	Ich meine das ernst. Wirklich.
line:ae719afc	I need to be better. I <i>want </i>to be better.	Ich muss mich bessern. Ich <i>will </i>mich bessern.
line:a0373456	I need to be spotless. Seems that's what you're for. <size=70%> Ha.	Ich muss blitzblank werden. Dafür seid ihr doch da. <size=70%> Ha.
line:3da2dd1d	I never expected myself to confide such embarrassing things in someone.	Ich hätte nie gedacht, dass ich jemandem so peinliche Dinge anvertrauen würde.
line:0c986dec	I never expected you to be the type to be so messy!	Ich hätte nie gedacht, dass Sie sich so schmutzig machen!
line:95db900b	I never miss a spot.	Ich lasse keine Stelle aus.
line:d620d41a	I never thought someone like him would be my type...	Hätte nie gedacht, dass jemand wie er mein Typ wäre...
line:67592de1	I probably need to head out though.	Aber ich sollte langsam los.
line:e41c6dc5	I really do hope it all works out!	Ich wünsche euch echt, dass es klappt!
line:a722aada	I really think it was this time...	Ich glaube, diesmal war ich wirklich schuld...
line:e80e5edd	I see what you're doing, thank you.	Ich verstehe, worauf Sie hinauswollen. Vielen Dank.
line:cc6ec337	I see..	Verstehe..
line:d57520b1	I seem to have gotten myself covered in ink!	Offenbar habe ich mich vollständig mit Tinte beschmiert!
line:3b161cf3	I still need more!	Ich brauche noch mehr!
line:47dc71f3	I suppose I understand disliking the mess it may cause.	Ich kann verstehen, dass man den Schmutz nicht mag, den er verursacht.
line:234ccfda	I suppose it depends on the circumstances.	Das hängt wohl von den Umständen ab.
line:910706c0	I think a movie could be fun!	Ein Film könnte Spaß machen!
line:99bbb171	I think he was in a bad environment. He's doing better now.	Ich glaube, sein Umfeld war schlecht für ihn. Jetzt geht's ihm besser.
line:9247b7a0	I think he'd like the new you!	Dein neues Ich würde ihm bestimmt gefallen!
line:f4982dcd	I think he's got a crush on me.	Ich glaube, er steht auf mich.
line:fc6fdd10	I think I can still feel some explosion grime on me...	Ich glaube, ich habe noch etwas Explosionsdreck an mir...
line:4efc873f	I think I like being taken care of?	Ich glaube, ich mag es, umsorgt zu werden?
line:f5d36d9a	I think I might be close..	Ich glaube, ich bin bald so weit..
line:52fc4e08	I think I'd like that!	Das würde mir gefallen!
line:5c78099a	I think I'd like to meet him!	Ich würde ihn gerne kennenlernen!
line:14e0edf6	I think I'd like to try!	Ich würde es gerne versuchen!
line:164df75a	I think I'd like to use it?	Ich glaube, ich würde ihn gerne benutzen?
line:4f6168aa	I think I'd like to use it?	Ich glaube, ich würde ihn gerne benutzen?
line:ab314624	I think I'd like to?	Ich glaube, ich würde gerne?
line:170c6aa3	I think I'd like you to be that someone aswell.	Ich hätte auch gerne, dass du dieser Jemand bist.
line:8f46bb17	I think I've got it!	Ich glaube, ich hab's raus!
line:a5e128e0	I think she's upset about something else...	Ich glaube, sie ist wegen etwas anderem sauer...
line:bc2545e7	I think she's upset about something else...	Ich glaube, sie ist wegen etwas anderem sauer...
line:335c5156	I think so!	Finde ich schon!
line:3292625e	I think that would make a decent place! They put on good shows every night.	Der würde passen! Jeden Abend gibt es dort gute Shows.
line:eaafe671	I think you got every spot!	Ich glaube, du hast alles erwischt!
line:1760e5d5	I think you got every spot.	Ich glaube, du hast alles erwischt.
line:341175f7	I think you got every spot.	Ich glaube, du hast alles erwischt.
line:770e7473	I think you got every spot.	Ich glaube, du hast alles erwischt.
line:f4a8f7fc	I think you helped him a lot more than you realize.	Du hast ihm wohl mehr geholfen, als dir bewusst ist.
line:f28fd15d	I think you missed a few spots still...	Ich glaube, du hast noch ein paar Stellen übersehen...
line:77509e74	I think you're cool too. Self improvement is hard.	Ich finde dich auch toll. Sich zu ändern ist schwer.
line:763c6a82	I think you're good looking.	Ich finde, Sie sehen gut aus.
line:69e7dbb3	I think you're pretty cool, Conrad.	Ich finde dich ziemlich toll, Conrad.
line:9c393f61	I think you're special too.	Ich finde dich auch besonders.
line:7d5ae3b4	I usually make do with a hose down at home...	Normalerweise spritze ich mich zu Hause einfach mit dem Schlauch ab...
line:c4fc9b28	I wanna talk face to face!	Ich möchte mit dir von Angesicht zu Angesicht reden!
line:548dc375	I want to be more open. It feels good.	Ich möchte offener sein. Es tut gut.
line:e02f464d	I was helping the alchemist reach a high shelf	Ich habe dem Alchemisten geholfen, an ein hohes Regal zu kommen.
line:fa97376e	I was helping the alchemist reach a high shelf	Ich habe dem Alchemisten geholfen, an ein hohes Regal zu kommen.
line:bb015b1b	I was romping around the forest	Ich bin im Wald herumgetobt.
line:78e2cb13	I was thinking about what you said,	Ich habe über das nachgedacht, was du gesagt hast,
line:b8282714	I was thinking.	Ich habe nachgedacht.
line:ca616238	I was thinking. We could go out some time next week?	Vielleicht könnten wir nächste Woche etwas unternehmen?
line:a13d76ec	I was thinking...	Ich habe nachgedacht...
line:c1a4edf0	I wasn't making her happy either.	Und sie war mit mir auch nicht glücklich.
line:a4214fe6	I went out of my way for a discrete washing, I was sure I wasn't followed.	Ich habe mir für eine diskrete Wäsche besondere Mühe gegeben. Ich war sicher, dass mir niemand gefolgt ist.
line:db5cd152	I went out with some friends.	Ich war mit Freunden unterwegs.
line:b6b9dc33	I will pay double. Triple- This is a job only you can do!	Ich zahle das Doppelte. Das Dreifache! Nur Sie können mir hierbei helfen!
line:0c31345e	I will, thanks.	Mache ich. Danke.
line:fa41daf4	I will. I just need a quick wash, and wouldn't mind using the mount today.	Mache ich. Ich muss nur kurz gewaschen werden und würde heute gerne den Bock benutzen.
line:399457b7	I wish it was easy as it is in movies.	Wäre es doch nur so leicht wie im Film.
line:2185f08c	I won't.	Mache ich nicht.
line:45950848	I would like that!	Das würde mir gefallen!
line:099ec7fd	I would love to.	Sehr gern.
line:e6006cd6	I wouldn't mind!	Ich hätte nichts dagegen!
line:81905be1	I'd like to go out to eat.	Ich würde gerne essen gehen.
line:75b152eb	I'd love to talk more, truly, but class is soon.	Ich würde gerne weiterplaudern, wirklich, aber der Unterricht ruft.
line:2fe8a558	I'd love to!	Sehr gerne!
line:87ba56cc	I'll be back again, yeah?	Ich komme wieder, ja?
line:ca035ef2	I'll be back again. It's nice having you as a friend.	Ich werde wiederkommen. Schön, Sie als Freund zu haben.
line:0fcd9c26	I'll be back soon, yeah? Thanks for the wash.	Ich komme bald wieder, ja? Danke für die Wäsche.
line:d9f422eb	I'll be waiting at the bar for you tonight!	Ich warte heute Abend in der Bar auf dich!
line:69dff2ec	I'll be waiting for the gate!	Ich warte, bis du aufmachst!
line:ae4d09f6	I'll be waiting for the gate!	Ich warte, bis du aufmachst!
line:ab616aac	I'll definitely keep this place in mind.	Diesen Laden merke ich mir.
line:b122441b	I'll get one ordered I promise!	Ich bestelle einen, versprochen!
line:1642b6f1	I'll get out of your scales now. Thank you for the wash.	Ich lasse Sie jetzt in Ruhe. Vielen Dank für die Wäsche.
line:707d2693	I'll get out of your scales...	Ich störe dich dann nicht länger...
line:ca480eed	I'll get you two in contact then.	Dann bringe ich euch in Kontakt.
line:59416000	I'll go get the gate for ya'	Ich mache dir auf.
line:6aa7ad03	I'll go get the gate for ya'	Ich mache dir auf.
line:2a6d7e7d	I'll go get the gate for you.	Ich gehe dir das Tor öffnen.
line:8107858d	I'll go get the gate for you.	Ich gehe Ihnen das Tor öffnen.
line:d1755010	I'll go get the gate for you.	Ich gehe dir das Tor öffnen.
line:4d692a01	I'll go get the gate.	Ich öffne das Tor.
line:a75bb519	I'll go get the gate.	Ich öffne das Tor.
line:8689a124	I'll happily get that for you.	Ich hole ihn Ihnen gerne.
line:48e99d7b	I'll have to close up shop first-	Ich muss erst noch den Laden schließen...
line:f2b894e2	I'll have to reserve your spot while you close up.	Während du schließt, halte ich deinen Platz frei.
line:6c5e2459	I'll keep that in mind. I'm used to things being transactional.	Das merke ich mir. Ich bin es gewohnt, dass alles auf Gegenleistungen beruht.
line:956a0f47	I'll make sure to ask him next time I see him.	Ich frage ihn, sobald ich ihn wiedersehe.
line:e64d21e4	I'll make sure to come back.	Ich komme auf jeden Fall wieder.
line:7c9fe106	I'll make sure to get out of your scales.	Ich halte dich dann nicht länger auf.
line:87006442	I'll make sure to tell others about this place	Ich erzähle den anderen auf jeden Fall von euch.
line:1db78e06	I'll make sure to tell you how it goes, yeah?	Ich erzähle dir, wie es läuft, ja?
line:49b6a167	I'll make sure you're <i>spotless.	Ich sorge dafür, dass du <i>blitzblank bist.
line:96981b61	I'll manage.	Ich komme zurecht.
line:9aa97614	I'll need this to be swift, students won't teach themselves.	Es müsste rasch gehen. Die Studenten unterrichten sich schließlich nicht selbst.
line:9ef857c8	I'll need to resurrect Igwix, oh how embarrassing!	Ich muss Igwix wiederbeleben. Wie peinlich!
line:90a9a98e	I'll see you next time I come in, yeah?	Wir sehen uns bei meinem nächsten Besuch, ja?
line:d0f6a49a	I'll see you next time I come in, yeah?	Wir sehen uns bei meinem nächsten Besuch, ja?
line:160bf40f	I'll start prepping for it.	Ich fange schon mal mit den Vorbereitungen an.
line:8af64cb8	I'll take care of this, don't you worry.	Ich kümmere mich darum, keine Sorge.
line:e20c6391	I'll tell you in a bit. Could you just get the gate for now?	Ich erzähl's dir gleich. Kannst du mich erst mal reinlassen?
line:04c62f9b	I'm <i>spotless</i>.	Ich bin <i>blitzblank</i>.
line:629f8cff	I'm a bit of a big deal around there.	Da bin ich eine kleine Berühmtheit.
line:d9272031	I'm a dragon.	Ich bin ein Drache.
line:675e7284	I'm a rule breaker!	Ich halte mich nicht an Regeln!
line:afcd5586	I'm a... kobold.	Ich bin ein... Kobold.
line:5d41b5d6	I'm all dirty still!	Ich bin noch völlig dreckig!
line:2f6eb3c3	I'm all soapy still!	Ich bin noch voller Seife!
line:18707b19	I'm always happy to give you a wash!	Ich wasche dich immer gerne!
line:3b01eb3b	I'm always happy to give you a wash!	Ich wasche dich immer gerne!
line:d82b1a7d	I'm always happy to help. <i><size=70%> especially a big dragon.	Ich helfe immer gerne. <i><size=70%> Besonders einem großen Drachen.
line:46c6a3ed	I'm always happy to see you Ryan.	Ich sehe dich immer gerne, Ryan.
line:75206eee	I'm always happy to see you Ryan.	Ich sehe dich immer gerne, Ryan.
line:fa6e232e	I'm always happy to see you. I'll go get the gate for you.	Ich sehe Sie immer gerne. Ich öffne Ihnen das Tor.
line:07e5fc05	I'm amazed!	Ich bin beeindruckt!
line:4586d55d	I'm an asshole. I know I am.	Ich bin ein Arschloch. Das weiß ich.
line:a6d46685	I'm certain he also finds you pleasant!	Ich bin sicher, er findet Sie ebenfalls sympathisch!
line:ef399e26	I'm doing good!	Mir geht es gut!
line:a6c1f2f4	I'm excited for you!	Ich freue mich für dich!
line:94fbdbf0	I'm excited for you. I'll get the gate!	Ich freue mich für dich. Ich öffne das Tor!
line:f83e4966	I'm excited to hear about it!	Ich bin schon gespannt!
line:bd55b8f4	I'm excited to see them washing down the drain though.	Ich freue mich aber auch darauf, zuzusehen, wie sie im Abfluss verschwinden.
line:24832f01	I'm excited.	Ich freue mich schon.
line:69f406a6	I'm excited.	Ich freue mich schon.
line:a00f681d	I'm excited.	Ich freue mich schon.
line:a0479425	I'm excited.	Ich freue mich schon.
line:b5d7d26f	I'm excited.	Ich freue mich schon.
line:d66b9155	I'm excited.	Ich freue mich schon.
line:4e1b1d0a	I'm glad you derive enjoyment from this as well.	Schön, dass es auch Ihnen Freude bereitet.
line:5db47405	I'm glad you enjoy him. I'm certain he finds you pleasant.	Schön, dass Sie sich mit ihm wohlfühlen. Er findet Sie bestimmt ebenfalls sympathisch.
line:c56ee060	I'm glad you enjoy my crest.	Ich freue mich, dass Ihnen mein Wappen gefällt.
line:f44a1493	I'm glad you trust me.	Ich freue mich, dass Sie mir vertrauen.
line:3a2ed5ef	I'm glad you two are working out though.	Jedenfalls freut es mich, dass es mit euch klappt.
line:c0972e81	I'm glad you two are working out.	Schön, dass es mit euch klappt.
line:34ba77b1	I'm glad you were able to make the choice that was best for you.	Gut, dass du dich für das entscheiden konntest, was dir guttut.
line:d5a90e1c	I'm glad!	Das freut mich!
line:286fec49	I'm glad.	Das freut mich.
line:42f5fd9d	I'm glad.	Das freut mich.
line:99b6dc81	I'm glad.	Das freut mich.
line:570d4953	I'm happy for you!	Ich freue mich für dich!
line:ac6d5bd3	I'm happy for you!	Ich freue mich für dich!
line:ed5c40ca	I'm happy for you!	Ich freue mich für dich!
line:79099951	I'm happy to be here too.	Ich bin auch froh, hier zu sein.
line:99fd9b51	I'm happy to give you a place you can relax.	Ich freue mich, Ihnen einen Ort zum Entspannen zu bieten.
line:5d36d5c8	I'm happy to have met you.	Ich bin froh, Sie kennengelernt zu haben.
line:ce21622a	I'm happy to hear that.	Das freut mich zu hören.
line:69963a6c	I'm happy you feel comfy here.	Schön, dass Sie sich hier wohlfühlen.
line:38388248	I'm here for a wash.	Ich bin für eine Wäsche hier.
line:a6974256	I'm here if you need someone to talk to.	Ich bin da, wenn du jemanden zum Reden brauchst.
line:6690512d	I'm impressed.	Ich bin beeindruckt.
line:2e424b13	I'm in need of another wash.	Ich brauche noch eine Wäsche.
line:ef91a572	I'm Jealous!	Ich bin neidisch!
line:a79b8639	I'm just happy I don't feel judged here.	Ich bin nur froh, dass mich hier niemand verurteilt.
line:8076eb95	I'm just here for a wash though.	Ich bin bloß zum Waschen da.
line:c2caa0b7	I'm just here to bring you food!	Ich bin nur hier, um dir etwas zu essen zu bringen!
line:ec6c7823	I'm just... Happy.	Ich bin einfach... glücklich.
line:ed4b0d48	I'm kind of excited.	Ich freue mich irgendwie darauf.
line:266c652e	I'm looking forward to seeing you again	Ich freue mich darauf, dich wiederzusehen.
line:e91e2041	I'm not <i>that</i> little-	So <i>klein</i> bin ich nun auch nicht...
line:cf05a364	I'm not certain why I suddenly understand your 'Yips'	Ich weiß nicht, warum ich Ihre „Yips“ plötzlich verstehe.
line:dcc4774b	I'm not too sure. It was on sale at WingCo.	Ich weiß nicht genau. Es war bei WingCo im Angebot.
line:5b31909a	I'm only doing what I think is right.	Ich tue nur, was ich für richtig halte.
line:7fe349d7	I'm profoundly embarrassed by this whole ordeal.	Diese ganze Angelegenheit ist mir zutiefst peinlich.
line:cfaffc52	I'm pumped.	Ich bin voller Vorfreude.
line:c0a140f8	I'm really fond of letting folks ride on my back.	Ich lasse Leute sehr gerne auf meinem Rücken mitreiten.
line:1a5e6184	I'm really looking forward to this.	Ich freue mich wirklich darauf.
line:8b43a434	I'm really sorry you got hurt. Who did this?	Tut mir wirklich leid, dass du verletzt bist. Wer war das?
line:69ffe957	I'm so excited about this date!	Ich freue mich so auf dieses Date!
line:e6290003	I'm so excited. I'll get you two in contact!	Ich freue mich so. Ich bringe euch in Kontakt!
line:e8611ad0	I'm sorry for dumping that all on you earlier.	Entschuldige, dass ich das vorhin alles bei dir abgeladen habe.
line:e613b1c3	I'm sorry I snapped at you earlier.	Tut mir leid, dass ich dich vorhin angefahren habe.
line:de208e68	I'm sorry you got hurt...	Tut mir leid, dass du verletzt bist...
line:4843bb47	I'm still very muddy, if you could soap me up that'd be great.	Ich bin noch sehr schlammig. Es wäre toll, wenn du mich einseifen könntest.
line:51d4e418	I'm such an idiot.	Ich bin so ein Idiot.
line:32114891	I'm sure nobody will know...	Ich bin sicher, niemand wird davon erfahren...
line:17a05c96	I'm sure we'll figure something out! just meet me at the pier!	Uns fällt bestimmt etwas ein! Komm einfach zum Pier!
line:8136ef1a	I'm surprised how nice it is.	Ich bin überrascht, wie schön es ist.
line:722c6ab2	I'm thinking a date soon.	Ich denke, bald ein Date.
line:3471e9b1	I'm trying my best.	Ich gebe mein Bestes.
line:01492e5e	I'm trying not to be pushy.	Ich versuche, nicht zu drängeln.
line:4d6cd625	I'm trying to get away from the house for a bit.	Ich möchte einfach eine Weile von zu Hause weg.
line:c1ef777a	I'm unsure why speaking with you is so easy.	Ich weiß nicht, warum es so leicht ist, mit Ihnen zu sprechen.
line:822c0718	I'm very excited.	Ich freue mich riesig.
line:ddab3d34	I'm very satisfied with these results..	Ich bin mit dem Ergebnis äußerst zufrieden..
line:03eb977c	I'm well aware. A deep clean has a distinct feel!	Das merke ich. Eine gründliche Reinigung fühlt sich anders an!
line:f9193c0d	I'm willing to do it. But I'd like something new.	Ich bin bereit, es zu versuchen. Aber etwas Neues wäre schön.
line:63981253	I'm... Happy.	Ich bin... glücklich.
line:f80bd44b	I'm... not certain I'd like to use this today.	Ich... weiß nicht, ob ich das heute benutzen möchte.
line:d422462e	I'm... not sure I can answer that for you.	Ich... weiß nicht, ob ich dir diese Frage beantworten kann.
line:8f107933	I'm... Rather close now	Ich bin... inzwischen ziemlich nahe dran.
line:24c52c54	I'm... wondering...	Ich... frage mich...
line:6bbd7f1d	I've always hated the rain.	Ich habe Regen schon immer gehasst.
line:b4353808	I've always loved giving my biped friends rides...	Ich habe meine zweibeinigen Freunde schon immer gerne herumgetragen...
line:9541fceb	I've been considering asking you this for a while now.	Ich überlege schon seit einer Weile, Sie das zu fragen.
line:505154a4	I've been thinking...	Ich habe nachgedacht...
line:58b4f5fb	I've been told it's polite to talk to smaller folk face to face.	Mir wurde gesagt, es sei höflich, mit kleineren Leuten auf Augenhöhe zu reden.
line:2c560e29	I've been trying to get into the social sciences aswell.	Ich versuche mich außerdem in den Sozialwissenschaften.
line:b4a29141	I've got a guy who can drop a gift by tomorrow that would spruce things up.	Ich kenn da jemanden, der morgen ein Geschenk vorbeibringen kann. Das peppt den Laden auf.
line:212f0021	I've had a lot of free time lately.	Ich hatte in letzter Zeit viel Freizeit.
line:701b9feb	I've had a lot of free time lately.	Ich hatte in letzter Zeit viel Freizeit.
line:79da763f	I've had a lot of free time lately.	Ich hatte in letzter Zeit viel Freizeit.
line:3c4443fd	I've seen bigger	Ich hab schon größere gesehen.
line:d7a90078	I...	Ich...
line:393d0e05	I... hm.	Ich... hm.
line:0da5609b	I... Know this is unprompted.	Ich... weiß, das kommt jetzt unvermittelt.
line:5cfb94b9	If a relationship is <i>so</i> bumpy and you know its going to end.	Wenn eine Beziehung <i>so</i> schwierig ist und man weiß, dass sie enden wird.
line:b2f52b23	If I could uhm...	Ob ich vielleicht, ähm...
line:b4990e3d	If I'm honest. I've had a crush on you for a bit.	Ehrlich gesagt bin ich schon eine Weile in dich verknallt.
line:7c13c28e	If only.	Wenn doch nur.
line:a56c5621	If someone like Ryan is interested, you're doing great.	Wenn jemand wie Ryan Interesse hat, machst du alles richtig.
line:52f28749	If we're caught violating another policy my reputation would be in ruins!	Wenn wir bei einem weiteren Regelverstoß erwischt werden, ist mein Ruf ruiniert!
line:83f511d2	If ya' place the mount for me I'll have at it.	Stell mir den Bock hin, dann lege ich los.
line:7ead92b1	If you could come up front so I could talk.	Könntest du nach vorne kommen, damit ich mit dir reden kann?
line:e78656aa	If you could come up to where I can see you.	Komm doch bitte nach vorne, damit ich dich sehen kann.
line:9a013329	If you wanna talk about it more, I've got a minute.	Wenn du noch reden willst, habe ich Zeit.
line:3d014153	If you want to use it that's fine!	Wenn Sie ihn benutzen wollen, nur zu!
line:a9eb9a76	if you're seeing this please grab nael or submit a bug report	Wenn du das siehst, hol bitte nael oder melde den Fehler.
line:b9ab4eed	Im not complaining though.	Aber ich beschwer mich nicht.
line:27340362	In a bad way?	Im schlechten Sinne?
line:2019bb85	In a good way?	Im guten Sinne?
line:91d5fb72	Incredible!	Unglaublich!
line:61c8781b	Indeed! You're the only kobold I wish to wash me now.	In der Tat! Ich möchte inzwischen nur noch von Ihnen gewaschen werden.
line:a5979ac9	Indeed, you must know of my crest! I teach alchemy.	In der Tat. Sie erkennen sicher mein Wappen! Ich unterrichte Alchemie.
line:dd9d30d2	Indeed. I'm glad you were able to help.	In der Tat. Schön, dass Sie helfen konnten.
line:fd5ddfcb	Indeed. You're an excellent person to be around.	In der Tat. In Ihrer Gesellschaft lässt es sich sehr gut aushalten.
line:78c9b5cc	Is everything okay?	Ist alles in Ordnung?
line:bea8f1f7	Is something on your mind?	Beschäftigt dich etwas?
line:6b6dd8bc	Is that a good thing...?	Ist das gut...?
line:848727f2	Is that a threat...?	Ist das eine Drohung...?
line:db302830	Is that why you came in the first time?	Darum bist du damals zum ersten Mal gekommen?
line:00e41343	Is this good?	Ist das gut so?
line:7982d3d8	Is this the right place?	Bin ich hier richtig?
line:c48f59a9	Is this the right place?	Bin ich hier richtig?
line:b05f6eea	Isn't that... Wood?	Ist das nicht... Holz?
line:bf137cb4	It arrived this morning, it should be near the gate.	Er kam heute Morgen an und müsste beim Tor stehen.
line:5080b6dd	It depends! Dragon thing.	Kommt drauf an! So eine Drachensache.
line:34cf0601	It did! Thanks for asking.	Ja! Danke der Nachfrage.
line:900dca3c	It does wonders.	Wirkt Wunder.
line:cfd504c5	It does wonders.	Wirkt Wunder.
line:ac13bf68	It is indeed rather cool.	Das ist es in der Tat.
line:ea445b46	It is rather novel isn't it?	Eine ganz neue Erfahrung, nicht wahr?
line:56d34a41	It is? Good to know...	Findest du? Gut zu wissen...
line:b058318f	It means you're doing a good job in kobold.	Das heißt auf Koboldisch: Du machst das gut.
line:13c906c7	It really has been. You're wonderful.	Das war es wirklich. Du bist wunderbar.
line:b032bfb1	It turns out baking is messy!	Backen macht ganz schön dreckig!
line:da4f12a1	It turns out baking is messy!	Backen macht ganz schön dreckig!
line:e106207b	It turns out baking is messy!	Backen macht ganz schön dreckig!
line:e0c8c57b	It was good. We had sex.	Es war gut. Wir hatten Sex.
line:681117ec	It was great. Conrad is wild. Good wild.	Es war toll. Conrad ist wild. Auf die gute Art.
line:28eee9f5	It went great!	Es lief großartig!
line:92bfe06c	It went great!	Es lief großartig!
line:a5d2b991	It went well.	Es lief gut.
line:1ab5969b	It would be a... date. As most would say.	Es wäre ein... Date. Wie man so sagt.
line:8440a3f4	It's a regrettable state I find myself in...	Eine bedauerliche Lage, in der ich mich befinde...
line:1706e86d	It's also new to me...	Für mich ist das auch neu...
line:c1b8e62b	It's always good when a kobold knows what they like.	Schön, wenn ein Kobold weiß, was ihm gefällt.
line:deffce5c	It's crazy how much your neck can handle.	Unglaublich, was alles durch deinen Hals passt.
line:2e182063	It's difficult to find folks that are outside of my current bubble.	Es ist schwierig, Leute außerhalb meines bisherigen Umfelds zu finden.
line:48cfc92b	It's endearing!	Das ist niedlich!
line:5b6f00bd	It's fine.	Ist okay.
line:13dc0f15	It's fine. I close in about an hour.	Schon gut. Ich mache in etwa einer Stunde zu.
line:23ac92c8	It's freeing. I'll be back, yeah?	Es ist befreiend. Ich komme wieder, ja?
line:de9fdb93	It's hard to hold back..	Es ist schwer, mich zurückzuhalten..
line:9ebea3d0	It's hard to not be nervous after everything...	Nach allem ist es schwer, nicht nervös zu sein...
line:ec8243d8	It's interesting; you bipeds tend to savor your meals.	Interessant, ihr Zweibeiner lasst euch beim Essen gerne Zeit.
line:d50cb509	It's just that something happened to Conrad, I hope he's okay.	Conrad ist etwas passiert. Ich hoffe, es geht ihm gut.
line:bee6c7dd	It's just that...	Es ist nur...
line:3b76093c	It's made for eating things whole.	Dafür ist er gemacht: Dinge am Stück schlucken.
line:19f36dc0	It's my dream.	Es ist mein Traum.
line:18db795f	It's never easy to end things.	Schluss zu machen ist nie leicht.
line:049fb01f	It's nice to have friends to rely on.	Es ist schön, Freunde zu haben, auf die man zählen kann.
line:ed69e3a1	It's nice to relinquish control, even for a moment.	Es tut gut, die Kontrolle abzugeben, und sei es nur kurz.
line:e9d34ea0	It's no biggie. It sounds like everyone is fine.	Halb so schlimm. Offenbar geht's allen gut.
line:7e511da7	It's okay!	Schon gut!
line:b14d8520	It's okay, you sound like you need it.	Schon okay. Klingt, als müsstest du darüber reden.
line:50b95260	It's okay. I needed to. She wasn't making me happy.	Schon gut. Es musste sein. Ich war mit ihr nicht glücklich.
line:47455767	It's okay. I'll figure something out.	Schon gut. Mir fällt etwas ein.
line:9287c933	It's starting to feel like it's <i>my</i> fault.	Langsam kommt es mir vor, als wäre <i>ich</i> schuld.
line:7ab244af	It's the best way to enjoy food.	So genießt man Essen am besten.
line:0b7589ff	It's the mount you asked for.	Den Bock, den du wolltest.
line:a5780e74	It's wonderful to be back!	Es ist herrlich, wieder hier zu sein!
line:649e8eb3	Its a nice get away from everything out there.	Hier kann man mal von allem da draußen abschalten.
line:d0361dd9	Its like an equine fusion thing...	So eine Art Fusionküche mit ihren Gerichten...
line:df86a610	Jokes aside, your wash is definitely the best.	Spaß beiseite, deine Wäsche ist wirklich die beste.
line:7fe40d2b	Just a rough day. Hoping this helps!	Nur ein schwieriger Tag. Hoffentlich hilft das hier!
line:ce77a00e	Just did!	Gerade eben!
line:7c93c604	Just doing my job!	Ich mache nur meine Arbeit!
line:fa0a9fbb	Just having fun.	Ich mache nur Spaß.
line:9e9425cd	Just possibly...	Ganz eventuell...
line:1d73a343	Just some drake at the bar. Was stupid... Couldn't shut my mouth.	Irgendein Drache in der Bar. War blöd von mir... Konnte die Klappe nicht halten.
line:ecb9a15d	Just touch me with your hand and I'll try to help.	Berühr mich einfach mit deiner Hand, dann versuche ich mitzuhelfen.
line:14209365	Just uhm... Don't tell anyone I'm saying all this.	Nur, ähm... Erzähl keinem, dass ich das alles gesagt habe.
line:3bac1dad	Just... open the gate.	Mach einfach... das Tor auf.
line:4f826403	Keep going a little longer please	Bitte mach noch ein bisschen weiter.
line:087039ba	Keep going.	Weiter so.
line:d8f92323	Kinda! I've been getting out more.	Schon! Ich gehe mehr aus.
line:b965b4dd	Knock that off, we're not done yet. Right?	Lass das, wir sind doch noch nicht fertig. Oder?
line:d9d276bb	Kobolds always seem enamored by me eating.	Kobolde sind immer ganz hin und weg, wenn sie mich essen sehen.
line:0274cacd	Kobolds are very flexible. It will fit.	Kobolde sind sehr dehnbar. Das passt schon.
line:20cb68b9	lemme in?	Läfft du mich rein?
line:41d5085a	Let go whenever you are ready.	Lassen Sie los, wenn Sie so weit sind.
line:29a77d09	Let me give it a try!	Lass mich ihn ausprobieren!
line:265e14cb	Let me know when you're finished rinsing.	Sagen Sie Bescheid, wenn Sie mit dem Abspülen fertig sind.
line:0e1fd4b0	Let the <i>big C</i> out of this place!	Lass den <i>großen C</i> hier raus!
line:f7382398	Let's get going~!	Na dann, los geht's~!
line:c50535b3	Let's have it!	Immer her damit!
line:9accd60e	Lets wash it off for our date tonight then.	Dann waschen wir das für unser Date heute Abend ab.
line:7ce1b833	Like what?	Wie denn?
line:cb91e703	Like, I love those around me, but there's a lot of baggage there.	Ich mag die Leute um mich herum, aber da hängt so viel Vergangenheit dran.
line:aa1c54ab	Like, in general.	Ich meine allgemein.
line:bbe51f87	Like, in general.	Ich meine allgemein.
line:7b7b0a3f	Like, the future of my relationships.	Darüber, wie es mit meinen Beziehungen weitergeht.
line:db79a905	Like... a lemon?	Also... Zitrone?
line:ffd7dcc4	Like... An asshole? I know I'm miserable to be around.	Wie... ein Arschloch? Ich weiß, mit mir hält man's kaum aus.
line:a0a0a49c	Like... sexual stuff?	Du meinst... was Sexuelles?
line:9becd177	Look at me! I'll be the laughing stock of my students.	Sehen Sie mich an! Meine Studenten werden mich auslachen.
line:9711cf03	Lookin' for a hose down. Wouldn't mind using the mount aswell.	Wollte mich abspritzen lassen. Hätte auch Lust auf den Bock.
line:abdb5822	Looking forward to seeing ya'	Ich freue mich aufs Wiedersehen.
line:5c335985	Looking forward to seeing you soon.	Ich freue mich aufs baldige Wiedersehen.
line:1d0abc80	Looking forward to the wash.	Ich freue mich auf die Wäsche.
line:646279a0	Looks like it.	Sieht so aus.
line:b6093881	Looks like ya' got a shipment, eh?	Du hast wohl eine Lieferung bekommen, was?
line:f1fc3e3c	Luckily death via spontaneous combustion is a concept we have thoroughly curtailed in the modern world.	Zum Glück haben wir Todesfälle durch Selbstentzündung in der modernen Welt weitgehend eingedämmt.
line:d2ba8ba9	Made a bit of a mess... Still worth it.	Gab ein bisschen Sauerei... War's trotzdem wert.
line:301e8665	Make haste! My reputation is on the line.	Beeilen Sie sich! Mein Ruf steht auf dem Spiel.
line:5072cc60	Make sure you're very clean. <size=70%><i>hehe.	Sieh zu, dass du richtig sauber bist. <size=70%><i>Hehe.
line:da21cf49	Makes sense! Yeah tiny drakes are fun.	Verständlich! Kleine Drachen machen Spaß.
line:22b2643b	Makes sense.	Verstehe.
line:e7f0e9ed	Makes sense.	Verstehe.
line:89c9a73b	Many think it's part of my body.	Viele halten es für einen Teil meines Körpers.
line:d7bcbe29	Max says I'm a clumsy dragon,	Max sagt, ich sei ein tollpatschiger Drache.
line:db986d0d	May you open the gate?	Würden Sie das Tor öffnen?
line:76a97730	Maybe later...?	Vielleicht später...?
line:08a422ba	Maybe like...	Sozusagen...
line:6f293b7a	Maybe someone new...	Vielleicht jemand Neues...
line:d2558a04	Maybe someone?	Vielleicht jemand Neuem?
line:67a46ddc	Maybe we can hang out later?	Vielleicht können wir später was zusammen machen?
line:5691478f	Maybe we could just... Walk?	Vielleicht könnten wir einfach... spazieren gehen?
line:7734bf93	Me too, thanks!	Ich mich auch, danke!
line:627a13e4	Me too.	Ich auch.
line:d3c733f5	Me too.	Ich auch.
line:ffa63d1b	Me too.	Ich auch.
line:040ee2a7	me too.	Ich auch.
line:d13cd125	Me.	Ich selbst bin.
line:14e7b293	Me?	Ich?
line:b9cb051a	Means I'm ready to go on a date with a certain kobold.	Ich bin bereit für ein Date mit einem gewissen Kobold.
line:e5da247d	Means you know how to get hands on!	Dann verstehst du dich auch auf Handarbeit!
line:171707d2	Mhm!	Mhm!
line:11306335	Mhm! Come back anytime.	Mhm! Komm jederzeit wieder.
line:69dd6a73	Mhm! he's trying to meet new people.	Mhm! Er möchte neue Leute kennenlernen.
line:da17b746	Mhm! I'm <i>the</i> kobold!	Mhm! Ich bin <i>der</i> Kobold!
line:a0cb3f78	Mhm! that's him.	Mhm, genau der.
line:164fdb01	Mhm, he's trying.	Mhm, er bemüht sich.
line:1a663dcf	Mhm, right this way.	Mhm, hier entlang.
line:3cd8a8bd	Mhm... Thank you.	Mhm... Ich danke Ihnen.
line:4546abce	Might seem kinda weird to ask now. Buuuut.	Kommt jetzt vielleicht etwas komisch. Aaaber.
line:57d8b72a	Mind opening the gate to let me out?	Machst du mir das Tor auf, damit ich rauskomme?
line:b2a507ab	Mind opening the gate to let me out?	Machst du mir das Tor auf, damit ich rauskomme?
line:6d726280	Mind washing more?	Könntest du noch ein bisschen weitermachen?
line:c8281b83	Mmm, I understand that to mean you'll get the gate?	Mhm, ich nehme an, das heißt, Sie öffnen das Tor?
line:dd0c77ae	Mmm, Yeah I know the type.	Mhm, ja, ich kenne den Typ.
line:d8cafcc7	mmm..	Mmm...
line:729cea0c	Mmmhm, I always do my best.	Mhm, ich gebe mir immer Mühe.
line:f36b8b76	Mmmhm. I'll work on my sleep schedule...	Mhm. Ich kümmere mich mal um meinen Schlafrhythmus...
line:d38efb75	Mmmmhm, gotta prep for a date with him.	Mhm, ich muss mich auf ein Date mit ihm vorbereiten.
line:a78dd44b	mmph! (Yea!)	Mmph! (Ja!)
line:b132719c	Mmph- Hm?	Mmpf... Hm?
line:16ee6b14	Money... mmm...	Geld... Mmm...
line:d8cc8048	Most people do!	Das mögen die meisten!
line:3d723db0	Must mean you two are a good match.	Dann passen Sie beide wohl gut zusammen.
line:9ca994a5	My bad	Mein Fehler.
line:aaecba3d	My bad	Mein Fehler.
line:fedbf70c	My colleague, professor Igwyx, wished to use me as a platform.	Mein Kollege, Professor Igwyx, wollte mich als Podest benutzen.
line:08af3902	My date with Ryan was...	Mein Date mit Ryan war...
line:116b5405	My date with Ryan was...	Mein Date mit Ryan war...
line:e26c3b65	My first ever Yarn script in Unity!	Mein allererstes Yarn-Skript in Unity!
line:f15b014f	My names Ryan. So...	Ich heiße Ryan. Also...
line:e4aced7b	My students could learn a thing or two from your work ethic!	Von Ihrem Fleiß könnten meine Studenten sich etwas abschauen!
line:dfe74420	My-	Meine Güte...
line:9b915bf2	Nah.	Nee.
line:c3642dec	Nah.	Nee.
line:393c128a	Never cleaned a teacher dragon... woah.	Einen Lehrerdrachen habe ich noch nie gewaschen... Wow.
line:a99b03ed	Never tried it.	Habe ich noch nie probiert.
line:6df809e1	Nevermind. Could you get the gate?	Ach, egal. Machst du das Tor auf?
line:d3a50f3f	Next time I come in for a wash we'll go.	Wenn ich das nächste Mal zum Waschen komme, gehen wir los.
line:ac5afd96	Next time I come in I'll have reservations!	Wenn ich wiederkomme, ist alles reserviert!
line:8990fcc9	Nice! Whats with all the... Gloop?	Schön! Was ist das für ein... klebriges Zeug?
line:1d4b8528	Nice. Gotta open the gate though. Let Conrad in!	Gut. Musst bloß das Tor aufmachen. Conrad will rein!
line:acab92d4	Nnf... I believe I needed that. Thank you.	Nnf... Ich glaube, das habe ich gebraucht. Vielen Dank.
line:8fe11008	Nnnf... That was way better than those berries.	Nnng... Viel besser als die Beeren.
line:b251704a	No	Nein.
line:e05c2dca	No	Nein.
line:dc86c2de	no	Nein
line:5794ea87	No amount of justification makes it feel good though.	Aber ich kann es mir noch so gut erklären, besser fühlt es sich nicht an.
line:5a5ec440	No I actually just got it	Nein, ich habe ihn gerade erst bekommen.
line:cd5f07ca	No more excuses.	Schluss mit den Ausreden.
line:4b38230f	No need for thanks. I'll get the gate.	Nicht der Rede wert. Ich mache das Tor auf.
line:11604fbd	No need to be nervous, Alexander!	Sie müssen nicht nervös sein, Alexander!
line:eefef647	No need to be.	Das muss Ihnen nicht peinlich sein.
line:73ea230a	No no, you're a certified cleaner yeah?	Nein, nein, du bist doch geprüfter Wäscher?
line:743c64e6	No not really.	Nein, nicht wirklich.
line:50feefe8	No problem!	Kein Problem!
line:1a9a36e1	No problem! Can't wait for you to meet Conrad.	Kein Problem! Ich freue mich schon darauf, dass du Conrad kennenlernst.
line:0a9993d2	No problem, thanks!	Kein Problem, danke!
line:10bdb3a4	No problem, thanks!	Kein Problem, danke!
line:3a8f65fa	No problem.	Kein Problem.
line:ee3d0ee4	No problem. Let me get that gate for ya'!	Kein Problem. Ich mache Ihnen auf!
line:eedccaec	No way.	Unmöglich.
line:f0351f0c	No way.	Unmöglich.
line:d726f776	No worries,	Kein Problem,
line:12b7a5b3	No! I mean, yes, but for the sake of my reputation could you please keep my incursion here to yourself.	Nein! Ich meine, ja, aber könnten Sie meinem Ruf zuliebe meinen Besuch hier für sich behalten?
line:f7f963e3	No, I am.	Doch, das bin ich.
line:54faa7c0	No, I don't think I do.	Nein, ich glaube nicht.
line:38419d8b	No, it's not. No more excuses.	Nein, ist es nicht. Schluss mit den Ausreden.
line:cd9b2a8f	No, thank you. I'm... Really excited.	Nein, ich danke dir. Ich bin... richtig aufgeregt.
line:1af1ad05	No, we don't offer things like that here.	Nein, solche Dienste bieten wir nicht an.
line:cb7e94e5	no.	Nein.
line:6128a09c	No. A lime that is yellow.	Nein. Eine Limette, die gelb ist.
line:de25dacd	No. I'm not. Do you have a medkit or not?	Nein, tut's nicht. Hast du einen Verbandskasten oder nicht?
line:1cc64bcf	No.. No it's fine... thank you.	Nein... Nein, schon gut... Danke.
line:525f5744	Nope	Nö.
line:fbd2c3e7	Nope.	Nö.
line:5406ba8e	Normally I'd say yes to a mount. But, not right now.	Normalerweise wäre ich beim Bock sofort dabei. Aber jetzt nicht.
line:ab92da6a	Not anymore at least!	Zumindest jetzt nicht mehr!
line:0cfcd179	Not for a date though.	Aber nicht für ein Date.
line:d1b90e2c	Not sure yet.	Noch nicht sicher.
line:e9643b5d	Not yet.	Noch nicht.
line:326cc84d	Not yet. a little longer.	Noch nicht. Ein bisschen länger.
line:56a729f6	Nothing more attractive than a man who can improve!	Nichts ist attraktiver als ein Mann, der an sich arbeitet!
line:b5dabf9f	Nothing more attractive than a man who can improve!	Nichts ist attraktiver als ein Mann, der an sich arbeitet!
line:8a321997	Now I'm eyeballing the mount...	Jetzt habe ich den Bock im Auge...
line:5e0a6d7a	Now I'm out here, agh!	Und jetzt stehe ich hier draußen, ach!
line:564a9606	Now they'll never need to know!	Jetzt brauchen sie nie davon zu erfahren!
line:d66b7986	Now!	Und jetzt!
line:63596bb3	Now, do you have a medkit or not?	Hast du jetzt einen Verbandskasten oder nicht?
line:eefc4e9f	Now, lemme in! I want to try that thing out!	Dann lass mich rein! Ich will das Ding ausprobieren!
line:0554966a	Now, more food?	Und jetzt, noch etwas essen?
line:3fb3f8d4	Now, round two!	Jetzt kommt Runde zwei!
line:12e6043e	Now... Food?	Also... Essen?
line:5f8b2de4	oah. <size=70%>okay.	Oh. <size=70%>Okay.
line:13223129	Of course	Natürlich.
line:283e56d8	Of course I am! I know I'm very...	Klar bin ich das! Ich weiß schließlich, dass ich total...
line:5788e15c	Of course I do. I'm a <i>professional</i>.	Natürlich. Ich bin schließlich <i>Profi</i>.
line:0b226939	Of course it is!	Natürlich ist es das!
line:f21dd9d4	Of course it is!	Natürlich ist es das!
line:642255fc	Of course!	Natürlich!
line:76f8c20c	Of course!	Natürlich!
line:877aced7	Of course!	Natürlich!
line:d2401e75	Of course!	Natürlich!
line:f9eb2b4a	Of course! Right this way!	Natürlich! Hier entlang!
line:0d20d327	Of course! Thank you for the food.	Natürlich! Danke für das Essen.
line:4da976f5	Of course! You run a fine establishment.	Natürlich! Sie führen ein ausgezeichnetes Etablissement.
line:b629bcf2	Of course! You're wonderful.	Natürlich! Sie sind wunderbar.
line:b6c96475	Of course, you run a fine establishment.	Natürlich, Ihr Etablissement ist ausgezeichnet.
line:dd082478	Of course.	Aber natürlich.
line:203cc3d2	Of course. One moment!	Natürlich. Einen Augenblick!
line:fd145efe	Of course. Sorry you're going through all this.	Natürlich. Tut mir leid, dass du das durchmachen musst.
line:7305cdbc	Oh cool!	Oh, klasse!
line:eb6ae4c3	Oh cool!	Oh, klasse!
line:77c996e8	Oh damn! You really are adventurous!	Verdammt! Du bist ja echt abenteuerlustig!
line:3fdb9d01	Oh fcuk something went wrong	Oh Scheiße, da ist was schiefgelaufen.
line:9e403ecd	Oh fuck yeah.	Oh, fuck, ja.
line:13c39c50	Oh fudge, forget I said that!	Ach, verflixt! Vergessen Sie, dass ich das gesagt habe!
line:e722753e	Oh goodness no..	Oh, gütiger Himmel, nein..
line:55e3dd36	Oh hi! um..	Oh, hi! Ähm...
line:e8ee5747	Oh hi! um..	Oh, hi! Ähm...
line:b90f527f	Oh huh, that's the tiny drake I saw coming in a bit back yeah?	Ach, das ist der kleine Drache, den ich neulich reinkommen sah?
line:001ab950	Oh I heard good things about that.	Oh, davon habe ich Gutes gehört.
line:0a4a28c0	Oh I see the button there, gotcha!	Oh, da ist der Knopf. Alles klar!
line:c6b0b1aa	Oh like, swallowing things whole?	Ach, dass ich Sachen im Ganzen schlucke?
line:10254d13	Oh my	Meine Güte.
line:39f6c77d	Oh my bad	Oh, mein Fehler.
line:79511a66	Oh my bad	Oh, mein Fehler.
line:8cfbd75d	Oh my bad	Oh, mein Fehler.
line:cb71b2a1	Oh my bad	Oh, mein Fehler.
line:7d13eca0	Oh my- I didn't expect you to be so... hands on	Oh je... Ich hätte nicht gedacht, dass Sie so... handfest zur Sache gehen.
line:c60c65e8	Oh my. I suppose I could use the mount!	Oh je. Dann könnte ich wohl den Bock benutzen!
line:433cb27e	Oh no! Do you want to talk about it?	Oh nein! Möchtest du darüber reden?
line:d908622a	Oh no, Conrad. are you okay?	Oh nein, Conrad. Geht's dir gut?
line:bf977a7e	Oh okay. I'll go grab it.	Oh, okay. Ich hole ihn.
line:7428755b	Oh so it's new for both of us!	Oh, dann ist es für uns beide neu!
line:513bed5a	Oh so it's new to both of us!	Dann ist das für uns beide neu!
line:4bad37a5	Oh that's good. I'm happy he's okay.	Oh, gut. Ich freue mich, dass er wohlauf ist.
line:7d791906	Oh this is better, but I still feel dirty.	So ist es besser, aber ich fühle mich noch schmutzig.
line:63926ecd	Oh we're done?	Oh, sind wir fertig?
line:546d1bf2	Oh wow, you're really covered in it!	Oh wow, Sie sind wirklich überall voll damit!
line:b2d99a43	Oh wow..	Oh, wow..
line:e8052272	Oh yeah I liked the first one.	Ach ja, den ersten mochte ich.
line:a4a26529	Oh yeah, there's this nice place downtown called wings.	Ach ja, in der Innenstadt gibt es einen netten Laden namens Wings.
line:d4d3ecd5	Oh yeah.	Ach ja.
line:059142a3	Oh Yeah?	Ach, ja?
line:71053a53	Oh Yeah?	Ach, ja?
line:1121309c	Oh yeah?	Ach ja?
line:2b560f59	Oh yeah?	Ach ja?
line:2d2820b0	Oh yeah?	Ach ja?
line:6e82e54c	Oh yeah?	Ach ja?
line:b9d8a22f	Oh yeah?	Ach ja?
line:d8ce8566	Oh yeah?	Ach ja?
line:f103a4a8	Oh yeah?	Ach ja?
line:4f6344f1	Oh yeah? He sounds like a bit of a hothead.	Ach ja? Klingt nach einem kleinen Hitzkopf.
line:60cdf456	Oh yeah? The little red drake?	Ach ja? Mit dem kleinen roten Drachen?
line:a9253dd8	Oh yeah? The sky blue drake I've seen around?	Ach ja? Mit dem himmelblauen Drachen, den ich hier gesehen habe?
line:762882b4	Oh yeeeaaah?	Aaaach ja?
line:5d737ca7	Oh yes	Oh ja.
line:1c90fb6d	Oh you. Gonna make me blush.	Ach du. Da werde ich noch rot.
line:7e3e59aa	Oh!	Oh!
line:3605a48a	Oh! I think I've seen him. The tiny one, yeah?	Oh! Den habe ich wohl schon gesehen. Den winzigen, oder?
line:3bc15278	Oh! No it wouldn't be. It's fun!	Oh! Nein, gar nicht. Das macht Spaß!
line:c95a153d	Oh! nothing. I'll get the gate.	Oh! Nichts. Ich öffne das Tor.
line:b6fb6fce	Oh! Okay. I'll get the gate!	Oh! Okay, ich mache auf!
line:4d3233a1	Oh! That's cold!	Oh! Das ist kalt!
line:403f2ab7	Oh! Then I better let you in. I'll go get the gate.	Oh! Dann lasse ich Sie lieber rein. Ich öffne das Tor.
line:0f2dc134	Oh! Yeah that makes sense...	Oh! Ja, das ergibt Sinn...
line:1270a483	Oh, and I apologize for being absolutely filthy.	Und verzeihen Sie bitte meinen ausgesprochen schmutzigen Zustand.
line:7b5be1f8	Oh, and I've figured it where to go.	Oh, ich weiß jetzt auch, wohin wir gehen.
line:52fb116d	Oh, and seems I got some on my face. woops.	Oh, anscheinend hängt mir was im Gesicht. Ups.
line:73a37947	Oh, awesome. I'm a big salmon guy.	Oh, super. Ich bin so ein richtiger Lachs-Typ.
line:74c9c07b	Oh, like... working class?	Ach, so wie... Arbeiterklasse?
line:e048566b	Oh, no.	Oh, nein.
line:1a9e6537	Oh, no. Ryan is a sweetheart.	Ach was. Ryan ist ein Schatz.
line:5f6a124a	Oh, okay. Thanks.	Ach so. Okay, danke.
line:17716b05	Oh, right. Sorry.	Ach ja. Entschuldige.
line:82ba64bf	Oh, sorry-	Oh, entschuldige...
line:956e5c91	Oh, sorry.	Oh, entschuldige.
line:54a8bb22	Oh, sure. Come on in.	Klar, komm rein.
line:270276eb	Oh, that's my favorite part!	Oh, das ist mein Lieblingsstück!
line:1ff9a04c	Oh, the crest around my head?	Oh, das Wappen um meinen Kopf?
line:ffed6d04	Oh, wonderful. Seem's we're similar.	Oh, wunderbar. Da geht's uns wohl ähnlich.
line:30e6b801	Oh, yeah!	Oh, ja!
line:bedeee82	Oh- Eager!	Oh, da ist jemand neugierig!
line:38b3c8c1	Oh- I mean. I'll go open the gate!	Oh! Ich meine, ich mache das Tor auf!
line:714c180e	Oh- I'm glad!	Oh, das freut mich!
line:ccf87ea9	Oh- I'm not too interested in using that right now.	Oh... Ich habe gerade nicht so viel Lust, das zu benutzen.
line:963981e4	Oh- I'm sorry for making a mess...	Oh... Entschuldigen Sie die Sauerei...
line:8e407c6e	Oh- Not just the wash.	Oh, nicht nur fürs Waschen.
line:ad31ec4c	Oh- Not just the wash.	Oh, nicht nur fürs Waschen.
line:6866c2c9	Oh- Right now? 'aight I'm down.	Oh, jetzt gleich? Okay, bin dabei.
line:9a6dca4b	Oh- Ya. On it.	Oh, ja. Bin dabei.
line:3b6d644d	Oh.	Oh.
line:4399096b	Oh.	Oh.
line:8441bf7b	Oh.	Oh.
line:87233429	Oh.	Oh.
line:e90fee8e	Oh.	Oh.
line:ebd9b4d3	Oh.	Oh.
line:8a79f72c	Oh. And one other thing.	Oh. Und noch etwas.
line:e8289be5	Oh. good.	Oh, gut.
line:5442e228	Oh. Okay I'll go get the gate.	Oh. Okay, ich öffne das Tor.
line:0da15c85	Oh. Okay.	Oh, okay.
line:73f7f13d	OH. RIGHT.	OH. STIMMT.
line:c35890c8	Oh. That's... Wonderful!	Oh. Das ist... wunderbar!
line:0ce8d5aa	Oh. Then yeah, we're open.	Oh. Dann haben wir doch offen.
line:52ed140c	Oh. Uhm. <size=70%>Good.	Oh. Ähm. <size=70%>Gut.
line:780d0993	Oh. yeah. Sorry.	Oh, ja. Entschuldigung.
line:7f5113d5	OH. You're not used to eating them whole.	ACH SO. Du isst sie normalerweise nicht am Stück.
line:45bc649d	Oh...	Oh...
line:0a093816	Oh... hah. I like that.	Oh... Ha. Gefällt mir.
line:f885f11d	Oh... I suppose this is alright~	Oh... So ist es wohl ganz angenehm~
line:7cd85c8e	Oh... I'm so sorry.	Oh... Das tut mir sehr leid.
line:8cc1aa72	Oh... yeah we don't have one.	Oh... stimmt, wir haben keinen.
line:f16d7940	Oh... Yeah, tinier dragons tend to... Compensate.	Oh... Ja, kleinere Drachen neigen zum... Ausgleichen.
line:1d491283	Oh?	Oh?
line:21c46e75	Oh?	Oh?
line:fd8d786a	Oh?	Oh?
line:0ce8d3c2	ohmygod I thought the egg was decorative.	Oh Gott, ich dachte, das Ei wäre Deko.
line:d9b26374	Ok I can do that	Okay, das schaffe ich.
line:1777121d	Ok I got this..	Okay, ich krieg das hin..
line:f3af3ce8	Ok just tell me if you get uncomfortable or anything.	Okay, sag einfach Bescheid, wenn es unangenehm wird oder so.
line:6c3a98cc	Ok lets wash it off for our date tonight then.	Okay, dann waschen wir's für unser Date heute Abend ab.
line:7a54a1e1	Okay	Okay.
line:f64a5b30	Okay	Okay.
line:249500dc	Okay!	Alles klar!
line:a327b5f9	Okay!	Alles klar!
line:ccaabca3	Okay!	Alles klar!
line:82d0ea81	Okay! I'll be back later then.	Okay! Dann komme ich später wieder.
line:3deb5f55	Okay! I'll go get the gate for you.	Okay! Ich öffne dir das Tor.
line:9c3d6cb7	Okay! I'll see you soon.	Okay! Bis bald dann.
line:72e0348e	Okay, bye!	Okay, tschüss!
line:255362b9	Okay, Conrad.	Okay, Conrad.
line:0d16ab28	Okay, I'll be waiting. Thanks.	Okay, ich warte. Danke.
line:155d1c64	Okay, I'll open the gate!	Okay, ich öffne das Tor!
line:886f5df2	Okay, I'll see you later!	Okay, dann bis später!
line:585d6a08	Okay, thank you.	Okay, vielen Dank.
line:c298bc55	Okay, thank you.	Okay, vielen Dank.
line:6acf71a3	Okay, thanks.	Okay, danke.
line:8ed5a204	Okay- okay. I'll go get the gate.	Okay, okay. Ich mache das Tor auf.
line:10b9a653	Okay- Thanks.	Okay, danke.
line:00a81c16	Okay. I hope you're doing alright though.	Okay. Ich hoffe trotzdem, dass es dir gut geht.
line:118a51bb	Okay. I should probably get out of your scales.	Okay. Ich sollte dich wohl nicht länger von der Arbeit abhalten.
line:a62e8112	Okay. I'll open up shop. Give me a sec.	Okay. Ich mache auf. Geben Sie mir einen Moment.
line:9d434af5	Okay. I'll order a mount.	Okay. Ich bestelle einen Bock.
line:2f3b06de	Okay. Then I think I'd like to try.	Okay. Dann würde ich's gerne versuchen.
line:54ad4706	Okay...	Okay...
line:28311fbb	Omg you're hurt!	Oh Gott, du bist verletzt!
line:8b3abbf7	On it!	Wird erledigt!
line:42e3eba2	Once I'm cleaned up I'm gonna head out and get our spot ready.	Sobald ich sauber bin, gehe ich los und bereite unseren Platz vor.
line:1d4b8a1c	One thing led to another...	Eins führte zum anderen...
line:c70bea2d	Only been cleaning for a few weeks now!	Ich mache das erst seit ein paar Wochen!
line:5188bd4a	Only If that's alright-	Nur, wenn es Ihnen recht ist...
line:01505282	Only realized how much of a mess I made after Max yelled at me, haha.	Erst als Max mich angeschrien hat, ist mir aufgefallen, was für eine Sauerei ich angerichtet habe, haha.
line:828eed25	Oof... Needed that. Thank you.	Uff... Das habe ich gebraucht. Danke.
line:2d40c69a	Oooh, alrighty.	Oooh, alles klar.
line:99ff9e7f	Ooooh must be a big deal then.	Oooh, dann bist du wohl eine große Nummer.
line:e8ad4791	Ooooh.	Oooh.
line:64bfd62a	Oops, my bad.	Ups, mein Fehler.
line:0fa31c40	Our first meeting went great though!	Unser erstes Treffen war aber großartig!
line:77cebc41	People tell me I've got a fat cock, is that true?	Die Leute sagen, ich hab einen dicken Schwanz. Stimmt das?
line:80de6c63	Perfectly clean again. Thank you for taking me in at this hour.	Wieder vollkommen sauber. Danke, dass Sie mich zu dieser Stunde empfangen haben.
line:f212528b	Phew! I had an accident that needs to be taken care of... discretely.	Puh! Mir ist ein Missgeschick passiert, um das man sich kümmern muss... diskret.
line:b3c35166	Phew, I was worried I'd make another mess of things.	Puh, ich hatte schon Angst, wieder eine Sauerei zu machen.
line:314c3d8a	physically or emotionally?	Körperlich oder seelisch?
line:156e0b50	Picnic bathket-	Einen Picknickkorb...
line:0d9de1a1	player hooked up with conrad	Der Spieler ist mit Conrad zusammengekommen.
line:2cf1c95e	player hooked up with conrad	Der Spieler ist mit Conrad zusammengekommen.
line:c2529648	player hooked up with conrad	Der Spieler ist mit Conrad zusammengekommen.
line:f7fd34b2	player hooked up with conrad	Der Spieler ist mit Conrad zusammengekommen.
line:66e08b22	player hooked up with ryan	Der Spieler ist mit Ryan zusammengekommen.
line:78039fd1	player hooked up with ryan	Der Spieler ist mit Ryan zusammengekommen.
line:96a0c0c7	player hooked up with ryan	Der Spieler ist mit Ryan zusammengekommen.
line:9bade6d6	player hooked up with ryan	Der Spieler ist mit Ryan zusammengekommen.
line:0ddcd600	Please scrub Igwix off my back would you?	Würden Sie Igwix bitte von meinem Rücken schrubben?
line:0632acbf	Plus they feel really nice.	Und sie fühlen sich richtig gut an.
line:c7b8ba3d	Possibly...?	Vielleicht...?
line:637629a8	Pretty sure I can digest anything.	Ich bin ziemlich sicher, dass ich alles verdauen kann.
line:65a41bc5	Pretty sure I'm all clean!	Ich glaube, jetzt bin ich ganz sauber!
line:3750bbf0	Pretty sure that was everything.	Ich glaube, das war alles.
line:960707b0	Primarily alchemy. Occasionally world history.	Vor allem Alchemie. Gelegentlich Weltgeschichte.
line:1475f95c	Professor Igwyx- My colleague who self-immolated earlier.	Professor Igwyx, mein Kollege, der kürzlich in Flammen aufging.
line:26e9d692	Professor, but yes. You have.	Professor. Aber ja, das haben Sie.
line:af0c15fd	Professor- But, yes. I usually don't go to public washes.	Professor, bitte. Aber ja. Öffentliche Waschanlagen suche ich für gewöhnlich nicht auf.
line:962abe27	Project Scale mary	Project Scale mary
line:e5d47feb	prole- <i><size=70%>wuh?	Prole... <i><size=70%>was?
line:c7b73162	Psst..!	Psst..!
line:9addfb4a	Ready!	Bereit!
line:875b5372	Really damn good!	Verdammt gut!
line:9e9f3e75	Really damn good!	Verdammt gut!
line:9364911d	Really looking forward to finding new people.	Ich freue mich sehr darauf, neue Leute kennenzulernen.
line:8b0b222c	Really sets the mood.	Sorgt für die richtige Stimmung.
line:4010d36d	Really well honestly.	Ehrlich gesagt richtig gut.
line:cfcb40c7	Really?	Wirklich?
line:0ec807a4	Really? Aw, That's really sweet.	Wirklich? Ach, das ist lieb.
line:630fed1b	Remove this barrier at once so I may enter.	Entfernen Sie sofort diese Absperrung, damit ich eintreten kann.
line:65deb150	Right after this wash!	Direkt nach der Wäsche!
line:0caa6657	Right, I'll get that for you ASAP.	Klar, ich beeile mich!
line:1271b80c	Right.	Richtig.
line:3ede5541	Right.	Richtig.
line:6a2e4e0d	Right. I'll get to it.	Stimmt. Ich lege los.
line:29daeb62	Right. Phoenix feather. Obviously.	Richtig. Eine Phönixfeder. Natürlich.
line:51d1b41e	Ryan is a sweetheart	Ryan ist ein Schatz.
line:202fce0c	RYAN THE BONE!	RYAN, DER KNOCHEN!
line:93bd9a2b	Ryan!	Ryan!
line:9b7e09b8	Ryan!	Ryan!
line:b76f49cd	Ryan!	Ryan!
line:1fa0fbbe	Ryan! I met him.	Ryan! Ich habe ihn getroffen.
line:f0427bb9	Ryan! this is so sweet.	Ryan! Wie lieb von dir.
line:92829935	Ryan's such a nice dragon.	Ryan ist so ein netter Drache.
line:13ca0a74	Ryan, you're not supposed to eat the stems-	Ryan, die Stiele isst man nicht mit...
line:7a01d265	Ryan: I guess it is pretty exciting	Ryan: Ist schon ziemlich aufregend, muss ich sagen.
line:e1526934	Ryan: I like that a lot	Ryan: Das gefällt mir sehr.
line:a430a2ff	Ryan: I think I am close too..	Ryan: Ich glaube, ich bin auch gleich so weit..
line:77626e43	Ryan: I would say it is going great	Ryan: Ich würde sagen, es läuft großartig.
line:f5f5b815	Ryan: I've never done this outside before	Ryan: Ich hab das noch nie draußen gemacht.
line:6dd86b71	Ryan: This was nice	Ryan: Das war schön.
line:41b9659f	Ryan: Wow.. Your stature is really the only thing small about you.	Ryan: Wow... An dir ist wirklich nur die Körpergröße klein.
line:aad89688	Ryan: Yea definitely. Worried about me?	Ryan: Ja, total. Machst du dir Sorgen um mich?
line:ce6d6d7f	Ryan? you sure everything is okay...?	Ryan? Ist wirklich alles in Ordnung...?
line:1d3b255b	Save your mood setting for tonight!	Heb dir das Stimmungmachen für heute Abend auf!
line:3ed6ab5d	Say do you remember the name of the college I work at?	Sagen Sie, erinnern Sie sich an den Namen der Hochschule, an der ich arbeite?
line:a05a7804	Say...	Sagen Sie...
line:82d7b5e4	Says who?	Wer sagt das?
line:6c193ba9	Scales different today? <size=70%><i>is that a thing...? </i><size=100%>You look good today.	Schuppen anders gemacht? <size=70%><i>Macht man so was...? </i><size=100%>Du siehst heute gut aus.
line:426f40ff	See you again soon, yeah?	Wir sehen uns bald wieder, ja?
line:3112d78d	See you soon.	Bis bald.
line:8072b186	See you tonight.	Bis heute Abend.
line:0d3b23da	Sheesh.	Alter.
line:48435b12	Shh! I'm not from around here...	Psst! Ich bin nicht von hier...
line:0f86dbf6	So am I!	Ich mich auch!
line:3063100e	So am I.	Bin ich auch.
line:a241eec6	So far so good though, yeah?	Bislang läuft's doch, oder?
line:813c6dd4	So is this like... our first date?	Ist das dann sozusagen... unser erstes Date?
line:9b10d450	So this Conrad guy, seems like you like him?	Du scheinst diesen Conrad ziemlich zu mögen?
line:0c5dcd3c	So uh, gate?	Also, äh... das Tor?
line:84d8a935	So uh, mind opening the gate?	Also, äh, machst du das Tor auf?
line:7da41ecd	So uhh, let me know if you need me to move.	Also, äh, sag Bescheid, wenn ich mich bewegen soll.
line:3a469ae4	So yeah, I had a mishap..	Also, mir ist ein Missgeschick passiert..
line:a6d6bf76	So you and Ryan huh?	Du und Ryan also?
line:31fa3bdf	So you came in just to...	Du bist also nur hier, um...
line:5f64c352	So you're a certified dragon washer huh?	Du bist also ein geprüfter Drachenwäscher?
line:c9e7bb1e	So you're a certified dragon washer huh?	Du bist also ein geprüfter Drachenwäscher?
line:aedb6a51	So, coming in for a wash?	Also, möchtest du gewaschen werden?
line:1c856f1c	So, how was your date?	Und, wie war Ihr Date?
line:3cda84e6	So, tell me more about conrad!	Also, erzähl mir mehr von Conrad!
line:c10d9415	So, thanks on his behalf for caring.	Darum danke ich dir in seinem Namen dafür, dass du für ihn da warst.
line:e6aa9d20	So, with... relationships.	Also, bei... Beziehungen.
line:a99c5c88	So. How about a date?	Also. Wie wär's mit einem Date?
line:c2f44537	So. My girlfriend was home before me. she's a work-from-home dragon.	Also. Meine Freundin war schon zu Hause, als ich ankam. Sie ist eine Drachin und arbeitet im Homeoffice.
line:d9652dff	So. Our date tonight...	Also. Unser Date heute Abend...
line:b983f922	So. Tonight.	Also. Heute Abend.
line:28c51dbf	So... A date. I think I'd like to go on one soon!	Also... Ein Date. Ich würde gerne bald eines haben!
line:7c56b2d8	So... I was thinking about my relationships.	Also... Ich habe über meine Beziehungen nachgedacht.
line:5a5e7f21	So<size=90%>o<size=80%>o<size=70%>o<size=60%>o... <size=100%>I 'aint dirty. But I am <i>~dirty~</i> y'know?	A<size=90%>a<size=80%>a<size=70%>a<size=60%>also... <size=100%>Ich bin nicht dreckig. Hab aber <i>~dreckige~</i> Gedanken, verstehst du?
line:8a35fb7b	So<size=90%>o<size=80%>o<size=70%>o<size=60%>o... <size=100%>Was wonderin'	A<size=90%>a<size=80%>a<size=70%>a<size=60%>also... <size=100%>Wollte mal fragen.
line:5230bdfd	Soap, then rinse!	Erst einseifen, dann abspülen!
line:c374e532	Somehow that feels more honest than anything anyone else says.	Irgendwie wirkt das ehrlicher als alles, was andere sagen.
line:2898f680	Something happened last night	Gestern Abend ist etwas passiert.
line:4dac3d2b	Something went wrong with flags!	Mit den Handlungsvariablen ist etwas schiefgelaufen!
line:61c7f2d6	Something went wrong with flags!	Mit den Handlungsvariablen ist etwas schiefgelaufen!
line:6d5ba814	Something went wrong with flags!	Mit den Handlungsvariablen ist etwas schiefgelaufen!
line:8f64adc0	Something went wrong with flags!	Mit den Handlungsvariablen ist etwas schiefgelaufen!
line:19cedc30	Sooo. You gonna jerk me off?	Aaalso. Holst du mir einen runter?
line:1646ece2	Sorry for coming in late. My sleeps borked.	Sorry für die späte Stunde. Mein Schlafrhythmus ist im Eimer.
line:b2b32876	Sorry I'm bad at flirting. Could you get the gate?	Sorry, ich kann nicht gut flirten. Machst du auf?
line:13ba93ef	sorry!	Entschuldigung!
line:e2f9c70c	Sorry, I meant to say I enjoy your wash.	Verzeihung, ich wollte sagen, dass mir Ihre Waschanlage gefällt.
line:78ca8d95	Sorry...	Tut mir leid...
line:4af15fc3	Sounds good to me!	Klingt gut für mich!
line:8c6e66f3	Sounds good!	Klingt gut!
line:1ef36cb0	Sounds like a date then!	Dann haben wir ein Date!
line:d71ba53e	Sounds like a date then!	Dann haben wir ein Date!
line:5fc277a9	Sounds like a date then! Seafood then we play it by ear.	Dann steht das Date! Meeresfrüchte, und danach schauen wir weiter.
line:0e643191	Sounds like a date then, I'm excited.	Dann steht unser Date. Ich freue mich.
line:c4642c9c	Sounds like a date then. I'm excited.	Dann steht unser Date. Ich freue mich drauf.
line:ffc401d1	Sounds like a plan.	Abgemacht.
line:c4dd137b	Sounds like it was good then.	Klingt, als wäre es gut gewesen.
line:7b6c47bd	Sounds like it.	Klingt so.
line:5c51654f	Sounds nice.	Klingt schön.
line:3a23b81f	Sounds really cool.	Klingt wirklich cool.
line:1dbf50b3	Sure	Klar.
line:c14ceb34	Sure is!	Ganz genau!
line:de7cd73a	Sure it is. Thanks to Conrad for having me get it.	Natürlich. Conrad hat mich dazu gebracht, ihn anzuschaffen.
line:05c673e7	Sure!	Klar doch!
line:52542beb	Sure!	Klar doch!
line:67f14802	Sure!	Klar doch!
line:a2dc4ac0	Sure! I'll go get the gate.	Klar! Ich öffne das Tor.
line:dbb68858	Sure! I'll go get the gate.	Klar! Ich öffne das Tor.
line:601e1b38	Sure! I'm excited to tell you about Conrad.	Klar! Ich möchte dir unbedingt von Conrad erzählen.
line:7b5c9d8c	Sure, but he needed someone who cared in that moment.	Klar, aber in dem Moment brauchte er jemanden, dem er nicht egal war.
line:709a9a57	Sure.	Klar.
line:4af4703c	Tasted real good though!	War aber richtig lecker!
line:048fe71b	TELL ME ABOUT YOU AND CONRAD!	ERZÄHL MIR VON DIR UND CONRAD!
line:2b84f2eb	Test line 1	Testzeile 1
line:7a22b4d3	Test line 10	Testzeile 10
line:ec12b3a4	Test line 11	Testzeile 11
line:4f87d73a	Test line 12	Testzeile 12
line:d9b7d04d	Test line 13	Testzeile 13
line:63e6d9d4	Test line 14	Testzeile 14
line:f5d6dea3	Test line 15	Testzeile 15
line:64cb6133	Test line 16	Testzeile 16
line:f2fb6644	Test line 17	Testzeile 17
line:1772a124	Test line 18	Testzeile 18
line:88119675	Test line 2	Testzeile 2
line:1e219102	Test line 3	Testzeile 3
line:a470989b	Test line 4	Testzeile 4
line:32409fec	Test line 5	Testzeile 5
line:a35d207c	Test line 6	Testzeile 6
line:356d270b	Test line 7	Testzeile 7
line:5643ba3d	Test line 8	Testzeile 8
line:c073bd4a	Test line 9	Testzeile 9
line:394db643	Thank the stars you're open.	Den Sternen sei Dank, Sie haben offen.
line:f1946aab	Thank you for cleaning me!!	Danke fürs Saubermachen!!
line:75b5b084	Thank you for getting me and Ryan in contact.	Danke, dass du mich mit Ryan bekannt gemacht hast.
line:189d999e	Thank you for listening.	Danke fürs Zuhören.
line:3398aea2	Thank you for that.	Dafür danke ich Ihnen.
line:875f0961	Thank you for the clean!	Vielen Dank fürs Saubermachen!
line:acb8a5aa	Thank you for the quick clean!	Danke für die schnelle Wäsche!
line:8512365e	Thank you!	Vielen Dank!
line:bbca8a46	Thank you!	Vielen Dank!
line:e449156d	Thank you!	Ich danke Ihnen!
line:bb4e1dc1	Thank you, Ryan. I'm happy I got to meet you too	Danke, Ryan. Ich bin auch froh, dass wir uns kennengelernt haben.
line:3b568c14	Thank you.	Ich danke Ihnen.
line:6b245989	Thank you.	Danke.
line:836d1b13	Thank you.	Ich danke Ihnen.
line:d60f2dc0	Thank you.	Ich danke Ihnen.
line:035a0830	Thank you. I'd really appreciate it	Danke. Das würde mir viel bedeuten.
line:f3e7a8fe	Thank you. Look good feel good!	Danke. Gut aussehen, gut fühlen!
line:d2d97c90	Thank you. You make this a whole lot easier to go through.	Danke. Mit dir ist das alles viel leichter durchzustehen.
line:3027bcf7	Thanks for asking. It's enjoyable to be asked personal questions.	Danke für die Fragen. Es ist schön, wenn jemand Persönliches wissen möchte.
line:aaf3066d	Thanks for cleaning me!	Danke, dass du mich gewaschen hast!
line:8150e2a2	Thanks for helping me out.	Danke für deine Hilfe.
line:a2217280	Thanks for helping me out.	Danke für deine Hilfe.
line:7db0baf0	Thanks for introducing me to him.	Danke, dass du uns vorgestellt hast.
line:c6cee89f	Thanks for letting me in so late.	Danke, dass du mich noch reingelassen hast.
line:079b3782	Thanks for sharing food with me, You're a great friend.	Danke, dass du mit mir gegessen hast. Du bist ein toller Freund.
line:85f901b0	Thanks for sharing food with me...	Danke, dass du mit mir gegessen hast...
line:a39fd5a9	Thanks for that. Felt pretty damn good.	Danke. Das war verdammt gut.
line:505e150f	Thanks for the clean.	Danke für die Wäsche.
line:a40e531c	Thanks for the food! I'll go get the gate.	Danke fürs Essen! Ich öffne das Tor.
line:f1692a96	Thanks for the suggestion!	Danke für den Vorschlag!
line:81ebbec0	Thanks for the wash so late in the night.	Danke für die Wäsche zu so später Stunde.
line:a9df4c5e	Thanks I'll be waiting!	Danke, ich warte hier!
line:f73a3fc7	Thanks mate, see you tomorrow then.	Danke, Kumpel. Dann bis morgen.
line:30f1f583	Thanks!	Danke!
line:3484ab9d	Thanks!	Danke dir!
line:44701902	Thanks!	Danke!
line:4d868f2f	Thanks!	Danke dir!
line:70190774	Thanks!	Danke!
line:8b8f57c4	Thanks!	Danke!
line:ab5b2574	Thanks!	Danke!
line:b588bf4c	Thanks!	Danke!
line:bc5d790a	Thanks!	Danke dir!
line:c07a9171	Thanks!	Danke!
line:e7e57d9c	Thanks!	Danke!
line:fa293cde	Thanks! Whats with all the... Gloop?	Danke! Was ist das für ein... klebriges Zeug?
line:e1609903	Thanks, but I'll be better. I promise.	Danke, aber ich werde besser. Versprochen.
line:02cbdc87	Thanks, I'm excited too.	Danke, ich freue mich auch.
line:37c9d915	Thanks, You're pleasant too!	Danke, Sie sind auch sympathisch!
line:cb847372	Thanks, You're pleasant too!	Danke, Sie sind auch sympathisch!
line:188d4359	Thanks.	Danke dir.
line:316bb26e	Thanks.	Vielen Dank.
line:34ec4db7	Thanks.	Danke dir.
line:5183a6f2	Thanks.	Danke dir.
line:c642cb17	Thanks.	Danke dir.
line:cf716777	Thanks.	Danke.
line:e00c6df5	Thanks.	Vielen Dank.
line:e521db76	Thanks.	Danke.
line:f62e1c4f	Thanks.	Danke.
line:fbba1293	Thanks.	Danke.
line:8bfa88d7	Thanks. I like being around you too.	Danke. Ich bin auch gerne mit dir zusammen.
line:df0a8598	Thanks. I'm always happy to be here.	Danke. Ich bin immer gerne hier.
line:084e3cbc	Thanks. See you soon.	Danke. Bis bald.
line:71d57aeb	Thanks. That's kind of you to say.	Danke. Das ist nett von Ihnen.
line:a1f9de62	Thanks. That's kind of you to say.	Danke. Das ist nett von Ihnen.
line:9a9a6120	Thankth!	Dankfe!
line:e721d512	That brings me to my next question...	Damit komme ich zu meiner nächsten Frage...
line:215a2d34	That felt <i>good</i>.	Das war <i>geil</i>.
line:89150715	That is rather kind of you to say.	Das ist freundlich von Ihnen.
line:a57409fb	That is the source of my worry...	Darüber mache ich mir Sorgen...
line:ad261b84	That just makes it harder!	Das macht's nur noch schwerer!
line:7111d265	That makes me feel a lot more sure of myself then.	Das gibt mir doch deutlich mehr Selbstvertrauen.
line:3fac5bff	That makes me feel good to hear.	Das zu hören tut gut.
line:1c49f05b	That makes me happy to hear.	Das freut mich zu hören.
line:a8b70da7	That must mean it is! I'm glad.	Das heißt bestimmt ja! Schön.
line:5738ea38	That nice to hear... But, I mean being taken care of more... Primally?	Das freut mich zu hören... Aber ich meine eher Fürsorge auf... instinktiver Ebene?
line:8f598864	That one was almost too big-	Die war fast zu groß...
line:5960dcbb	That should be all though, could you go get the gate?	Das müsste alles sein. Öffnest du das Tor?
line:116f0e16	That should be every spot.	Das müsste die letzte Stelle gewesen sein.
line:90444b09	That sounds like an over-reaction on her part.	Klingt, als hätte sie überreagiert.
line:f07c9e39	That sounds like an over-reaction on her part.	Klingt, als hätte sie überreagiert.
line:c78cf81f	That sounds lovely!	Das klingt wunderschön!
line:eaa3c173	That they are...	Das sind sie...
line:f4b9a455	That was much nicer than a hose.	Das war viel angenehmer als mit dem Schlauch.
line:78cef130	That was never a concern. I'm a rather risk averse dragon.	Das war nie meine Sorge. Ich scheue Risiken durchaus.
line:22d271f4	That was really fun.	Das hat wirklich Spaß gemacht.
line:019b83df	That was wonderful! I feel so much better about dating.	Das war wunderschön! Jetzt bin ich wegen der ganzen Dating-Sache viel zuversichtlicher.
line:d7bf167b	That was... Nicer than I expected.	Das war... angenehmer als erwartet.
line:577cec43	That's a mount, no?	Das ist ein Bock, nicht wahr?
line:825536f5	That's a tricky question to answer.	Darauf lässt sich schwer antworten.
line:66fb84fe	That's all I want to ask.	Mehr wollte ich nicht fragen.
line:ac1ed298	That's all you can ask for, right?	Mehr kann man doch nicht verlangen, oder?
line:6605187b	That's an appeal to authority fallacy. But, yes. I'm correct.	Das ist ein Autoritätsargument und damit ein Fehlschluss. Aber ja, ich habe recht.
line:52f81dde	That's cute!	Das ist süß!
line:45befc02	That's exciting!	Wie aufregend!
line:13cd5511	That's fast... But I think so!	Das geht schnell... Aber ich glaube, ja!
line:4ff91cbd	That's fine!	Schon in Ordnung!
line:163c524a	That's good to hear.	Das hört man gerne.
line:33e2bee6	That's good to hear.	Das hört man gerne.
line:30e461f2	That's good. You deserve a decent man.	Das ist schön. Sie verdienen einen anständigen Mann.
line:aeae4744	That's good... Now what?	Das freut mich... Und jetzt?
line:f3eeb627	That's great! whens your first date?	Wie schön! Wann habt ihr euer erstes Date?
line:215f4eba	That's me.	Der bin ich.
line:cf8c5f37	That's not a thing... But thank you!	Das macht man nicht... Aber danke!
line:3f29878b	That's rather nice of you to say.	Das ist wirklich nett von Ihnen.
line:d38c63ea	That's really cute.	Wie süß.
line:6474d7f7	That's really nice!	Das ist wirklich schön!
line:c5001a4c	That's the best way to eat'em!	So schmecken sie am besten!
line:2a5cc3a5	That's very sweet.	Das ist sehr lieb.
line:7052576b	That's what I like to hear.	Das höre ich gerne.
line:2a154290	That's what I thought too.	Das dachte ich auch.
line:33d12f97	That's what I thought too.	Das dachte ich auch.
line:2b7bb6ce	That's what's terrifying.	Genau das ist ja beängstigend.
line:36fb380f	That's wonderful, he's cute!	Das ist toll, er ist süß!
line:266836f8	That's... the first time you've yipped for me.	Du hast... gerade zum ersten Mal für mich geyippt.
line:9b0b24ad	That.	Das.
line:6ff80785	That... makes me feel a lot more sure of myself then.	Das... gibt mir doch deutlich mehr Selbstvertrauen.
line:cc6d631b	That... makes me feel a lot more sure of myself then.	Das... gibt mir doch deutlich mehr Selbstvertrauen.
line:ecf6206f	Thats awesome. I'm glad you two are working out.	Das ist toll. Ich freue mich, dass es mit euch klappt.
line:0f8bb606	Thats good to hear.	Schön zu hören.
line:f5324d68	Thats really good to hear.	Das höre ich wirklich gerne.
line:063dcd4b	The ability to open up to someone, even occasionally...	Sich jemandem anvertrauen zu können, selbst gelegentlich...
line:8919009a	The ambiance is nice.	Die Stimmung ist angenehm.
line:08c850bf	The apothecary will tarnish my name for months.	Der Apotheker wird meinen Namen monatelang durch den Schmutz ziehen.
line:01b4161e	The breakup I went through earlier was rough.	Die Trennung damals war schwer.
line:c932c99d	The breakup I went through earlier was rough.	Die Trennung damals war schwer.
line:dd06ed39	The Burnswick Community College of Thaumaturgy, of course!	Das Burnswick Community College für Thaumaturgie natürlich!
line:515099ec	The button on the wall, I mean.	Den Knopf an der Wand meine ich.
line:7fe73572	The clean was fine.	Die Wäsche war in Ordnung.
line:e8a38ed0	The college cannot find out about this okay?	Die Hochschule darf nichts davon erfahren, verstanden?
line:1a169dbc	The lights in the area are great too.	Die Beleuchtung dort ist auch toll.
line:610dd8cb	The markers were fun.	Das Bemalen mit den Filzstiften hat Spaß gemacht.
line:4b36ea4e	The most prestigious college hosting prestigious professors like me:	Die angesehenste Hochschule mit angesehenen Professoren wie mir:
line:ec00a1fe	The mount? I... suppose!	Der Bock? Ich... denke schon!
line:94e04dcf	The mount? Sure!	Der Bock? Gerne!
line:d8273d7f	The night 'aint gonna start itself!	Die Nacht fängt nicht von selbst an!
line:1f2907ed	The rain has been unrelenting today!	Heute regnet es ununterbrochen!
line:1804bf0a	The rain is nice.	Ich mag den Regen.
line:7e9a1f83	The stem is just extra food.	Der Stiel ist nur eine Zugabe.
line:c88244b5	The vibe at night is fuckin' great.	Abends ist die Stimmung dort verdammt gut.
line:d8a2002e	Then I better let you out!	Dann lasse ich dich lieber raus!
line:d7b3cd09	Then- Have a productive day.	Dann wünsche ich einen produktiven Tag.
line:448afe95	There was a fault in his method.	War seine Vorgehensweise fehlerhaft.
line:48d4a45a	There's this one red dragon, Conrad. He's... Hot headed, but cute.	Da ist ein roter Drache, Conrad. Er ist... temperamentvoll, aber süß.
line:f4af8b88	Theres this club downtown. 'Wings'. It's an old favorite of mine.	Es gibt einen Club in der Innenstadt: Wings. Da gehe ich schon lange gerne hin.
line:972f132f	These washes really make things easier.	Diese Wäschen machen wirklich vieles leichter.
line:352d1d6f	They cum	Sie kommen.
line:d78962e8	They cum	Sie kommen.
line:3200a588	They keep going	Sie machen weiter.
line:a31d1a18	They keep going	Sie machen weiter.
line:035e5be6	They seem cute!	Er wirkt süß!
line:454172b0	They took it too far.	Sie sind zu weit gegangen.
line:d7b49fb8	They were! The stem is my favorite part though.	Waren sie auch! Aber am liebsten mag ich die Stiele.
line:d156a87f	Think that's every spot.	Ich glaube, ich habe jede Stelle erwischt.
line:fa1a1e76	Think that's it.	Ich glaube, das war's.
line:3112adad	This drake at the bar... I was stupid. Couldn't shut my mouth.	Ein Drache in der Bar... Ich war blöd. Konnte die Klappe nicht halten.
line:bfd70320	This feels scandalous	Das fühlt sich skandalös an.
line:cb437bd0	This is a common practice?	Ist das hier üblich?
line:831cbfda	This is a job only you can do.	Nur Sie können mir hierbei helfen.
line:4944dbda	This is delicious!	Das ist köstlich!
line:088893da	This is my first time with a Kobold.	Das ist mein erstes Mal mit einem Kobold.
line:e218722c	This is my first time, actually!	Das ist tatsächlich mein erstes Mal!
line:9eb894ad	This is really nice..	Das ist wirklich schön..
line:c7e4e36f	This is the kind of shit I try to avoid!	Genau diese Scheiße will ich doch vermeiden!
line:22929636	This place could use a makeover, I know would it could use!	Dem Laden würde eine Auffrischung guttun. Ich weiß auch schon, was fehlt!
line:b06e13bc	This soap isn't fitting for a professor don't you think?	Diese Seife ist eines Professors nicht würdig, finden Sie nicht?
line:97841169	This was a nice escape.	Hier konnte ich gut abschalten.
line:5f02ceea	This was a wonderful escape...	Hier konnte ich wunderbar abschalten...
line:d45f4788	This was nice...	Das war schön...
line:418498cf	Those grapes looked good.	Die Trauben sahen lecker aus.
line:e9d73205	Though every other wash I've been to at least has a mount	Aber jeder andere Laden, in dem ich war, hat wenigstens einen Bock.
line:29e70457	Though I can't say I am not curious	Wobei ich nicht behaupten kann, dass ich nicht neugierig wäre.
line:9c3e6004	Though you probably shouldn't eat them.	Du solltest sie aber wohl nicht essen.
line:f1ca33da	title: Alexander_Done	title: Alexander_Done
line:3ed2f649	title: Conrad_OutroDone	title: Conrad_OutroDone
line:74c28add	title: ConradBeatup_OutroDone	title: ConradBeatup_OutroDone
line:722243c8	title: RyanDate_OutroDone	title: RyanDate_OutroDone
line:b4eee981	title: RyanExploded_OutroDone	title: RyanExploded_OutroDone
line:6298f08b	Told me about the time he got beat up.	Er hat erzählt, wie er verprügelt wurde.
line:ee954bd9	Told me to go to a wash, and was acting extremely offended.	Ich sollte zur Waschanlage gehen. Sie war richtig empört.
line:c66e1278	Tonight- on campus. The library is the large blue spire building.	Heute Abend auf dem Campus. Die Bibliothek ist das Gebäude mit der großen blauen Turmspitze.
line:434527c6	Truly terrible, no?	Wirklich furchtbar, nicht wahr?
line:5a5d646c	Truly?	Wirklich?
line:e3aa4e29	Truth be told, I got dirty to come here.	Um ehrlich zu sein, habe ich mich schmutzig gemacht, um herzukommen.
line:0979dea3	Uh, I'm still really soapy!	Äh, ich bin noch ganz voller Seife!
line:05bbe58c	Uh-huh, I'll go get the gate	Aha, ich öffne das Tor.
line:7de638fb	Uh... Hello?	Äh... Hallo?
line:7de9b3a4	Uh... uhm...	Äh... ähm...
line:159c5c1f	Uh... Yeah.	Äh... Ja.
line:2089db44	Uhhhm we're not exactly.	Ähm, nicht so ganz.
line:3ed62e6b	Uhm, no, I'll just be REALLY upset.	Ähm, nein. Ich wäre bloß ECHT sauer.
line:f0a579a5	Uhm...	Ähm...
line:cc295885	uhm... <size=60%>no?	Ähm... <size=60%>nein?
line:29237bc3	Use the crowbar to open and place it in storage, would you?	Öffnen Sie die Kiste bitte mit dem Brecheisen und bringen Sie ihn ins Lager.
line:1ec0dc6a	Use the sprayer on the wall to wash me off.	Nimm die Brause an der Wand, um mich abzuspülen.
line:a716d3b8	Uunf. T-that was... Rather undignified.	Uff. D-das war... nicht besonders würdevoll.
line:a37177dd	V-very well. I'll try.	N-na gut. Ich werde es versuchen.
line:209ddf97	Very cool	Richtig cool.
line:2f10f572	Very well. Don't let me interrupt the wash then!	Nun gut. Dann will ich Sie nicht länger vom Waschen abhalten!
line:7678511c	Wah- huh- <size=80%>oah. <size=60%>we don't-	Wa... hä... <size=80%>oh. <size=60%>Wir machen keine...
line:82e2c158	Wait a sec, I need to open the gate.	Einen Moment, ich muss das Tor öffnen.
line:9c7a2fb7	Wait a sec, I need to open the gate.	Einen Moment, ich muss das Tor öffnen.
line:8ab5686b	Was great! Ryan is a sweetheart.	Es war toll! Ryan ist ein Schatz.
line:d8c9f912	Was just doing my job!	Ich habe doch nur meine Arbeit gemacht!
line:148a63c8	Was just trying to play along. Happy to see you!	Ich wollte nur mitmachen. Schön, dich zu sehen!
line:56261ccb	Was still good though! I like how it feels sliding down.	War trotzdem gut! Ich mag, wie sie runterrutscht.
line:4d002f47	Was... <i>Really</i> upset I was muddy.	Sie war... <i>sehr</i> sauer, weil ich voller Schlamm war.
line:014b5da5	Watch where those paws are going would you?	Pass bitte auf, wo deine Pfoten landen, ja?
line:3028feb5	We also had sex after our date.	Nach dem Date hatten wir auch Sex.
line:d132db41	We can just lay here...	Wir können einfach hier liegen bleiben...
line:4da8b942	We can make an opening.	Für dich finden wir noch einen Platz.
line:8c563ab8	We can make an opening.	Für dich finden wir noch einen Platz.
line:33a79dbe	We do! Are you... from the college...?	Ja! Sind Sie... vom College...?
line:b83ec453	We got your request for the mount!	Ihre Bestellung für den Bock ist eingegangen!
line:8b7b8d6b	We went out to eat. Had some good conversation.	Wir waren essen und haben uns gut unterhalten.
line:74706bb3	We will need to clean the floors...	Wir werden den Boden putzen müssen...
line:df8fb8c9	We'll be going out to this seafood place-	Wir gehen in ein Restaurant für Meeresfrüchte...
line:110a2ced	Welcome back!	Willkommen zurück!
line:b042f12a	Welcome back!	Willkommen zurück!
line:c46f5033	Well great, I appreciate your discretion, I'll be headed off to the apothecary.	Sehr gut, ich weiß Ihre Diskretion zu schätzen. Ich mache mich dann auf den Weg zum Apotheker.
line:08f40e32	Well I had a good time, see you later then!	War schön hier. Dann bis zum nächsten Mal!
line:c1e8b05d	Well I had a good time, see you later then!	War schön hier. Dann bis zum nächsten Mal!
line:fcff7b00	Well, go to the window and speak with your customer.	Gehen Sie bitte zum Fenster und sprechen Sie mit Ihrem Kunden.
line:fc1e497a	Well, good luck getting your hands around all of me.	Na, viel Glück dabei, mich mit den Händen ganz zu umfassen.
line:60f14972	Well, I do enjoy the color. But I believe that is unrelated to my hue.	Nun, die Farbe gefällt mir. Das hat aber wohl nichts mit meiner eigenen Färbung zu tun.
line:c9f270de	Well, I'm a dragon- but... You know what I mean.	Also, ein Drache... Aber du weißt, was ich meine.
line:f7f87f6c	Well, That's why I'm here!	Dafür bin ich schließlich da!
line:629d89d1	Well, yes. I mean more... Primally?	Nun, ja. Ich meine eher... auf instinktiver Ebene?
line:8aa0fc1a	Well, you are one hell of a catch.	Na ja, du bist schon ein echter Glücksgriff.
line:5d34e715	Well, you better get one then!	Dann besorg dir besser einen!
line:f16e75f3	Well...	Also...
line:a71a8385	Went to the bar... Things got spicy. You can imagine what happened next... <size=70%>Hah...	Wir gingen in die Bar... Dann wurde es heiß. Den Rest kannst du dir denken... <size=70%>Ha...
line:2e0ec324	Wha..?	Was...?
line:29ec93b2	Whaaat. Nothing wrong with it! figured you'd like to know.	Waaas? Ist doch nichts dabei! Ich dachte, das interessiert dich.
line:18e5a573	Whaaat? It's good to make sure you're warmed up!	Waaas? Aufwärmen kann doch nicht schaden!
line:bd66082e	What about a movie?	Wie wär's mit einem Film?
line:ee3c126b	What about your private washers?	Und Ihre privaten Wäscher?
line:871137eb	What about?	Worüber denn?
line:bb3b6c71	What brings you in so late?	Was führt dich so spät her?
line:2dd518f0	What do you mean?	Wie meinst du das?
line:2fae1274	What do you mean?	Wie meinen Sie das?
line:3c2c53dc	What do you mean?	Wie meinst du das?
line:838cdf1b	What do you think of me?	Was halten Sie von mir?
line:c2bdc402	What does the number 7 taste like?	Wonach schmeckt die Zahl 7?
line:56fc085a	What happened!?	Was ist passiert?!
line:0bc56d4d	what happened?	Was ist denn passiert?
line:8c3b76ea	What is it?	Welche denn?
line:44b711a0	What is..	Was ist das..
line:53301d3b	What kind of egg was that?	Was war das für ein Ei?
line:073701b7	What kind of movie are you thinking?	An welchen Film denkst du?
line:03cf1c9a	What kind of question?	Was für eine Frage?
line:003700c7	What kinds of classes do you teach?	Welche Fächer unterrichten Sie?
line:e2406cc4	What now?	Und jetzt?
line:0c583118	What was in those opened crates?	Was war in den offenen Kisten?
line:5a195ff2	What!? that's terrible! You don't even have a mount...?	Was?! Das ist doch Mist! Habt ihr nicht mal einen Bock...?
line:8ebd442e	What's got you looking so happy?	Warum bist du denn so gut drauf?
line:fc7aaaa0	What's teaching like?	Wie ist es, zu unterrichten?
line:f99840cd	What's that?	Was ist das?
line:1a0b719d	What's up?	Was gibt's?
line:29359884	What's up?	Was gibt's?
line:8d5c7802	What's up?	Was gibt's?
line:712f9d7c	what?	Was?
line:766c2abd	What? All the best places do it!	Was? Das gibt's in allen guten Läden!
line:159a1d54	What? I'm a professor! Can't you tell from my crest?	Was? Ich bin Professor! Erkennen Sie das nicht an meinem Wappen?
line:9aa86a9b	What? There is no harm caused by a genuine compliment!	Was? Ein ehrliches Kompliment schadet doch niemandem!
line:b2fe309b	Whats got you in a good mood?	Warum bist du so gut gelaunt?
line:93a145d4	Whats up, big guy?	Was gibt's, Großer?
line:4efe8211	Whats up?	Was ist los?
line:866cd495	Whats up?	Was ist los?
line:bfc04b3a	Whats up?	Was ist los?
line:e01885c3	Whats up?	Was ist los?
line:f7d786b6	Whats with all the... Gloop?	Was ist das für ein... klebriges Zeug?
line:c4c81aa9	Whats your favorite part about him?	Was magst du an ihm am liebsten?
line:ff6ef027	When do you actually end the relationship?	Wann macht man dann tatsächlich Schluss?
line:2ffe284b	When I met him at first I was falling back on my old script.	Als ich ihn kennenlernte, bin ich wieder in meine alten Verhaltensmuster gefallen.
line:eb019075	When you're done go ahead and hit the button.	Wenn du fertig bist, drück einfach den Knopf.
line:5d4e9392	Where did he go...?	Wo ist er hin...?
line:7af04961	Where would you like to go?	Wohin möchtest du gehen?
line:7e9389a7	Which college?	Welche Hochschule?
line:2d315c6c	Who knew a dragon could get so dirty, huh?	Wer hätte gedacht, dass ein Drache so schmutzig werden kann, was?
line:a97338b0	Who knew places such as this existed so readily available to the public!	Wer hätte geahnt, dass solche Orte der Öffentlichkeit so zugänglich sind!
line:8b7915f4	Who's that?	Wer ist das?
line:ebd63f8c	Who's there?	Wer ist da?
line:eea7573f	Whoa! Cold!	Woah! Kalt!
line:1acbd02a	Whoops	Ups.
line:5a6c0d31	Whoops	Ups.
line:afc6c00a	Whoops	Ups.
line:c30013ff	Whoops	Ups.
line:9df56a3a	why are you here so late?	Warum kommen Sie so spät?
line:bb8583c1	With Ryan, I'm pretty sure we're gonna go on a date tonight.	Ich glaube, ich habe heute Abend ein Date mit Ryan.
line:c236bdf9	Woah. Uhm.	Whoa. Ähm.
line:390f05be	Woah... What is that in your mouth?	Wow... Was hast du denn da im Maul?
line:4b93b009	Woah... You want me to use that? Even with the food? Alright!	Wow... Du willst, dass ich das benutze? Trotz des Essens? Na gut!
line:4cacfab8	Wonderful to hear you're seeing someone!	Wie schön, dass Sie jemanden haben!
line:f6fdf321	Wonderful to hear you're seeing someone!	Wie schön, dass Sie jemanden haben!
line:7e2421b6	Wonderful to hear.	Das freut mich sehr.
line:36d49875	Wonderful!	Wunderbar!
line:6046bedf	Wonderful!	Wunderbar!
line:ab423ac7	Wonderful!	Wunderbar!
line:5a9abbd4	Wonderful. Have a <i>productive</i> day.	Wunderbar. Einen <i>produktiven</i> Tag noch.
line:ec771552	Woops.	Huch.
line:51bcff68	Would that interest you?	Hättest du daran Interesse?
line:8c8591ec	Would you care to join me at the college library this evening...?	Würden Sie mir heute Abend in der Hochschulbibliothek Gesellschaft leisten...?
line:985436e6	Wouldn't that be degrading?	Wäre das für dich nicht erniedrigend?
line:1e027369	Wow thanks, that feels good.	Wow, danke. Das tut gut.
line:737184f5	Wow!	Wow!
line:ead1bf44	Wow, it's an experience seeing you eat like that.	Wow, dir so beim Essen zuzusehen ist echt ein Erlebnis.
line:5da1e074	Y'know?	Verstehst du?
line:79352475	Ya.	Ja.
line:f6c14e05	Ya.	Ja.
line:b6add8e0	Yea! I do!	Ja! Genau!
line:b44edd29	Yeaaah I'm not sticking with that one.	Jaaa, den Namen benutze ich lieber nicht mehr.
line:7a471225	Yeaaah.	Jaaa.
line:5483c5fd	Yeah	Ja.
line:3a5d5ca4	Yeah he seems like he'd push some buttons.	Ja, klingt, als wüsste er, welche Knöpfe er drücken muss.
line:63024a1f	Yeah he's improved a lot.	Ja, er hat sich sehr gebessert.
line:5847a779	Yeah I have.	Ja, habe ich.
line:f3b5952a	Yeah I'm happy too.	Ja, ich bin auch glücklich.
line:fb47f998	Yeah it go BRRT haha.	ja, der macht BRRT, haha.
line:eef9b2bb	Yeah It's fine. Sorry.	Ja, alles gut. Entschuldige.
line:fbc80e96	Yeah let me get that for you.	Ja, mache ich dir auf.
line:f212b2de	Yeah so I'm all muddy and stuff, love romping around in the public park.	Also, ich bin ganz matschig und so. Ich tobe einfach gern im öffentlichen Park herum.
line:108de471	Yeah that sounds pretty good.	Ja, klingt gut.
line:fdd800c2	Yeah! clean as always.	Ja! Sauber wie immer.
line:dee4a32d	Yeah! Conrad, he's adorable. Though he'd hate I said that.	Ja! Conrad, er ist bezaubernd. Das dürfte ich ihm bloß nicht sagen.
line:ab1bc039	Yeah! I feel clean.	Ja! Ich fühle mich sauber.
line:6733a3df	Yeah! I'm going on a date with him soon.	Ja! Ich habe bald ein Date mit ihm.
line:66727cce	Yeah! It has food that should be good for both of us.	Ja! Da müsste für uns beide etwas dabei sein.
line:b482634c	Yeah! its useful.	Ja! Sehr praktisch.
line:da9cfdcf	Yeah! Just went on a date with Conrad.	Ja! Ich hatte gerade ein Date mit Conrad.
line:3f153aaf	Yeah! Just went on a date with Ryan.	Ja! Ich hatte gerade ein Date mit Ryan.
line:77ca2316	Yeah! Thanks for the food. I'll go get the gate.	Ja! Danke fürs Essen. Ich öffne das Tor.
line:c87d632b	Yeah! That would be amazing.	Ja! Das wäre wunderbar.
line:71c0ee9a	Yeah, ever since the breakup I've been looking for something new.	Seit der Trennung suche ich eben nach etwas Neuem.
line:bee397db	Yeah, he's so kind to me.	Ja, er ist so gut zu mir.
line:4815ddba	Yeah, I've got one.	Ja, ich habe einen.
line:24efaa49	Yeah, me too. He's real nice.	Ja, ich auch. Er ist echt nett.
line:6fa847ba	Yeah, nah. Mate you gotta get in on this. I'll pay good!	Nee, echt jetzt. Kumpel, das musst du anbieten. Ich zahl gut!
line:266f699d	Yeah, taste good!	Ja, schmeckt gut!
line:67cc394b	Yeah, that was scary at first.	Ja, am Anfang war das ziemlich beängstigend.
line:a9980f5e	Yeah, this has been super nice.	Ja, das war wunderschön.
line:54c44240	Yeah, you're right.	Ja, du hast recht.
line:bb1827c7	Yeah- Though only if you want!	Ja, aber nur, wenn du willst!
line:7311dc01	Yeah.	Ja.
line:95e2f7cc	Yeah.	Ja.
line:9fd5b834	Yeah. <size=90%>Oh- <size=80%>you know. I'm like... <size=70%>Haha. Yeah. Mhm!	Ja. <size=90%>Oh... <size=80%>Du weißt schon. Ich bin so... <size=70%>Haha. Ja. Mhm!
line:a28a70c6	Yeah. At least I got to meet you because of it.	Ja. Wenigstens habe ich dadurch dich kennengelernt.
line:e5937e30	Yeah. I like fish!	Gut. Ich mag Fisch!
line:0372e0d1	Yeah. It wasn't too expensive.	Ja. Er war gar nicht so teuer.
line:6804839d	Yeah. It's hard to unwind groups after something like that.	Ja. Sich danach aus dem gemeinsamen Freundeskreis zu lösen ist schwer.
line:6e0e4e11	Yeah. You two will be cute.	Ja. Ihr werdet ein süßes Paar.
line:616121a9	Yeah...	Ja...
line:f244d080	Yeah... He's really great.	Ja... Er ist wirklich toll.
line:5bab2df8	Yeah... I've never gone on a date with a kobold before.	Ja... Ich war noch nie mit einem Kobold aus.
line:8eeb7e28	Yeah... It really isn't.	Ja... Wirklich nicht.
line:039a0c83	Yeah?	Ja?
line:2fb3fe55	Yeah?	Ja?
line:92bd78f3	Yeah?	Ja?
line:3690a3eb	Yeah? I don't even see a mount.	Ja? Ich sehe hier aber keinen Bock.
line:ea2adb20	Yeah? tell me about it!	Ja? Erzähl!
line:78eccd9b	Yellow lime.	Nach gelber Limette.
line:5fd7bc69	Yep!	Genau!
line:b6c878fa	Yep!	Genau!
line:fcff76d4	Yep! I'll get the gate.	Jep! Ich öffne das Tor.
line:3cdcbd4a	Yes	Ja.
line:991dc643	Yes	Ja.
line:e535cacb	Yes	Ja.
line:fb4265f7	Yes	Ja.
line:4ab6c5a9	yes	Ja
line:db98be35	Yes right this way.	Ja, hier entlang.
line:52010e35	YES!	JA!
line:c4310942	Yes!	Ja!
line:d5f94e23	Yes!	Ja!
line:5592e639	Yes, welcome to Drag'N Wash!	Ja, willkommen bei Drag'N Wash!
line:f676b9a8	Yes, welcome to Drag'n wash!	Ja, willkommen bei Drag'N Wash!
line:a610ce0b	YES.	JA.
line:85fd5266	Yes.	Ja, gerne.
line:152cb8ad	Yes. I'm in need of a clean. The situation is rather dire!	Ja. Ich brauche eine Reinigung. Die Lage ist ernst!
line:c4595dd5	Yes. It's invigorating to be so candid.	Ja. So offen zu sein wirkt belebend.
line:d7e50f2d	Yes..	Ja..
line:5811655d	Yes... But I believe we need to clean the floors.	Ja... Aber ich glaube, wir müssen den Boden putzen.
line:9444cdba	Yip	Yip!
line:14d2c62f	Yip!	Yip!
line:296ff3f4	Yip!	Yip!
line:3d516ddb	Yip!	Yip!
line:3e870ad0	Yip!	Yip!
line:5544e245	Yip!	Yip!
line:5efde4e2	Yip!	Yip!
line:c3e1f198	Yip!	Yip!
line:e662501c	Yip!	Yip!
line:5e181cf4	Yip! <size=70%>(Gate)	Yip! <size=70%>(Tor.)
line:b12a3f31	Yip! <size=70%>(idk)	Yip! <size=70%>(Keine Ahnung.)
line:a8ee5236	Yip! <size=70%>(It's because the dormant part of your draconic mind is remembering the deep set language bridge between your kind and mine. Which carries the deep meaning and intention of kobold 'Yips' within it. This sudden understanding of yours is simply from our connection growing over time and activating that part of your mind.)	Yip! <size=70%>(Weil sich ein schlummernder Teil Ihres Drachenverstandes an die tief verwurzelte sprachliche Verbindung zwischen unseren Arten erinnert. Darin liegen die tiefere Bedeutung und Absicht der koboldischen „Yips“. Das plötzliche Verständnis entsteht einfach dadurch, dass unsere Verbindung mit der Zeit stärker geworden ist und diesen Teil Ihres Verstandes aktiviert hat.)
line:5935a413	Yip! <size=70%>(Yes)	Yip! <size=70%>(Ja.)
line:f1c14f75	Yip-Man - The Final Yip	Yip-Man – Das letzte Yip
line:4b9046ec	Yip-Man movies are real corny...	Die Yip-Man-Filme sind ziemlich albern...
line:3d6b2203	You again?	Du schon wieder?
line:81416c72	You already are, whats up?	Tust du schon. Was gibt's?
line:6fbc3c1b	You also do <i>special endings</i> here, yeah?	Gibt's hier auch ein <i>besonderes Happy End</i>?
line:e553c773	You also introduced me to Conrad.	Und du hast mich Conrad vorgestellt.
line:feb8727e	You always make me feel welcomed.	Bei dir fühle ich mich immer willkommen.
line:563d71ba	You are too!	Du auch!
line:4efafbb0	You are very skilled with your hands	Sie sind sehr geschickt mit Ihren Händen.
line:0dd63830	You brought food in?	Du hast Essen mitgebracht?
line:38043f6c	You can act however you like around me.	Bei mir können Sie sein, wie Sie möchten.
line:3fbd01fb	You can come in whenever!	Du kannst jederzeit kommen!
line:0eb37f1a	You can stay here if you want.	Du kannst hierbleiben, wenn du möchtest.
line:ecc04e16	You decide!	Entscheide du!
line:19698f13	You didn't even open the watermelon.	Du hast die Wassermelone nicht mal aufgemacht.
line:7e8c1ae2	You do know how to use your hands pretty well.	Du weißt schließlich, wie du deine Hände einsetzen musst.
line:7023b6b4	You don't deserve that.	Das hast du nicht verdient.
line:c0cc0f2d	You got a medkit?	Hast du einen Verbandskasten?
line:c2b3c28a	you know about getting back into the dating scene...	du weißt schon, darüber, wieder Dates zu haben...
line:512df07c	You know what that means.	Du weißt, was das heißt.
line:e613cbe3	You know what that means...	Du weißt, was das bedeutet...
line:73e4789c	You know... This environment is rather pleasant. Very... proletarian.	Wissen Sie... Hier herrscht ein recht angenehmes Ambiente. Sehr... proletarisch.
line:404b17ef	You look good this clean!	So sauber siehst du gut aus!
line:780c151c	You needn't worry. The washer's union is... More powerful than I.	Keine Sorge. Die Wäschergewerkschaft ist... mächtiger als ich.
line:3fab049a	You probably shouldn't.	Lieber nicht.
line:0bc044da	You ready for this?	Bist du bereit dafür?
line:f0a0565a	You ready to go back in to the club?	Willst du wieder rein in den Club?
line:c0e34d36	You really ate that entire thing... Woah.	Du hast das wirklich komplett gegessen... Wow.
line:82cf49aa	You seemed to enjoy yourself.	Hat dir offenbar gefallen.
line:ba66095e	You set a good example.	Sie sind ein gutes Vorbild.
line:6c2a1901	You should be all clean!	Jetzt müsstest du ganz sauber sein!
line:36779352	You should be.	Das solltest du auch.
line:86154a64	You should feel it and check for me	Fass ihn doch mal an und prüf's für mich.
line:20503ab0	You sure? It's not like... fun stuff.	Bist du sicher? Das ist nicht gerade... unterhaltsam.
line:0a0d6bc0	You too! I'll go get the gate.	Ich mich auch! Ich mache das Tor auf.
line:e3106999	You too. Thanks for the wash.	Ich dich auch. Danke für die Wäsche.
line:fc97aa74	You too. Thanks for the wash.	Ich dich auch. Danke für die Wäsche.
line:5e4d645c	You two are really cute together...	Ihr seid wirklich süß zusammen...
line:b76a2a43	You were really going at it.	Du hast dich richtig ausgetobt.
line:83aa1a23	You work at a college?	Sie arbeiten an einer Hochschule?
line:85fa0d03	You'd need a dragon stomach first!	Dazu bräuchtest du erst einen Drachenmagen!
line:ebd2af6b	You'll have to give me all the Ryan details soon.	Du musst mir bald alles über Ryan erzählen.
line:6c71dd83	You'll have to tell me all about it.	Du musst mir alles erzählen.
line:91ab30f5	You'll have to tell me how you two work out!	Du musst mir erzählen, wie es mit euch weitergeht!
line:ffeff59b	You'll have to tell me more inside.	Drinnen musst du mir mehr erzählen.
line:5eb243c2	You'll like it.	Das wird dir gefallen.
line:6acf7c77	You'll need to let them in afterwards of course.	Anschließend müssen Sie ihn natürlich hereinlassen.
line:6b63d2d8	You'll take care of everything?	Sie kümmern sich um alles?
line:f2527ed7	You're <i>spotless.	Du bist <i>blitzblank.
line:23ae97e6	You're a big deal	Du bist eine große Nummer.
line:323e546b	You're a good friend too, I'll go get the gate.	Du bist auch ein guter Freund. Ich öffne das Tor.
line:44e97be7	You're always welcome here, Ryan.	Du bist hier immer willkommen, Ryan.
line:09e5bf43	You're cute by the way.	Du bist übrigens süß.
line:277d8257	You're fine. Thank you.	Nein, schon gut. Danke dir.
line:8c269acb	You're going to love it.	Du wirst es lieben.
line:173782fa	You're good at it.	Und das machen Sie gut.
line:1dca8fa0	You're just a very comfortable person to be around.	Bei dir fühle ich mich einfach sehr wohl.
line:42124159	You're just a very comfortable person to be around.	Bei dir fühle ich mich einfach sehr wohl.
line:d3b6d22a	You're kind. It's more than I deserve.	Du bist nett. Netter, als ich's verdiene.
line:ca72bf2d	You're okay. You're clearly going through a lot.	Schon gut. Du machst offensichtlich gerade viel durch.
line:68887509	You're one of my favorite clients!	Du gehörst zu meinen liebsten Kunden!
line:c4cc497f	You're pretty hot.	Du bist ziemlich heiß.
line:b6603dc7	You're right. I shouldn't pry.	Du hast recht. Ich sollte nicht nachbohren.
line:31ab814e	You're right... Theres no way you could.	Du hast recht... Wie solltest du das auch wissen.
line:470cd652	You're the first person I've met who's only expectation is for me to be...	Sie sind der Erste, der von mir nur erwartet, dass ich...
line:f718a7eb	You're the professor here. Must be correct.	Sie sind hier der Professor. Sie werden es wissen.
line:15f55959	You're very sweet.	Das ist sehr lieb von dir.
line:bc6cc4d2	You're very sweet.	Sie sind wirklich sehr lieb.
line:6289a322	You're very welcome.	Sehr gerne.
line:39ddd682	You're...	Sie sind...
line:6e94f373	You're... cool.	Du bist... toll.
line:61c96494	You're... Not that dirty.	So... schmutzig sind Sie gar nicht.
line:8bab3246	You're... very forward.	Du bist... sehr direkt.
line:3bbab759	You've gotta keep me updated on you and Ryan, yeah?	Du musst mich über dich und Ryan auf dem Laufenden halten, ja?
line:a5a8a9d5	Your crest is cool. What is it?	Ihr Wappen sieht toll aus. Was ist das genau?
line:3890b91c	Your date with Ryan.	Dein Date mit Ryan.
line:82109412	Your secret's safe with me.	Dein Geheimnis bleibt bei mir.
line:ed8e7994	Yours doesn't. It's nice.	Ihrer nicht. Das tut gut.
line:016a65e8	Yuh, that's me.	Ja, der bin ich.
line:38eb6d26	Yup!	Jep!
line:7ac62718	Yup. I like it.	Jep. Das mag ich.
