# line ID	exact English source	translation (English A-Z then ID)
line:39fd52f1	'Ey big dog.	Salut, gros toutou.
line:918d7820	'Ey big kobold.	Salut, grand kobold.
line:155c00eb	'think', 'On the way here'? Then you weren't covered in ink before...	Vous « croyez » ? « En venant ici » ? Donc vous n'étiez pas couvert d'encre avant...
line:15bcd86c	'Yes way', There is nothing I am more certain of.	Tout à fait possible. Je n'ai aucune certitude plus absolue.
line:4d49ae72	'Yes way', There is nothing I am more certain of.	Tout à fait possible. Je n'ai aucune certitude plus absolue.
line:25f35611	---	---
line:4b9b3a43	---	---
line:97ab84a8	---	---
line:db5b3129	---	---
line:e2f28daa	---	---
line:3d2df033	..	..
line:8c0e2d04	..	..
line:b36eb839	..	..
line:03d2f0bb	...	...
line:045f5836	...	...
line:1113335e	...	...
line:227eda5e	...	...
line:30a74521	...	...
line:4810891f	...	...
line:4da86a7a	...	...
line:610824ef	...	...
line:6757e4a0	...	...
line:695ef750	...	...
line:7426a997	...	...
line:759a495e	...	...
line:7e189c92	...	...
line:812700a5	...	...
line:848f5cd8	...	...
line:85f39b27	...	...
line:9504ba33	...	...
line:a6531779	...	...
line:b59e9091	...	...
line:b7f0551c	...	...
line:c272e55f	...	...
line:cdb8d8db	...	...
line:cfe4b91d	...	...
line:d6483230	...	...
line:d90d368f	...	...
line:d9516fdd	...	...
line:dd197e7c	...	...
line:decf872a	...	...
line:e9d40a5c	...	...
line:20f87f8d	... A class which I'm teaching rather soon.	... Un cours que je dois donner très bientôt, d'ailleurs.
line:4815d919	... Being a bit of a jerk honestly.	... Je jouais un peu au con, franchement.
line:11bfce3b	... I thought we were good friends, we have sex all the time!	... Je croyais qu'on était de bons amis. On couche ensemble tout le temps !
line:1bebf328	... Thank you..	... Merci..
line:a8eb78ed	... you're done? I'm still dirty..	... T'as fini ? Je suis encore sale..
line:ef611d11	... you're done? I'm still soapy..	... T'as fini ? Je suis encore plein de savon..
line:496134bc	...!	...!
line:7cc45755	...!	...!
line:6585925d	...<i><size=70%>I have one on him at least.	...<i><size=70%>Moi, j'en ai un pour lui, en tout cas.
line:e2ea4ead	...A wash for our date tonight.	... Un bain pour notre rendez-vous de ce soir.
line:048d7f84	...About what I said earlier.	... À propos de ce que je disais tout à l'heure.
line:55d1f6ef	...and nice.	... Et gentil.
line:79a1a205	...But not in like a bad weird way.	... Mais pas dans un sens malsain ou bizarre.
line:3592632e	...It's intimidating knowing how much they look up to me.	... C'est intimidant de savoir à quel point ils m'admirent.
line:7e08544c	...It's odd being able to speak so freely with someone.	... Il est étrange de pouvoir parler aussi librement avec quelqu'un.
line:f0cb8389	...No	... Non.
line:92601622	...Okay, come in	... D'accord, entre.
line:e381559c	...Thank you for this.	... Merci pour tout cela.
line:b7b5f7fb	...Thanks.	... Merci.
line:dbab7a39	<b><i><size=130%>Did you suggest Ryan to Conrad?	<b><i><size=130%>Avez-vous parlé de Ryan à Conrad ?
line:36ff6bd9	<gradient="gold"><b> I know a dragon, Ryan. I could get you two in contact? </b></gradient><size=70%>(Unlocks Conrad/Ryan hookup OR Ryan romance)	<gradient="gold"><b> Je connais un dragon, Ryan. Je pourrais vous mettre en contact ? </b></gradient><size=70%>(Débloque la rencontre Conrad/Ryan OU la romance avec Ryan)
line:7e9d40e6	<gradient="gold"><b> I wouldn't mind hanging out... </b></gradient><size=70%> (Unlocks Conrad romance)	<gradient="gold"><b> Moi, ça me plairait de passer du temps avec toi... </b></gradient><size=70%> (Débloque la romance avec Conrad)
line:a0e49f02	<gradient="gold"><b> I wouldn't mind! </b></gradient><size=70%> (Will lead to Alexander romance!)	<gradient="gold"><b> Avec plaisir ! </b></gradient><size=70%> (Mène à la romance avec Alexander !)
line:0371fb9c	<gradient="gold"><b> I'm going to be busy tonight. Sorry. </b></gradient><size=70%> (Will lead to no romance!)	<gradient="gold"><b> Je serai occupé ce soir. Désolé. </b></gradient><size=70%> (Mène à une fin sans romance !)
line:f5a81524	<gradient="gold"><b>I don't have anyone off the top of my head.</b></gradient><size=70%> (Locks in Conrad romance!)	<gradient="gold"><b>Personne ne me vient à l'esprit.</b></gradient><size=70%> (Confirme la romance avec Conrad !)
line:bedc761d	<gradient="gold"><b>I know this one red dragon. I think you'd like him! </b></gradient><size=70%> (Hooks up Ryan with Conrad!)	<gradient="gold"><b>Je connais un dragon rouge. Je crois qu'il te plairait ! </b></gradient><size=70%> (Rapproche Ryan et Conrad !)
line:e104b8e4	<gradient="gold"><b>Oh. Uhm. <size=70%> I wouldn't mind... If I was that someone. </b></gradient><size=70%> (Locks in Ryan romance!)	<gradient="gold"><b>Oh. Euh. <size=70%> Ça me plairait... d'être ce quelqu'un. </b></gradient><size=70%> (Confirme la romance avec Ryan !)
line:36073321	<gradient="yellow - orange"><size=140%>HEY! </gradient><size=100%>This is the cleaning place, ya?	<gradient="yellow - orange"><size=140%>HÉ ! </gradient><size=100%>C'est ici qu'on se fait laver, ouais ?
line:c777ce0c	<i> that feels nice...</i>	<i>C'est agréable...</i>
line:e56dd423	<i><size=70%>uh oh.. and the books	<i><size=70%>Oh non... Et les livres.
line:d67b1098	<i>I like spraying you with water.	<i>J'aime bien t'arroser.
line:ad5d633a	<i>Oh...	<i>Oh...
line:22b5941e	<i>Oh.</i> I don't think I'm ready for that just yet.	<i>Oh.</i> Je ne pense pas être prêt pour cela.
line:cacbff51	<i>Ooooh. </i>The mount? Hell yeah, man.	<i>Ooooh. </i>Le chevalet ? Putain, ouais, mon pote.
line:04b7ce44	<i>This</i> isn't your fault, Conrad.	<i>Ça</i>, ce n'est pas ta faute, Conrad.
line:72b244b7	<size=100%> That felt damn good!	<size=100%>Ça faisait un bien fou !
line:78cc49e8	<size=100%>I mean- Cool.	<size=100%>Enfin... Cool.
line:e48243c0	<size=140%> FUCK YEAH!	<size=140%>PUTAIN, OUI !
line:f474ffa9	<size=140%>HEY, <size=100%>lookin' for a wash.	<size=140%>HÉ, <size=100%>je viens me faire laver.
line:9d458e88	<size=160%>HELL YEAH!	<size=160%>PUTAIN, OUI !
line:f5462edf	<size=60%> that's hot.	<size=60%>C'est sexy.
line:7c745c31	<size=70%> A big dragon giving me control. Woah.	<size=70%>Un grand dragon qui me donne le contrôle. Ouah.
line:53d71f27	<size=70%> And for me.	<size=70%>Et pour moi.
line:4fe271cc	<size=70%> woah.	<size=70%>Ouah.
line:e53b1bd3	<size=70%><i> holy shit, I just bagged a date with a dragon.	<size=70%><i>Putain, je viens de décrocher un rendez-vous avec un dragon.
line:c4384e8e	<size=70%><i>but it was nice... Thank you.	<size=70%><i>Mais agréable... Merci.
line:ec0e5330	<size=70%><i>feel free to continue-</i>	<size=70%><i>Ne vous privez pas de continuer...</i>
line:e77c1f79	<size=70%><i>oah-</i> no that's really cool actually.	<size=70%><i>Oh...</i> Non, au contraire, ça me fait vraiment plaisir.
line:a618f9c2	<size=70%><i>Woah...	<size=70%><i>Ouah...
line:ad460e4b	<size=70%><i>Yeah?	<size=70%><i>Ah oui ?
line:c25d1c85	<size=70%>They're still on my payroll.	<size=70%>Je continue à les payer.
line:22deeef6	==	==
line:67fa34ad	==	==
line:a8e2f13e	==	==
line:ce938344	==	==
line:e41244bf	==	==
line:497d3f67	A few days ago...	Il y a quelques jours...
line:c570a462	A rather good excuse to see my favorite kobold.	Une excellente excuse pour voir mon kobold préféré.
line:5d2d16e0	A really good friend?	un très bon ami ?
line:df4d3810	About earlier.	Pour ce que je disais tout à l'heure.
line:1a5e1ba4	Act what way?	Comme quoi ?
line:cc532c02	After his spontaneous conflagration, I made sure to give him privacy.	Après sa combustion spontanée, j'ai pris soin de lui laisser un peu d'intimité.
line:a983ffa3	Again...?	Encore... ?
line:8e34b87d	Agreed, though I'd still like to be let in as soon as convenient.	J'en conviens, mais j'aimerais tout de même entrer dès que possible.
line:934a1d5a	Ah yeah, that's the stuff.. keep at it.	Ah ouais, c'est ça... Continue.
line:e216aee0	Ah, good.	Ah, bien.
line:9b26ac5f	Ah, I see the button there, gotcha!	Ah, je vois le bouton. Compris !
line:7f3fe9f9	Ah, sorry, I'm passionate about such things.	Ah, pardon, ces sujets me passionnent.
line:bf2a8309	Ah, the grime did sting a little, thank you.	Ah, cette crasse me piquait un peu. Merci.
line:ebdb9888	Ah, yeah, those types are pretty cute.	Ah oui, ce genre de gars est plutôt mignon.
line:b920f205	Ah. Do not worry.	Ah. Ne vous inquiétez pas.
line:a98d068c	Ah. Okay nevermind I'm not sorry then.	Ah. Bon, oublie, je suis plus désolé alors.
line:6de2c490	Ah...	Ah...
line:4d6b365e	Ahh, all cleaned and with a lighter load.	Ah, tout propre et un peu moins chargé.
line:20f96302	Alexander!	Alexander !
line:f167e3d7	Alexander!	Alexander !
line:fe3996b8	Alexander!	Alexander !
line:af7db134	Alexander...?	Alexander... ?
line:eb7cf9e5	All clean...	Tout propre...
line:f57fc630	All done!	Terminé !
line:0b734d82	All self respecting washers know how to please a dragon.	Tout laveur qui se respecte sait faire plaisir à un dragon.
line:599ffb25	Already got seats at that bar I mentioned earlier.	J'ai déjà nos places dans le bar dont je t'ai parlé.
line:642ddea3	Alright alright... Then I think I'd like to use it?	Très bien, très bien... Alors, je crois que j'aimerais l'utiliser ?
line:c7b3a185	Alright! I'll go get the gate.	D'accord ! Je vais ouvrir le portail.
line:7279121a	Alright! I'll go get you the gate.	D'accord ! Je vais vous ouvrir le portail.
line:4fc4259c	Alright! I'm ready to go.	Allez ! Je suis prêt à partir.
line:a722d0fa	Alright, go get the gate and I'll head out to the spot!	Allez, ouvre le portail et je pars devant !
line:d04df8f8	Alright, I'll cya!	Bon, à plus !
line:4766af08	Alrighty! That should be it.	Voilà ! Ça devrait être bon.
line:797ca540	Alrighty. All clean.	Voilà. Tout propre.
line:c4cb161a	Although grapes have always hit a specific craving.	Même si le raisin satisfait toujours une envie bien particulière.
line:dc237557	Although, the portions might be a bit... dragon sized.	Même si les portions sont peut-être un peu... à la taille d'un dragon.
line:655b8c01	Always happy to have you, Conrad.	Tu es toujours le bienvenu, Conrad.
line:afedd1f5	An anomaly.	Une anomalie.
line:0de4fe62	And I'm glad you have a medkit... You're very prepared.	Et je suis content que t'aies une trousse de secours... T'as tout prévu.
line:0699aef9	And I'm really happy for you and Conrad.	Et je suis vraiment heureux pour toi et Conrad.
line:a3a26459	And not just physically.	Et pas seulement parce qu'ils lèvent les yeux vers moi.
line:507bd2b9	And that's why I'm here! Going to be heading out after this wash to go see him.	Et c'est pour ça que je suis là ! Après le bain, je file le retrouver.
line:33440e8c	And why you are perfect for this job!	Et ce qui fait de vous le kobold idéal pour ce travail !
line:cacb93ce	And you've tried everything.	Et que tu as tout essayé.
line:8cae6240	Another dragon? Usually I don't really get along...	Un autre dragon ? En général, ça se passe pas trop bien...
line:5a7e4fd4	Any chance you can clean me up again?	Tu pourrais me laver encore une fois ?
line:92d2a30a	Anything. I'm just curious.	Ce que vous voulez. Je suis simplement curieux.
line:52695aa2	Anything?	Tout ?
line:8ead9ee9	Anytime, Ryan.	Quand tu veux, Ryan.
line:6d77feef	Anyway glad you're not finished, lets keep at it!	Enfin, content que tu n'aies pas fini. On continue !
line:bdb4f59c	Anyway, time to get writing!	Bref, il est temps de se mettre à écrire !
line:75dd56ae	Anyways,	Bref,
line:8980260e	Anyways-	Enfin...
line:a8e6291c	Anyways- Let me out.	Bref, fais-moi sortir.
line:493a82ef	Anyways. Could you go get the gate?	Bref. Tu peux aller ouvrir le portail ?
line:926f5f41	Anyways. Gonna use this thing now!	Bref. Je vais me servir de ce truc !
line:ad8ab02e	Anyways...	Bref...
line:e767dc51	Anywho, I'll get out of your scales now.	Enfin, je vais vous laisser tranquille.
line:e81426c1	Anywho, I'm in need of a clean.	Enfin, j'ai besoin d'un bain.
line:23e7d518	Approach the dragon entrance, and I will let you in.	Présentez-vous à l'entrée des dragons, je vous laisserai entrer.
line:72a9b5bb	Are you happy?	Êtes-vous heureux ?
line:be0118cc	Are you okay?	Ça va ?
line:de735c65	Are you open right now?	Êtes-vous ouvert en ce moment ?
line:9369755d	Are you sure it will fit?	Tu es sûr que ça va rentrer ?
line:c35b717a	Are you sure...? In front of the food?	Tu es sûr... ? Devant la nourriture ?
line:cb06d2bf	As am I.	Moi de même.
line:9a48b21c	As in you're unique.	Dans le sens où vous êtes unique.
line:1c021ee0	At getting hand jobs.	Pour me faire branler.
line:e861b464	At least that's what I've heard anyway.	Enfin, c'est ce qu'on m'a dit.
line:2f54ceec	At least you can still use your hands. Heh.	Au moins, tu peux toujours te servir de tes mains. Hé.
line:cb04e062	At least you can still use your hands. Heh.	Au moins, tu peux toujours te servir de tes mains. Hé.
line:97792929	Aw, I'll go get you the gate.	Oh, je vais t'ouvrir le portail.
line:c6895517	Aw, Ryan.	Oh, Ryan.
line:db997182	Aw, thank you Alexander.	Oh, merci, Alexander.
line:7157db26	Aw, thanks Alexander.	Oh, merci, Alexander.
line:011f1458	Aw, thanks.	Oh, merci.
line:aea0be6b	Aw, thanks.	Oh, merci.
line:c00d76cd	Aw, thanks. I only look so good 'cause of your washes!	Oh, merci. C'est grâce à tes bains que je suis aussi beau !
line:453ff9be	Aw- Ryan...	Oh, Ryan...
line:5340a315	Aw... Thanks!	Oh... Merci !
line:c6202cf2	Aw... Thanks.	Oh... Merci.
line:cb1d1197	Aw... Thanks. Is it weird I consider you...	Oh... Merci. C'est bizarre si je te considère comme...
line:2bfa396c	Aw... That's really sweet	Oh... C'est adorable.
line:22053f7f	Awesome!	Super !
line:6fdb2c3d	Awesome!	Super !
line:70306ba1	Awesome!	Super !
line:6126a614	Awesome! Come on in..	Super ! Entre..
line:e85007ac	Awesome! See you later then!	Super ! À plus tard, alors !
line:4c7f15d6	Awesome, I'll go get the gate.	Super, je vais ouvrir le portail.
line:9d126e4e	Awesome, I'm glad.	Super, tant mieux.
line:b60cc4a5	Awesome.	Super.
line:59fb47b0	Awww. You don't need to be coverd in ink to say hi!	Oh... Pas besoin de vous couvrir d'encre pour venir me dire bonjour !
line:8e20e028	Be yourself!	Sois toi-même !
line:cd18f73f	Been looking forward to this.	J'avais hâte.
line:8f1fccf9	Being muddy is really fun up until it starts drying.	Être couvert de boue, c'est amusant jusqu'à ce qu'elle sèche.
line:40783547	Berries.	Des baies.
line:59d4be6a	Berries.	Des baies.
line:61e781c1	Berries.	Des baies.
line:18ae08ef	Bet you had fun.	Je parie que vous vous êtes amusés.
line:982fd3c7	big C...?	Le grand C... ?
line:4b3f7c6a	Biology...? <size=70%> <i>I think?	La biologie... ? <size=70%> <i>Je crois ?
line:9be63f47	Bleh. Thank you for grabbing that.	Bleuh. Merci d'avoir pris ça.
line:66957ed2	Blue...?	Bleu... ?
line:a77c3afd	Both.	Les deux.
line:78975048	Brrr! Cold water!	Brrr ! De l'eau froide !
line:8487a2c4	Burnswick Community College of Thaumaturgy	Collège communautaire de thaumaturgie de Burnswick.
line:f75126de	But honestly you've helped me a lot.	Mais franchement, tu m'as beaucoup aidé.
line:cab69268	But I already know I'm liking this a lot.	Mais je sais déjà que ça me plaît beaucoup.
line:d9534386	But I know the type... They tend to be big softies on the inside.	Mais je connais le genre... Souvent, ce sont de grands tendres à l'intérieur.
line:f73ddfbc	But I think its time to get cleaned up.	Mais je crois qu'il est temps de me nettoyer.
line:088ea4a7	But I'm hot shit, so I'll be fine.	Mais je suis un sacré morceau, alors ça ira.
line:c8f8bc22	But I'm only your washer?	Mais je ne fais que vous laver ?
line:dda0419b	But I'm sure I'd enjoy it with you!	Mais je suis sûr que ça me plairait avec toi !
line:aa74448a	But not in this sized package, right??	Mais pas sur quelqu'un de cette taille, hein ?
line:7d9ffc48	But nothing beats a large gulp!	Mais rien ne vaut une bonne grosse bouchée avalée d'un coup !
line:d1ec7684	But that is why I am here!	Mais c'est pour cela que je suis ici !
line:b0d9d1e5	But you're the teacher dragon.	Pourtant, c'est vous le dragon maître d'école.
line:2d7e1ab6	But, at least I got to meet you!	Mais au moins, j'ai pu te rencontrer !
line:b7f46902	But, I think you've taught me something.	Mais je crois que vous m'avez appris quelque chose.
line:b1040415	By the stars! No no. You're excellent.	Par les étoiles ! Non, non. Vous êtes excellent.
line:3a88a2dd	By the way would you be mad if your partner made a mess at home?	Au fait, tu serais en colère si ta moitié mettait le bazar à la maison ?
line:4199070f	Came in for another wash.	Je suis venu pour un autre bain.
line:105cd3e2	Can I ask you a question?	Je peux te poser une question ?
line:535ee717	Can you repeat that?	Vous pouvez répéter ?
line:835e0c27	Can't sthpeak well.	J'arrive pas à bien parler comme cha.
line:afa450c0	Come back whenever, Ryan.	Reviens quand tu veux, Ryan.
line:0cedfc3d	Conrad can go as long as he needs	Conrad tient aussi longtemps qu'il le faut.
line:5462913f	conrad hooked up with ryan	Conrad est avec Ryan.
line:61cd33c5	conrad hooked up with ryan	Conrad est avec Ryan.
line:6a7610f3	conrad hooked up with ryan	Conrad est avec Ryan.
line:bac1ce29	conrad hooked up with ryan	Conrad est avec Ryan.
line:61c9b7ac	Conrad needs a cleaning, got a slot for 'im?	Conrad a besoin d'un bain. T'as un créneau pour lui ?
line:405b7ef1	Conrad needs a wash!	Conrad a besoin d'un bain !
line:803c8f0c	Conrad was talking about you during our date.	Conrad a parlé de toi pendant notre rendez-vous.
line:f1787092	Conrad!	Conrad !
line:fd6c6213	Conrad!	Conrad !
line:484cd04d	Conrad...?	Conrad... ?
line:5b0360ad	Conrad: Actually.. I mean..	Conrad: En fait... Je veux dire...
line:3ce891ff	Conrad: Conrad just enjoys himself	Conrad: Conrad prend juste son pied.
line:fbe86c06	Conrad: Damn right!	Conrad: Putain, carrément !
line:5660dc8b	Conrad: Don't worry about it!	Conrad: T'inquiète !
line:c050dbfc	Conrad: I do it all the time	Conrad: Je le fais tout le temps.
line:cd3367da	Conrad: I want this to go well	Conrad: Je veux que ça se passe bien.
line:194c1381	Conrad: I'm ready to blow	Conrad: Je vais exploser.
line:ce4d0fef	Conrad: Yea	Conrad: Ouais.
line:42c70daa	Conrad: You feel good	Conrad: Tu me fais du bien.
line:3bc52918	Conrad: You having a good time?	Conrad: Tu passes un bon moment ?
line:be0e51af	Cool.	Cool.
line:88c36bc7	Could do that, then get a hotel room... Hmm.	On pourrait y aller, puis prendre une chambre d'hôtel... Mmm.
line:b99e1503	Could you ask <i>me</i> a question?	Pourriez-vous <i>me</i> poser une question ?
line:12bf5baf	Could you get the gate...?	Pourriez-vous ouvrir le portail... ?
line:3a6afae1	Could you go get the gate?	Tu peux aller ouvrir le portail ?
line:9f49d9d4	Could you wash it away?	Tu peux me rincer ?
line:7661a0e9	D'aw... thanks.	Oh... Merci.
line:59bc5840	Damn right I do!	Et comment !
line:64889395	Damn right!	Putain, carrément !
line:95aa0bf4	Damn right!	Carrément !
line:db592d76	Damn right!	Putain, carrément !
line:0fcf9908	Damn right.	Putain, carrément.
line:b964c99b	Damn shame then. Better change that.	C'est bien dommage. Va falloir changer ça.
line:c6955ecc	Damn, you know how to use your hands.	Putain, tu sais te servir de tes mains.
line:eaf45022	Damn, you know how to use your hands.	Putain, tu sais te servir de tes mains.
line:684fb29a	Damn... Always feels good.	Putain... Ça fait toujours du bien.
line:7023cc94	DATE NIGHT!	SOIRÉE EN AMOUREUX !
line:c71df70b	Date night!	Soirée en amoureux !
line:b57cc8ad	Depends	Ça dépend.
line:07bd7f57	Did you do your uh...	T'as fait quelque chose à tes, euh...
line:4f38655d	Do I look like I'm okay?	J'ai l'air d'aller bien ?
line:8147156a	Do it!	Vas-y !
line:9ab6ddfb	Do you also do "special endings" here?	Vous faites aussi les « finitions spéciales », ici ?
line:4c90479c	Do you ask because I'm lavender?	Vous demandez cela parce que je suis couleur lavande ?
line:3020c97c	Do you believe I am attractive?	Me trouvez-vous attirant ?
line:c5e71850	Do you even need a wash?	Tu as vraiment besoin d'un bain ?
line:1810e75f	Do you have any advice?	T'as des conseils ?
line:6be807b5	Do you have any plans with ryan?	Tu as des projets avec Ryan ?
line:a0cf6cae	Do you know any cool places, people, I could hang around?	Tu connais des endroits ou des gens sympas avec qui traîner ?
line:412ba249	Do you know any good bars?	Tu connais de bons bars ?
line:28ec716a	Do you know anyone I could talk to? Y'know... about relationship stuffs?	Tu connais quelqu'un avec qui je pourrais discuter ? Tu sais... Pour voir si le courant passe ?
line:21c0526b	Do you like being big?	Vous aimez être grand ?
line:daa040eb	Do you like purple?	Vous aimez le violet ?
line:ef052302	Do you like purple?	Vous aimez le violet ?
line:d5ed3582	Do you make big dragons, <size=60%>like me, <size=100%>cum here?	Tu fais jouir les grands dragons, <size=60%>comme moi, <size=100%>ici ?
line:ec64a696	Do you mind double checking if I'm clean?	Tu peux vérifier encore une fois si je suis propre ?
line:647187f1	Do you want to say what happened...?	Tu veux raconter ce qui s'est passé... ?
line:807df02d	Do you want to use it?	Vous voulez l'utiliser ?
line:5c42b85a	Doesn't mean I need to yell at you.	C'est pas une raison pour te crier dessus.
line:eefa8ae2	Don't be sorry! Get a mount!	T'excuse pas ! Achète un chevalet !
line:dd0f7b1d	Don't worry, dragons are made to eat anything.	Ne t'inquiète pas, les dragons sont faits pour manger de tout.
line:b90b01a9	Don't worry, he's real nice.	Ne t'inquiète pas, il est vraiment gentil.
line:7de2a81c	Don't worry. I will.	T'inquiète. Je le ferai.
line:c29d4071	Don't... make it sound like that.	Ne... dis pas ça comme ça.
line:31bdd33c	Dont talk with your mouth full	Parle pas la bouche pleine.
line:8ee41fdc	Dragon history is complex. Ornamental crest <size=85%> are often <size=70%> worn by dragons to <size=55%>signify what family they belong to! <size=40%> It's an interesting mark of their culutral <size=35%> and familial heritage. I've often wondered if I should continue to wear mine. <size=20%> But culutural and familiar ties are considered important within the lore of dragons! so I must adhere to such things. <size=10%> Water. Earth. Fire. Air. Long ago, the four nations lived together in harmony. Then everything changed when the Fire Nation attacked.	L'histoire des dragons est complexe. Les emblèmes ornementaux <size=85%> sont souvent <size=70%> portés par les dragons pour <size=55%>indiquer leur famille ! <size=40%> C'est un témoignage intéressant de leur héritage culturel <size=35%> et familial. Je me demande souvent si je devrais continuer à porter le mien. <size=20%> Mais les liens culturels et familiaux sont jugés importants dans les traditions draconiques ! Je me dois donc de les respecter. <size=10%> L'Eau. La Terre. Le Feu. L'Air. Jadis, les quatre nations vivaient en harmonie. Mais tout a changé lorsque la Nation du Feu a attaqué.
line:0a0e6773	Dragon stomachs are a bit more... robust than yours.	Les estomacs des dragons sont un peu plus... robustes que le tien.
line:7e352505	Dragons of the galaxy 2	Les Dragons de la galaxie 2.
line:c2c659d1	Eep!	Aah !
line:0bd1699e	Ehh..	Euh...
line:43dd32f5	Er... That's not-	Euh... C'est pas...
line:93b60dce	Even so. Not this time	Malgré tout, pas cette fois.
line:573d9362	Even though you were just doing your job... I think it helped him a lot.	Même si tu faisais juste ton travail... Je crois que ça lui a fait beaucoup de bien.
line:a2ba222e	Evening. This establishment takes walk ins, correct?	Bonsoir. Cet établissement reçoit sans rendez-vous, n'est-ce pas ?
line:f98c3b6c	Every ending here is special!	Ici, toutes nos finitions sont spéciales !
line:bfeaec15	Every self respecting wizard has a phoenix feather handy.	Tout mage qui se respecte garde une plume de phénix à portée de main.
line:57df700d	Everyone's gaze carries an immense weight.	Le regard de chacun est terriblement lourd.
line:9ad8d2dd	Excellent!	Excellent !
line:0c997163	Excellent.	Excellent.
line:1976bc60	Excellent. Then make sure to go greet your customer at the window.	Excellent. Alors, pense à aller saluer ton client à la fenêtre.
line:7bbe7ee3	Expectations are laaaame.	Les attentes des autres, c'est nuuul.
line:f99eb2ff	Ey! The mount! Fuck yeah.	Hé ! Le chevalet ! Putain, oui.
line:d376acb9	Ey, so. Was thinkin'	Hé, alors. Je me disais...
line:85ec0862	Ey, sorry for coming in late.	Hé, désolé de venir tard.
line:12e8ae42	Ey, Use your hands on my cock- it feels good!	Hé, sers-toi de tes mains sur ma queue, ça fait du bien !
line:271a3846	Fair enough. I'll be waiting!	Très bien. Je vous attends !
line:4789095b	Fair enough. You two do seem cute together.	D'accord. Vous avez l'air mignons ensemble.
line:f5b37855	Felt good sliding down though!	Mais c'était agréable à avaler !
line:274367d7	Figured I'd bring in something nice after all you've done.	Je me suis dit que je pouvais apporter un petit plaisir après tout ce que tu as fait.
line:aae8afca	Fine with me!	Ça me va !
line:e98616be	For you!	Pour toi !
line:62a82aba	Found this one gryphon. About my size...	J'ai rencontré un griffon. À peu près de ma taille...
line:807fdc76	From what I've heard he sounds like he's improved a lot recently, yeah?	D'après ce que j'entends, il a fait beaucoup de progrès récemment, non ?
line:803bf378	Fuck man, I'm so pumped.	Putain, j'ai trop hâte.
line:f2418086	Fuck no! Shit's embarrassing.	Putain, non ! J'ai trop honte.
line:a7ca3ca8	Fuck something and then get a handjob hopefully.	Baiser un truc et, avec un peu de chance, me faire branler après.
line:203bce10	Fuuuck. You really know how to work a dragon!	Putaiiin. Tu sais vraiment comment t'y prendre avec un dragon !
line:f7f9b0db	G'day mate!	Salut, mon pote !
line:664c994e	Gave me time to think.	Tu m'as laissé le temps de réfléchir.
line:1d9b3531	Get a handjob and fuck this mount.	Me faire branler et baiser ce chevalet.
line:48afdce4	Give it to me!	Donne-moi tout !
line:9df043ad	Give me a bit	Laisse-moi un moment.
line:e5c7f64a	Glad I'm here to remind you then.	Heureusement que je suis là pour te le rappeler, alors.
line:354170aa	Go for it!	Allez-y !
line:2d0b6b06	Goin' downtown tonight. Needed to be spotless. Say...	Je vais en ville ce soir. Faut que je sois impeccable. Dis...
line:dcb506d2	Good as!	Nickel !
line:bcbc6373	Good evening!	Bonsoir !
line:607a5c47	Good, I can't be having the Burnswick Community College of Thaumaturgy know that their best professor Alexander has caused another incident.	Bien. Le Collège communautaire de thaumaturgie de Burnswick ne doit surtout pas apprendre que son meilleur professeur, Alexander, a provoqué un nouvel incident.
line:12b72085	Good, you better. If I come back and there isn't one...	Bien, t'as intérêt. Si je reviens et qu'il y en a pas...
line:2c851dad	Good.	Bien.
line:2712436c	Good. 'Aight, let me out.	Bien. Allez, fais-moi sortir.
line:bab51ada	Good... That'd be correct.	Bien... Oui, c'est le mot.
line:44f2b8cf	Goodbye!	Au revoir !
line:a8e6ac2a	Goodness, thanks to you I have a chance at redeeming this situation.	Bonté divine, grâce à vous, je peux encore sauver la situation.
line:745c3c12	Gosh!	Oh là là !
line:6b5c6564	Gotta <i>practice</i> for Ryan if you catch what I mean.	Faut bien que je <i>m'entraîne</i> pour Ryan, si tu vois ce que je veux dire.
line:e3cef2bc	Gotta make sure you're spotless!	Il faut que tu sois impeccable !
line:b01b2159	Great, so uh,	Super, alors, euh,
line:43c94954	Grouse as! Excited to see you work!	Trop bien ! J'ai hâte de te voir à l'œuvre !
line:9de16ee9	Ha!	Ha !
line:88d7e1e2	Haah. This is the best fuckin' wash.	Haaah. C'est vraiment le meilleur putain d'établissement.
line:cc6e7856	Hah! There's the mount!	Ha ! Le voilà, ce chevalet !
line:90dd6d9d	Hah, eager as always.	Ha, toujours aussi enthousiaste.
line:9542e7a6	Hah, good. Let's break this thing in!	Ha, bien. On va l'inaugurer !
line:fe21109b	Hah, he seems like the wild type.	Ha, il semble effectivement assez fougueux.
line:e8bc1d95	Hah, I imagine it would be.	Ha, j'imagine.
line:acbf628d	Hah, it is a motivator.	Ha, c'est une motivation.
line:65b23418	Hah, okay. I'm game.	Ha, d'accord. Je suis partant.
line:058d9d5c	Hah, yeah. Conrad is definitely experienced...	Ha, oui. Conrad a clairement de l'expérience...
line:8b878971	Hah, yeah. He sounds fun.	Ha, oui. Il a l'air sympa.
line:e3ed51d9	Hah. Conrad, you look good too.	Ha. Toi aussi, tu es beau, Conrad.
line:f8b2e23b	Hah. Fine.	Ha. D'accord.
line:ea23c5f9	Hah. If only there was a kobold that could clean me.	Ha. Si seulement il y avait un kobold pour me laver.
line:c9bb2a93	Hah. Yeah. <size=70%><i>It's cool that you learn to jerk off dragons in cleaning school...	Ha. Oui. <size=70%><i>C'est cool qu'on apprenne à branler les dragons à l'école de lavage...
line:50a559bb	Hah... <size=70%> yeah.	Ha... <size=70%>Oui.
line:4d4d9986	Hah... Gonna jerk me off now? That's fine.	Ha... Tu vas me branler maintenant ? Ça me va.
line:4e920759	Hah... Yeah I'm excited.	Ha... Ouais, j'ai hâte.
line:b36365ce	Hah... Yeah...	Ha... Ouais...
line:b8724c64	Hah... you do like that noise.	Ha... Tu aimes vraiment faire ce bruit.
line:c8cde395	Haha, 'Yip' indeed.	Haha, « yip », en effet.
line:680991cf	Haha, yes. Happy to see you.	Haha, oui. Ravi de vous voir.
line:4c27b031	Haha, you certainly are!	Haha, ça, je vois !
line:c3a2e14e	Haha, you certainly are!	Haha, ça, je vois !
line:9ec40945	Haha. 'Yip' to you too.	Haha. « Yip » à toi aussi.
line:5e91e0a7	Haha... Yeah. I'm not really used to complimenting.	Haha... Ouais. J'ai pas vraiment l'habitude de faire des compliments.
line:44689f21	Happy to be back.	Ravi d'être de retour.
line:2672f65d	Happy to be here.	Content d'être ici.
line:192fcb8e	Happy to get it off.	Content de m'en débarrasser.
line:3517b28e	Have a productive day.	Bonne journée de travail.
line:7c1adc57	He called me, we met up. He's really damn nice.	Il m'a appelé, on s'est vus. Il est vraiment adorable.
line:e71f9a0b	HE DIED!?	IL EST MORT ?!
line:ed6c9afb	He hadn't been... Well, cared about in a long time from what I could gather.	Ça faisait longtemps que personne ne... Enfin, ne se souciait de lui, d'après ce que j'ai compris.
line:de25de6e	He just... Knew what to say to snap me out of all that.	Il a juste... su quoi dire pour me faire réagir.
line:a035a3fd	He prefers 'vertically challenged'... But yes.	Il préfère « limité verticalement »... Mais oui.
line:04b29e42	He really is.	Vraiment.
line:c7e1b369	He really is.	Vraiment.
line:c64bd5ce	He said I was chill, we planned a date...	Il a dit que j'étais cool, on a prévu un rendez-vous...
line:e8a91447	He's a lot. But, I like it.	Il est intense. Mais ça me plaît.
line:a7181b1a	He's a red dragon. I think you two would like eachother!	C'est un dragon rouge. Je pense que vous vous plairiez !
line:8245fe2b	He's already back to work. Thanks for helping with all that.	Il a déjà repris le travail. Merci de votre aide pour cette affaire.
line:aaea8391	He's been way nicer recently.	Il est beaucoup plus gentil, ces derniers temps.
line:7363c004	He's great.	Il est formidable.
line:c13d4e24	He's hot.	Il est canon.
line:675d7e37	He's like. SUPER hung.	Il est genre... SUPER bien monté.
line:7deb9fff	He's like... a big softy surrounded by sharp pointy bits.	C'est comme... un grand tendre entouré de piquants.
line:800c553d	He's my dream dragon.	C'est le dragon de mes rêves.
line:4b3c70d9	He's snappy, but tender too!	Il a mauvais caractère, mais il est tendre aussi !
line:31281c6d	He's this REALLY cute red drake who goes to the wash!	Un dragon rouge VRAIMENT mignon qui vient se faire laver !
line:4c11c83e	He's tiny, I like being eye level with him.	Il est petit. J'aime pouvoir le regarder à ma hauteur.
line:b9ce2f3c	He's... Considerate. Real understanding too.	Il est... attentionné. Et vraiment compréhensif.
line:8e9e0f98	Heard about you and the big blue guy. Ryan was it?	J'ai entendu parler de toi et du grand bleu. Ryan, c'est ça ?
line:ca4a9672	Heeeey Ryan.	Saluuut, Ryan.
line:24ce37ec	Heeeey.	Saluuut.
line:bb70c1ed	Heh. Yeah.	Hé. Ouais.
line:3fa80829	Heh. Yeah. I like you too.	Hé. Oui. Toi aussi, tu me plais.
line:20393ff6	Heh. Yeah. That's me.	Hé. Ouais. C'est moi.
line:ac769d93	heh.. yea.. sorry..	Hé... Oui... Désolé..
line:5246ceea	Heh... alright.	Hé... D'accord.
line:75fef5cb	Heh... Damn right.	Hé... Carrément.
line:5f0edcb2	Heh... Handsy today, huh?	Hé... Tu as les mains baladeuses, aujourd'hui ?
line:2f55b3aa	Hehe	Héhé.
line:7e991330	Hehe yeah.	Héhé, oui.
line:3223473f	Hehe, I'm excited to get into the dating scene again.	Héhé, j'ai hâte de refaire des rencontres.
line:4a137220	Hehe, thanks. It has stuff that should be good for both of us.	Héhé, merci. Il y a de quoi nous régaler tous les deux.
line:1a3e2a73	Hell yea	Putain, ouais.
line:93f67490	Hell yeah	Putain, ouais.
line:389e4033	Hell yeah I did!	Putain, et comment !
line:17dbb9b7	Hell yeah.	Putain, ouais.
line:4b7b33d9	Hello!	Bonjour !
line:c3d3da41	Hello!	Bonjour !
line:4183ca7e	Hello, <i>'Drag'n wash franchise 223'...</i> Have you figured out how to interact yet?	Bonjour, <i>« franchise Drag'n'wash 223 »...</i> As-tu compris comment interagir ?
line:a99c515c	Hello, <i>'Drag'n wash franchise 223'...</i> Have you spoken to your first customer yet?	Bonjour, <i>« franchise Drag'n'wash 223 »...</i> As-tu déjà parlé à ton premier client ?
line:b7cce838	Hello.	Bonjour.
line:a8779ebf	Hello?	Il y a quelqu'un ?
line:dd4b34ae	Hello?	Il y a quelqu'un ?
line:1954aab7	Help the developers out please..	Merci d'aider les développeurs...
line:db9c3a5c	Help the developers out please..	Merci d'aider les développeurs...
line:f7f7f5a1	Help the developers out please..	Merci d'aider les développeurs...
line:fc461784	Help the developers out please..	Merci d'aider les développeurs...
line:ee3398a6	Hey big guy.	Salut, mon grand.
line:0090c7b0	Hey Conrad!	Salut, Conrad !
line:3d0a5aeb	Hey Conrad!	Salut, Conrad !
line:a2b4acea	Hey conrad!	Salut, Conrad !
line:975a629f	Hey Conrad.	Salut, Conrad.
line:21235886	Hey could you come up front where I can see you?	Hé, tu peux venir devant pour que je te voie ?
line:533532c4	Hey fine by me!	Hé, moi, ça me va !
line:1538bc7e	Hey good lookin'	Salut, beau gosse.
line:0121c874	Hey hey. Glad you're open.	Salut, salut. Content que ce soit ouvert.
line:71b651dd	Hey I have something to say!	Hé, j'ai quelque chose à te dire !
line:0d4e0ecf	Hey kobold!	Salut, kobold !
line:af3f02c9	Hey Ryan, what do you have there?	Salut, Ryan, qu'est-ce que tu apportes ?
line:6374414d	Hey thanks for being here for me...	Hé, merci d'être là pour moi...
line:bf5ff483	Hey there, happy to be back.	Salut, ça fait plaisir de revenir.
line:c38b7fa6	Hey there, Ryan!	Salut, Ryan !
line:2d5fc8a2	Hey there- Maybe you can get 'hands on' later?	Hé... On pourrait garder les mains baladeuses pour plus tard ?
line:1b6c7f75	Hey there.	Bonjour.
line:5dacf226	Hey there.	Bonjour.
line:82698bd1	Hey there.	Bonjour.
line:ab3a5d9c	Hey there.	Salut.
line:3d2bc74e	Hey uh, do you think Ryan and I will <i>actually</i> work out?	Hé, euh, tu crois que ça va <i>vraiment</i> marcher entre Ryan et moi ?
line:04501155	Hey uh, I just need a cleaning.	Hé, euh, il me faut juste un bain.
line:2a29842a	Hey uh... Not now.	Hé, euh... Pas maintenant.
line:8caa3196	Hey uhm, thanks once again.	Hé, euh... Merci encore.
line:5c7a9105	Hey!	Salut !
line:eed2cc64	Hey!	Salut !
line:2f3f5508	Hey! He's just... 'vertically challenged'.	Hé ! Il est juste... « limité verticalement ».
line:55bb78d1	Hey! I'm here for a wash.	Salut ! Je viens pour un bain.
line:33480903	Hey, Alexander!	Bonjour, Alexander !
line:21fcef4f	Hey, Alexander.	Bonjour, Alexander.
line:14598ca6	Hey, big guy!	Bonjour, mon grand !
line:e7353d24	Hey, I've got a question for you.	Hé, j'ai une question pour toi.
line:674877e5	Hey, nothin' wrong with asking!	Hé, y a pas de mal à demander !
line:d2589856	Hey, welcome back!	Bonjour, content de vous revoir !
line:0d3e4054	Hey.	Hé.
line:aa0dda7b	Hey.	Hé.
line:7f2e2736	Hey... little guy!	Salut... mon petit !
line:933efa6d	Hi again!	Rebonjour !
line:873a2b9a	Hi again..	Rebonjour..
line:83ac5b68	Hi Conrad.	Salut, Conrad.
line:050efd1a	Hi, Ryan!	Salut, Ryan !
line:06ed6aea	Hiiiii! Hiii!	Bonjouuur ! Bonjouuur !
line:5a632b75	His physical form is currently reconstituting in the staff lounge.	Son enveloppe physique se reconstitue actuellement dans la salle des professeurs.
line:6bd91ca7	Hm, I think I'll pass on the mount.	Mmh, je crois que je vais passer mon tour pour le chevalet.
line:370d719b	Hm?	Mmh ?
line:3c3ddd0c	Hm?	Mmh ?
line:44658d73	Hmm...	Mmm...
line:bf059ff3	Hmm...	Mmm...
line:730b1ca4	Hmm?	Mmm ?
line:fc571337	Hmmm, maybe something else?	Mmm, peut-être autre chose ?
line:19207e44	Hold on a little longer for me?	Vous pouvez tenir encore un peu pour moi ?
line:f2ae89c4	Honestly, I'm surprised how nice this is.	Franchement, je suis surpris que ce soit aussi agréable.
line:a2ff0176	Hope it went well.	J'espère que ça s'est bien passé.
line:b17360a0	Hope that's alright?	J'espère que ça ne te dérange pas ?
line:ae08853f	Hope you're doing alright!	J'espère que vous allez bien !
line:e1fa2461	Hopefully! I'll go get the gate.	J'espère ! Je vais ouvrir le portail.
line:99931b37	Hopefully.	J'espère.
line:d9c91bca	How about you though? have you been seeing anyone?	Et toi ? Tu vois quelqu'un ?
line:4ec92454	How about you? Anyone exciting?	Et toi ? Quelqu'un en vue ?
line:86bde306	How are you with seafood?	Tu aimes les produits de la mer ?
line:7fb611c9	How come you brought this all in?	Pourquoi tu as apporté tout ça ?
line:af0d0972	How come you're covered in ink?	Comment avez-vous fait pour vous couvrir d'encre ?
line:e385b7f3	How did it go?	Comment ça s'est passé ?
line:c0161bbc	How did it taste?	Quel goût ça avait ?
line:262b262e	how do I get in?	comment je fais pour entrer ?
line:676b0638	how do I get in?	comment je fais pour entrer ?
line:8308bb09	How do I look?	Comment tu me trouves ?
line:4f172746	How do you even digest that?	Comment tu fais pour digérer ça ?
line:28d390ac	How so?	Comment ça ?
line:4ef9fe65	How so?	Comment ça ?
line:ea66b5af	How so?	Comment ça ?
line:4b29790b	How was the sex.	C'était comment, au lit ?
line:7736270c	How was your date with Conrad?	Comment s'est passé ton rendez-vous avec Conrad ?
line:18d418ab	However, it's ornamental! My family crest. You see...	Mais il est purement ornemental ! C'est mon emblème familial. Voyez-vous...
line:1f250062	However, My <i>image</i> is far more permanent than Igwyx's fleeting physical forms.	Cependant, mon <i>image</i> est bien plus durable que les enveloppes physiques éphémères d'Igwyx.
line:ae34381b	However, that respect comes with an expectation to act as I look. It's incredibly stressful.	Mais ce respect s'accompagne de l'attente que j'agisse à la hauteur de mon apparence. C'est incroyablement stressant.
line:d2baf9e2	However...	Cependant...
line:fb8401c3	Huff...	Pfiou...
line:b54ee04d	huff... Thank you for that.	Pfiou... Merci pour cela.
line:16420ca7	Huff... Thanks for that.	Pfiou... Merci pour ça.
line:45507089	Huff... That was nice... Made a bit of a mess though.	Pfiou... C'était agréable... Même si j'en ai mis un peu partout.
line:ae83cfb6	huh...?	Hein... ?
line:0c78b56b	Huh?	Hein ?
line:e96114a2	Huh? ofcourse not!	Hein ? Bien sûr que non !
line:836c079c	I <i>think </i> I must've spilled an inkwell <i>on the way here</i>. Rather clumsy of me!	Je <i>crois </i>avoir renversé un encrier <i>en venant ici</i>. Quelle maladresse !
line:d37175c7	I act tough but am a small dragon...	Je joue les durs, mais je suis un petit dragon...
line:b4e27683	I agree	Je suis d'accord.
line:68ebf07b	I allowed him, as my stature provides ample height.	J'ai accepté, puisque ma stature lui offrait une hauteur suffisante.
line:a051821a	I already feel a lot better.	Je me sens déjà bien mieux.
line:49bfbfbe	I already have spot at the club reserved.	J'ai déjà réservé une place au club.
line:14ff4edd	I always do~	Comme toujours~
line:b05c6259	I always look forward to seeing you. I'll go get the gate.	J'ai toujours hâte de te voir. Je vais ouvrir le portail.
line:52bf5ede	I am THE kobold. Yip!	Je suis LE kobold. Yip !
line:141c006f	I am too.	Moi aussi.
line:363f6f6a	I am too.	Moi aussi.
line:405b9622	I am too.	Moi aussi.
line:d4c5faea	I am too.	Moi aussi.
line:556897bf	I am! Even better now that you're here.	Oui ! Encore mieux maintenant que vous êtes là.
line:e499b2cc	I am.	Je le suis.
line:5ec8bb55	I believe that's in part because of you.	Et je crois que c'est en partie grâce à vous.
line:9883786d	I booked the night.	J'ai réservé pour la nuit.
line:eae85bf9	I broke up with my partner...	J'ai rompu avec ma copine...
line:ffcfee20	I brought watermelon, bread, grapes, and some other stuff.	J'ai apporté de la pastèque, du pain, du raisin et d'autres choses.
line:e8aa18f4	I can digest pretty much anything.	Je peux digérer à peu près n'importe quoi.
line:7f543c2a	I can let loose whenever you are ready	Je peux lâcher la sauce quand t'es prêt.
line:c83a6a0d	I can't believe Igwix would make a mistake like this!	Je n'arrive pas à croire qu'Igwix ait commis une telle erreur !
line:e051a79e	I consider you a good friend too	Moi aussi, je te considère comme un bon ami.
line:f382336f	I could get us the <i>nicest</i> spots for their show.	Je pourrais nous avoir les <i>meilleures</i> places pour le spectacle.
line:2602b8c6	I could use a wash.	Un bain me ferait du bien.
line:c66153d3	I couldn't help but notice the... device over there.	Je n'ai pu m'empêcher de remarquer... l'appareil, là-bas.
line:b71f0756	I decided to try baking.	J'ai décidé d'essayer la pâtisserie.
line:e62b989c	I decided to try baking.	J'ai décidé d'essayer la pâtisserie.
line:efea7148	I decided to try baking.	J'ai décidé d'essayer la pâtisserie.
line:98f800d3	I didn't know anyone could like me that much so easily.	Je ne pensais pas pouvoir plaire autant à quelqu'un aussi facilement.
line:4116f001	I didn't know what the button did.	Je ne savais pas à quoi servait le bouton.
line:7a5c7f54	I didn't mean to fluster you!	Je ne voulais pas te faire perdre tes moyens !
line:55542a9b	I do enjoy the color. Though I believe its unrelated to my own hue.	J'aime cette couleur, même si je ne crois pas que cela ait un rapport avec ma propre teinte.
line:f9c800f2	I do!	Tout à fait !
line:ad9c1ada	I do. But, what happened?	Oui. Mais qu'est-ce qui s'est passé ?
line:a45ccf3a	I don't believe I can hold back any longer	Je ne crois pas pouvoir me retenir davantage.
line:8c6e1cd3	I don't get it! Why do I have to act this way?	Je comprends pas ! Pourquoi faut que je me comporte comme ça ?
line:cc4e48a3	I don't know where they went but I feel dirty again.	Je ne sais pas où est passé l’alchimiste, mais je me sens de nouveau sale.
line:71127249	I don't mean to be rude, but I must decline	Je ne veux pas être impoli, mais je dois refuser.
line:f5696cc4	I don't need to tell you.	J'ai pas à te le dire.
line:878fc94c	I don't understand..	Je comprends pas..
line:4f3d31f8	I don't want your pitty!	Je veux pas de ta pitié !
line:8fc36ab7	I enjoy being a part of so many individuals lives in a positive way.	J'aime avoir une influence positive sur la vie de tant de personnes.
line:14653182	I enjoy parts of it. The respect is pleasant...	Certains aspects me plaisent. Le respect est agréable...
line:bd4bb1b9	I enjoy that I do not fear failure around you.	J'apprécie de ne pas craindre l'échec en votre présence.
line:c108ed4f	I enjoy when you tell me what to do with a pat of your hand.	J'aime quand vous m'indiquez quoi faire d'une petite tape de la main.
line:6db406b4	I enjoyed this quite a lot.	J'ai beaucoup apprécié ce moment.
line:e838533b	I feel as I could say anything to you.	J'ai l'impression de pouvoir tout vous dire.
line:9b9567ec	I feel much better.	Je me sens beaucoup mieux.
line:ed6be68f	I feel spotless as always.	Je me sens impeccable, comme toujours.
line:938be2fb	I forget the ignorance of a layman. I apologize.	J'oublie l'ignorance des non-initiés. Pardonnez-moi.
line:63837f22	I forgot to bite into it so... Nothing?	J'ai oublié de mordre dedans, alors... Aucun ?
line:fe3484ea	I get how you'd feel that way after a breakup, yeah.	Oui, je comprends qu'on ressente ça après une rupture.
line:adf1550f	I give my other bipedal friends rides all the time.	Je porte tout le temps mes autres amis bipèdes.
line:9a68366f	I got a mount.	J'ai acheté un chevalet.
line:78a54cae	I got back home a bit dirty. And she yelled at me.	Je suis rentré un peu sale et elle m'a crié dessus.
line:22a9094a	I guess so!	On dirait bien !
line:28d6c0aa	I hate that I'm always getting into situations like this.	J'en ai marre de toujours me retrouver dans ce genre de situation.
line:366a7f73	I have a question.	J'ai une question.
line:82b63c18	I have something to say!	J'ai quelque chose à dire !
line:fd68807c	I have to say, you did as good a job as private washers.	Je dois dire que vous avez aussi bien travaillé qu'un laveur privé.
line:761f413a	I heard a loud bang	J'ai entendu une forte détonation.
line:9d7cc63c	I heard a loud bang, I don't think Igwix made it.	J'ai entendu une forte détonation. Je ne crois pas qu'Igwix ait survécu.
line:7ede5030	I heard there was kobolds down here that could wash me up?	On m'a dit qu'il y avait des kobolds par ici pour me laver ?
line:efb2d4af	I heard there were kobolds down here that could wash me up?	On m'a dit qu'il y avait des kobolds par ici qui pourraient me laver ?
line:2f9b499a	I honestly don't know how you are doing that.	Franchement, je sais pas comment tu fais.
line:6f5dbc90	I hope he's okay too.	Moi aussi, j'espère qu'il va bien.
line:cd0197ed	I hope I can learn from that.	J'espère pouvoir en prendre de la graine.
line:cf50dbcc	I hope it all works out.	J'espère que ça va marcher.
line:b2dfad3e	I hope so.	J'espère.
line:0477b0d7	I hope so. I really want a fresh start with someone.	J'espère. J'ai vraiment envie de repartir de zéro avec quelqu'un.
line:7429dab7	I hope that you'll help me prove them wrong!	J'espère que tu m'aideras à prouver le contraire !
line:be5feb3e	I hope things get better.	J'espère que ça va s'arranger.
line:114ac9a0	I hope you're right.	J'espère que t'as raison.
line:06744c7e	I just don't like that she takes it out on me.	Je n'aime juste pas qu'elle se défoule sur moi.
line:1fb02179	I just don't like that she takes it out on me.	Je n'aime juste pas qu'elle se défoule sur moi.
line:c8a1e7d0	I Just need a quick wash... Maybe the mount would be nice too.	J'ai juste besoin d'un bain rapide... Et le chevalet, ça pourrait être sympa aussi.
line:95ff1bed	I just wish for you to ask me a question. Any question.	Je souhaite simplement que vous me posiez une question. N'importe laquelle.
line:f716a163	I knew you were too busy, so I figured I'd bring the date to you!	Je savais que tu étais trop occupé, alors je me suis dit que j'allais t'apporter le rendez-vous !
line:2461773d	I knew you'd have my back	Je savais que tu serais de mon côté.
line:6a671440	I know a decent equine-kin place by the pier.	Je connais un bon restaurant équin près de la jetée.
line:50102b85	I know he can be a bit hot headed and forget to thank folks.	Je sais qu'il a parfois le sang chaud et qu'il oublie de remercier les gens.
line:83c55e2e	I know things can be tough.	Je sais que ça peut être difficile.
line:2ffb026d	I know you need to close down shop. I'll make sure you get the address and we can meet up there, yeah?	Je sais que tu dois fermer la boutique. Je te donnerai l'adresse et on se retrouve là-bas, d'accord ?
line:ded99a0c	I know, I'll reserve your spot!	Je sais, je te garderai une place !
line:59e503b2	I know. But the ability to open up to someone, even occasionally-	Je sais. Mais pouvoir se confier à quelqu'un, même de temps à autre...
line:d30ffec9	I know. I know I shouldn't be dumping this on you.	Je sais. Je ne devrais pas te déballer tout ça.
line:875048ca	I know. I know.	Je sais. Je sais.
line:7b59e4d6	I like how sure of yourself you are. Even if it just has to do with washing.	J'aime votre assurance. Même si elle ne concerne que le lavage.
line:46061aae	I like it! I think you'd enjoy it too.	J'aime bien ! Je pense que ça te plairait aussi.
line:f4ad8ea6	I like taking care of you.	J'aime prendre soin de vous.
line:8ffedb47	I like the mount you chose. Mind grabbing it?	J'aime bien le chevalet que t'as choisi. Tu peux l'apporter ?
line:5c86951f	I like you a lot.	Tu me plais beaucoup.
line:a91980fc	I like you for who you are.	Je vous apprécie pour qui vous êtes.
line:bdca3e1b	I like... him.	C'est... lui qui me plaît.
line:2b65bf83	I love bubbles, they tickle!	J'adore les bulles, elles chatouillent !
line:f8a4f404	I mean it. Really.	Je le pense. Vraiment.
line:ae719afc	I need to be better. I <i>want </i>to be better.	Je dois m'améliorer. Je <i>veux </i>m'améliorer.
line:a0373456	I need to be spotless. Seems that's what you're for. <size=70%> Ha.	Faut que je sois impeccable. Apparemment, c'est ton boulot. <size=70%>Ha.
line:3da2dd1d	I never expected myself to confide such embarrassing things in someone.	Je ne m'attendais pas à confier un jour des choses aussi gênantes à quelqu'un.
line:0c986dec	I never expected you to be the type to be so messy!	Je ne vous imaginais pas du genre à vous salir autant !
line:95db900b	I never miss a spot.	Je ne laisse jamais la moindre tache.
line:d620d41a	I never thought someone like him would be my type...	Je pensais pas qu'un gars comme lui serait mon genre...
line:67592de1	I probably need to head out though.	Mais je devrais y aller.
line:e41c6dc5	I really do hope it all works out!	J'espère vraiment que ça va marcher !
line:a722aada	I really think it was this time...	Cette fois, je crois vraiment que si...
line:e80e5edd	I see what you're doing, thank you.	Je vois où vous voulez en venir. Merci.
line:cc6ec337	I see..	Je vois..
line:d57520b1	I seem to have gotten myself covered in ink!	Il semblerait que je me sois couvert d'encre !
line:3b161cf3	I still need more!	J'en veux encore !
line:47dc71f3	I suppose I understand disliking the mess it may cause.	Je comprends qu'on puisse ne pas aimer les saletés qu'elle occasionne.
line:234ccfda	I suppose it depends on the circumstances.	J'imagine que ça dépend des circonstances.
line:910706c0	I think a movie could be fun!	Un film pourrait être sympa !
line:99bbb171	I think he was in a bad environment. He's doing better now.	Je pense qu'il était mal entouré. Ça va mieux maintenant.
line:9247b7a0	I think he'd like the new you!	Je crois qu'il aimerait le nouveau toi !
line:f4982dcd	I think he's got a crush on me.	Je crois qu'il a un faible pour moi.
line:fc6fdd10	I think I can still feel some explosion grime on me...	Je crois que j'ai encore des saletés de l'explosion sur moi...
line:4efc873f	I think I like being taken care of?	Je crois que j'aime qu'on prenne soin de moi ?
line:f5d36d9a	I think I might be close..	Je crois que je ne suis plus très loin..
line:52fc4e08	I think I'd like that!	Je crois que ça me plairait !
line:5c78099a	I think I'd like to meet him!	Je crois que j'aimerais le rencontrer !
line:14e0edf6	I think I'd like to try!	Je crois que j'aimerais essayer !
line:164df75a	I think I'd like to use it?	Je crois que j'aimerais l'utiliser ?
line:4f6168aa	I think I'd like to use it?	Je crois que j'aimerais l'utiliser ?
line:ab314624	I think I'd like to?	Je crois que cela me plairait ?
line:170c6aa3	I think I'd like you to be that someone aswell.	Je crois que moi aussi, j'aimerais que ce soit toi.
line:8f46bb17	I think I've got it!	Je crois que j'ai compris !
line:a5e128e0	I think she's upset about something else...	Je pense qu'elle est contrariée par autre chose...
line:bc2545e7	I think she's upset about something else...	Je pense qu'elle est contrariée par autre chose...
line:335c5156	I think so!	Je crois que oui !
line:3292625e	I think that would make a decent place! They put on good shows every night.	Je pense que ce serait bien ! Ils donnent de bons spectacles tous les soirs.
line:eaafe671	I think you got every spot!	Je crois que t'as rien oublié !
line:1760e5d5	I think you got every spot.	Je crois que tu n'as rien oublié.
line:341175f7	I think you got every spot.	Je crois que tu n'as rien oublié.
line:770e7473	I think you got every spot.	Je crois que tu n'as rien oublié.
line:f4a8f7fc	I think you helped him a lot more than you realize.	Je crois que tu l'as aidé bien plus que tu ne l'imagines.
line:f28fd15d	I think you missed a few spots still...	Je crois que tu as encore oublié quelques taches...
line:77509e74	I think you're cool too. Self improvement is hard.	Toi aussi, je te trouve chouette. Ce n'est pas facile de s'améliorer.
line:763c6a82	I think you're good looking.	Je vous trouve beau.
line:69e7dbb3	I think you're pretty cool, Conrad.	Moi, je te trouve plutôt chouette, Conrad.
line:9c393f61	I think you're special too.	Je te trouve spécial aussi.
line:7d5ae3b4	I usually make do with a hose down at home...	D'habitude, je me contente du tuyau d'arrosage à la maison...
line:c4fc9b28	I wanna talk face to face!	Je veux qu'on parle face à face !
line:548dc375	I want to be more open. It feels good.	Je veux m'ouvrir davantage. Cela fait du bien.
line:e02f464d	I was helping the alchemist reach a high shelf	J'aidais l'alchimiste à atteindre une étagère en hauteur.
line:fa97376e	I was helping the alchemist reach a high shelf	J'aidais l'alchimiste à atteindre une étagère en hauteur.
line:bb015b1b	I was romping around the forest	Je gambadais dans la forêt.
line:78e2cb13	I was thinking about what you said,	Je pensais à ce que tu m'as dit,
line:b8282714	I was thinking.	Je me disais.
line:ca616238	I was thinking. We could go out some time next week?	Je me disais. On pourrait sortir la semaine prochaine ?
line:a13d76ec	I was thinking...	Je me disais...
line:c1a4edf0	I wasn't making her happy either.	Et elle n'était pas heureuse avec moi non plus.
line:a4214fe6	I went out of my way for a discrete washing, I was sure I wasn't followed.	J’ai pris toutes mes dispositions pour un lavage discret. J’étais certain de ne pas avoir été suivi.
line:db5cd152	I went out with some friends.	Je suis sorti avec des amis.
line:b6b9dc33	I will pay double. Triple- This is a job only you can do!	Je paierai le double. Le triple ! Vous seul pouvez vous en charger !
line:0c31345e	I will, thanks.	Je reviendrai, merci.
line:fa41daf4	I will. I just need a quick wash, and wouldn't mind using the mount today.	Je le ferai. Il me faut juste un bain rapide, et j'aimerais bien utiliser le chevalet aujourd'hui.
line:399457b7	I wish it was easy as it is in movies.	J'aimerais que ce soit aussi simple que dans les films.
line:2185f08c	I won't.	Je ne dirai rien.
line:45950848	I would like that!	Ça me plairait !
line:099ec7fd	I would love to.	Avec grand plaisir.
line:e6006cd6	I wouldn't mind!	Ça me ferait plaisir !
line:81905be1	I'd like to go out to eat.	J'aimerais aller manger quelque part.
line:75b152eb	I'd love to talk more, truly, but class is soon.	J'aimerais vraiment poursuivre cette conversation, mais mon cours commence bientôt.
line:2fe8a558	I'd love to!	Avec plaisir !
line:87ba56cc	I'll be back again, yeah?	Je reviendrai, d'accord ?
line:ca035ef2	I'll be back again. It's nice having you as a friend.	Je reviendrai. C'est agréable de vous avoir comme ami.
line:0fcd9c26	I'll be back soon, yeah? Thanks for the wash.	Je reviendrai bientôt, d'accord ? Merci pour le bain.
line:d9f422eb	I'll be waiting at the bar for you tonight!	Je t'attendrai au bar ce soir !
line:69dff2ec	I'll be waiting for the gate!	J'attends que tu ouvres le portail !
line:ae4d09f6	I'll be waiting for the gate!	J'attends que tu ouvres le portail !
line:ab616aac	I'll definitely keep this place in mind.	Je penserai à revenir, c'est certain.
line:b122441b	I'll get one ordered I promise!	Je vais en commander un, promis !
line:1642b6f1	I'll get out of your scales now. Thank you for the wash.	Je vais vous laisser tranquille. Merci pour le bain.
line:707d2693	I'll get out of your scales...	Je vais te laisser tranquille...
line:ca480eed	I'll get you two in contact then.	Alors, je vous mettrai en contact.
line:59416000	I'll go get the gate for ya'	Je vais t'ouvrir le portail.
line:6aa7ad03	I'll go get the gate for ya'	Je vais t'ouvrir le portail.
line:2a6d7e7d	I'll go get the gate for you.	Je vais t’ouvrir le portail.
line:8107858d	I'll go get the gate for you.	Je vais vous ouvrir le portail.
line:d1755010	I'll go get the gate for you.	Je vais t’ouvrir le portail.
line:4d692a01	I'll go get the gate.	Je vais ouvrir le portail.
line:a75bb519	I'll go get the gate.	Je vais ouvrir le portail.
line:8689a124	I'll happily get that for you.	Je vais vous le chercher avec plaisir.
line:48e99d7b	I'll have to close up shop first-	Il faut d'abord que je ferme la boutique...
line:f2b894e2	I'll have to reserve your spot while you close up.	Je te garderai une place pendant que tu fermes.
line:6c5e2459	I'll keep that in mind. I'm used to things being transactional.	Je m'en souviendrai. J'ai l'habitude que tout soit donnant-donnant.
line:956a0f47	I'll make sure to ask him next time I see him.	Je lui demanderai la prochaine fois que je le verrai.
line:e64d21e4	I'll make sure to come back.	Je reviendrai, c'est sûr.
line:7c9fe106	I'll make sure to get out of your scales.	Je vais te laisser tranquille.
line:87006442	I'll make sure to tell others about this place	Je vais parler de cet endroit autour de moi.
line:1db78e06	I'll make sure to tell you how it goes, yeah?	Je te raconterai comment ça se passe, d'accord ?
line:49b6a167	I'll make sure you're <i>spotless.	Je vais te rendre <i>impeccable.
line:96981b61	I'll manage.	Je vais m'en sortir.
line:9aa97614	I'll need this to be swift, students won't teach themselves.	Il faudra faire vite. Les étudiants ne vont pas s'instruire tout seuls.
line:9ef857c8	I'll need to resurrect Igwix, oh how embarrassing!	Il faut que je ressuscite Igwix. Quelle honte !
line:90a9a98e	I'll see you next time I come in, yeah?	On se revoit la prochaine fois que je viens, d'accord ?
line:d0f6a49a	I'll see you next time I come in, yeah?	On se revoit la prochaine fois que je viens, d'accord ?
line:160bf40f	I'll start prepping for it.	Je vais commencer à préparer tout ça.
line:8af64cb8	I'll take care of this, don't you worry.	Je m'en occupe, ne t'inquiète pas.
line:e20c6391	I'll tell you in a bit. Could you just get the gate for now?	Je t'expliquerai après. Tu peux juste ouvrir le portail pour l'instant ?
line:04c62f9b	I'm <i>spotless</i>.	Je suis <i>impeccable</i>.
line:629f8cff	I'm a bit of a big deal around there.	Je suis un peu une célébrité là-bas.
line:d9272031	I'm a dragon.	Je suis un dragon.
line:675e7284	I'm a rule breaker!	Moi, je défie les règles !
line:afcd5586	I'm a... kobold.	Je suis un... kobold.
line:5d41b5d6	I'm all dirty still!	Je suis encore tout sale !
line:2f6eb3c3	I'm all soapy still!	Je suis encore plein de savon !
line:18707b19	I'm always happy to give you a wash!	C'est toujours un plaisir de te laver !
line:3b01eb3b	I'm always happy to give you a wash!	C'est toujours un plaisir de te laver !
line:d82b1a7d	I'm always happy to help. <i><size=70%> especially a big dragon.	Je suis toujours ravi d'aider. <i><size=70%>Surtout un grand dragon.
line:46c6a3ed	I'm always happy to see you Ryan.	Je suis toujours content de te voir, Ryan.
line:75206eee	I'm always happy to see you Ryan.	Je suis toujours content de te voir, Ryan.
line:fa6e232e	I'm always happy to see you. I'll go get the gate for you.	Je suis toujours content de vous voir. Je vais vous ouvrir.
line:07e5fc05	I'm amazed!	Je suis impressionné !
line:4586d55d	I'm an asshole. I know I am.	Je suis un connard. Je le sais.
line:a6d46685	I'm certain he also finds you pleasant!	Je suis certain qu'il vous apprécie aussi !
line:ef399e26	I'm doing good!	Je vais bien !
line:a6c1f2f4	I'm excited for you!	Je suis ravi pour toi !
line:94fbdbf0	I'm excited for you. I'll get the gate!	Je suis content pour toi. Je vais ouvrir !
line:f83e4966	I'm excited to hear about it!	J'ai hâte que tu me racontes !
line:bd55b8f4	I'm excited to see them washing down the drain though.	Mais j'ai aussi hâte de les voir partir dans l'évacuation.
line:24832f01	I'm excited.	J'ai hâte.
line:69f406a6	I'm excited.	J'ai hâte.
line:a00f681d	I'm excited.	J'ai hâte.
line:a0479425	I'm excited.	J'ai hâte.
line:b5d7d26f	I'm excited.	J'ai hâte.
line:d66b9155	I'm excited.	J'ai hâte.
line:4e1b1d0a	I'm glad you derive enjoyment from this as well.	Je suis ravi que vous y preniez plaisir également.
line:5db47405	I'm glad you enjoy him. I'm certain he finds you pleasant.	Je suis heureux que vous l'appréciiez. Je suis certain que c'est réciproque.
line:c56ee060	I'm glad you enjoy my crest.	Je suis heureux que mon emblème vous plaise.
line:f44a1493	I'm glad you trust me.	Je suis content que vous me fassiez confiance.
line:3a2ed5ef	I'm glad you two are working out though.	En tout cas, je suis content que ça marche entre vous.
line:c0972e81	I'm glad you two are working out.	Je suis content que ça marche entre vous.
line:34ba77b1	I'm glad you were able to make the choice that was best for you.	Je suis content que tu aies pu prendre la meilleure décision pour toi.
line:d5a90e1c	I'm glad!	J'en suis heureux !
line:286fec49	I'm glad.	J'en suis content.
line:42f5fd9d	I'm glad.	J'en suis content.
line:99b6dc81	I'm glad.	J'en suis content.
line:570d4953	I'm happy for you!	Je suis content pour vous !
line:ac6d5bd3	I'm happy for you!	Je suis content pour vous !
line:ed5c40ca	I'm happy for you!	Je suis content pour vous !
line:79099951	I'm happy to be here too.	Moi aussi, je suis heureux d'être ici.
line:99fd9b51	I'm happy to give you a place you can relax.	Je suis content de vous offrir un endroit où vous détendre.
line:5d36d5c8	I'm happy to have met you.	Je suis heureux de vous avoir rencontré.
line:ce21622a	I'm happy to hear that.	Je suis heureux de l'entendre.
line:69963a6c	I'm happy you feel comfy here.	Je suis content que vous soyez à l'aise ici.
line:38388248	I'm here for a wash.	Je viens pour un bain.
line:a6974256	I'm here if you need someone to talk to.	Je suis là si tu as besoin de parler à quelqu'un.
line:6690512d	I'm impressed.	Tu m'impressionnes.
line:2e424b13	I'm in need of another wash.	J'ai besoin d'un autre bain.
line:ef91a572	I'm Jealous!	Je suis jaloux !
line:a79b8639	I'm just happy I don't feel judged here.	Je suis juste content de ne pas me sentir jugé ici.
line:8076eb95	I'm just here for a wash though.	Mais je viens juste pour un bain.
line:c2caa0b7	I'm just here to bring you food!	Je suis juste venu t'apporter à manger !
line:ec6c7823	I'm just... Happy.	C'est juste... que je suis heureux.
line:ed4b0d48	I'm kind of excited.	Ça me fait plutôt envie.
line:266c652e	I'm looking forward to seeing you again	J'ai hâte de te revoir.
line:e91e2041	I'm not <i>that</i> little-	Je ne suis pas <i>si</i> petit...
line:cf05a364	I'm not certain why I suddenly understand your 'Yips'	J'ignore pourquoi je comprends soudain vos « yips ».
line:dcc4774b	I'm not too sure. It was on sale at WingCo.	Je ne sais pas trop. Il était en promotion chez WingCo.
line:5b31909a	I'm only doing what I think is right.	Je fais juste ce qui me semble juste.
line:7fe349d7	I'm profoundly embarrassed by this whole ordeal.	Toute cette affaire me met profondément dans l'embarras.
line:cfaffc52	I'm pumped.	J'ai trop hâte.
line:c0a140f8	I'm really fond of letting folks ride on my back.	J'aime beaucoup porter les gens sur mon dos.
line:1a5e6184	I'm really looking forward to this.	J'ai vraiment hâte d'y être.
line:8b43a434	I'm really sorry you got hurt. Who did this?	Je suis vraiment désolé pour tes blessures. Qui t'a fait ça ?
line:69ffe957	I'm so excited about this date!	J'ai tellement hâte de ce rendez-vous !
line:e6290003	I'm so excited. I'll get you two in contact!	J'ai tellement hâte. Je vous mettrai en contact !
line:e8611ad0	I'm sorry for dumping that all on you earlier.	Désolé de t'avoir déballé tout ça tout à l'heure.
line:e613b1c3	I'm sorry I snapped at you earlier.	Désolé de t'avoir parlé comme ça tout à l'heure.
line:de208e68	I'm sorry you got hurt...	Je suis désolé qu'on t'ait fait du mal...
line:4843bb47	I'm still very muddy, if you could soap me up that'd be great.	Je suis encore très boueux. Ce serait bien de me savonner.
line:51d4e418	I'm such an idiot.	Quel con je fais.
line:32114891	I'm sure nobody will know...	Je suis sûr que personne ne le saura...
line:17a05c96	I'm sure we'll figure something out! just meet me at the pier!	On trouvera bien quelque chose ! Retrouve-moi sur la jetée !
line:8136ef1a	I'm surprised how nice it is.	Je suis surpris que ce soit si agréable.
line:722c6ab2	I'm thinking a date soon.	Je pense qu'on va sortir ensemble bientôt.
line:3471e9b1	I'm trying my best.	Je fais de mon mieux.
line:01492e5e	I'm trying not to be pushy.	J'essaie de pas être insistant.
line:4d6cd625	I'm trying to get away from the house for a bit.	J'essaie de m'éloigner un peu de la maison.
line:c1ef777a	I'm unsure why speaking with you is so easy.	J'ignore pourquoi il m'est si facile de vous parler.
line:822c0718	I'm very excited.	J'ai vraiment hâte.
line:ddab3d34	I'm very satisfied with these results..	Je suis très satisfait du résultat..
line:03eb977c	I'm well aware. A deep clean has a distinct feel!	Je le sais bien. On reconnaît un nettoyage en profondeur !
line:f9193c0d	I'm willing to do it. But I'd like something new.	Je veux bien faire l'effort. Mais j'aimerais du nouveau.
line:63981253	I'm... Happy.	Je suis... heureux.
line:f80bd44b	I'm... not certain I'd like to use this today.	Je... ne suis pas certain de vouloir utiliser ceci aujourd'hui.
line:d422462e	I'm... not sure I can answer that for you.	Je... ne suis pas sûr de pouvoir répondre à ta place.
line:8f107933	I'm... Rather close now	Je suis... assez proche, maintenant.
line:24c52c54	I'm... wondering...	Je... me demandais...
line:6bbd7f1d	I've always hated the rain.	J'ai toujours détesté la pluie.
line:b4353808	I've always loved giving my biped friends rides...	J'ai toujours aimé promener mes amis bipèdes sur mon dos...
line:9541fceb	I've been considering asking you this for a while now.	Cela fait quelque temps que j'envisage de vous le demander.
line:505154a4	I've been thinking...	Je réfléchissais...
line:58b4f5fb	I've been told it's polite to talk to smaller folk face to face.	On m'a dit qu'il était poli de parler face à face avec les plus petits.
line:2c560e29	I've been trying to get into the social sciences aswell.	J'essaie aussi de m'intéresser aux sciences sociales.
line:b4a29141	I've got a guy who can drop a gift by tomorrow that would spruce things up.	Je connais un gars qui peut déposer un cadeau demain. Ça donnera un peu de vie à tout ça.
line:212f0021	I've had a lot of free time lately.	J'ai beaucoup de temps libre, ces derniers temps.
line:701b9feb	I've had a lot of free time lately.	J'ai beaucoup de temps libre, ces derniers temps.
line:79da763f	I've had a lot of free time lately.	J'ai beaucoup de temps libre, ces derniers temps.
line:3c4443fd	I've seen bigger	J'en ai vu de plus grosses.
line:d7a90078	I...	Je...
line:393d0e05	I... hm.	Je... Mmh.
line:0da5609b	I... Know this is unprompted.	Je... sais que cela sort de nulle part.
line:5cfb94b9	If a relationship is <i>so</i> bumpy and you know its going to end.	Si une relation est <i>vraiment</i> compliquée et que tu sais qu'elle va se terminer.
line:b2f52b23	If I could uhm...	Si je pouvais, euh...
line:b4990e3d	If I'm honest. I've had a crush on you for a bit.	Pour être honnête, j'ai un faible pour toi depuis un moment.
line:7c13c28e	If only.	Si seulement.
line:a56c5621	If someone like Ryan is interested, you're doing great.	Si tu plais à quelqu'un comme Ryan, tu t'en sors très bien.
line:52f28749	If we're caught violating another policy my reputation would be in ruins!	Si l'on nous surprend à enfreindre une autre règle, ma réputation sera ruinée !
line:83f511d2	If ya' place the mount for me I'll have at it.	Si tu m'installes le chevalet, je m'y mets.
line:7ead92b1	If you could come up front so I could talk.	Si tu pouvais venir devant pour qu'on discute.
line:e78656aa	If you could come up to where I can see you.	Tu peux venir là où je te vois ?
line:9a013329	If you wanna talk about it more, I've got a minute.	Si tu veux en parler un peu plus, j'ai un moment.
line:3d014153	If you want to use it that's fine!	Si vous voulez l'utiliser, il n'y a aucun problème !
line:a9eb9a76	if you're seeing this please grab nael or submit a bug report	Si vous voyez ceci, prévenez Nael ou envoyez un rapport de bug.
line:b9ab4eed	Im not complaining though.	Mais je vais pas m'en plaindre.
line:27340362	In a bad way?	Dans le mauvais sens ?
line:2019bb85	In a good way?	Dans le bon sens ?
line:91d5fb72	Incredible!	Incroyable !
line:61c8781b	Indeed! You're the only kobold I wish to wash me now.	En effet ! Désormais, vous êtes le seul kobold par qui je souhaite être lavé.
line:a5979ac9	Indeed, you must know of my crest! I teach alchemy.	En effet, vous avez dû reconnaître mon emblème ! J'enseigne l'alchimie.
line:dd9d30d2	Indeed. I'm glad you were able to help.	En effet. Je suis heureux que vous ayez pu m'aider.
line:fd5ddfcb	Indeed. You're an excellent person to be around.	En effet. Votre compagnie est excellente.
line:78c9b5cc	Is everything okay?	Tout va bien ?
line:bea8f1f7	Is something on your mind?	Quelque chose te tracasse ?
line:6b6dd8bc	Is that a good thing...?	C'est une bonne chose... ?
line:848727f2	Is that a threat...?	C'est une menace... ?
line:db302830	Is that why you came in the first time?	C'est pour ça que tu es venu la première fois ?
line:00e41343	Is this good?	C'est bien comme ça ?
line:7982d3d8	Is this the right place?	C'est bien ici ?
line:c48f59a9	Is this the right place?	C'est bien ici ?
line:b05f6eea	Isn't that... Wood?	Ce n'est pas... du bois ?
line:bf137cb4	It arrived this morning, it should be near the gate.	Il est arrivé ce matin. Il devrait être près du portail.
line:5080b6dd	It depends! Dragon thing.	Ça dépend ! Un truc de dragons.
line:34cf0601	It did! Thanks for asking.	Oui ! Merci de demander.
line:900dca3c	It does wonders.	Cela fait des merveilles.
line:cfd504c5	It does wonders.	Cela fait des merveilles.
line:ac13bf68	It is indeed rather cool.	Cela l'est, en effet.
line:ea445b46	It is rather novel isn't it?	C'est assez inédit, n'est-ce pas ?
line:56d34a41	It is? Good to know...	Ah bon ? C'est bon à savoir...
line:b058318f	It means you're doing a good job in kobold.	Ça veut dire que tu te débrouilles bien, en kobold.
line:13c906c7	It really has been. You're wonderful.	Vraiment. Tu es merveilleux.
line:b032bfb1	It turns out baking is messy!	Il se trouve que la pâtisserie, c'est salissant !
line:da4f12a1	It turns out baking is messy!	Il se trouve que la pâtisserie, c'est salissant !
line:e106207b	It turns out baking is messy!	Il se trouve que la pâtisserie, c'est salissant !
line:e0c8c57b	It was good. We had sex.	Bien. On a couché ensemble.
line:681117ec	It was great. Conrad is wild. Good wild.	Très bien. Conrad est une vraie tornade. Dans le bon sens.
line:28eee9f5	It went great!	C'était super !
line:92bfe06c	It went great!	C'était super !
line:a5d2b991	It went well.	Ça s'est bien passé.
line:1ab5969b	It would be a... date. As most would say.	Ce serait un... rendez-vous galant. Comme on dit.
line:8440a3f4	It's a regrettable state I find myself in...	Je me trouve dans un état déplorable...
line:1706e86d	It's also new to me...	C'est nouveau pour moi aussi...
line:c1b8e62b	It's always good when a kobold knows what they like.	C'est toujours bien quand un kobold sait ce qu'il aime.
line:deffce5c	It's crazy how much your neck can handle.	C'est fou, tout ce que ton cou peut laisser passer.
line:2e182063	It's difficult to find folks that are outside of my current bubble.	C'est difficile de rencontrer des gens en dehors de mon cercle habituel.
line:48cfc92b	It's endearing!	C'est attendrissant !
line:5b6f00bd	It's fine.	Ce n'est pas grave.
line:13dc0f15	It's fine. I close in about an hour.	Ce n'est pas grave. Je ferme dans une heure environ.
line:23ac92c8	It's freeing. I'll be back, yeah?	C'est libérateur. Je reviendrai, d'accord ?
line:de9fdb93	It's hard to hold back..	C'est dur de se retenir..
line:9ebea3d0	It's hard to not be nervous after everything...	Difficile de pas stresser après tout ça...
line:ec8243d8	It's interesting; you bipeds tend to savor your meals.	C'est curieux, vous autres bipèdes avez tendance à savourer vos repas.
line:d50cb509	It's just that something happened to Conrad, I hope he's okay.	C'est juste qu'il est arrivé quelque chose à Conrad. J'espère qu'il va bien.
line:bee6c7dd	It's just that...	C'est juste que...
line:3b76093c	It's made for eating things whole.	Il est fait pour avaler les choses entières.
line:19f36dc0	It's my dream.	C'est mon rêve.
line:18db795f	It's never easy to end things.	Ce n'est jamais facile de rompre.
line:049fb01f	It's nice to have friends to rely on.	C'est bien d'avoir des amis sur qui compter.
line:ed69e3a1	It's nice to relinquish control, even for a moment.	Il est agréable de céder le contrôle, ne serait-ce qu'un instant.
line:e9d34ea0	It's no biggie. It sounds like everyone is fine.	Ce n'est pas bien grave. Tout le monde a l'air d'aller bien.
line:7e511da7	It's okay!	Ce n'est pas grave !
line:b14d8520	It's okay, you sound like you need it.	Ça va, tu as l'air d'en avoir besoin.
line:50b95260	It's okay. I needed to. She wasn't making me happy.	Ça va. Il le fallait. Je n'étais pas heureux avec elle.
line:47455767	It's okay. I'll figure something out.	Ça va. Je trouverai une solution.
line:9287c933	It's starting to feel like it's <i>my</i> fault.	Je commence à me dire que c'est <i>ma</i> faute.
line:7ab244af	It's the best way to enjoy food.	C'est la meilleure façon d'apprécier un repas.
line:0b7589ff	It's the mount you asked for.	C'est le chevalet que tu as demandé.
line:a5780e74	It's wonderful to be back!	C'est merveilleux de revenir !
line:649e8eb3	Its a nice get away from everything out there.	Ça fait une belle pause loin de tout ce qui se passe dehors.
line:d0361dd9	Its like an equine fusion thing...	C'est une sorte de cuisine fusion des peuples équins...
line:df86a610	Jokes aside, your wash is definitely the best.	Blague à part, ton établissement est vraiment le meilleur.
line:7fe40d2b	Just a rough day. Hoping this helps!	Juste une journée difficile. J'espère que ça aidera !
line:ce77a00e	Just did!	Je viens de le faire !
line:7c93c604	Just doing my job!	Je fais juste mon travail !
line:fa0a9fbb	Just having fun.	Je m'amuse, c'est tout.
line:9e9425cd	Just possibly...	Éventuellement...
line:1d73a343	Just some drake at the bar. Was stupid... Couldn't shut my mouth.	Un dragon au bar. J'ai été con... J'ai pas su la fermer.
line:ecb9a15d	Just touch me with your hand and I'll try to help.	Touche-moi simplement avec la main et j'essaierai d'aider.
line:14209365	Just uhm... Don't tell anyone I'm saying all this.	Juste, euh... Dis à personne que je raconte tout ça.
line:3bac1dad	Just... open the gate.	Ouvre juste... le portail.
line:4f826403	Keep going a little longer please	Continue encore un peu, s'il te plaît.
line:087039ba	Keep going.	Continue.
line:d8f92323	Kinda! I've been getting out more.	Plus ou moins ! Je sors davantage.
line:b965b4dd	Knock that off, we're not done yet. Right?	Arrête ça, on n'a pas encore fini. Si ?
line:d9d276bb	Kobolds always seem enamored by me eating.	Les kobolds ont toujours l'air fascinés quand je mange.
line:0274cacd	Kobolds are very flexible. It will fit.	Les kobolds sont très souples. Ça va rentrer.
line:20cb68b9	lemme in?	Tu me laiches entrer ?
line:41d5085a	Let go whenever you are ready.	Laissez-vous aller quand vous serez prêt.
line:29a77d09	Let me give it a try!	Laisse-moi essayer !
line:265e14cb	Let me know when you're finished rinsing.	Prévenez-moi quand vous aurez terminé le rinçage.
line:0e1fd4b0	Let the <i>big C</i> out of this place!	Fais sortir le <i>grand C</i> !
line:f7382398	Let's get going~!	C'est parti~ !
line:c50535b3	Let's have it!	Vas-y, lâche tout !
line:9accd60e	Lets wash it off for our date tonight then.	Alors, on va nettoyer ça pour notre rendez-vous de ce soir.
line:7ce1b833	Like what?	Comme quoi ?
line:cb91e703	Like, I love those around me, but there's a lot of baggage there.	J'aime mes proches, mais il y a tout un passé qui complique les choses.
line:aa1c54ab	Like, in general.	Pour tout, en fait.
line:bbe51f87	Like, in general.	Pour tout, en fait.
line:7b7b0a3f	Like, the future of my relationships.	À mes futures relations, quoi.
line:db79a905	Like... a lemon?	Comme... un citron jaune ?
line:ffd7dcc4	Like... An asshole? I know I'm miserable to be around.	Comme... un connard ? Je sais que je suis invivable.
line:a0a0a49c	Like... sexual stuff?	Genre... des trucs sexuels ?
line:9becd177	Look at me! I'll be the laughing stock of my students.	Regardez-moi ! Je vais être la risée de mes étudiants.
line:9711cf03	Lookin' for a hose down. Wouldn't mind using the mount aswell.	Je viens me faire rincer. Et le chevalet me déplairait pas non plus.
line:abdb5822	Looking forward to seeing ya'	J'ai hâte de te revoir.
line:5c335985	Looking forward to seeing you soon.	Au plaisir de vous revoir bientôt.
line:1d0abc80	Looking forward to the wash.	J'ai hâte de me faire laver.
line:646279a0	Looks like it.	On dirait bien.
line:b6093881	Looks like ya' got a shipment, eh?	On dirait que t'as reçu une livraison, hein ?
line:f1fc3e3c	Luckily death via spontaneous combustion is a concept we have thoroughly curtailed in the modern world.	Heureusement, la mort par combustion spontanée est un phénomène que nous avons largement endigué dans le monde moderne.
line:d2ba8ba9	Made a bit of a mess... Still worth it.	J'en ai mis un peu partout... Mais ça valait le coup.
line:301e8665	Make haste! My reputation is on the line.	Hâtez-vous ! Ma réputation est en jeu.
line:5072cc60	Make sure you're very clean. <size=70%><i>hehe.	Assure-toi d'être bien propre. <size=70%><i>Héhé.
line:da21cf49	Makes sense! Yeah tiny drakes are fun.	Ça se comprend ! Oui, les petits dragons sont sympas.
line:22b2643b	Makes sense.	C'est logique.
line:e7f0e9ed	Makes sense.	C'est logique.
line:89c9a73b	Many think it's part of my body.	Beaucoup pensent qu'il fait partie de mon corps.
line:d7bcbe29	Max says I'm a clumsy dragon,	Max dit que je suis un dragon maladroit.
line:db986d0d	May you open the gate?	Pourriez-vous ouvrir le portail ?
line:76a97730	Maybe later...?	Peut-être plus tard... ?
line:08a422ba	Maybe like...	Peut-être, disons...
line:6f293b7a	Maybe someone new...	Peut-être quelqu'un de nouveau...
line:d2558a04	Maybe someone?	Ou de quelqu'un ?
line:67a46ddc	Maybe we can hang out later?	On pourrait peut-être passer du temps ensemble plus tard ?
line:5691478f	Maybe we could just... Walk?	On pourrait peut-être juste... se promener ?
line:7734bf93	Me too, thanks!	Moi aussi, merci !
line:627a13e4	Me too.	Moi aussi.
line:d3c733f5	Me too.	Moi aussi.
line:ffa63d1b	Me too.	Moi aussi.
line:040ee2a7	me too.	Moi aussi.
line:d13cd125	Me.	Moi-même.
line:14e7b293	Me?	Moi ?
line:b9cb051a	Means I'm ready to go on a date with a certain kobold.	Ça veut dire que je suis prêt à sortir avec un certain kobold.
line:e5da247d	Means you know how to get hands on!	Ça veut dire que tu sais mettre la main à la pâte !
line:171707d2	Mhm!	Mmh !
line:11306335	Mhm! Come back anytime.	Mmh ! Reviens quand tu veux.
line:69dd6a73	Mhm! he's trying to meet new people.	Mmh ! Il cherche à faire de nouvelles rencontres.
line:da17b746	Mhm! I'm <i>the</i> kobold!	Mmh ! Je suis <i>le</i> kobold !
line:a0cb3f78	Mhm! that's him.	Mmh ! C'est lui.
line:164fdb01	Mhm, he's trying.	Mmh, il fait des efforts.
line:1a663dcf	Mhm, right this way.	Mmh, par ici.
line:3cd8a8bd	Mhm... Thank you.	Mmh... Merci.
line:4546abce	Might seem kinda weird to ask now. Buuuut.	Ça va peut-être faire bizarre de demander ça maintenant. Maiiis...
line:57d8b72a	Mind opening the gate to let me out?	Tu peux m'ouvrir le portail pour que je sorte ?
line:b2a507ab	Mind opening the gate to let me out?	Tu peux m'ouvrir le portail pour que je sorte ?
line:6d726280	Mind washing more?	Tu peux continuer à me laver ?
line:c8281b83	Mmm, I understand that to mean you'll get the gate?	Mmm, dois-je comprendre que vous allez ouvrir le portail ?
line:dd0c77ae	Mmm, Yeah I know the type.	Mmm, oui, je connais le genre.
line:d8cafcc7	mmm..	Mmm...
line:729cea0c	Mmmhm, I always do my best.	Mmh, je fais toujours de mon mieux.
line:f36b8b76	Mmmhm. I'll work on my sleep schedule...	Mmmh. Je vais essayer de retrouver un rythme de sommeil...
line:d38efb75	Mmmmhm, gotta prep for a date with him.	Mmmh, il faut que je me prépare pour un rendez-vous avec lui.
line:a78dd44b	mmph! (Yea!)	Mmph ! (Ouais !)
line:b132719c	Mmph- Hm?	Mmph... Mmh ?
line:16ee6b14	Money... mmm...	L'argent... Mmm...
line:d8cc8048	Most people do!	Comme la plupart des gens !
line:3d723db0	Must mean you two are a good match.	Cela doit signifier que vous allez bien ensemble.
line:9ca994a5	My bad	C'est ma faute.
line:aaecba3d	My bad	C'est ma faute.
line:fedbf70c	My colleague, professor Igwyx, wished to use me as a platform.	Mon collègue, le professeur Igwyx, souhaitait se servir de moi comme plateforme.
line:08af3902	My date with Ryan was...	Mon rendez-vous avec Ryan était...
line:116b5405	My date with Ryan was...	Mon rendez-vous avec Ryan était...
line:e26c3b65	My first ever Yarn script in Unity!	Mon tout premier script Yarn dans Unity !
line:f15b014f	My names Ryan. So...	Je m'appelle Ryan. Alors...
line:e4aced7b	My students could learn a thing or two from your work ethic!	Mes étudiants pourraient s'inspirer de votre conscience professionnelle !
line:dfe74420	My-	Oh, ciel...
line:9b915bf2	Nah.	Non.
line:c3642dec	Nah.	Non.
line:393c128a	Never cleaned a teacher dragon... woah.	Je n'ai jamais lavé un dragon maître d'école... Ouah.
line:a99b03ed	Never tried it.	Je n'ai jamais essayé.
line:6df809e1	Nevermind. Could you get the gate?	Laisse tomber. Tu peux ouvrir le portail ?
line:d3a50f3f	Next time I come in for a wash we'll go.	On ira la prochaine fois que je viendrai me faire laver.
line:ac5afd96	Next time I come in I'll have reservations!	La prochaine fois que je viens, j'aurai réservé !
line:8990fcc9	Nice! Whats with all the... Gloop?	Super ! C'est quoi, toute cette... mélasse ?
line:1d4b8528	Nice. Gotta open the gate though. Let Conrad in!	Bien. Mais faut ouvrir le portail. Fais entrer Conrad !
line:acab92d4	Nnf... I believe I needed that. Thank you.	Nnf... Je crois que j'en avais besoin. Merci.
line:8fe11008	Nnnf... That was way better than those berries.	Nnnf... C'était bien mieux que ces baies.
line:b251704a	No	Non.
line:e05c2dca	No	Non.
line:dc86c2de	no	Non
line:5794ea87	No amount of justification makes it feel good though.	Mais j'ai beau avoir toutes les raisons du monde, ça fait quand même mal.
line:5a5ec440	No I actually just got it	Non, en fait, je viens de le recevoir.
line:cd5f07ca	No more excuses.	Fini les excuses.
line:4b38230f	No need for thanks. I'll get the gate.	Pas besoin de me remercier. Je vais ouvrir.
line:11604fbd	No need to be nervous, Alexander!	Pas besoin d'être nerveux, Alexander !
line:eefef647	No need to be.	Vous n'avez pas à avoir honte.
line:73ea230a	No no, you're a certified cleaner yeah?	Non, non. T'as ton diplôme de laveur, ouais ?
line:743c64e6	No not really.	Non, pas vraiment.
line:50feefe8	No problem!	Pas de problème !
line:1a9a36e1	No problem! Can't wait for you to meet Conrad.	De rien ! J'ai hâte que tu rencontres Conrad.
line:0a9993d2	No problem, thanks!	Pas de problème, merci !
line:10bdb3a4	No problem, thanks!	Pas de problème, merci !
line:3a8f65fa	No problem.	Pas de problème.
line:ee3d0ee4	No problem. Let me get that gate for ya'!	Aucun problème. Je vous ouvre le portail !
line:eedccaec	No way.	Impossible.
line:f0351f0c	No way.	Impossible.
line:d726f776	No worries,	Pas de souci,
line:12b7a5b3	No! I mean, yes, but for the sake of my reputation could you please keep my incursion here to yourself.	Non ! Enfin, oui, mais pour ma réputation, pourriez-vous garder ma venue ici pour vous ?
line:f7f963e3	No, I am.	Si, je le suis.
line:54faa7c0	No, I don't think I do.	Non, je ne crois pas.
line:38419d8b	No, it's not. No more excuses.	Si, c'est grave. Fini les excuses.
line:cd9b2a8f	No, thank you. I'm... Really excited.	Non, merci à toi. J'ai... vraiment hâte.
line:1af1ad05	No, we don't offer things like that here.	Non, on ne propose pas ce genre de services ici.
line:cb7e94e5	no.	Non.
line:6128a09c	No. A lime that is yellow.	Non. Un citron vert qui est jaune.
line:de25dacd	No. I'm not. Do you have a medkit or not?	Non. Ça va pas. T'as une trousse de secours ou pas ?
line:1cc64bcf	No.. No it's fine... thank you.	Non... Non, ça va... Merci.
line:525f5744	Nope	Non.
line:fbd2c3e7	Nope.	Non.
line:5406ba8e	Normally I'd say yes to a mount. But, not right now.	D'habitude, je dirais oui au chevalet. Mais pas maintenant.
line:ab92da6a	Not anymore at least!	En tout cas, plus maintenant !
line:0cfcd179	Not for a date though.	Mais pas pour un rendez-vous.
line:d1b90e2c	Not sure yet.	Je ne sais pas encore.
line:e9643b5d	Not yet.	Pas encore.
line:326cc84d	Not yet. a little longer.	Pas encore. Un peu plus longtemps.
line:56a729f6	Nothing more attractive than a man who can improve!	Rien de plus attirant qu'un homme capable de s'améliorer !
line:b5dabf9f	Nothing more attractive than a man who can improve!	Rien de plus attirant qu'un homme capable de s'améliorer !
line:8a321997	Now I'm eyeballing the mount...	Maintenant, je lorgne sur le chevalet...
line:5e0a6d7a	Now I'm out here, agh!	Et me voilà dehors, argh !
line:564a9606	Now they'll never need to know!	Maintenant, ils n'auront jamais besoin de le savoir !
line:d66b7986	Now!	Bon !
line:63596bb3	Now, do you have a medkit or not?	Bon, t'as une trousse de secours ou pas ?
line:eefc4e9f	Now, lemme in! I want to try that thing out!	Allez, laisse-moi entrer ! Je veux essayer ce truc !
line:0554966a	Now, more food?	Alors, on continue à manger ?
line:3fb3f8d4	Now, round two!	Maintenant, deuxième manche !
line:12e6043e	Now... Food?	Alors... On mange ?
line:5f8b2de4	oah. <size=70%>okay.	Oh. <size=70%>D'accord.
line:13223129	Of course	Bien sûr.
line:283e56d8	Of course I am! I know I'm very...	Évidemment ! Je sais que je suis très...
line:5788e15c	Of course I do. I'm a <i>professional</i>.	Évidemment. Je suis un <i>professionnel</i>.
line:0b226939	Of course it is!	Bien sûr que non !
line:f21dd9d4	Of course it is!	Bien sûr que oui !
line:642255fc	Of course!	Bien sûr !
line:76f8c20c	Of course!	Bien sûr !
line:877aced7	Of course!	Bien sûr !
line:d2401e75	Of course!	Bien sûr !
line:f9eb2b4a	Of course! Right this way!	Bien sûr ! Par ici !
line:0d20d327	Of course! Thank you for the food.	Bien sûr ! Merci pour le repas.
line:4da976f5	Of course! You run a fine establishment.	Bien sûr ! Vous tenez un excellent établissement.
line:b629bcf2	Of course! You're wonderful.	Bien sûr ! Vous êtes merveilleux.
line:b6c96475	Of course, you run a fine establishment.	Bien sûr, vous tenez un excellent établissement.
line:dd082478	Of course.	Bien sûr.
line:203cc3d2	Of course. One moment!	Bien sûr. Un instant !
line:fd145efe	Of course. Sorry you're going through all this.	Bien sûr. Je suis désolé que tu traverses tout ça.
line:7305cdbc	Oh cool!	Oh, chouette !
line:eb6ae4c3	Oh cool!	Oh, chouette !
line:77c996e8	Oh damn! You really are adventurous!	Oh putain ! T'as vraiment le goût de l'aventure !
line:3fdb9d01	Oh fcuk something went wrong	Oh merde, quelque chose a mal tourné.
line:9e403ecd	Oh fuck yeah.	Oh putain, ouais.
line:13c39c50	Oh fudge, forget I said that!	Oh, flûte ! Oubliez ce que je viens de dire !
line:e722753e	Oh goodness no..	Oh, ciel, non..
line:55e3dd36	Oh hi! um..	Oh, salut ! Euh...
line:e8ee5747	Oh hi! um..	Oh, salut ! Euh...
line:b90f527f	Oh huh, that's the tiny drake I saw coming in a bit back yeah?	Oh, c'est le petit dragon que j'ai vu entrer l'autre jour, non ?
line:001ab950	Oh I heard good things about that.	Oh, j'en ai entendu du bien.
line:0a4a28c0	Oh I see the button there, gotcha!	Oh, je vois le bouton. Compris !
line:c6b0b1aa	Oh like, swallowing things whole?	Oh, avaler les choses entières ?
line:10254d13	Oh my	Oh là là.
line:39f6c77d	Oh my bad	Oh, pardon.
line:79511a66	Oh my bad	Oh, pardon.
line:8cfbd75d	Oh my bad	Oh, pardon.
line:cb71b2a1	Oh my bad	Oh, pardon.
line:7d13eca0	Oh my- I didn't expect you to be so... hands on	Oh, ciel... Je ne vous savais pas si... entreprenant.
line:c60c65e8	Oh my. I suppose I could use the mount!	Oh, ciel. Je suppose que je pourrais utiliser le chevalet !
line:433cb27e	Oh no! Do you want to talk about it?	Oh non ! Tu veux en parler ?
line:d908622a	Oh no, Conrad. are you okay?	Oh non, Conrad. Ça va ?
line:bf977a7e	Oh okay. I'll go grab it.	Oh, d'accord. Je vais le chercher.
line:7428755b	Oh so it's new for both of us!	Oh, alors c'est nouveau pour nous deux !
line:513bed5a	Oh so it's new to both of us!	Alors c'est nouveau pour nous deux !
line:4bad37a5	Oh that's good. I'm happy he's okay.	Oh, tant mieux. Je suis content qu'il aille bien.
line:7d791906	Oh this is better, but I still feel dirty.	Oh, c'est mieux, mais je me sens encore sale.
line:63926ecd	Oh we're done?	Oh, on a fini ?
line:546d1bf2	Oh wow, you're really covered in it!	Oh là là, vous en êtes vraiment couvert !
line:b2d99a43	Oh wow..	Oh, ouah..
line:e8052272	Oh yeah I liked the first one.	Oh oui, j'ai aimé le premier.
line:a4a26529	Oh yeah, there's this nice place downtown called wings.	Oh oui, il y a un endroit sympa en centre-ville qui s'appelle le Wings.
line:d4d3ecd5	Oh yeah.	Oh ouais.
line:059142a3	Oh Yeah?	Ah oui ?
line:71053a53	Oh Yeah?	Ah oui ?
line:1121309c	Oh yeah?	Ah oui ?
line:2b560f59	Oh yeah?	Ah oui ?
line:2d2820b0	Oh yeah?	Ah oui ?
line:6e82e54c	Oh yeah?	Ah oui ?
line:b9d8a22f	Oh yeah?	Ah oui ?
line:d8ce8566	Oh yeah?	Ah oui ?
line:f103a4a8	Oh yeah?	Ah oui ?
line:4f6344f1	Oh yeah? He sounds like a bit of a hothead.	Ah oui ? Il a l'air un peu sanguin.
line:60cdf456	Oh yeah? The little red drake?	Ah oui ? Le petit dragon rouge ?
line:a9253dd8	Oh yeah? The sky blue drake I've seen around?	Ah oui ? Le dragon bleu ciel que j'ai aperçu dans le coin ?
line:762882b4	Oh yeeeaaah?	Ah ouiii ?
line:5d737ca7	Oh yes	Oh oui.
line:1c90fb6d	Oh you. Gonna make me blush.	Oh, toi. Tu vas me faire rougir.
line:7e3e59aa	Oh!	Oh !
line:3605a48a	Oh! I think I've seen him. The tiny one, yeah?	Oh ! Je crois l'avoir vu. Le tout petit, c'est ça ?
line:3bc15278	Oh! No it wouldn't be. It's fun!	Oh ! Pas du tout. C'est amusant !
line:c95a153d	Oh! nothing. I'll get the gate.	Oh ! Rien. Je vais ouvrir le portail.
line:b6fb6fce	Oh! Okay. I'll get the gate!	Oh ! D'accord. Je vais ouvrir le portail !
line:4d3233a1	Oh! That's cold!	Oh ! C'est froid !
line:403f2ab7	Oh! Then I better let you in. I'll go get the gate.	Oh ! Alors je ferais mieux de vous laisser entrer. Je vais ouvrir.
line:0f2dc134	Oh! Yeah that makes sense...	Oh ! Oui, c'est logique...
line:1270a483	Oh, and I apologize for being absolutely filthy.	Oh, et pardonnez-moi d'être aussi sale.
line:7b5be1f8	Oh, and I've figured it where to go.	Oh, et j'ai trouvé où aller.
line:52fb116d	Oh, and seems I got some on my face. woops.	Oh, on dirait que je m'en suis mis sur la figure. Oups.
line:73a37947	Oh, awesome. I'm a big salmon guy.	Oh, super. Je suis un homme qui adore le saumon.
line:74c9c07b	Oh, like... working class?	Oh, genre... classe ouvrière ?
line:e048566b	Oh, no.	Oh, non.
line:1a9e6537	Oh, no. Ryan is a sweetheart.	Oh non, Ryan est un amour.
line:5f6a124a	Oh, okay. Thanks.	Oh, d'accord. Merci.
line:17716b05	Oh, right. Sorry.	Oh, oui. Pardon.
line:82ba64bf	Oh, sorry-	Oh, pardon...
line:956e5c91	Oh, sorry.	Oh, pardon.
line:54a8bb22	Oh, sure. Come on in.	Oh, bien sûr. Entre.
line:270276eb	Oh, that's my favorite part!	Oh, c'est ma partie préférée !
line:1ff9a04c	Oh, the crest around my head?	Oh, l'emblème autour de ma tête ?
line:ffed6d04	Oh, wonderful. Seem's we're similar.	Oh, merveilleux. On est un peu pareils, alors.
line:30e6b801	Oh, yeah!	Oh, oui !
line:bedeee82	Oh- Eager!	Oh, quel enthousiasme !
line:38b3c8c1	Oh- I mean. I'll go open the gate!	Oh... Je veux dire, je vais ouvrir le portail !
line:714c180e	Oh- I'm glad!	Oh, tant mieux !
line:ccf87ea9	Oh- I'm not too interested in using that right now.	Oh... Je n'ai pas trop envie d'utiliser ça pour l'instant.
line:963981e4	Oh- I'm sorry for making a mess...	Oh... Pardon d'en avoir mis partout...
line:8e407c6e	Oh- Not just the wash.	Oh... Pas seulement pour le bain.
line:ad31ec4c	Oh- Not just the wash.	Oh... Pas seulement pour le bain.
line:6866c2c9	Oh- Right now? 'aight I'm down.	Oh, maintenant ? D'accord, je suis partant.
line:9a6dca4b	Oh- Ya. On it.	Oh, oui. J'y vais.
line:3b6d644d	Oh.	Oh.
line:4399096b	Oh.	Oh.
line:8441bf7b	Oh.	Oh.
line:87233429	Oh.	Oh.
line:e90fee8e	Oh.	Oh.
line:ebd9b4d3	Oh.	Oh.
line:8a79f72c	Oh. And one other thing.	Oh. Et autre chose.
line:e8289be5	Oh. good.	Oh, tant mieux.
line:5442e228	Oh. Okay I'll go get the gate.	Oh. D'accord, je vais ouvrir le portail.
line:0da15c85	Oh. Okay.	Oh. D'accord.
line:73f7f13d	OH. RIGHT.	OH. C'EST VRAI.
line:c35890c8	Oh. That's... Wonderful!	Oh. C'est... merveilleux !
line:0ce8d5aa	Oh. Then yeah, we're open.	Oh. Alors oui, c'est ouvert.
line:52ed140c	Oh. Uhm. <size=70%>Good.	Oh. Euh. <size=70%>Bien.
line:780d0993	Oh. yeah. Sorry.	Oh. Oui. Pardon.
line:7f5113d5	OH. You're not used to eating them whole.	OH. Tu n'as pas l'habitude de les manger entiers.
line:45bc649d	Oh...	Oh...
line:0a093816	Oh... hah. I like that.	Oh... Ha. J'aime bien.
line:f885f11d	Oh... I suppose this is alright~	Oh... Je suppose que cela me convient~
line:7cd85c8e	Oh... I'm so sorry.	Oh... Je suis vraiment désolé.
line:8cc1aa72	Oh... yeah we don't have one.	Oh... Oui, on n'en a pas.
line:f16d7940	Oh... Yeah, tinier dragons tend to... Compensate.	Oh... Oui, les petits dragons ont tendance à... compenser.
line:1d491283	Oh?	Oh ?
line:21c46e75	Oh?	Oh ?
line:fd8d786a	Oh?	Oh ?
line:0ce8d3c2	ohmygod I thought the egg was decorative.	Oh là là, je croyais que l'œuf était décoratif.
line:d9b26374	Ok I can do that	D'accord, je peux faire ça.
line:1777121d	Ok I got this..	D'accord, je gère..
line:f3af3ce8	Ok just tell me if you get uncomfortable or anything.	D'accord, dis-moi si tu es mal à l'aise ou quoi que ce soit.
line:6c3a98cc	Ok lets wash it off for our date tonight then.	Bon, on va nettoyer ça pour notre rendez-vous de ce soir.
line:7a54a1e1	Okay	D'accord.
line:f64a5b30	Okay	D'accord.
line:249500dc	Okay!	D'accord !
line:a327b5f9	Okay!	D'accord !
line:ccaabca3	Okay!	D'accord !
line:82d0ea81	Okay! I'll be back later then.	D'accord ! Je repasserai alors.
line:3deb5f55	Okay! I'll go get the gate for you.	D'accord ! Je vais t'ouvrir le portail.
line:9c3d6cb7	Okay! I'll see you soon.	D'accord ! À bientôt.
line:72e0348e	Okay, bye!	D'accord, salut !
line:255362b9	Okay, Conrad.	D'accord, Conrad.
line:0d16ab28	Okay, I'll be waiting. Thanks.	D'accord, j'attends ici. Merci.
line:155d1c64	Okay, I'll open the gate!	D'accord, je vais ouvrir le portail !
line:886f5df2	Okay, I'll see you later!	D'accord, à bientôt !
line:585d6a08	Okay, thank you.	D'accord, merci.
line:c298bc55	Okay, thank you.	D'accord, merci.
line:6acf71a3	Okay, thanks.	D'accord, merci.
line:8ed5a204	Okay- okay. I'll go get the gate.	D'accord, d'accord. Je vais ouvrir le portail.
line:10b9a653	Okay- Thanks.	D'accord. Merci.
line:00a81c16	Okay. I hope you're doing alright though.	D'accord. J'espère quand même que tu tiens le coup.
line:118a51bb	Okay. I should probably get out of your scales.	Bon. Je devrais te laisser tranquille.
line:a62e8112	Okay. I'll open up shop. Give me a sec.	D'accord. Je vais ouvrir. Laissez-moi une seconde.
line:9d434af5	Okay. I'll order a mount.	D'accord. Je vais commander un chevalet.
line:2f3b06de	Okay. Then I think I'd like to try.	D'accord. Alors je crois que j'aimerais essayer.
line:54ad4706	Okay...	D'accord...
line:28311fbb	Omg you're hurt!	Oh non, tu es blessé !
line:8b3abbf7	On it!	Je m'en occupe !
line:42e3eba2	Once I'm cleaned up I'm gonna head out and get our spot ready.	Une fois propre, je vais aller préparer notre coin.
line:1d4b8a1c	One thing led to another...	Et de fil en aiguille...
line:c70bea2d	Only been cleaning for a few weeks now!	Ça ne fait que quelques semaines que je fais ça !
line:5188bd4a	Only If that's alright-	Seulement si cela vous convient...
line:01505282	Only realized how much of a mess I made after Max yelled at me, haha.	Je n'ai compris l'ampleur des dégâts que quand Max m'a crié dessus, haha.
line:828eed25	Oof... Needed that. Thank you.	Pfiou... J'en avais besoin. Merci.
line:2d40c69a	Oooh, alrighty.	Oooh, d'accord.
line:99ff9e7f	Ooooh must be a big deal then.	Oooh, tu dois vraiment être quelqu'un, alors.
line:e8ad4791	Ooooh.	Ooooh.
line:64bfd62a	Oops, my bad.	Oups, c'est ma faute.
line:0fa31c40	Our first meeting went great though!	Notre première rencontre s'est super bien passée, en tout cas !
line:77cebc41	People tell me I've got a fat cock, is that true?	On me dit que j'ai une grosse queue. C'est vrai ?
line:80de6c63	Perfectly clean again. Thank you for taking me in at this hour.	De nouveau parfaitement propre. Merci de m'avoir accueilli à cette heure-ci.
line:f212528b	Phew! I had an accident that needs to be taken care of... discretely.	Ouf ! J'ai eu un accident dont il faut s'occuper... discrètement.
line:b3c35166	Phew, I was worried I'd make another mess of things.	Ouf, j'avais peur de faire encore un désastre.
line:314c3d8a	physically or emotionally?	Physiquement ou moralement ?
line:156e0b50	Picnic bathket-	Un panier de pique-nique...
line:0d9de1a1	player hooked up with conrad	Le joueur est avec Conrad.
line:2cf1c95e	player hooked up with conrad	Le joueur est avec Conrad.
line:c2529648	player hooked up with conrad	Le joueur est avec Conrad.
line:f7fd34b2	player hooked up with conrad	Le joueur est avec Conrad.
line:66e08b22	player hooked up with ryan	Le joueur est avec Ryan.
line:78039fd1	player hooked up with ryan	Le joueur est avec Ryan.
line:96a0c0c7	player hooked up with ryan	Le joueur est avec Ryan.
line:9bade6d6	player hooked up with ryan	Le joueur est avec Ryan.
line:0ddcd600	Please scrub Igwix off my back would you?	Pourriez-vous me débarrasser d'Igwix, sur mon dos ?
line:0632acbf	Plus they feel really nice.	Et puis, ils sont tellement agréables.
line:c7b8ba3d	Possibly...?	Peut-être... ?
line:637629a8	Pretty sure I can digest anything.	Je suis presque sûr de pouvoir tout digérer.
line:65a41bc5	Pretty sure I'm all clean!	Je crois que je suis tout propre !
line:3750bbf0	Pretty sure that was everything.	Je crois que c'était tout.
line:960707b0	Primarily alchemy. Occasionally world history.	Principalement l'alchimie. Parfois, l'histoire du monde.
line:1475f95c	Professor Igwyx- My colleague who self-immolated earlier.	Le professeur Igwyx, mon collègue qui s'était embrasé.
line:26e9d692	Professor, but yes. You have.	Professeur d'université, mais oui. Vous m'avez appris quelque chose.
line:af0c15fd	Professor- But, yes. I usually don't go to public washes.	Professeur d'université. Mais oui. Je ne fréquente pas souvent les bains publics.
line:962abe27	Project Scale mary	Project Scale mary
line:e5d47feb	prole- <i><size=70%>wuh?	Prolé... <i><size=70%>Hein ?
line:c7b73162	Psst..!	Psst... !
line:9addfb4a	Ready!	Prêt !
line:875b5372	Really damn good!	Vraiment génial, putain !
line:9e9f3e75	Really damn good!	Vraiment génial, putain !
line:9364911d	Really looking forward to finding new people.	J'ai vraiment hâte de rencontrer de nouvelles personnes.
line:8b0b222c	Really sets the mood.	Ça met vraiment dans l'ambiance.
line:4010d36d	Really well honestly.	Vraiment bien, pour être honnête.
line:cfcb40c7	Really?	Vraiment ?
line:0ec807a4	Really? Aw, That's really sweet.	Vraiment ? Oh, c'est adorable.
line:630fed1b	Remove this barrier at once so I may enter.	Retirez immédiatement cette barrière afin que je puisse entrer.
line:65deb150	Right after this wash!	Juste après ce bain !
line:0caa6657	Right, I'll get that for you ASAP.	Oui, je t'ouvre tout de suite.
line:1271b80c	Right.	Bien.
line:3ede5541	Right.	Bien.
line:6a2e4e0d	Right. I'll get to it.	Bien. Je m'y mets.
line:29daeb62	Right. Phoenix feather. Obviously.	Bien sûr. Une plume de phénix. Évidemment.
line:51d1b41e	Ryan is a sweetheart	Ryan est un amour.
line:202fce0c	RYAN THE BONE!	RYAN, L'OS !
line:93bd9a2b	Ryan!	Ryan !
line:9b7e09b8	Ryan!	Ryan !
line:b76f49cd	Ryan!	Ryan !
line:1fa0fbbe	Ryan! I met him.	Ryan ! Je l'ai rencontré.
line:f0427bb9	Ryan! this is so sweet.	Ryan ! C'est adorable.
line:92829935	Ryan's such a nice dragon.	Ryan est tellement gentil.
line:13ca0a74	Ryan, you're not supposed to eat the stems-	Ryan, les tiges ne se mangent pas...
line:7a01d265	Ryan: I guess it is pretty exciting	Ryan: C'est vrai que c'est assez excitant.
line:e1526934	Ryan: I like that a lot	Ryan: J'aime beaucoup ça.
line:a430a2ff	Ryan: I think I am close too..	Ryan: Je crois que je suis proche aussi..
line:77626e43	Ryan: I would say it is going great	Ryan: Je dirais que ça se passe très bien.
line:f5f5b815	Ryan: I've never done this outside before	Ryan: Je n'ai jamais fait ça dehors.
line:6dd86b71	Ryan: This was nice	Ryan: C'était agréable.
line:41b9659f	Ryan: Wow.. Your stature is really the only thing small about you.	Ryan: Ouah... Il n'y a vraiment que ta taille qui soit petite.
line:aad89688	Ryan: Yea definitely. Worried about me?	Ryan: Oui, vraiment. Tu t'inquiètes pour moi ?
line:ce6d6d7f	Ryan? you sure everything is okay...?	Ryan ? Tu es sûr que tout va bien... ?
line:1d3b255b	Save your mood setting for tonight!	Garde tes talents pour mettre l'ambiance pour ce soir !
line:3ed6ab5d	Say do you remember the name of the college I work at?	Dites, vous souvenez-vous du nom de l'établissement où je travaille ?
line:a05a7804	Say...	Dites-moi...
line:82d7b5e4	Says who?	Qui a dit ça ?
line:6c193ba9	Scales different today? <size=70%><i>is that a thing...? </i><size=100%>You look good today.	Écailles, aujourd'hui ? <size=70%><i>Ça se fait, ça... ? </i><size=100%>T'es beau aujourd'hui.
line:426f40ff	See you again soon, yeah?	On se revoit bientôt, d'accord ?
line:3112d78d	See you soon.	À bientôt.
line:8072b186	See you tonight.	À ce soir.
line:0d3b23da	Sheesh.	Eh ben.
line:48435b12	Shh! I'm not from around here...	Chut ! Je ne suis pas d'ici...
line:0f86dbf6	So am I!	Moi aussi !
line:3063100e	So am I.	Moi aussi.
line:a241eec6	So far so good though, yeah?	Pour l'instant, ça va plutôt bien, non ?
line:813c6dd4	So is this like... our first date?	Alors, c'est... notre premier rendez-vous ?
line:9b10d450	So this Conrad guy, seems like you like him?	Alors, ce Conrad, il a l'air de te plaire ?
line:0c5dcd3c	So uh, gate?	Alors, euh... Le portail ?
line:84d8a935	So uh, mind opening the gate?	Alors, euh, tu peux ouvrir le portail ?
line:7da41ecd	So uhh, let me know if you need me to move.	Alors, euh, dis-moi si tu as besoin que je bouge.
line:3a469ae4	So yeah, I had a mishap..	Alors, j'ai eu un petit accident..
line:a6d6bf76	So you and Ryan huh?	Alors, toi et Ryan, hein ?
line:31fa3bdf	So you came in just to...	Alors tu es venu juste pour...
line:5f64c352	So you're a certified dragon washer huh?	Alors comme ça, tu as un diplôme pour laver les dragons ?
line:c9e7bb1e	So you're a certified dragon washer huh?	Alors comme ça, tu as un diplôme pour laver les dragons ?
line:aedb6a51	So, coming in for a wash?	Alors, tu viens pour un bain ?
line:1c856f1c	So, how was your date?	Alors, comment s'est passé votre rendez-vous ?
line:3cda84e6	So, tell me more about conrad!	Alors, parle-moi un peu plus de Conrad !
line:c10d9415	So, thanks on his behalf for caring.	Alors, de sa part, merci d'avoir été là pour lui.
line:e6aa9d20	So, with... relationships.	Alors, pour ce qui est... des couples.
line:a99c5c88	So. How about a date?	Alors. Ça te dirait, un rendez-vous ?
line:c2f44537	So. My girlfriend was home before me. she's a work-from-home dragon.	Alors. Ma copine était rentrée avant moi. Elle travaille de chez elle.
line:d9652dff	So. Our date tonight...	Alors. Notre rendez-vous de ce soir...
line:b983f922	So. Tonight.	Alors. Ce soir.
line:28c51dbf	So... A date. I think I'd like to go on one soon!	Alors... Un rendez-vous. J'aimerais bien qu'on en ait un bientôt !
line:7c56b2d8	So... I was thinking about my relationships.	Alors... Je réfléchissais à mes relations.
line:5a5e7f21	So<size=90%>o<size=80%>o<size=70%>o<size=60%>o... <size=100%>I 'aint dirty. But I am <i>~dirty~</i> y'know?	Alo<size=90%>o<size=80%>o<size=70%>o<size=60%>ors... <size=100%>J'ai rien de sale. À part mes <i>~pensées~</i>, tu vois ?
line:8a35fb7b	So<size=90%>o<size=80%>o<size=70%>o<size=60%>o... <size=100%>Was wonderin'	Alo<size=90%>o<size=80%>o<size=70%>o<size=60%>ors... <size=100%>Je me demandais...
line:5230bdfd	Soap, then rinse!	On savonne, puis on rince !
line:c374e532	Somehow that feels more honest than anything anyone else says.	Curieusement, cela me semble plus sincère que tout ce que disent les autres.
line:2898f680	Something happened last night	Il s'est passé quelque chose hier soir.
line:4dac3d2b	Something went wrong with flags!	Un problème est survenu avec les variables de scénario !
line:61c7f2d6	Something went wrong with flags!	Un problème est survenu avec les variables de scénario !
line:6d5ba814	Something went wrong with flags!	Un problème est survenu avec les variables de scénario !
line:8f64adc0	Something went wrong with flags!	Un problème est survenu avec les variables de scénario !
line:19cedc30	Sooo. You gonna jerk me off?	Alooors. Tu vas me branler ?
line:1646ece2	Sorry for coming in late. My sleeps borked.	Désolé de venir tard. Mon sommeil est complètement déréglé.
line:b2b32876	Sorry I'm bad at flirting. Could you get the gate?	Désolé, je suis nul pour draguer. Tu peux ouvrir ?
line:13ba93ef	sorry!	Désolé !
line:e2f9c70c	Sorry, I meant to say I enjoy your wash.	Pardon, je voulais dire que j'apprécie votre établissement.
line:78ca8d95	Sorry...	Désolé...
line:4af15fc3	Sounds good to me!	Ça me va !
line:8c6e66f3	Sounds good!	Ça marche !
line:1ef36cb0	Sounds like a date then!	Alors, c'est un rendez-vous !
line:d71ba53e	Sounds like a date then!	Alors, c'est un rendez-vous !
line:5fc277a9	Sounds like a date then! Seafood then we play it by ear.	Alors, on a rendez-vous ! Un resto de la mer, puis on improvise.
line:0e643191	Sounds like a date then, I'm excited.	Alors, on a rendez-vous. J'ai hâte.
line:c4642c9c	Sounds like a date then. I'm excited.	Alors, on a rendez-vous. J'ai hâte.
line:ffc401d1	Sounds like a plan.	Marché conclu.
line:c4dd137b	Sounds like it was good then.	On dirait que c'était bien, alors.
line:7b6c47bd	Sounds like it.	On dirait bien.
line:5c51654f	Sounds nice.	Ça me plaît.
line:3a23b81f	Sounds really cool.	Ça a l'air vraiment chouette.
line:1dbf50b3	Sure	Bien sûr.
line:c14ceb34	Sure is!	Tout à fait !
line:de7cd73a	Sure it is. Thanks to Conrad for having me get it.	Bien sûr. Merci à Conrad de m'avoir poussé à l'acheter.
line:05c673e7	Sure!	Bien sûr !
line:52542beb	Sure!	Bien sûr !
line:67f14802	Sure!	Bien sûr !
line:a2dc4ac0	Sure! I'll go get the gate.	Bien sûr ! Je vais ouvrir le portail.
line:dbb68858	Sure! I'll go get the gate.	Bien sûr ! Je vais ouvrir le portail.
line:601e1b38	Sure! I'm excited to tell you about Conrad.	Bien sûr ! J'ai hâte de te parler de Conrad.
line:7b5c9d8c	Sure, but he needed someone who cared in that moment.	Oui, mais à ce moment-là, il avait besoin que quelqu'un se soucie de lui.
line:709a9a57	Sure.	Bien sûr.
line:4af4703c	Tasted real good though!	Mais il était très bon !
line:048fe71b	TELL ME ABOUT YOU AND CONRAD!	RACONTE-MOI POUR TOI ET CONRAD !
line:2b84f2eb	Test line 1	Ligne de test 1
line:7a22b4d3	Test line 10	Ligne de test 10
line:ec12b3a4	Test line 11	Ligne de test 11
line:4f87d73a	Test line 12	Ligne de test 12
line:d9b7d04d	Test line 13	Ligne de test 13
line:63e6d9d4	Test line 14	Ligne de test 14
line:f5d6dea3	Test line 15	Ligne de test 15
line:64cb6133	Test line 16	Ligne de test 16
line:f2fb6644	Test line 17	Ligne de test 17
line:1772a124	Test line 18	Ligne de test 18
line:88119675	Test line 2	Ligne de test 2
line:1e219102	Test line 3	Ligne de test 3
line:a470989b	Test line 4	Ligne de test 4
line:32409fec	Test line 5	Ligne de test 5
line:a35d207c	Test line 6	Ligne de test 6
line:356d270b	Test line 7	Ligne de test 7
line:5643ba3d	Test line 8	Ligne de test 8
line:c073bd4a	Test line 9	Ligne de test 9
line:394db643	Thank the stars you're open.	Merci aux étoiles, vous êtes ouvert.
line:f1946aab	Thank you for cleaning me!!	Merci de m'avoir nettoyé !!
line:75b5b084	Thank you for getting me and Ryan in contact.	Merci de nous avoir mis en contact, Ryan et moi.
line:189d999e	Thank you for listening.	Merci de m'avoir écouté.
line:3398aea2	Thank you for that.	Merci pour cela.
line:875f0961	Thank you for the clean!	Merci de m'avoir nettoyé !
line:acb8a5aa	Thank you for the quick clean!	Merci pour ce bain rapide !
line:8512365e	Thank you!	Merci beaucoup !
line:bbca8a46	Thank you!	Merci beaucoup !
line:e449156d	Thank you!	Je vous remercie !
line:bb4e1dc1	Thank you, Ryan. I'm happy I got to meet you too	Merci, Ryan. Moi aussi, je suis content de t'avoir rencontré.
line:3b568c14	Thank you.	Je vous remercie.
line:6b245989	Thank you.	Merci.
line:836d1b13	Thank you.	Je vous remercie.
line:d60f2dc0	Thank you.	Je vous remercie.
line:035a0830	Thank you. I'd really appreciate it	Merci. Ça me ferait vraiment plaisir.
line:f3e7a8fe	Thank you. Look good feel good!	Merci. Quand on se sent beau, on se sent bien !
line:d2d97c90	Thank you. You make this a whole lot easier to go through.	Merci. Grâce à toi, tout ça est beaucoup plus facile à traverser.
line:3027bcf7	Thanks for asking. It's enjoyable to be asked personal questions.	Merci de vos questions. Il est agréable qu'on me pose des questions personnelles.
line:aaf3066d	Thanks for cleaning me!	Merci de m'avoir lavé !
line:8150e2a2	Thanks for helping me out.	Merci de m'avoir aidé.
line:a2217280	Thanks for helping me out.	Merci de m'avoir aidé.
line:7db0baf0	Thanks for introducing me to him.	Merci de me l'avoir présenté.
line:c6cee89f	Thanks for letting me in so late.	Merci de m'avoir laissé entrer si tard.
line:079b3782	Thanks for sharing food with me, You're a great friend.	Merci d'avoir partagé ce repas avec moi. Tu es un ami formidable.
line:85f901b0	Thanks for sharing food with me...	Merci d'avoir partagé ce repas avec moi...
line:a39fd5a9	Thanks for that. Felt pretty damn good.	Merci pour ça. Ça faisait un bien fou.
line:505e150f	Thanks for the clean.	Merci pour le bain.
line:a40e531c	Thanks for the food! I'll go get the gate.	Merci pour le repas ! Je vais ouvrir le portail.
line:f1692a96	Thanks for the suggestion!	Merci pour l'idée !
line:81ebbec0	Thanks for the wash so late in the night.	Merci pour le bain à une heure pareille.
line:a9df4c5e	Thanks I'll be waiting!	Merci, j'attends ici !
line:f73a3fc7	Thanks mate, see you tomorrow then.	Merci, mon pote. À demain.
line:30f1f583	Thanks!	Merci !
line:3484ab9d	Thanks!	Merci !
line:44701902	Thanks!	Merci !
line:4d868f2f	Thanks!	Merci !
line:70190774	Thanks!	Merci !
line:8b8f57c4	Thanks!	Merci !
line:ab5b2574	Thanks!	Merci !
line:b588bf4c	Thanks!	Merci !
line:bc5d790a	Thanks!	Merci !
line:c07a9171	Thanks!	Merci !
line:e7e57d9c	Thanks!	Merci !
line:fa293cde	Thanks! Whats with all the... Gloop?	Merci ! C'est quoi, toute cette... mélasse ?
line:e1609903	Thanks, but I'll be better. I promise.	Merci, mais je vais faire mieux. Promis.
line:02cbdc87	Thanks, I'm excited too.	Merci, moi aussi, j'ai hâte.
line:37c9d915	Thanks, You're pleasant too!	Merci, vous aussi, vous êtes agréable !
line:cb847372	Thanks, You're pleasant too!	Merci, vous aussi, vous êtes agréable !
line:188d4359	Thanks.	Merci.
line:316bb26e	Thanks.	Merci.
line:34ec4db7	Thanks.	Merci.
line:5183a6f2	Thanks.	Merci.
line:c642cb17	Thanks.	Merci.
line:cf716777	Thanks.	Merci.
line:e00c6df5	Thanks.	Merci.
line:e521db76	Thanks.	Merci.
line:f62e1c4f	Thanks.	Merci.
line:fbba1293	Thanks.	Merci.
line:8bfa88d7	Thanks. I like being around you too.	Merci. Moi aussi, j'aime bien être avec toi.
line:df0a8598	Thanks. I'm always happy to be here.	Merci. Je suis toujours content de venir.
line:084e3cbc	Thanks. See you soon.	Merci. À bientôt.
line:71d57aeb	Thanks. That's kind of you to say.	Merci. C'est gentil de votre part.
line:a1f9de62	Thanks. That's kind of you to say.	Merci. C'est gentil de votre part.
line:9a9a6120	Thankth!	Merchi !
line:e721d512	That brings me to my next question...	Ce qui m'amène à ma question suivante...
line:215a2d34	That felt <i>good</i>.	Ça faisait du <i>bien</i>.
line:89150715	That is rather kind of you to say.	C'est très aimable à vous de dire cela.
line:a57409fb	That is the source of my worry...	Voilà ce qui m'inquiète...
line:ad261b84	That just makes it harder!	Ça rend les choses encore plus difficiles !
line:7111d265	That makes me feel a lot more sure of myself then.	Cela me donne bien plus d'assurance.
line:3fac5bff	That makes me feel good to hear.	Ça fait du bien d'entendre ça.
line:1c49f05b	That makes me happy to hear.	Ça me fait plaisir d'entendre ça.
line:a8b70da7	That must mean it is! I'm glad.	Ça doit vouloir dire que non ! Tant mieux.
line:5738ea38	That nice to hear... But, I mean being taken care of more... Primally?	Cela fait plaisir à entendre... Mais je veux dire de façon plus... instinctive ?
line:8f598864	That one was almost too big-	Celle-là était presque trop grosse...
line:5960dcbb	That should be all though, could you go get the gate?	Bon, ça devrait être tout. Tu peux ouvrir le portail ?
line:116f0e16	That should be every spot.	Il ne devrait plus rester de tache.
line:90444b09	That sounds like an over-reaction on her part.	On dirait qu'elle a réagi de façon excessive.
line:f07c9e39	That sounds like an over-reaction on her part.	On dirait qu'elle a réagi de façon excessive.
line:c78cf81f	That sounds lovely!	Ça a l'air merveilleux !
line:eaa3c173	That they are...	En effet...
line:f4b9a455	That was much nicer than a hose.	C'était bien plus agréable qu'un coup de tuyau.
line:78cef130	That was never a concern. I'm a rather risk averse dragon.	Cela ne m'a jamais inquiété. Je suis un dragon assez prudent.
line:22d271f4	That was really fun.	C'était vraiment sympa.
line:019b83df	That was wonderful! I feel so much better about dating.	C'était merveilleux ! Je suis beaucoup plus confiant à l'idée de refaire des rencontres.
line:d7bf167b	That was... Nicer than I expected.	C'était... plus agréable que prévu.
line:577cec43	That's a mount, no?	C'est un chevalet, n'est-ce pas ?
line:825536f5	That's a tricky question to answer.	Voilà une question délicate.
line:66fb84fe	That's all I want to ask.	C'est tout ce que je voulais demander.
line:ac1ed298	That's all you can ask for, right?	On ne peut pas demander mieux, non ?
line:6605187b	That's an appeal to authority fallacy. But, yes. I'm correct.	C'est un argument d'autorité fallacieux. Mais oui, j'ai raison.
line:52f81dde	That's cute!	C'est mignon !
line:45befc02	That's exciting!	C'est chouette !
line:13cd5511	That's fast... But I think so!	Ça va vite... Mais je crois que oui !
line:4ff91cbd	That's fine!	Pas de souci !
line:163c524a	That's good to hear.	Ça fait plaisir à entendre.
line:33e2bee6	That's good to hear.	Ça fait plaisir à entendre.
line:30e461f2	That's good. You deserve a decent man.	C'est une bonne chose. Vous méritez un homme bien.
line:aeae4744	That's good... Now what?	Tant mieux... Et maintenant ?
line:f3eeb627	That's great! whens your first date?	C'est super ! C'est quand, votre premier rendez-vous ?
line:215f4eba	That's me.	C'est moi.
line:cf8c5f37	That's not a thing... But thank you!	Ça ne se fait pas... Mais merci !
line:3f29878b	That's rather nice of you to say.	C'est très aimable à vous.
line:d38c63ea	That's really cute.	C'est vraiment mignon.
line:6474d7f7	That's really nice!	C'est vraiment bien !
line:c5001a4c	That's the best way to eat'em!	C'est la meilleure façon de les manger !
line:2a5cc3a5	That's very sweet.	C'est adorable.
line:7052576b	That's what I like to hear.	Voilà ce que j'aime entendre.
line:2a154290	That's what I thought too.	C'est ce que je me suis dit aussi.
line:33d12f97	That's what I thought too.	C'est ce que je me suis dit aussi.
line:2b7bb6ce	That's what's terrifying.	C'est cela qui est terrifiant.
line:36fb380f	That's wonderful, he's cute!	C'est chouette, il est mignon !
line:266836f8	That's... the first time you've yipped for me.	C'est... la première fois que tu me fais un yip.
line:9b0b24ad	That.	Ça.
line:6ff80785	That... makes me feel a lot more sure of myself then.	Cela... me donne bien plus d'assurance.
line:cc6d631b	That... makes me feel a lot more sure of myself then.	Cela... me donne bien plus d'assurance.
line:ecf6206f	Thats awesome. I'm glad you two are working out.	C'est super. Je suis content que ça marche entre vous.
line:0f8bb606	Thats good to hear.	Ça fait plaisir à entendre.
line:f5324d68	Thats really good to hear.	Ça fait vraiment plaisir à entendre.
line:063dcd4b	The ability to open up to someone, even occasionally...	Pouvoir se confier à quelqu'un, même de temps à autre...
line:8919009a	The ambiance is nice.	L'ambiance est agréable.
line:08c850bf	The apothecary will tarnish my name for months.	L'apothicaire va traîner mon nom dans la boue pendant des mois.
line:01b4161e	The breakup I went through earlier was rough.	La rupture que j'ai traversée a été difficile.
line:c932c99d	The breakup I went through earlier was rough.	La rupture que j'ai traversée a été difficile.
line:dd06ed39	The Burnswick Community College of Thaumaturgy, of course!	Le Collège communautaire de thaumaturgie de Burnswick, bien sûr !
line:515099ec	The button on the wall, I mean.	Le bouton sur le mur, je veux dire.
line:7fe73572	The clean was fine.	Le lavage était correct.
line:e8a38ed0	The college cannot find out about this okay?	L'université ne doit rien savoir, d'accord ?
line:1a169dbc	The lights in the area are great too.	Les lumières du quartier sont super aussi.
line:610dd8cb	The markers were fun.	On s'est bien amusés avec les feutres.
line:4b36ea4e	The most prestigious college hosting prestigious professors like me:	Le plus prestigieux établissement, avec des professeurs aussi prestigieux que moi :
line:ec00a1fe	The mount? I... suppose!	Le chevalet ? Je... suppose que oui !
line:94e04dcf	The mount? Sure!	Le chevalet ? Bien sûr !
line:d8273d7f	The night 'aint gonna start itself!	La soirée va pas commencer toute seule !
line:1f2907ed	The rain has been unrelenting today!	La pluie n'a pas cessé aujourd'hui !
line:1804bf0a	The rain is nice.	La pluie est agréable.
line:7e9a1f83	The stem is just extra food.	La tige, c'est juste un peu plus à manger.
line:c88244b5	The vibe at night is fuckin' great.	La nuit, l'ambiance est géniale, putain.
line:d8a2002e	Then I better let you out!	Alors, je ferais mieux de te laisser sortir !
line:d7b3cd09	Then- Have a productive day.	Alors, bonne journée de travail.
line:448afe95	There was a fault in his method.	Sa méthode comportait une faille.
line:48d4a45a	There's this one red dragon, Conrad. He's... Hot headed, but cute.	Il y a un dragon rouge, Conrad. Il est... soupe au lait, mais mignon.
line:f4af8b88	Theres this club downtown. 'Wings'. It's an old favorite of mine.	Il y a un club en centre-ville, le Wings. Un de mes vieux favoris.
line:972f132f	These washes really make things easier.	Ces bains m'aident vraiment à tenir le coup.
line:352d1d6f	They cum	Ils jouissent.
line:d78962e8	They cum	Ils jouissent.
line:3200a588	They keep going	Ils continuent.
line:a31d1a18	They keep going	Ils continuent.
line:035e5be6	They seem cute!	Il a l'air mignon !
line:454172b0	They took it too far.	Ils sont allés trop loin.
line:d7b49fb8	They were! The stem is my favorite part though.	Il était bon ! Mais la tige, c'est ma partie préférée.
line:d156a87f	Think that's every spot.	Je crois qu'il ne reste aucune tache.
line:fa1a1e76	Think that's it.	Je crois que c'est bon.
line:3112adad	This drake at the bar... I was stupid. Couldn't shut my mouth.	Un dragon au bar... J'ai été con. J'ai pas su la fermer.
line:bfd70320	This feels scandalous	Cela me semble scandaleux.
line:cb437bd0	This is a common practice?	Est-ce une pratique courante ?
line:831cbfda	This is a job only you can do.	Vous seul pouvez vous en charger.
line:4944dbda	This is delicious!	C'est délicieux !
line:088893da	This is my first time with a Kobold.	C'est ma première fois avec un kobold.
line:e218722c	This is my first time, actually!	En fait, c'est ma première fois !
line:9eb894ad	This is really nice..	C'est vraiment agréable..
line:c7e4e36f	This is the kind of shit I try to avoid!	C'est exactement le genre de merde que j'essaie d'éviter !
line:22929636	This place could use a makeover, I know would it could use!	Cet endroit aurait bien besoin d'un coup de neuf. Je sais ce qu'il lui manque !
line:b06e13bc	This soap isn't fitting for a professor don't you think?	Ce savon n'est pas digne d'un professeur, ne trouvez-vous pas ?
line:97841169	This was a nice escape.	Ici, je pouvais souffler.
line:5f02ceea	This was a wonderful escape...	C'était une merveilleuse échappée...
line:d45f4788	This was nice...	C'était agréable...
line:418498cf	Those grapes looked good.	Ce raisin avait l'air bon.
line:e9d73205	Though every other wash I've been to at least has a mount	Mais tous les autres endroits où je vais ont au moins un chevalet.
line:29e70457	Though I can't say I am not curious	Même si je ne peux nier ma curiosité.
line:9c3e6004	Though you probably shouldn't eat them.	Mais toi, tu ferais mieux de ne pas en manger.
line:f1ca33da	title: Alexander_Done	title: Alexander_Done
line:3ed2f649	title: Conrad_OutroDone	title: Conrad_OutroDone
line:74c28add	title: ConradBeatup_OutroDone	title: ConradBeatup_OutroDone
line:722243c8	title: RyanDate_OutroDone	title: RyanDate_OutroDone
line:b4eee981	title: RyanExploded_OutroDone	title: RyanExploded_OutroDone
line:6298f08b	Told me about the time he got beat up.	Il m'a raconté la fois où il s'est fait tabasser.
line:ee954bd9	Told me to go to a wash, and was acting extremely offended.	Elle m'a dit d'aller me faire laver, comme si je l'avais profondément offensée.
line:c66e1278	Tonight- on campus. The library is the large blue spire building.	Ce soir, sur le campus. La bibliothèque est le bâtiment à la grande flèche bleue.
line:434527c6	Truly terrible, no?	Une vraie catastrophe, non ?
line:5a5d646c	Truly?	Vraiment ?
line:e3aa4e29	Truth be told, I got dirty to come here.	À vrai dire, je me suis sali pour venir ici.
line:0979dea3	Uh, I'm still really soapy!	Euh, je suis encore plein de savon !
line:05bbe58c	Uh-huh, I'll go get the gate	Mmh, je vais ouvrir le portail.
line:7de638fb	Uh... Hello?	Euh... Bonjour ?
line:7de9b3a4	Uh... uhm...	Euh... Mmh...
line:159c5c1f	Uh... Yeah.	Euh... Ouais.
line:2089db44	Uhhhm we're not exactly.	Euh, pas exactement.
line:3ed62e6b	Uhm, no, I'll just be REALLY upset.	Euh, non. Je serai juste VRAIMENT pas content.
line:f0a579a5	Uhm...	Euh...
line:cc295885	uhm... <size=60%>no?	Euh... <size=60%>Non ?
line:29237bc3	Use the crowbar to open and place it in storage, would you?	Ouvre la caisse avec le pied-de-biche et range-le dans la réserve, tu veux bien ?
line:1ec0dc6a	Use the sprayer on the wall to wash me off.	Utilise la douchette au mur pour me rincer.
line:a716d3b8	Uunf. T-that was... Rather undignified.	Uunf. C-c'était... assez peu digne.
line:a37177dd	V-very well. I'll try.	T-très bien. Je vais essayer.
line:209ddf97	Very cool	Très cool.
line:2f10f572	Very well. Don't let me interrupt the wash then!	Très bien. Je ne vais donc pas vous interrompre davantage !
line:7678511c	Wah- huh- <size=80%>oah. <size=60%>we don't-	Quoi... Hein... <size=80%>Oh. <size=60%>On ne fait pas...
line:82e2c158	Wait a sec, I need to open the gate.	Une seconde, je dois ouvrir le portail.
line:9c7a2fb7	Wait a sec, I need to open the gate.	Une seconde, je dois ouvrir le portail.
line:8ab5686b	Was great! Ryan is a sweetheart.	Très bien ! Ryan est un amour.
line:d8c9f912	Was just doing my job!	Je faisais juste mon travail !
line:148a63c8	Was just trying to play along. Happy to see you!	Je voulais juste te suivre dans la plaisanterie. Content de te voir !
line:56261ccb	Was still good though! I like how it feels sliding down.	Mais c'était quand même bien ! J'aime la sensation quand ça descend.
line:4d002f47	Was... <i>Really</i> upset I was muddy.	Elle était... <i>vraiment</i> furieuse que je sois boueux.
line:014b5da5	Watch where those paws are going would you?	Fais attention à l'endroit où tu poses tes pattes, tu veux bien ?
line:3028feb5	We also had sex after our date.	On a aussi couché ensemble après notre rendez-vous.
line:d132db41	We can just lay here...	Nous pouvons simplement rester allongés ici...
line:4da8b942	We can make an opening.	On peut te trouver une place.
line:8c563ab8	We can make an opening.	On peut te trouver une place.
line:33a79dbe	We do! Are you... from the college...?	Oui ! Vous êtes... de l'université... ?
line:b83ec453	We got your request for the mount!	Nous avons reçu ta demande de chevalet !
line:8b7b8d6b	We went out to eat. Had some good conversation.	On est allés manger. On a bien discuté.
line:74706bb3	We will need to clean the floors...	Il faudra nettoyer le sol...
line:df8fb8c9	We'll be going out to this seafood place-	On va dans un resto de fruits de mer...
line:110a2ced	Welcome back!	Content de te revoir !
line:b042f12a	Welcome back!	Content de te revoir !
line:c46f5033	Well great, I appreciate your discretion, I'll be headed off to the apothecary.	Très bien, j'apprécie votre discrétion. Je vais me rendre chez l'apothicaire.
line:08f40e32	Well I had a good time, see you later then!	Bon, j'ai passé un bon moment. À bientôt !
line:c1e8b05d	Well I had a good time, see you later then!	Bon, j'ai passé un bon moment. À bientôt !
line:fcff7b00	Well, go to the window and speak with your customer.	Eh bien, va à la fenêtre et parle à ton client.
line:fc1e497a	Well, good luck getting your hands around all of me.	Bon courage pour faire le tour avec tes mains.
line:60f14972	Well, I do enjoy the color. But I believe that is unrelated to my hue.	Eh bien, j'aime cette couleur. Mais je ne crois pas que cela ait un rapport avec la mienne.
line:c9f270de	Well, I'm a dragon- but... You know what I mean.	Enfin, un dragon... Mais tu vois ce que je veux dire.
line:f7f87f6c	Well, That's why I'm here!	Eh bien, je suis là pour ça !
line:629d89d1	Well, yes. I mean more... Primally?	Oui, certes. Je veux dire de façon plus... instinctive ?
line:8aa0fc1a	Well, you are one hell of a catch.	Eh bien, n'importe qui aurait de la chance de t'avoir.
line:5d34e715	Well, you better get one then!	Eh ben, t'as intérêt à en acheter un !
line:f16e75f3	Well...	Eh bien...
line:a71a8385	Went to the bar... Things got spicy. You can imagine what happened next... <size=70%>Hah...	On est allés au bar... Ça s'est réchauffé. Tu imagines la suite... <size=70%>Ha...
line:2e0ec324	Wha..?	Hein... ?
line:29ec93b2	Whaaat. Nothing wrong with it! figured you'd like to know.	Quoiii ? Il n'y a rien de mal ! Je pensais que tu voudrais savoir.
line:18e5a573	Whaaat? It's good to make sure you're warmed up!	Quoiii ? C'est bien de s'échauffer !
line:bd66082e	What about a movie?	Pourquoi pas un film ?
line:ee3c126b	What about your private washers?	Et vos laveurs privés ?
line:871137eb	What about?	À quel sujet ?
line:bb3b6c71	What brings you in so late?	Qu'est-ce qui t'amène si tard ?
line:2dd518f0	What do you mean?	Comment ça ?
line:2fae1274	What do you mean?	Que voulez-vous dire ?
line:3c2c53dc	What do you mean?	Comment ça ?
line:838cdf1b	What do you think of me?	Que pensez-vous de moi ?
line:c2bdc402	What does the number 7 taste like?	Quel goût a le chiffre 7 ?
line:56fc085a	What happened!?	Qu'est-ce qui s'est passé ?!
line:0bc56d4d	what happened?	Que s'est-il passé ?
line:8c3b76ea	What is it?	Laquelle ?
line:44b711a0	What is..	Qu'est-ce que...
line:53301d3b	What kind of egg was that?	C'était un œuf de quoi ?
line:073701b7	What kind of movie are you thinking?	Tu pensais à quel film ?
line:03cf1c9a	What kind of question?	Quel genre de question ?
line:003700c7	What kinds of classes do you teach?	Quelles matières enseignez-vous ?
line:e2406cc4	What now?	Et maintenant ?
line:0c583118	What was in those opened crates?	Il y avait quoi dans ces caisses ouvertes ?
line:5a195ff2	What!? that's terrible! You don't even have a mount...?	Quoi ?! La honte ! T'as même pas de chevalet... ?
line:8ebd442e	What's got you looking so happy?	Pourquoi cet air si heureux ?
line:fc7aaaa0	What's teaching like?	C'est comment, d'enseigner ?
line:f99840cd	What's that?	Qu'est-ce que c'est ?
line:1a0b719d	What's up?	Qu'y a-t-il ?
line:29359884	What's up?	Qu'y a-t-il ?
line:8d5c7802	What's up?	Qu'y a-t-il ?
line:712f9d7c	what?	Quoi ?
line:766c2abd	What? All the best places do it!	Quoi ? Tous les bons établissements le font !
line:159a1d54	What? I'm a professor! Can't you tell from my crest?	Quoi ? Je suis professeur ! Mon emblème ne vous le dit donc pas ?
line:9aa86a9b	What? There is no harm caused by a genuine compliment!	Quoi ? Un compliment sincère ne fait de mal à personne !
line:b2fe309b	Whats got you in a good mood?	Pourquoi cette bonne humeur ?
line:93a145d4	Whats up, big guy?	Qu'est-ce qu'il y a, mon grand ?
line:4efe8211	Whats up?	Qu'est-ce qu'il y a ?
line:866cd495	Whats up?	Qu'est-ce qu'il y a ?
line:bfc04b3a	Whats up?	Qu'est-ce qu'il y a ?
line:e01885c3	Whats up?	Qu'est-ce qu'il y a ?
line:f7d786b6	Whats with all the... Gloop?	C'est quoi, toute cette... mélasse ?
line:c4c81aa9	Whats your favorite part about him?	Qu'est-ce qui te plaît le plus chez lui ?
line:ff6ef027	When do you actually end the relationship?	À quel moment est-ce que tu y mets fin ?
line:2ffe284b	When I met him at first I was falling back on my old script.	Quand je l'ai rencontré, je retombais dans mes vieux travers.
line:eb019075	When you're done go ahead and hit the button.	Quand tu as fini, appuie sur le bouton.
line:5d4e9392	Where did he go...?	Où est-il passé... ?
line:7af04961	Where would you like to go?	Où est-ce que tu aimerais aller ?
line:7e9389a7	Which college?	Quelle université ?
line:2d315c6c	Who knew a dragon could get so dirty, huh?	Qui aurait cru qu'un dragon pouvait être aussi sale, hein ?
line:a97338b0	Who knew places such as this existed so readily available to the public!	Qui aurait cru que des lieux pareils étaient si facilement accessibles au public !
line:8b7915f4	Who's that?	Qui ça ?
line:ebd63f8c	Who's there?	Qui est là ?
line:eea7573f	Whoa! Cold!	Ouh là ! C'est froid !
line:1acbd02a	Whoops	Oups.
line:5a6c0d31	Whoops	Oups.
line:afc6c00a	Whoops	Oups.
line:c30013ff	Whoops	Oups.
line:9df56a3a	why are you here so late?	Pourquoi venez-vous si tard ?
line:bb8583c1	With Ryan, I'm pretty sure we're gonna go on a date tonight.	Avec Ryan, je crois bien qu'on va sortir ensemble ce soir.
line:c236bdf9	Woah. Uhm.	Ouh là. Euh.
line:390f05be	Woah... What is that in your mouth?	Ouah... Qu'est-ce que tu as dans la bouche ?
line:4b93b009	Woah... You want me to use that? Even with the food? Alright!	Ouah... Tu veux que je me serve de ça ? Même avec la nourriture ? D'accord !
line:4cacfab8	Wonderful to hear you're seeing someone!	Je suis ravi que vous fréquentiez quelqu'un !
line:f6fdf321	Wonderful to hear you're seeing someone!	Je suis ravi que vous fréquentiez quelqu'un !
line:7e2421b6	Wonderful to hear.	C'est un plaisir à entendre.
line:36d49875	Wonderful!	Merveilleux !
line:6046bedf	Wonderful!	Merveilleux !
line:ab423ac7	Wonderful!	Merveilleux !
line:5a9abbd4	Wonderful. Have a <i>productive</i> day.	Merveilleux. Passe une journée <i>productive</i>.
line:ec771552	Woops.	Oups.
line:51bcff68	Would that interest you?	Ça te tenterait ?
line:8c8591ec	Would you care to join me at the college library this evening...?	Voudriez-vous me rejoindre à la bibliothèque de l'université ce soir... ?
line:985436e6	Wouldn't that be degrading?	Ce ne serait pas dégradant ?
line:1e027369	Wow thanks, that feels good.	Ouah, merci, ça fait du bien.
line:737184f5	Wow!	Waouh !
line:ead1bf44	Wow, it's an experience seeing you eat like that.	Ouah, c'est quelque chose de te voir manger comme ça.
line:5da1e074	Y'know?	Tu vois ?
line:79352475	Ya.	Ouais.
line:f6c14e05	Ya.	Ouais.
line:b6add8e0	Yea! I do!	Ouais ! Exactement !
line:b44edd29	Yeaaah I'm not sticking with that one.	Ouiiis, je vais pas garder celui-là.
line:7a471225	Yeaaah.	Ouiii.
line:5483c5fd	Yeah	Oui.
line:3a5d5ca4	Yeah he seems like he'd push some buttons.	Oui, il a l'air de savoir comment faire de l'effet.
line:63024a1f	Yeah he's improved a lot.	Oui, il a beaucoup progressé.
line:5847a779	Yeah I have.	Oui, je lui ai parlé.
line:f3b5952a	Yeah I'm happy too.	Oui, je suis heureux aussi.
line:fb47f998	Yeah it go BRRT haha.	oui, ça fait BRRT, haha.
line:eef9b2bb	Yeah It's fine. Sorry.	Oui, ça va. Désolé.
line:fbc80e96	Yeah let me get that for you.	Oui, je t'ouvre.
line:f212b2de	Yeah so I'm all muddy and stuff, love romping around in the public park.	Oui, je suis plein de boue et tout. J'adore gambader dans le parc public.
line:108de471	Yeah that sounds pretty good.	Oui, ça me semble bien.
line:fdd800c2	Yeah! clean as always.	Oui ! Tout propre, comme toujours.
line:dee4a32d	Yeah! Conrad, he's adorable. Though he'd hate I said that.	Oui ! Conrad, il est adorable. Même s'il détesterait m'entendre dire ça.
line:ab1bc039	Yeah! I feel clean.	Ouais ! Je me sens propre.
line:6733a3df	Yeah! I'm going on a date with him soon.	Oui ! Je vais bientôt sortir avec lui.
line:66727cce	Yeah! It has food that should be good for both of us.	Oui ! Il y a de quoi nous régaler tous les deux.
line:b482634c	Yeah! its useful.	Oui ! C'est pratique.
line:da9cfdcf	Yeah! Just went on a date with Conrad.	Oui ! Je viens de sortir avec Conrad.
line:3f153aaf	Yeah! Just went on a date with Ryan.	Oui ! Je viens de sortir avec Ryan.
line:77ca2316	Yeah! Thanks for the food. I'll go get the gate.	Oui ! Merci pour le repas. Je vais ouvrir le portail.
line:c87d632b	Yeah! That would be amazing.	Oui ! Ce serait génial.
line:71c0ee9a	Yeah, ever since the breakup I've been looking for something new.	Oui, depuis la rupture, j'ai envie de quelque chose de nouveau.
line:bee397db	Yeah, he's so kind to me.	Ouais, il est tellement gentil avec moi.
line:4815ddba	Yeah, I've got one.	Oui, j'en ai une.
line:24efaa49	Yeah, me too. He's real nice.	Ouais, moi aussi. Il est vraiment gentil.
line:6fa847ba	Yeah, nah. Mate you gotta get in on this. I'll pay good!	Ah non, mon pote, faut vraiment que tu proposes ça. Je paierai bien !
line:266f699d	Yeah, taste good!	Si, et c'est bon !
line:67cc394b	Yeah, that was scary at first.	Oui, ça faisait peur au début.
line:a9980f5e	Yeah, this has been super nice.	Oui, c'était vraiment agréable.
line:54c44240	Yeah, you're right.	Oui, tu as raison.
line:bb1827c7	Yeah- Though only if you want!	Ouais... Mais seulement si t'en as envie !
line:7311dc01	Yeah.	Oui.
line:95e2f7cc	Yeah.	Oui.
line:9fd5b834	Yeah. <size=90%>Oh- <size=80%>you know. I'm like... <size=70%>Haha. Yeah. Mhm!	Oui. <size=90%>Oh... <size=80%>Tu sais. Je suis... <size=70%>Haha. Oui. Mmh !
line:a28a70c6	Yeah. At least I got to meet you because of it.	Oui. Au moins, ça m'a permis de te rencontrer.
line:e5937e30	Yeah. I like fish!	Oui. J'aime le poisson !
line:0372e0d1	Yeah. It wasn't too expensive.	Ouais. C'était pas trop cher.
line:6804839d	Yeah. It's hard to unwind groups after something like that.	Oui. C'est difficile de démêler les amitiés après ce genre de chose.
line:6e0e4e11	Yeah. You two will be cute.	Oui. Vous serez mignons ensemble.
line:616121a9	Yeah...	Oui...
line:f244d080	Yeah... He's really great.	Ouais... Il est vraiment formidable.
line:5bab2df8	Yeah... I've never gone on a date with a kobold before.	Oui... Je n'ai jamais eu de rendez-vous avec un kobold.
line:8eeb7e28	Yeah... It really isn't.	Oui... Vraiment pas.
line:039a0c83	Yeah?	Oui ?
line:2fb3fe55	Yeah?	Oui ?
line:92bd78f3	Yeah?	Oui ?
line:3690a3eb	Yeah? I don't even see a mount.	Ah ouais ? Je vois même pas de chevalet.
line:ea2adb20	Yeah? tell me about it!	Ah oui ? Raconte !
line:78eccd9b	Yellow lime.	De citron vert jaune.
line:5fd7bc69	Yep!	Oui !
line:b6c878fa	Yep!	Oui !
line:fcff76d4	Yep! I'll get the gate.	Oui ! Je vais ouvrir le portail.
line:3cdcbd4a	Yes	Oui.
line:991dc643	Yes	Oui.
line:e535cacb	Yes	Oui.
line:fb4265f7	Yes	Oui.
line:4ab6c5a9	yes	Oui
line:db98be35	Yes right this way.	Oui, par ici.
line:52010e35	YES!	OUI !
line:c4310942	Yes!	Oui !
line:d5f94e23	Yes!	Oui !
line:5592e639	Yes, welcome to Drag'N Wash!	Oui, bienvenue chez Drag'N Wash !
line:f676b9a8	Yes, welcome to Drag'n wash!	Oui, bienvenue chez Drag'N Wash !
line:a610ce0b	YES.	OUI.
line:85fd5266	Yes.	Oui.
line:152cb8ad	Yes. I'm in need of a clean. The situation is rather dire!	Oui. J'ai besoin d'être lavé. La situation est assez critique !
line:c4595dd5	Yes. It's invigorating to be so candid.	Oui. Être aussi franc est revigorant.
line:d7e50f2d	Yes..	Oui..
line:5811655d	Yes... But I believe we need to clean the floors.	Oui... Mais je crois que nous devons nettoyer le sol.
line:9444cdba	Yip	Yip.
line:14d2c62f	Yip!	Yip !
line:296ff3f4	Yip!	Yip !
line:3d516ddb	Yip!	Yip !
line:3e870ad0	Yip!	Yip !
line:5544e245	Yip!	Yip !
line:5efde4e2	Yip!	Yip !
line:c3e1f198	Yip!	Yip !
line:e662501c	Yip!	Yip !
line:5e181cf4	Yip! <size=70%>(Gate)	Yip ! <size=70%>(Portail)
line:b12a3f31	Yip! <size=70%>(idk)	Yip ! <size=70%>(Aucune idée)
line:a8ee5236	Yip! <size=70%>(It's because the dormant part of your draconic mind is remembering the deep set language bridge between your kind and mine. Which carries the deep meaning and intention of kobold 'Yips' within it. This sudden understanding of yours is simply from our connection growing over time and activating that part of your mind.)	Yip ! <size=70%>(C'est parce qu'une partie endormie de votre esprit draconique se souvient du lien linguistique ancestral entre votre espèce et la mienne, qui véhicule le sens profond et l'intention des « yips » kobolds. Cette compréhension soudaine vient simplement de notre lien qui s'est renforcé au fil du temps et a réveillé cette partie de votre esprit.)
line:5935a413	Yip! <size=70%>(Yes)	Yip ! <size=70%>(Oui)
line:f1c14f75	Yip-Man - The Final Yip	Yip Man : Le Dernier Yip.
line:4b9046ec	Yip-Man movies are real corny...	Les Yip Man sont vraiment kitsch...
line:3d6b2203	You again?	Encore toi ?
line:81416c72	You already are, whats up?	C'est déjà fait. Qu'est-ce qu'il y a ?
line:6fbc3c1b	You also do <i>special endings</i> here, yeah?	Vous faites aussi les <i>finitions spéciales</i>, ici ?
line:e553c773	You also introduced me to Conrad.	Et puis, tu m'as présenté Conrad.
line:feb8727e	You always make me feel welcomed.	Avec toi, je me sens toujours bienvenu.
line:563d71ba	You are too!	Toi aussi !
line:4efafbb0	You are very skilled with your hands	Vous êtes très habile de vos mains.
line:0dd63830	You brought food in?	Tu as apporté à manger ?
line:38043f6c	You can act however you like around me.	Avec moi, vous pouvez agir comme vous voulez.
line:3fbd01fb	You can come in whenever!	Tu peux venir quand tu veux !
line:0eb37f1a	You can stay here if you want.	Tu peux rester ici si tu veux.
line:ecc04e16	You decide!	À toi de choisir !
line:19698f13	You didn't even open the watermelon.	Tu n'as même pas ouvert la pastèque.
line:7e8c1ae2	You do know how to use your hands pretty well.	Tu sais plutôt bien te servir de tes mains.
line:7023b6b4	You don't deserve that.	Tu mérites pas ça.
line:c0cc0f2d	You got a medkit?	T'as une trousse de secours ?
line:c2b3c28a	you know about getting back into the dating scene...	tu sais, sur le fait de refaire des rencontres...
line:512df07c	You know what that means.	Tu sais ce que ça veut dire.
line:e613cbe3	You know what that means...	Tu sais ce que ça veut dire...
line:73e4789c	You know... This environment is rather pleasant. Very... proletarian.	Vous savez... Le cadre est assez agréable. Très... prolétaire.
line:404b17ef	You look good this clean!	Tu es beau quand tu es aussi propre !
line:780c151c	You needn't worry. The washer's union is... More powerful than I.	N'ayez crainte. Le syndicat des laveurs est... plus puissant que moi.
line:3fab049a	You probably shouldn't.	Tu ferais mieux de t'abstenir.
line:0bc044da	You ready for this?	T'es prêt pour ça ?
line:f0a0565a	You ready to go back in to the club?	T'es prêt à retourner dans le club ?
line:c0e34d36	You really ate that entire thing... Woah.	Tu as vraiment tout mangé... Ouah.
line:82cf49aa	You seemed to enjoy yourself.	Tu avais l'air de bien t'amuser.
line:ba66095e	You set a good example.	Vous donnez le bon exemple.
line:6c2a1901	You should be all clean!	Tu devrais être tout propre !
line:36779352	You should be.	T'as raison.
line:86154a64	You should feel it and check for me	Touche-la et vérifie pour moi.
line:20503ab0	You sure? It's not like... fun stuff.	Tu es sûr ? Ce n'est pas vraiment... amusant.
line:0a0d6bc0	You too! I'll go get the gate.	Moi aussi ! Je vais ouvrir le portail.
line:e3106999	You too. Thanks for the wash.	Moi aussi. Merci pour le bain.
line:fc97aa74	You too. Thanks for the wash.	Moi aussi. Merci pour le bain.
line:5e4d645c	You two are really cute together...	Vous êtes vraiment mignons ensemble...
line:b76a2a43	You were really going at it.	Tu y allais vraiment à fond.
line:83aa1a23	You work at a college?	Vous travaillez dans une université ?
line:85fa0d03	You'd need a dragon stomach first!	Il te faudrait d'abord un estomac de dragon !
line:ebd2af6b	You'll have to give me all the Ryan details soon.	Tu devras bientôt me raconter tous les détails sur Ryan.
line:6c71dd83	You'll have to tell me all about it.	Tu devras tout me raconter.
line:91ab30f5	You'll have to tell me how you two work out!	Tu devras me raconter comment ça se passe entre vous !
line:ffeff59b	You'll have to tell me more inside.	Tu devras m'en dire plus à l'intérieur.
line:5eb243c2	You'll like it.	Ça va te plaire.
line:6acf7c77	You'll need to let them in afterwards of course.	Il faudra ensuite le faire entrer, bien entendu.
line:6b63d2d8	You'll take care of everything?	Vous vous occuperez de tout ?
line:f2527ed7	You're <i>spotless.	Tu es <i>impeccable.
line:23ae97e6	You're a big deal	C'est toi, la célébrité.
line:323e546b	You're a good friend too, I'll go get the gate.	Toi aussi, tu es un bon ami. Je vais ouvrir le portail.
line:44e97be7	You're always welcome here, Ryan.	Tu es toujours le bienvenu ici, Ryan.
line:09e5bf43	You're cute by the way.	Au fait, tu es mignon.
line:277d8257	You're fine. Thank you.	Ne t'inquiète pas. Merci.
line:8c269acb	You're going to love it.	Tu vas adorer.
line:173782fa	You're good at it.	Et vous le faites bien.
line:1dca8fa0	You're just a very comfortable person to be around.	C'est juste qu'on se sent vraiment à l'aise avec toi.
line:42124159	You're just a very comfortable person to be around.	C'est juste qu'on se sent vraiment à l'aise avec toi.
line:d3b6d22a	You're kind. It's more than I deserve.	T'es gentil. C'est plus que je mérite.
line:ca72bf2d	You're okay. You're clearly going through a lot.	Ça va. Tu traverses clairement une sale période.
line:68887509	You're one of my favorite clients!	Tu es l'un de mes clients préférés !
line:c4cc497f	You're pretty hot.	T'es plutôt sexy.
line:b6603dc7	You're right. I shouldn't pry.	Tu as raison. Je ne devrais pas m'en mêler.
line:31ab814e	You're right... Theres no way you could.	Tu as raison... Tu ne pourrais pas savoir.
line:470cd652	You're the first person I've met who's only expectation is for me to be...	Vous êtes la première personne que je rencontre qui attende seulement de moi que je sois...
line:f718a7eb	You're the professor here. Must be correct.	C'est vous le professeur. Vous devez avoir raison.
line:15f55959	You're very sweet.	Tu es adorable.
line:bc6cc4d2	You're very sweet.	Vous êtes adorable.
line:6289a322	You're very welcome.	Avec grand plaisir.
line:39ddd682	You're...	Vous êtes...
line:6e94f373	You're... cool.	T'es... chouette.
line:61c96494	You're... Not that dirty.	Vous n'êtes... pas si sale.
line:8bab3246	You're... very forward.	Tu es... très direct.
line:3bbab759	You've gotta keep me updated on you and Ryan, yeah?	Tiens-moi au courant pour toi et Ryan, hein ?
line:a5a8a9d5	Your crest is cool. What is it?	Votre emblème est joli. Qu'est-ce que c'est ?
line:3890b91c	Your date with Ryan.	Ton rendez-vous avec Ryan.
line:82109412	Your secret's safe with me.	Ton secret est bien gardé.
line:ed8e7994	Yours doesn't. It's nice.	Pas le vôtre. C'est agréable.
line:016a65e8	Yuh, that's me.	Ouais, c'est moi.
line:38eb6d26	Yup!	Oui !
line:7ac62718	Yup. I like it.	Oui. Ça me plaît.
