# line ID	exact English source	translation (English A-Z then ID)
line:39fd52f1	'Ey big dog.	Siema, duży piesku.
line:918d7820	'Ey big kobold.	Hej, wielki koboldzie.
line:155c00eb	'think', 'On the way here'? Then you weren't covered in ink before...	„Chyba”? „Po drodze tutaj”? Czyli wcześniej nie był pan w atramencie...
line:15bcd86c	'Yes way', There is nothing I am more certain of.	Jak najbardziej możliwe. Niczego nie jestem bardziej pewien.
line:4d49ae72	'Yes way', There is nothing I am more certain of.	Jak najbardziej możliwe. Niczego nie jestem bardziej pewien.
line:25f35611	---	---
line:4b9b3a43	---	---
line:97ab84a8	---	---
line:db5b3129	---	---
line:e2f28daa	---	---
line:3d2df033	..	..
line:8c0e2d04	..	..
line:b36eb839	..	..
line:03d2f0bb	...	...
line:045f5836	...	...
line:1113335e	...	...
line:227eda5e	...	...
line:30a74521	...	...
line:4810891f	...	...
line:4da86a7a	...	...
line:610824ef	...	...
line:6757e4a0	...	...
line:695ef750	...	...
line:7426a997	...	...
line:759a495e	...	...
line:7e189c92	...	...
line:812700a5	...	...
line:848f5cd8	...	...
line:85f39b27	...	...
line:9504ba33	...	...
line:a6531779	...	...
line:b59e9091	...	...
line:b7f0551c	...	...
line:c272e55f	...	...
line:cdb8d8db	...	...
line:cfe4b91d	...	...
line:d6483230	...	...
line:d90d368f	...	...
line:d9516fdd	...	...
line:dd197e7c	...	...
line:decf872a	...	...
line:e9d40a5c	...	...
line:20f87f8d	... A class which I'm teaching rather soon.	... Zajęcia zaczynam zresztą już niebawem.
line:4815d919	... Being a bit of a jerk honestly.	... Trochę zgrywałem dupka, szczerze mówiąc.
line:11bfce3b	... I thought we were good friends, we have sex all the time!	... Myślałem, że jesteśmy dobrymi przyjaciółmi. Ciągle uprawiamy seks!
line:1bebf328	... Thank you..	... Dziękuję..
line:a8eb78ed	... you're done? I'm still dirty..	... Skończyłeś? Nadal jestem brudny..
line:ef611d11	... you're done? I'm still soapy..	... Skończyłeś? Nadal mam na sobie mydło..
line:496134bc	...!	...!
line:7cc45755	...!	...!
line:6585925d	...<i><size=70%>I have one on him at least.	...<i><size=70%>Mnie on się podoba na pewno.
line:e2ea4ead	...A wash for our date tonight.	... Przed naszą dzisiejszą randką.
line:048d7f84	...About what I said earlier.	... Wracając do tego, co powiedziałem wcześniej.
line:55d1f6ef	...and nice.	... I miły.
line:79a1a205	...But not in like a bad weird way.	... Ale nie w jakiś dziwny, zły sposób.
line:3592632e	...It's intimidating knowing how much they look up to me.	... Onieśmiela mnie świadomość, jak bardzo mnie podziwiają.
line:7e08544c	...It's odd being able to speak so freely with someone.	... Dziwnie jest móc rozmawiać z kimś tak swobodnie.
line:f0cb8389	...No	... Nie.
line:92601622	...Okay, come in	... Dobrze, wejdź.
line:e381559c	...Thank you for this.	... Dziękuję za to.
line:b7b5f7fb	...Thanks.	... Dzięki.
line:dbab7a39	<b><i><size=130%>Did you suggest Ryan to Conrad?	<b><i><size=130%>Czy zaproponowałeś Conradowi znajomość z Ryanem?
line:36ff6bd9	<gradient="gold"><b> I know a dragon, Ryan. I could get you two in contact? </b></gradient><size=70%>(Unlocks Conrad/Ryan hookup OR Ryan romance)	<gradient="gold"><b> Znam smoka, Ryana. Może was ze sobą skontaktuję? </b></gradient><size=70%>(Odblokowuje spotkanie Conrada z Ryanem LUB romans z Ryanem)
line:7e9d40e6	<gradient="gold"><b> I wouldn't mind hanging out... </b></gradient><size=70%> (Unlocks Conrad romance)	<gradient="gold"><b> Ja chętnie bym z tobą spędził czas... </b></gradient><size=70%> (Odblokowuje romans z Conradem)
line:a0e49f02	<gradient="gold"><b> I wouldn't mind! </b></gradient><size=70%> (Will lead to Alexander romance!)	<gradient="gold"><b> Z przyjemnością! </b></gradient><size=70%> (Prowadzi do romansu z Alexandrem!)
line:0371fb9c	<gradient="gold"><b> I'm going to be busy tonight. Sorry. </b></gradient><size=70%> (Will lead to no romance!)	<gradient="gold"><b> Dziś wieczorem będę zajęty. Przepraszam. </b></gradient><size=70%> (Prowadzi do zakończenia bez romansu!)
line:f5a81524	<gradient="gold"><b>I don't have anyone off the top of my head.</b></gradient><size=70%> (Locks in Conrad romance!)	<gradient="gold"><b>Nikt nie przychodzi mi do głowy.</b></gradient><size=70%> (Potwierdza romans z Conradem!)
line:bedc761d	<gradient="gold"><b>I know this one red dragon. I think you'd like him! </b></gradient><size=70%> (Hooks up Ryan with Conrad!)	<gradient="gold"><b>Znam pewnego czerwonego smoka. Chyba by ci się spodobał! </b></gradient><size=70%> (Łączy Ryana z Conradem!)
line:e104b8e4	<gradient="gold"><b>Oh. Uhm. <size=70%> I wouldn't mind... If I was that someone. </b></gradient><size=70%> (Locks in Ryan romance!)	<gradient="gold"><b>Och. Eee. <size=70%> Ja chętnie... byłbym tym kimś. </b></gradient><size=70%> (Potwierdza romans z Ryanem!)
line:36073321	<gradient="yellow - orange"><size=140%>HEY! </gradient><size=100%>This is the cleaning place, ya?	<gradient="yellow - orange"><size=140%>HEJ! </gradient><size=100%>To tutaj myją, co?
line:c777ce0c	<i> that feels nice...</i>	<i>To przyjemne...</i>
line:e56dd423	<i><size=70%>uh oh.. and the books	<i><size=70%>Ojej... I książki.
line:d67b1098	<i>I like spraying you with water.	<i>Lubię polewać cię wodą.
line:ad5d633a	<i>Oh...	<i>Och...
line:22b5941e	<i>Oh.</i> I don't think I'm ready for that just yet.	<i>Och.</i> Chyba nie jestem jeszcze na to gotowy.
line:cacbff51	<i>Ooooh. </i>The mount? Hell yeah, man.	<i>Oooch. </i>Przyrząd? No pewnie, stary.
line:04b7ce44	<i>This</i> isn't your fault, Conrad.	<i>To</i> nie twoja wina, Conrad.
line:72b244b7	<size=100%> That felt damn good!	<size=100%>Ale to było zajebiste!
line:78cc49e8	<size=100%>I mean- Cool.	<size=100%>Znaczy... Super.
line:e48243c0	<size=140%> FUCK YEAH!	<size=140%>KURWA, TAK!
line:f474ffa9	<size=140%>HEY, <size=100%>lookin' for a wash.	<size=140%>HEJ, <size=100%>potrzebuję mycia.
line:9d458e88	<size=160%>HELL YEAH!	<size=160%>KURWA, TAK!
line:f5462edf	<size=60%> that's hot.	<size=60%>To seksowne.
line:7c745c31	<size=70%> A big dragon giving me control. Woah.	<size=70%>Wielki smok oddaje mi kontrolę. O rany.
line:53d71f27	<size=70%> And for me.	<size=70%>I dla mnie.
line:4fe271cc	<size=70%> woah.	<size=70%>O rany.
line:e53b1bd3	<size=70%><i> holy shit, I just bagged a date with a dragon.	<size=70%><i>Cholera, właśnie umówiłem się ze smokiem.
line:c4384e8e	<size=70%><i>but it was nice... Thank you.	<size=70%><i>Ale przyjemne... Dziękuję.
line:ec0e5330	<size=70%><i>feel free to continue-</i>	<size=70%><i>Proszę śmiało kontynuować...</i>
line:e77c1f79	<size=70%><i>oah-</i> no that's really cool actually.	<size=70%><i>O...</i> Nie, właściwie to bardzo mi miło.
line:a618f9c2	<size=70%><i>Woah...	<size=70%><i>O rany...
line:ad460e4b	<size=70%><i>Yeah?	<size=70%><i>Tak?
line:c25d1c85	<size=70%>They're still on my payroll.	<size=70%>Nadal wypłacam im pensje.
line:22deeef6	==	==
line:67fa34ad	==	==
line:a8e2f13e	==	==
line:ce938344	==	==
line:e41244bf	==	==
line:497d3f67	A few days ago...	Kilka dni temu...
line:c570a462	A rather good excuse to see my favorite kobold.	Całkiem dobry powód, by zobaczyć ulubionego kobolda.
line:5d2d16e0	A really good friend?	naprawdę dobrego przyjaciela?
line:df4d3810	About earlier.	Wracając do tego, co wcześniej.
line:1a5e1ba4	Act what way?	Jak?
line:cc532c02	After his spontaneous conflagration, I made sure to give him privacy.	Po jego samozapłonie zadbałem, by miał trochę prywatności.
line:a983ffa3	Again...?	Znowu...?
line:8e34b87d	Agreed, though I'd still like to be let in as soon as convenient.	Zgoda, choć nadal chciałbym wejść, gdy tylko będzie to możliwe.
line:934a1d5a	Ah yeah, that's the stuff.. keep at it.	O tak, właśnie tak... Nie przestawaj.
line:e216aee0	Ah, good.	A, dobrze.
line:9b26ac5f	Ah, I see the button there, gotcha!	A, widzę tam przycisk. Jasne!
line:7f3fe9f9	Ah, sorry, I'm passionate about such things.	Ach, przepraszam, takie sprawy mnie pasjonują.
line:bf2a8309	Ah, the grime did sting a little, thank you.	Ach, ten brud trochę szczypał. Dziękuję.
line:ebdb9888	Ah, yeah, those types are pretty cute.	Ach, tak, tacy bywają całkiem uroczy.
line:b920f205	Ah. Do not worry.	Och. Proszę się nie martwić.
line:a98d068c	Ah. Okay nevermind I'm not sorry then.	Aha. To jednak nie przepraszam.
line:6de2c490	Ah...	Ach...
line:4d6b365e	Ahh, all cleaned and with a lighter load.	Ach, czysty i z lżejszym ładunkiem.
line:20f96302	Alexander!	Alexander!
line:f167e3d7	Alexander!	Alexander!
line:fe3996b8	Alexander!	Alexander!
line:af7db134	Alexander...?	Alexander...?
line:eb7cf9e5	All clean...	Cały czysty...
line:f57fc630	All done!	Gotowe!
line:0b734d82	All self respecting washers know how to please a dragon.	Każdy szanujący się myjący wie, jak dogodzić smokowi.
line:599ffb25	Already got seats at that bar I mentioned earlier.	Mam już miejsca w tym barze, o którym mówiłem.
line:642ddea3	Alright alright... Then I think I'd like to use it?	Dobrze, dobrze... To chyba chciałbym go użyć?
line:c7b3a185	Alright! I'll go get the gate.	Dobra! Otworzę bramę.
line:7279121a	Alright! I'll go get you the gate.	Dobrze! Otworzę panu bramę.
line:4fc4259c	Alright! I'm ready to go.	Dobra! Mogę iść.
line:a722d0fa	Alright, go get the gate and I'll head out to the spot!	Dobrze, otwórz bramę, a ja ruszam na miejsce!
line:d04df8f8	Alright, I'll cya!	Dobra, do zobaczenia!
line:4766af08	Alrighty! That should be it.	Gotowe! Chyba to wszystko.
line:797ca540	Alrighty. All clean.	No dobrze. Czysto.
line:c4cb161a	Although grapes have always hit a specific craving.	Ale winogrona zawsze zaspokajają taką szczególną zachciankę.
line:dc237557	Although, the portions might be a bit... dragon sized.	Choć porcje mogą być trochę... smoczych rozmiarów.
line:655b8c01	Always happy to have you, Conrad.	Zawsze jesteś mile widziany, Conrad.
line:afedd1f5	An anomaly.	Anomalią.
line:0de4fe62	And I'm glad you have a medkit... You're very prepared.	I dobrze, że masz apteczkę... Jesteś przygotowany na wszystko.
line:0699aef9	And I'm really happy for you and Conrad.	I naprawdę cieszę się waszym szczęściem, twoim i Conrada.
line:a3a26459	And not just physically.	I nie chodzi tylko o patrzenie w górę.
line:507bd2b9	And that's why I'm here! Going to be heading out after this wash to go see him.	I dlatego tu jestem! Po myciu idę się z nim spotkać.
line:33440e8c	And why you are perfect for this job!	Dlatego tak doskonale nadaje się pan do tego zadania!
line:cacb93ce	And you've tried everything.	I próbowałeś już wszystkiego.
line:8cae6240	Another dragon? Usually I don't really get along...	Innego smoka? Zwykle nie bardzo się dogadujemy...
line:5a7e4fd4	Any chance you can clean me up again?	Mógłbyś umyć mnie jeszcze raz?
line:92d2a30a	Anything. I'm just curious.	Jakiekolwiek. Jestem po prostu ciekaw.
line:52695aa2	Anything?	Wszystko?
line:8ead9ee9	Anytime, Ryan.	Zawsze do usług, Ryan.
line:6d77feef	Anyway glad you're not finished, lets keep at it!	W każdym razie dobrze, że jeszcze nie skończyłeś. Róbmy dalej!
line:bdb4f59c	Anyway, time to get writing!	W każdym razie czas zabrać się za pisanie!
line:75dd56ae	Anyways,	W każdym razie,
line:8980260e	Anyways-	W każdym razie...
line:a8e6291c	Anyways- Let me out.	Dobra, wypuść mnie.
line:493a82ef	Anyways. Could you go get the gate?	Dobra. Otworzysz bramę?
line:926f5f41	Anyways. Gonna use this thing now!	Dobra. Biorę się za ten sprzęt!
line:ad8ab02e	Anyways...	W każdym razie...
line:e767dc51	Anywho, I'll get out of your scales now.	Tak czy inaczej, dam już panu spokój.
line:e81426c1	Anywho, I'm in need of a clean.	Tak czy inaczej, potrzebuję mycia.
line:23e7d518	Approach the dragon entrance, and I will let you in.	Proszę podejść do wejścia dla smoków, a ja pana wpuszczę.
line:72a9b5bb	Are you happy?	Jest pan szczęśliwy?
line:be0118cc	Are you okay?	Wszystko dobrze?
line:de735c65	Are you open right now?	Czy teraz jest otwarte?
line:9369755d	Are you sure it will fit?	Na pewno się zmieści?
line:c35b717a	Are you sure...? In front of the food?	Na pewno...? Przy jedzeniu?
line:cb06d2bf	As am I.	Ja również.
line:9a48b21c	As in you're unique.	To znaczy, jest pan wyjątkowy.
line:1c021ee0	At getting hand jobs.	W dawaniu sobie zwalić.
line:e861b464	At least that's what I've heard anyway.	Przynajmniej tak słyszałem.
line:2f54ceec	At least you can still use your hands. Heh.	Przynajmniej nadal możesz użyć rąk. He.
line:cb04e062	At least you can still use your hands. Heh.	Przynajmniej nadal możesz użyć rąk. He.
line:97792929	Aw, I'll go get you the gate.	Och, otworzę ci bramę.
line:c6895517	Aw, Ryan.	Och, Ryan.
line:db997182	Aw, thank you Alexander.	Och, dziękuję, Alexandrze.
line:7157db26	Aw, thanks Alexander.	Och, dziękuję, Alexandrze.
line:011f1458	Aw, thanks.	Och, dzięki.
line:aea0be6b	Aw, thanks.	Och, dzięki.
line:c00d76cd	Aw, thanks. I only look so good 'cause of your washes!	Och, dzięki. Wyglądam tak dobrze tylko dzięki twoim kąpielom!
line:453ff9be	Aw- Ryan...	Och, Ryan...
line:5340a315	Aw... Thanks!	Och... Dziękuję!
line:c6202cf2	Aw... Thanks.	Och... Dziękuję.
line:cb1d1197	Aw... Thanks. Is it weird I consider you...	Och... Dzięki. To dziwne, że uważam cię za...
line:2bfa396c	Aw... That's really sweet	Och... To bardzo miłe.
line:22053f7f	Awesome!	Świetnie!
line:6fdb2c3d	Awesome!	Świetnie!
line:70306ba1	Awesome!	Świetnie!
line:6126a614	Awesome! Come on in..	Świetnie! Wejdź..
line:e85007ac	Awesome! See you later then!	Świetnie! To do zobaczenia!
line:4c7f15d6	Awesome, I'll go get the gate.	Świetnie, otworzę bramę.
line:9d126e4e	Awesome, I'm glad.	Świetnie, cieszę się.
line:b60cc4a5	Awesome.	Świetnie.
line:59fb47b0	Awww. You don't need to be coverd in ink to say hi!	Och... Nie musi się pan oblewać atramentem, żeby się przywitać!
line:8e20e028	Be yourself!	Bądź sobą!
line:cd18f73f	Been looking forward to this.	Czekałem na to.
line:8f1fccf9	Being muddy is really fun up until it starts drying.	Błoto jest fajne, dopóki nie zacznie wysychać.
line:40783547	Berries.	Jagody.
line:59d4be6a	Berries.	Jagody.
line:61e781c1	Berries.	Jagody.
line:18ae08ef	Bet you had fun.	Pewnie dobrze się bawiłeś.
line:982fd3c7	big C...?	Wielkiego C...?
line:4b3f7c6a	Biology...? <size=70%> <i>I think?	Biologia...? <size=70%> <i>Chyba?
line:9be63f47	Bleh. Thank you for grabbing that.	Bleh. Dzięki, że to wziąłeś.
line:66957ed2	Blue...?	Niebieskie...?
line:a77c3afd	Both.	Tak i tak.
line:78975048	Brrr! Cold water!	Brrr! Zimna woda!
line:8487a2c4	Burnswick Community College of Thaumaturgy	Społeczna Szkoła Wyższa Taumaturgii w Burnswick.
line:f75126de	But honestly you've helped me a lot.	Ale naprawdę bardzo mi pomogłeś.
line:cab69268	But I already know I'm liking this a lot.	Ale już wiem, że bardzo mi się podoba.
line:d9534386	But I know the type... They tend to be big softies on the inside.	Ale znam ten typ... W środku zwykle są bardzo czuli.
line:f73ddfbc	But I think its time to get cleaned up.	Ale chyba pora to zmyć.
line:088ea4a7	But I'm hot shit, so I'll be fine.	Ale jestem zajebisty, więc będzie dobrze.
line:c8f8bc22	But I'm only your washer?	Ale przecież tylko pana myję?
line:dda0419b	But I'm sure I'd enjoy it with you!	Ale z tobą na pewno bym się dobrze bawił!
line:aa74448a	But not in this sized package, right??	Ale nie przy takim wzroście, co??
line:7d9ffc48	But nothing beats a large gulp!	Ale nic nie przebije wielkiego kęsa połkniętego naraz!
line:d1ec7684	But that is why I am here!	Ale właśnie dlatego tu jestem!
line:b0d9d1e5	But you're the teacher dragon.	Ale przecież to pan jest smokiem nauczycielem.
line:2d7e1ab6	But, at least I got to meet you!	Ale przynajmniej cię poznałem!
line:b7f46902	But, I think you've taught me something.	Ale chyba czegoś mnie pan nauczył.
line:b1040415	By the stars! No no. You're excellent.	Na gwiazdy! Nie, nie. Jest pan świetny.
line:3a88a2dd	By the way would you be mad if your partner made a mess at home?	Przy okazji, złościłbyś się, gdyby twoja druga połówka nabrudziła w domu?
line:4199070f	Came in for another wash.	Wpadłem na kolejne mycie.
line:105cd3e2	Can I ask you a question?	Mogę o coś zapytać?
line:535ee717	Can you repeat that?	Może pan powtórzyć?
line:835e0c27	Can't sthpeak well.	Nie mogę dobze mówić.
line:afa450c0	Come back whenever, Ryan.	Wpadaj, kiedy chcesz, Ryan.
line:0cedfc3d	Conrad can go as long as he needs	Conrad wytrzyma tyle, ile trzeba.
line:5462913f	conrad hooked up with ryan	Conrad jest z Ryanem.
line:61cd33c5	conrad hooked up with ryan	Conrad jest z Ryanem.
line:6a7610f3	conrad hooked up with ryan	Conrad jest z Ryanem.
line:bac1ce29	conrad hooked up with ryan	Conrad jest z Ryanem.
line:61c9b7ac	Conrad needs a cleaning, got a slot for 'im?	Conrad potrzebuje mycia. Masz dla niego termin?
line:405b7ef1	Conrad needs a wash!	Conrad potrzebuje mycia!
line:803c8f0c	Conrad was talking about you during our date.	Conrad mówił o tobie na naszej randce.
line:f1787092	Conrad!	Conrad!
line:fd6c6213	Conrad!	Conrad!
line:484cd04d	Conrad...?	Conrad...?
line:5b0360ad	Conrad: Actually.. I mean..	Conrad: Właściwie... To znaczy...
line:3ce891ff	Conrad: Conrad just enjoys himself	Conrad: Conrad po prostu dobrze się bawi.
line:fbe86c06	Conrad: Damn right!	Conrad: No pewnie, kurwa!
line:5660dc8b	Conrad: Don't worry about it!	Conrad: Nie przejmuj się!
line:c050dbfc	Conrad: I do it all the time	Conrad: Robię to cały czas.
line:cd3367da	Conrad: I want this to go well	Conrad: Chcę, żeby było dobrze.
line:194c1381	Conrad: I'm ready to blow	Conrad: Zaraz dojdę.
line:ce4d0fef	Conrad: Yea	Conrad: Tak.
line:42c70daa	Conrad: You feel good	Conrad: Cudownie cię czuć.
line:3bc52918	Conrad: You having a good time?	Conrad: Dobrze ci?
line:be0e51af	Cool.	Fajny.
line:88c36bc7	Could do that, then get a hotel room... Hmm.	Możemy tam pójść, a potem wziąć pokój w hotelu... Hmm.
line:b99e1503	Could you ask <i>me</i> a question?	Czy mógłby pan zadać pytanie <i>mnie</i>?
line:12bf5baf	Could you get the gate...?	Mógłby pan otworzyć bramę...?
line:3a6afae1	Could you go get the gate?	Mógłbyś otworzyć bramę?
line:9f49d9d4	Could you wash it away?	Możesz je spłukać?
line:7661a0e9	D'aw... thanks.	Och... Dzięki.
line:59bc5840	Damn right I do!	A jakże!
line:64889395	Damn right!	No pewnie, kurwa!
line:95aa0bf4	Damn right!	No pewnie, że tak!
line:db592d76	Damn right!	No pewnie, kurwa!
line:0fcf9908	Damn right.	No pewnie, kurwa.
line:b964c99b	Damn shame then. Better change that.	Pieprzona szkoda. Lepiej to zmień.
line:c6955ecc	Damn, you know how to use your hands.	Kurwa, umiesz używać rąk.
line:eaf45022	Damn, you know how to use your hands.	Kurwa, umiesz używać rąk.
line:684fb29a	Damn... Always feels good.	Cholera... Zawsze przyjemne.
line:7023cc94	DATE NIGHT!	WIECZÓR RANDKOWY!
line:c71df70b	Date night!	Wieczór randkowy!
line:b57cc8ad	Depends	To zależy.
line:07bd7f57	Did you do your uh...	Zrobiłeś coś ze swoimi, eee...
line:4f38655d	Do I look like I'm okay?	Wyglądam, jakby nic mi nie było?
line:8147156a	Do it!	Zrób to!
line:9ab6ddfb	Do you also do "special endings" here?	Robicie tu też „szczęśliwe zakończenia”?
line:4c90479c	Do you ask because I'm lavender?	Pyta pan, bo mam lawendowy kolor?
line:3020c97c	Do you believe I am attractive?	Czy uważa mnie pan za atrakcyjnego?
line:c5e71850	Do you even need a wash?	W ogóle potrzebujesz mycia?
line:1810e75f	Do you have any advice?	Masz jakąś radę?
line:6be807b5	Do you have any plans with ryan?	Masz jakieś plany z Ryanem?
line:a0cf6cae	Do you know any cool places, people, I could hang around?	Znasz jakieś fajne miejsca albo ludzi, z którymi mógłbym się spotykać?
line:412ba249	Do you know any good bars?	Znasz jakieś dobre bary?
line:28ec716a	Do you know anyone I could talk to? Y'know... about relationship stuffs?	Znasz kogoś, z kim mógłbym porozmawiać? Wiesz... Tak pod kątem związku?
line:21c0526b	Do you like being big?	Lubi pan być duży?
line:daa040eb	Do you like purple?	Lubi pan fiolet?
line:ef052302	Do you like purple?	Lubi pan fiolet?
line:d5ed3582	Do you make big dragons, <size=60%>like me, <size=100%>cum here?	Doprowadzasz tu duże smoki, <size=60%>takie jak ja, <size=100%>do orgazmu?
line:ec64a696	Do you mind double checking if I'm clean?	Możesz jeszcze raz sprawdzić, czy jestem czysty?
line:647187f1	Do you want to say what happened...?	Chcesz powiedzieć, co się stało...?
line:807df02d	Do you want to use it?	Chce pan skorzystać?
line:5c42b85a	Doesn't mean I need to yell at you.	To nie znaczy, że muszę na ciebie krzyczeć.
line:eefa8ae2	Don't be sorry! Get a mount!	Nie przepraszaj! Kup przyrząd!
line:dd0f7b1d	Don't worry, dragons are made to eat anything.	Spokojnie, smoki są stworzone do jedzenia wszystkiego.
line:b90b01a9	Don't worry, he's real nice.	Spokojnie, on jest naprawdę miły.
line:7de2a81c	Don't worry. I will.	Spokojnie. Opowiem.
line:c29d4071	Don't... make it sound like that.	Nie... mów tego w taki sposób.
line:31bdd33c	Dont talk with your mouth full	Nie gadaj z pełnymi ustami.
line:8ee41fdc	Dragon history is complex. Ornamental crest <size=85%> are often <size=70%> worn by dragons to <size=55%>signify what family they belong to! <size=40%> It's an interesting mark of their culutral <size=35%> and familial heritage. I've often wondered if I should continue to wear mine. <size=20%> But culutural and familiar ties are considered important within the lore of dragons! so I must adhere to such things. <size=10%> Water. Earth. Fire. Air. Long ago, the four nations lived together in harmony. Then everything changed when the Fire Nation attacked.	Historia smoków jest złożona. Ozdobne herby <size=85%> są często <size=70%> noszone przez smoki, by <size=55%>wskazać rodzinę, do której należą! <size=40%> To ciekawy znak ich kulturowego <size=35%> i rodzinnego dziedzictwa. Często zastanawiam się, czy powinienem nadal nosić swój. <size=20%> Ale więzi kulturowe i rodzinne są ważne w smoczej tradycji! Muszę więc je szanować. <size=10%> Woda. Ziemia. Ogień. Powietrze. Dawno temu cztery narody żyły w harmonii. Wszystko się zmieniło, gdy Naród Ognia zaatakował.
line:0a0e6773	Dragon stomachs are a bit more... robust than yours.	Smocze żołądki są trochę... wytrzymalsze od twojego.
line:7e352505	Dragons of the galaxy 2	Smoki Galaktyki 2.
line:c2c659d1	Eep!	Aj!
line:0bd1699e	Ehh..	Eee...
line:43dd32f5	Er... That's not-	Eee... Nie o to...
line:93b60dce	Even so. Not this time	Mimo to, nie tym razem.
line:573d9362	Even though you were just doing your job... I think it helped him a lot.	Choć tylko wykonywałeś pracę... Myślę, że bardzo mu to pomogło.
line:a2ba222e	Evening. This establishment takes walk ins, correct?	Dobry wieczór. Przyjmują tu państwo bez zapisów, prawda?
line:f98c3b6c	Every ending here is special!	U nas każde zakończenie jest szczęśliwe!
line:bfeaec15	Every self respecting wizard has a phoenix feather handy.	Każdy szanujący się mag ma pod ręką pióro feniksa.
line:57df700d	Everyone's gaze carries an immense weight.	Spojrzenie każdego niesie ogromny ciężar.
line:9ad8d2dd	Excellent!	Doskonale!
line:0c997163	Excellent.	Doskonale.
line:1976bc60	Excellent. Then make sure to go greet your customer at the window.	Doskonale. Pamiętaj więc, żeby przywitać klienta przy oknie.
line:7bbe7ee3	Expectations are laaaame.	Oczekiwania są do kituuu.
line:f99eb2ff	Ey! The mount! Fuck yeah.	Hej! Przyrząd! Kurwa, tak.
line:d376acb9	Ey, so. Was thinkin'	Ej, tak sobie myślałem...
line:85ec0862	Ey, sorry for coming in late.	Ej, sorry, że tak późno.
line:12e8ae42	Ey, Use your hands on my cock- it feels good!	Ej, użyj rąk na moim kutasie. To przyjemne!
line:271a3846	Fair enough. I'll be waiting!	Rozumiem. Poczekam!
line:4789095b	Fair enough. You two do seem cute together.	Jasne. Wyglądacie uroczo razem.
line:f5b37855	Felt good sliding down though!	Ale miło było go połykać!
line:274367d7	Figured I'd bring in something nice after all you've done.	Uznałem, że po tym wszystkim, co zrobiłeś, przyniosę coś miłego.
line:aae8afca	Fine with me!	Mnie to pasuje!
line:e98616be	For you!	Dla ciebie!
line:62a82aba	Found this one gryphon. About my size...	Poznałem takiego gryfa. Mniej więcej mojego wzrostu...
line:807fdc76	From what I've heard he sounds like he's improved a lot recently, yeah?	Z tego, co słyszałem, ostatnio mocno się zmienił na lepsze, prawda?
line:803bf378	Fuck man, I'm so pumped.	Kurwa, ale się jaram.
line:f2418086	Fuck no! Shit's embarrassing.	Kurwa, nie! To żenujące.
line:a7ca3ca8	Fuck something and then get a handjob hopefully.	Coś przelecieć i może potem dostać ręczną robótkę.
line:203bce10	Fuuuck. You really know how to work a dragon!	Kurwaaa. Naprawdę wiesz, jak zająć się smokiem!
line:f7f9b0db	G'day mate!	Siema, stary!
line:664c994e	Gave me time to think.	Dałeś mi czas do namysłu.
line:1d9b3531	Get a handjob and fuck this mount.	Dostać ręczną robótkę i wyruchać ten przyrząd.
line:48afdce4	Give it to me!	Daj mi wszystko!
line:9df043ad	Give me a bit	Daj mi chwilkę.
line:e5c7f64a	Glad I'm here to remind you then.	Dobrze, że przyszedłem ci przypomnieć.
line:354170aa	Go for it!	Śmiało!
line:2d0b6b06	Goin' downtown tonight. Needed to be spotless. Say...	Idę dziś do centrum. Muszę lśnić. Słuchaj...
line:dcb506d2	Good as!	Świetnie!
line:bcbc6373	Good evening!	Dobry wieczór!
line:607a5c47	Good, I can't be having the Burnswick Community College of Thaumaturgy know that their best professor Alexander has caused another incident.	Dobrze. Społeczna Szkoła Wyższa Taumaturgii w Burnswick nie może się dowiedzieć, że jej najlepszy profesor Alexander wywołał kolejny incydent.
line:12b72085	Good, you better. If I come back and there isn't one...	Dobra, lepiej tak zrób. Jeśli wrócę i go nie będzie...
line:2c851dad	Good.	Dobrze.
line:2712436c	Good. 'Aight, let me out.	Dobra. No to mnie wypuść.
line:bab51ada	Good... That'd be correct.	Dobrze... To właściwe określenie.
line:44f2b8cf	Goodbye!	Do widzenia!
line:a8e6ac2a	Goodness, thanks to you I have a chance at redeeming this situation.	O rety, dzięki panu mam szansę uratować sytuację.
line:745c3c12	Gosh!	O rany!
line:6b5c6564	Gotta <i>practice</i> for Ryan if you catch what I mean.	Trzeba <i>poćwiczyć</i> przed Ryanem, jeśli wiesz, co mam na myśli.
line:e3cef2bc	Gotta make sure you're spotless!	Musisz być nieskazitelnie czysty!
line:b01b2159	Great, so uh,	Świetnie, więc, eee,
line:43c94954	Grouse as! Excited to see you work!	Super! Chcę zobaczyć cię przy pracy!
line:9de16ee9	Ha!	Ha!
line:88d7e1e2	Haah. This is the best fuckin' wash.	Haa. To najlepsza pieprzona myjnia.
line:cc6e7856	Hah! There's the mount!	Ha! Jest i przyrząd!
line:90dd6d9d	Hah, eager as always.	Ha, entuzjastyczny jak zawsze.
line:9542e7a6	Hah, good. Let's break this thing in!	Ha, świetnie. Czas go ochrzcić!
line:fe21109b	Hah, he seems like the wild type.	Ha, wydaje się dość dziki.
line:e8bc1d95	Hah, I imagine it would be.	Ha, tak myślałem.
line:acbf628d	Hah, it is a motivator.	Ha, to motywuje.
line:65b23418	Hah, okay. I'm game.	Ha, dobrze. Wchodzę w to.
line:058d9d5c	Hah, yeah. Conrad is definitely experienced...	Ha, tak. Conrad zdecydowanie ma doświadczenie...
line:8b878971	Hah, yeah. He sounds fun.	Ha, tak. Brzmi fajnie.
line:e3ed51d9	Hah. Conrad, you look good too.	Ha. Ty też dobrze wyglądasz, Conrad.
line:f8b2e23b	Hah. Fine.	Ha. Dobra.
line:ea23c5f9	Hah. If only there was a kobold that could clean me.	Ha. Gdyby tylko był tu kobold, który mógłby mnie umyć.
line:c9bb2a93	Hah. Yeah. <size=70%><i>It's cool that you learn to jerk off dragons in cleaning school...	Ha. Tak. <size=70%><i>Fajnie, że w szkole mycia uczą walenia smokom...
line:50a559bb	Hah... <size=70%> yeah.	Ha... <size=70%>Tak.
line:4d4d9986	Hah... Gonna jerk me off now? That's fine.	Ha... Teraz mi zwalisz? Pasuje.
line:4e920759	Hah... Yeah I'm excited.	Ha... Tak, nie mogę się doczekać.
line:b36365ce	Hah... Yeah...	Ha... Tak...
line:b8724c64	Hah... you do like that noise.	Ha... Naprawdę lubisz ten dźwięk.
line:c8cde395	Haha, 'Yip' indeed.	Haha, „yip”, w rzeczy samej.
line:680991cf	Haha, yes. Happy to see you.	Haha, tak. Cieszę się, że pana widzę.
line:4c27b031	Haha, you certainly are!	Haha, rzeczywiście!
line:c3a2e14e	Haha, you certainly are!	Haha, rzeczywiście!
line:9ec40945	Haha. 'Yip' to you too.	Haha. „Yip” tobie też.
line:5e91e0a7	Haha... Yeah. I'm not really used to complimenting.	Haha... No. Nie mam wprawy w komplementach.
line:44689f21	Happy to be back.	Miło tu wrócić.
line:2672f65d	Happy to be here.	Miło tu być.
line:192fcb8e	Happy to get it off.	Miło się go pozbyć.
line:3517b28e	Have a productive day.	Owocnego dnia pracy.
line:7c1adc57	He called me, we met up. He's really damn nice.	Zadzwonił, spotkaliśmy się. Jest cholernie miły.
line:e71f9a0b	HE DIED!?	ON UMARŁ?!
line:ed6c9afb	He hadn't been... Well, cared about in a long time from what I could gather.	Z tego, co zrozumiałem, od dawna nikt się nim... Cóż, nie przejmował.
line:de25de6e	He just... Knew what to say to snap me out of all that.	On po prostu... wiedział, co powiedzieć, żeby mnie z tego wyrwać.
line:a035a3fd	He prefers 'vertically challenged'... But yes.	Woli określenie „ograniczony w pionie”... Ale tak.
line:04b29e42	He really is.	Naprawdę.
line:c7e1b369	He really is.	Naprawdę.
line:c64bd5ce	He said I was chill, we planned a date...	Powiedział, że jestem w porządku, zaplanowaliśmy randkę...
line:e8a91447	He's a lot. But, I like it.	Jest intensywny. Ale lubię to.
line:a7181b1a	He's a red dragon. I think you two would like eachother!	Czerwony smok. Myślę, że byście się sobie spodobali!
line:8245fe2b	He's already back to work. Thanks for helping with all that.	Już wrócił do pracy. Dziękuję za pomoc z tamtą sprawą.
line:aaea8391	He's been way nicer recently.	Ostatnio jest dużo milszy.
line:7363c004	He's great.	Jest świetny.
line:c13d4e24	He's hot.	Jest seksowny.
line:675d7e37	He's like. SUPER hung.	Jest... BARDZO hojnie obdarzony.
line:7deb9fff	He's like... a big softy surrounded by sharp pointy bits.	Jest jak... wielki mięczak otoczony ostrymi kolcami.
line:800c553d	He's my dream dragon.	To smok moich marzeń.
line:4b3c70d9	He's snappy, but tender too!	Jest zadziorny, ale też czuły!
line:31281c6d	He's this REALLY cute red drake who goes to the wash!	Taki BARDZO uroczy czerwony smok, który przychodzi się myć!
line:4c11c83e	He's tiny, I like being eye level with him.	Jest malutki. Lubię patrzeć mu prosto w oczy.
line:b9ce2f3c	He's... Considerate. Real understanding too.	Jest... troskliwy. I naprawdę wyrozumiały.
line:8e9e0f98	Heard about you and the big blue guy. Ryan was it?	Słyszałem o tobie i tym dużym niebieskim. Ryan, tak?
line:ca4a9672	Heeeey Ryan.	Heeej, Ryan.
line:24ce37ec	Heeeey.	Heeej.
line:bb70c1ed	Heh. Yeah.	He. Tak.
line:3fa80829	Heh. Yeah. I like you too.	He. Tak. Ja też cię lubię.
line:20393ff6	Heh. Yeah. That's me.	He. Tak. To ja.
line:ac769d93	heh.. yea.. sorry..	He... Tak... Przepraszam..
line:5246ceea	Heh... alright.	He... Dobrze.
line:75fef5cb	Heh... Damn right.	He... No pewnie.
line:5f0edcb2	Heh... Handsy today, huh?	He... Dziś rączki cię świerzbią, co?
line:2f55b3aa	Hehe	Hehe.
line:7e991330	Hehe yeah.	Hehe, tak.
line:3223473f	Hehe, I'm excited to get into the dating scene again.	Hehe, cieszę się, że znów będę chodził na randki.
line:4a137220	Hehe, thanks. It has stuff that should be good for both of us.	Hehe, dzięki. Są tu rzeczy, które powinny nam obu smakować.
line:1a3e2a73	Hell yea	Kurwa, tak.
line:93f67490	Hell yeah	Kurwa, tak.
line:389e4033	Hell yeah I did!	Jeszcze jak, kurwa!
line:17dbb9b7	Hell yeah.	Kurwa, tak.
line:4b7b33d9	Hello!	Cześć!
line:c3d3da41	Hello!	Cześć!
line:4183ca7e	Hello, <i>'Drag'n wash franchise 223'...</i> Have you figured out how to interact yet?	Dzień dobry, <i>„franczyza Drag'n'wash 223”...</i> Wiesz już, jak wchodzić w interakcje?
line:a99c515c	Hello, <i>'Drag'n wash franchise 223'...</i> Have you spoken to your first customer yet?	Dzień dobry, <i>„franczyza Drag'n'wash 223”...</i> Rozmawiałeś już z pierwszym klientem?
line:b7cce838	Hello.	Witam.
line:a8779ebf	Hello?	Halo?
line:dd4b34ae	Hello?	Halo?
line:1954aab7	Help the developers out please..	Pomóż twórcom, proszę...
line:db9c3a5c	Help the developers out please..	Pomóż twórcom, proszę...
line:f7f7f5a1	Help the developers out please..	Pomóż twórcom, proszę...
line:fc461784	Help the developers out please..	Pomóż twórcom, proszę...
line:ee3398a6	Hey big guy.	Hej, wielkoludzie.
line:0090c7b0	Hey Conrad!	Cześć, Conrad!
line:3d0a5aeb	Hey Conrad!	Cześć, Conrad!
line:a2b4acea	Hey conrad!	Cześć, Conrad!
line:975a629f	Hey Conrad.	Hej, Conrad.
line:21235886	Hey could you come up front where I can see you?	Hej, podejdziesz z przodu, żebym cię widział?
line:533532c4	Hey fine by me!	Hej, mnie pasuje!
line:1538bc7e	Hey good lookin'	Hej, przystojniaku.
line:0121c874	Hey hey. Glad you're open.	Hej, hej. Dobrze, że otwarte.
line:71b651dd	Hey I have something to say!	Hej, chcę coś powiedzieć!
line:0d4e0ecf	Hey kobold!	Hej, koboldzie!
line:af3f02c9	Hey Ryan, what do you have there?	Hej, Ryan, co tam masz?
line:6374414d	Hey thanks for being here for me...	Hej, dzięki, że jesteś przy mnie...
line:bf5ff483	Hey there, happy to be back.	Hej, miło wrócić.
line:c38b7fa6	Hey there, Ryan!	Hej, Ryan!
line:2d5fc8a2	Hey there- Maybe you can get 'hands on' later?	Hej... Może te „ręczne robótki” zostawimy na później?
line:1b6c7f75	Hey there.	Witam.
line:5dacf226	Hey there.	Dzień dobry.
line:82698bd1	Hey there.	Witam.
line:ab3a5d9c	Hey there.	Hej.
line:3d2bc74e	Hey uh, do you think Ryan and I will <i>actually</i> work out?	Hej, eee, myślisz, że nam z Ryanem <i>naprawdę</i> się uda?
line:04501155	Hey uh, I just need a cleaning.	Hej, eee, potrzebuję tylko mycia.
line:2a29842a	Hey uh... Not now.	Hej, eee... Nie teraz.
line:8caa3196	Hey uhm, thanks once again.	Hej, eee, jeszcze raz dzięki.
line:5c7a9105	Hey!	Hej!
line:eed2cc64	Hey!	Hej!
line:2f3f5508	Hey! He's just... 'vertically challenged'.	Hej! On jest tylko... „ograniczony w pionie”.
line:55bb78d1	Hey! I'm here for a wash.	Cześć! Przyszedłem się umyć.
line:33480903	Hey, Alexander!	Witam, Alexandrze!
line:21fcef4f	Hey, Alexander.	Witam, Alexandrze.
line:14598ca6	Hey, big guy!	Hej, wielkoludzie!
line:e7353d24	Hey, I've got a question for you.	Hej, mam do ciebie pytanie.
line:674877e5	Hey, nothin' wrong with asking!	Ej, co złego w pytaniu!
line:d2589856	Hey, welcome back!	Witam, miło znów pana widzieć!
line:0d3e4054	Hey.	Hej.
line:aa0dda7b	Hey.	Hej.
line:7f2e2736	Hey... little guy!	Hej... maluchu!
line:933efa6d	Hi again!	Cześć ponownie!
line:873a2b9a	Hi again..	Znów cześć..
line:83ac5b68	Hi Conrad.	Cześć, Conrad.
line:050efd1a	Hi, Ryan!	Cześć, Ryan!
line:06ed6aea	Hiiiii! Hiii!	Dzieeeń dobry! Dzień dobry!
line:5a632b75	His physical form is currently reconstituting in the staff lounge.	Jego fizyczna postać odtwarza się obecnie w pokoju nauczycielskim.
line:6bd91ca7	Hm, I think I'll pass on the mount.	Hmm, chyba odpuszczę sobie ten przyrząd.
line:370d719b	Hm?	Hm?
line:3c3ddd0c	Hm?	Hm?
line:44658d73	Hmm...	Hmm...
line:bf059ff3	Hmm...	Hmm...
line:730b1ca4	Hmm?	Hmm?
line:fc571337	Hmmm, maybe something else?	Hmm, może coś innego?
line:19207e44	Hold on a little longer for me?	Wytrzyma pan dla mnie jeszcze chwilę?
line:f2ae89c4	Honestly, I'm surprised how nice this is.	Szczerze mówiąc, nie sądziłem, że to będzie takie przyjemne.
line:a2ff0176	Hope it went well.	Mam nadzieję, że się udało.
line:b17360a0	Hope that's alright?	Mam nadzieję, że to nie problem?
line:ae08853f	Hope you're doing alright!	Mam nadzieję, że dobrze się pan miewa!
line:e1fa2461	Hopefully! I'll go get the gate.	Mam nadzieję! Otworzę bramę.
line:99931b37	Hopefully.	Oby.
line:d9c91bca	How about you though? have you been seeing anyone?	A ty? Spotykasz się z kimś?
line:4ec92454	How about you? Anyone exciting?	A ty? Ktoś ciekawy?
line:86bde306	How are you with seafood?	Lubisz owoce morza?
line:7fb611c9	How come you brought this all in?	Dlaczego to wszystko przyniosłeś?
line:af0d0972	How come you're covered in ink?	Skąd na panu tyle atramentu?
line:e385b7f3	How did it go?	Jak poszło?
line:c0161bbc	How did it taste?	Jak smakował?
line:262b262e	how do I get in?	jak mam wejść?
line:676b0638	how do I get in?	jak mam wejść?
line:8308bb09	How do I look?	Jak wyglądam?
line:4f172746	How do you even digest that?	Jak ty to w ogóle trawisz?
line:28d390ac	How so?	W jakim sensie?
line:4ef9fe65	How so?	W jakim sensie?
line:ea66b5af	How so?	W jakim sensie?
line:4b29790b	How was the sex.	Jak było w łóżku?
line:7736270c	How was your date with Conrad?	Jak randka z Conradem?
line:18d418ab	However, it's ornamental! My family crest. You see...	Ale to ozdoba! Herb mojej rodziny. Otóż...
line:1f250062	However, My <i>image</i> is far more permanent than Igwyx's fleeting physical forms.	Jednak mój <i>wizerunek</i> jest znacznie trwalszy od ulotnych fizycznych postaci Igwyxa.
line:ae34381b	However, that respect comes with an expectation to act as I look. It's incredibly stressful.	Lecz ten szacunek wiąże się z oczekiwaniem, że będę zachowywał się stosownie do wyglądu. To niebywale stresujące.
line:d2baf9e2	However...	Jednakże...
line:fb8401c3	Huff...	Uff...
line:b54ee04d	huff... Thank you for that.	Uff... Dziękuję za to.
line:16420ca7	Huff... Thanks for that.	Uff... Dzięki za to.
line:45507089	Huff... That was nice... Made a bit of a mess though.	Uff... Miło było... Choć trochę nabrudziłem.
line:ae83cfb6	huh...?	Hę...?
line:0c78b56b	Huh?	Hę?
line:e96114a2	Huh? ofcourse not!	Hę? Oczywiście, że nie!
line:836c079c	I <i>think </i> I must've spilled an inkwell <i>on the way here</i>. Rather clumsy of me!	<i>Chyba </i>rozlałem kałamarz <i>po drodze tutaj</i>. Cóż za niezdarność!
line:d37175c7	I act tough but am a small dragon...	Zgrywam twardziela, ale jestem małym smokiem...
line:b4e27683	I agree	Zgadzam się.
line:68ebf07b	I allowed him, as my stature provides ample height.	Pozwoliłem mu, ponieważ mój wzrost zapewniał wystarczającą wysokość.
line:a051821a	I already feel a lot better.	Już czuję się dużo lepiej.
line:49bfbfbe	I already have spot at the club reserved.	Mam już zarezerwowane miejsce w klubie.
line:14ff4edd	I always do~	Zawsze daję z siebie wszystko~
line:b05c6259	I always look forward to seeing you. I'll go get the gate.	Zawsze się cieszę na twój widok. Otworzę bramę.
line:52bf5ede	I am THE kobold. Yip!	To ja jestem TYM koboldem. Yip!
line:141c006f	I am too.	Ja też.
line:363f6f6a	I am too.	Ja też.
line:405b9622	I am too.	Ja też.
line:d4c5faea	I am too.	Ja też.
line:556897bf	I am! Even better now that you're here.	Tak! A teraz, gdy pan przyszedł, jeszcze lepiej.
line:e499b2cc	I am.	Jestem.
line:5ec8bb55	I believe that's in part because of you.	Myślę, że to częściowo pańska zasługa.
line:9883786d	I booked the night.	Zarezerwowałem całą noc.
line:eae85bf9	I broke up with my partner...	Rozstałem się z dziewczyną...
line:ffcfee20	I brought watermelon, bread, grapes, and some other stuff.	Przyniosłem arbuza, chleb, winogrona i inne rzeczy.
line:e8aa18f4	I can digest pretty much anything.	Mogę strawić praktycznie wszystko.
line:7f543c2a	I can let loose whenever you are ready	Mogę skończyć, kiedy będziesz gotowy.
line:c83a6a0d	I can't believe Igwix would make a mistake like this!	Nie wierzę, że Igwix popełnił taki błąd!
line:e051a79e	I consider you a good friend too	Ja też uważam cię za dobrego przyjaciela.
line:f382336f	I could get us the <i>nicest</i> spots for their show.	Mógłbym załatwić nam <i>najlepsze</i> miejsca na występ.
line:2602b8c6	I could use a wash.	Przydałoby mi się mycie.
line:c66153d3	I couldn't help but notice the... device over there.	Nie mogłem nie zauważyć tego... urządzenia.
line:b71f0756	I decided to try baking.	Postanowiłem spróbować pieczenia.
line:e62b989c	I decided to try baking.	Postanowiłem spróbować pieczenia.
line:efea7148	I decided to try baking.	Postanowiłem spróbować pieczenia.
line:98f800d3	I didn't know anyone could like me that much so easily.	Nie wiedziałem, że mogę się komuś tak szybko aż tak spodobać.
line:4116f001	I didn't know what the button did.	Nie wiedziałem, do czego służy przycisk.
line:7a5c7f54	I didn't mean to fluster you!	Nie chciałem cię speszyć!
line:55542a9b	I do enjoy the color. Though I believe its unrelated to my own hue.	Lubię ten kolor, choć nie sądzę, by miało to związek z barwą moich łusek.
line:f9c800f2	I do!	Tak!
line:ad9c1ada	I do. But, what happened?	Mam. Ale co się stało?
line:a45ccf3a	I don't believe I can hold back any longer	Nie sądzę, bym mógł dłużej wytrzymać.
line:8c6e1cd3	I don't get it! Why do I have to act this way?	Nie rozumiem! Czemu muszę się tak zachowywać?
line:cc4e48a3	I don't know where they went but I feel dirty again.	Nie wiem, gdzie zniknął alchemik, ale znów czuję się brudny.
line:71127249	I don't mean to be rude, but I must decline	Nie chcę być nieuprzejmy, ale muszę odmówić.
line:f5696cc4	I don't need to tell you.	Nie muszę ci mówić.
line:878fc94c	I don't understand..	Nie rozumiem..
line:4f3d31f8	I don't want your pitty!	Nie chcę twojej litości!
line:8fc36ab7	I enjoy being a part of so many individuals lives in a positive way.	Lubię wywierać pozytywny wpływ na życie tak wielu osób.
line:14653182	I enjoy parts of it. The respect is pleasant...	Pewne rzeczy mi się podobają. Szacunek jest miły...
line:bd4bb1b9	I enjoy that I do not fear failure around you.	Lubię to, że przy panu nie boję się porażki.
line:c108ed4f	I enjoy when you tell me what to do with a pat of your hand.	Lubię, gdy dotknięciem dłoni mówi mi pan, co robić.
line:6db406b4	I enjoyed this quite a lot.	Bardzo mi się to podobało.
line:e838533b	I feel as I could say anything to you.	Czuję, jakbym mógł panu powiedzieć wszystko.
line:9b9567ec	I feel much better.	Czuję się znacznie lepiej.
line:ed6be68f	I feel spotless as always.	Jak zawsze czuję się nieskazitelnie czysty.
line:938be2fb	I forget the ignorance of a layman. I apologize.	Zapominam o niewiedzy laików. Przepraszam.
line:63837f22	I forgot to bite into it so... Nothing?	Zapomniałem go ugryźć, więc... Nijak?
line:fe3484ea	I get how you'd feel that way after a breakup, yeah.	Rozumiem, że możesz tak się czuć po rozstaniu.
line:adf1550f	I give my other bipedal friends rides all the time.	Ciągle wożę innych dwunożnych znajomych.
line:9a68366f	I got a mount.	Kupiłem przyrząd.
line:78a54cae	I got back home a bit dirty. And she yelled at me.	Wróciłem trochę brudny i na mnie nakrzyczała.
line:22a9094a	I guess so!	Chyba tak!
line:28d6c0aa	I hate that I'm always getting into situations like this.	Nienawidzę tego, że ciągle pakuję się w takie sytuacje.
line:366a7f73	I have a question.	Mam pytanie.
line:82b63c18	I have something to say!	Mam coś do powiedzenia!
line:fd68807c	I have to say, you did as good a job as private washers.	Muszę przyznać, że wykonał pan pracę równie dobrze co prywatni pracownicy.
line:761f413a	I heard a loud bang	Usłyszałem głośny huk.
line:9d7cc63c	I heard a loud bang, I don't think Igwix made it.	Usłyszałem głośny huk. Nie sądzę, by Igwix przeżył.
line:7ede5030	I heard there was kobolds down here that could wash me up?	Słyszałem, że są tu koboldy, które mogą mnie umyć?
line:efb2d4af	I heard there were kobolds down here that could wash me up?	Słyszałem, że są tu koboldy, które mogłyby mnie umyć?
line:2f9b499a	I honestly don't know how you are doing that.	Szczerze, nie wiem, jak ty to robisz.
line:6f5dbc90	I hope he's okay too.	Też mam nadzieję, że jest cały.
line:cd0197ed	I hope I can learn from that.	Mam nadzieję, że się czegoś z tego nauczę.
line:cf50dbcc	I hope it all works out.	Mam nadzieję, że wszystko się uda.
line:b2dfad3e	I hope so.	Mam nadzieję.
line:0477b0d7	I hope so. I really want a fresh start with someone.	Oby. Naprawdę chcę zacząć z kimś od nowa.
line:7429dab7	I hope that you'll help me prove them wrong!	Mam nadzieję, że pomożesz mi udowodnić, że to nieprawda!
line:be5feb3e	I hope things get better.	Mam nadzieję, że będzie lepiej.
line:114ac9a0	I hope you're right.	Mam nadzieję, że masz rację.
line:06744c7e	I just don't like that she takes it out on me.	Tylko nie lubię, kiedy wyładowuje to na mnie.
line:1fb02179	I just don't like that she takes it out on me.	Tylko nie lubię, kiedy wyładowuje to na mnie.
line:c8a1e7d0	I Just need a quick wash... Maybe the mount would be nice too.	Potrzebuję tylko szybkiego mycia... Może przyrząd też byłby fajny.
line:95ff1bed	I just wish for you to ask me a question. Any question.	Chcę po prostu, by zadał mi pan pytanie. Dowolne.
line:f716a163	I knew you were too busy, so I figured I'd bring the date to you!	Wiedziałem, że jesteś zajęty, więc przyniosłem randkę do ciebie!
line:2461773d	I knew you'd have my back	Wiedziałem, że mnie poprzesz.
line:6a671440	I know a decent equine-kin place by the pier.	Znam przyzwoitą restaurację koniowatych przy molo.
line:50102b85	I know he can be a bit hot headed and forget to thank folks.	Wiem, że bywa porywczy i zapomina podziękować.
line:83c55e2e	I know things can be tough.	Wiem, że czasem bywa ciężko.
line:2ffb026d	I know you need to close down shop. I'll make sure you get the address and we can meet up there, yeah?	Wiem, że musisz zamknąć zakład. Podam ci adres i spotkamy się na miejscu, dobrze?
line:ded99a0c	I know, I'll reserve your spot!	Wiem, zajmę ci miejsce!
line:59e503b2	I know. But the ability to open up to someone, even occasionally-	Wiem. Ale możliwość otwarcia się przed kimś, choćby od czasu do czasu...
line:d30ffec9	I know. I know I shouldn't be dumping this on you.	Wiem. Wiem, że nie powinienem cię tym obarczać.
line:875048ca	I know. I know.	Wiem. Wiem.
line:7b59e4d6	I like how sure of yourself you are. Even if it just has to do with washing.	Podoba mi się pańska pewność siebie. Nawet jeśli chodzi tylko o mycie.
line:46061aae	I like it! I think you'd enjoy it too.	Lubię ją! Myślę, że tobie też się spodoba.
line:f4ad8ea6	I like taking care of you.	Lubię się panem opiekować.
line:8ffedb47	I like the mount you chose. Mind grabbing it?	Podoba mi się ten przyrząd. Przyniesiesz go?
line:5c86951f	I like you a lot.	Bardzo cię lubię.
line:a91980fc	I like you for who you are.	Lubię pana takim, jaki pan jest.
line:bdca3e1b	I like... him.	Lubię... jego.
line:2b65bf83	I love bubbles, they tickle!	Uwielbiam bąbelki, łaskoczą!
line:f8a4f404	I mean it. Really.	Mówię serio. Naprawdę.
line:ae719afc	I need to be better. I <i>want </i>to be better.	Muszę się poprawić. <i>Chcę </i>się poprawić.
line:a0373456	I need to be spotless. Seems that's what you're for. <size=70%> Ha.	Muszę lśnić. Chyba od tego tu jesteś. <size=70%>Ha.
line:3da2dd1d	I never expected myself to confide such embarrassing things in someone.	Nigdy nie sądziłem, że zwierzę się komuś z tak wstydliwych rzeczy.
line:0c986dec	I never expected you to be the type to be so messy!	Nigdy nie sądziłem, że tak się pan potrafi ubrudzić!
line:95db900b	I never miss a spot.	Nigdy nie pomijam żadnej plamy.
line:d620d41a	I never thought someone like him would be my type...	Nie sądziłem, że ktoś taki będzie w moim typie...
line:67592de1	I probably need to head out though.	Ale chyba muszę już iść.
line:e41c6dc5	I really do hope it all works out!	Naprawdę mam nadzieję, że się uda!
line:a722aada	I really think it was this time...	Tym razem naprawdę chyba moja...
line:e80e5edd	I see what you're doing, thank you.	Rozumiem, co pan robi. Dziękuję.
line:cc6ec337	I see..	Rozumiem..
line:d57520b1	I seem to have gotten myself covered in ink!	Wygląda na to, że cały ubrudziłem się atramentem!
line:3b161cf3	I still need more!	Jeszcze chcę więcej!
line:47dc71f3	I suppose I understand disliking the mess it may cause.	Rozumiem niechęć do bałaganu, jaki może powodować.
line:234ccfda	I suppose it depends on the circumstances.	Chyba zależy od okoliczności.
line:910706c0	I think a movie could be fun!	Film mógłby być fajny!
line:99bbb171	I think he was in a bad environment. He's doing better now.	Chyba był w złym otoczeniu. Teraz jest lepiej.
line:9247b7a0	I think he'd like the new you!	Myślę, że spodobałby mu się nowy ty!
line:f4982dcd	I think he's got a crush on me.	Chyba mu się podobam.
line:fc6fdd10	I think I can still feel some explosion grime on me...	Chyba nadal mam na sobie trochę brudu po wybuchu...
line:4efc873f	I think I like being taken care of?	Chyba lubię, gdy ktoś się mną opiekuje?
line:f5d36d9a	I think I might be close..	Chyba jestem już blisko..
line:52fc4e08	I think I'd like that!	Chyba mi się to podoba!
line:5c78099a	I think I'd like to meet him!	Chyba chciałbym go poznać!
line:14e0edf6	I think I'd like to try!	Chyba chciałbym spróbować!
line:164df75a	I think I'd like to use it?	Chyba chciałbym go użyć?
line:4f6168aa	I think I'd like to use it?	Chyba chciałbym go użyć?
line:ab314624	I think I'd like to?	Chyba bym chciał?
line:170c6aa3	I think I'd like you to be that someone aswell.	Chyba też chciałbym, żebyś był tym kimś.
line:8f46bb17	I think I've got it!	Chyba już rozumiem!
line:a5e128e0	I think she's upset about something else...	Chyba jest zła z innego powodu...
line:bc2545e7	I think she's upset about something else...	Chyba jest zła z innego powodu...
line:335c5156	I think so!	Myślę, że tak!
line:3292625e	I think that would make a decent place! They put on good shows every night.	Myślę, że byłoby dobre! Co wieczór dają świetne występy.
line:eaafe671	I think you got every spot!	Chyba niczego nie pominąłeś!
line:1760e5d5	I think you got every spot.	Chyba niczego nie pominąłeś.
line:341175f7	I think you got every spot.	Chyba niczego nie pominąłeś.
line:770e7473	I think you got every spot.	Chyba niczego nie pominąłeś.
line:f4a8f7fc	I think you helped him a lot more than you realize.	Chyba pomogłeś mu bardziej, niż myślisz.
line:f28fd15d	I think you missed a few spots still...	Chyba nadal pominąłeś kilka miejsc...
line:77509e74	I think you're cool too. Self improvement is hard.	Też jesteś fajny. Niełatwo nad sobą pracować.
line:763c6a82	I think you're good looking.	Uważam, że jest pan przystojny.
line:69e7dbb3	I think you're pretty cool, Conrad.	Moim zdaniem jesteś fajny, Conrad.
line:9c393f61	I think you're special too.	Też uważam, że jesteś wyjątkowy.
line:7d5ae3b4	I usually make do with a hose down at home...	Zwykle wystarcza mi wąż ogrodowy w domu...
line:c4fc9b28	I wanna talk face to face!	Chcę porozmawiać twarzą w twarz!
line:548dc375	I want to be more open. It feels good.	Chcę być bardziej otwarty. To przyjemne.
line:e02f464d	I was helping the alchemist reach a high shelf	Pomagałem alchemikowi sięgnąć do wysokiej półki.
line:fa97376e	I was helping the alchemist reach a high shelf	Pomagałem alchemikowi sięgnąć do wysokiej półki.
line:bb015b1b	I was romping around the forest	Szalałem w lesie.
line:78e2cb13	I was thinking about what you said,	Myślałem o tym, co powiedziałeś,
line:b8282714	I was thinking.	Tak sobie myślałem.
line:ca616238	I was thinking. We could go out some time next week?	Pomyślałem, że moglibyśmy gdzieś wyjść w przyszłym tygodniu?
line:a13d76ec	I was thinking...	Tak sobie pomyślałem...
line:c1a4edf0	I wasn't making her happy either.	Ona ze mną też nie.
line:a4214fe6	I went out of my way for a discrete washing, I was sure I wasn't followed.	Zadałem sobie tyle trudu, by umyć się dyskretnie. Byłem pewien, że nikt mnie nie śledził.
line:db5cd152	I went out with some friends.	Wyszedłem ze znajomymi.
line:b6b9dc33	I will pay double. Triple- This is a job only you can do!	Zapłacę podwójnie. Potrójnie! Tylko pan może się tym zająć!
line:0c31345e	I will, thanks.	Wpadnę, dzięki.
line:fa41daf4	I will. I just need a quick wash, and wouldn't mind using the mount today.	Opowiem. Potrzebuję tylko szybkiego mycia i chętnie użyję dziś przyrządu.
line:399457b7	I wish it was easy as it is in movies.	Chciałbym, żeby było tak łatwo jak w filmach.
line:2185f08c	I won't.	Nie powiem.
line:45950848	I would like that!	Podoba mi się to!
line:099ec7fd	I would love to.	Bardzo chętnie.
line:e6006cd6	I wouldn't mind!	Chętnie!
line:81905be1	I'd like to go out to eat.	Chciałbym wyjść coś zjeść.
line:75b152eb	I'd love to talk more, truly, but class is soon.	Naprawdę chętnie bym jeszcze porozmawiał, ale zaraz zaczynam zajęcia.
line:2fe8a558	I'd love to!	Z przyjemnością!
line:87ba56cc	I'll be back again, yeah?	Wrócę jeszcze, dobrze?
line:ca035ef2	I'll be back again. It's nice having you as a friend.	Wrócę. Miło mieć w panu przyjaciela.
line:0fcd9c26	I'll be back soon, yeah? Thanks for the wash.	Wrócę wkrótce, dobrze? Dziękuję za mycie.
line:d9f422eb	I'll be waiting at the bar for you tonight!	Będę na ciebie czekał wieczorem w barze!
line:69dff2ec	I'll be waiting for the gate!	Poczekam, aż otworzysz bramę!
line:ae4d09f6	I'll be waiting for the gate!	Poczekam, aż otworzysz bramę!
line:ab616aac	I'll definitely keep this place in mind.	Na pewno będę pamiętał o tym miejscu.
line:b122441b	I'll get one ordered I promise!	Zamówię go, obiecuję!
line:1642b6f1	I'll get out of your scales now. Thank you for the wash.	Dam już panu spokój. Dziękuję za mycie.
line:707d2693	I'll get out of your scales...	Dam ci już spokój...
line:ca480eed	I'll get you two in contact then.	To was ze sobą skontaktuję.
line:59416000	I'll go get the gate for ya'	Otworzę ci bramę.
line:6aa7ad03	I'll go get the gate for ya'	Otworzę ci bramę.
line:2a6d7e7d	I'll go get the gate for you.	Pójdę otworzyć ci bramę.
line:8107858d	I'll go get the gate for you.	Pójdę otworzyć panu bramę.
line:d1755010	I'll go get the gate for you.	Pójdę otworzyć ci bramę.
line:4d692a01	I'll go get the gate.	Pójdę otworzyć bramę.
line:a75bb519	I'll go get the gate.	Pójdę otworzyć bramę.
line:8689a124	I'll happily get that for you.	Z przyjemnością go przyniosę.
line:48e99d7b	I'll have to close up shop first-	Najpierw muszę zamknąć zakład...
line:f2b894e2	I'll have to reserve your spot while you close up.	Zajmę ci miejsce, kiedy będziesz zamykał.
line:6c5e2459	I'll keep that in mind. I'm used to things being transactional.	Zapamiętam. Przywykłem do relacji opartych na wymianie.
line:956a0f47	I'll make sure to ask him next time I see him.	Zapytam go przy następnej okazji.
line:e64d21e4	I'll make sure to come back.	Na pewno wrócę.
line:7c9fe106	I'll make sure to get out of your scales.	Dam ci już spokój.
line:87006442	I'll make sure to tell others about this place	Opowiem innym o tym miejscu.
line:1db78e06	I'll make sure to tell you how it goes, yeah?	Na pewno opowiem ci, jak poszło, dobrze?
line:49b6a167	I'll make sure you're <i>spotless.	Dopilnuję, żebyś był <i>nieskazitelnie czysty.
line:96981b61	I'll manage.	Poradzę sobie.
line:9aa97614	I'll need this to be swift, students won't teach themselves.	Będę potrzebował szybkiej obsługi. Studenci sami się nie nauczą.
line:9ef857c8	I'll need to resurrect Igwix, oh how embarrassing!	Muszę wskrzesić Igwixa. Ależ wstyd!
line:90a9a98e	I'll see you next time I come in, yeah?	Do zobaczenia przy następnej wizycie, dobrze?
line:d0f6a49a	I'll see you next time I come in, yeah?	Do zobaczenia przy następnej wizycie, dobrze?
line:160bf40f	I'll start prepping for it.	Zacznę wszystko przygotowywać.
line:8af64cb8	I'll take care of this, don't you worry.	Zajmę się tym, nie martw się.
line:e20c6391	I'll tell you in a bit. Could you just get the gate for now?	Zaraz ci opowiem. Na razie możesz po prostu otworzyć bramę?
line:04c62f9b	I'm <i>spotless</i>.	Jestem <i>nieskazitelnie czysty</i>.
line:629f8cff	I'm a bit of a big deal around there.	Trochę tam ze mnie ważniak.
line:d9272031	I'm a dragon.	Jestem smokiem.
line:675e7284	I'm a rule breaker!	Lubię łamać zasady!
line:afcd5586	I'm a... kobold.	Jestem... koboldem.
line:5d41b5d6	I'm all dirty still!	Nadal jestem brudny!
line:2f6eb3c3	I'm all soapy still!	Nadal jestem cały w mydle!
line:18707b19	I'm always happy to give you a wash!	Zawsze chętnie cię umyję!
line:3b01eb3b	I'm always happy to give you a wash!	Zawsze chętnie cię umyję!
line:d82b1a7d	I'm always happy to help. <i><size=70%> especially a big dragon.	Zawsze chętnie pomogę. <i><size=70%>Zwłaszcza dużemu smokowi.
line:46c6a3ed	I'm always happy to see you Ryan.	Zawsze miło cię widzieć, Ryan.
line:75206eee	I'm always happy to see you Ryan.	Zawsze miło cię widzieć, Ryan.
line:fa6e232e	I'm always happy to see you. I'll go get the gate for you.	Zawsze miło pana widzieć. Otworzę panu bramę.
line:07e5fc05	I'm amazed!	Jestem pod wrażeniem!
line:4586d55d	I'm an asshole. I know I am.	Jestem dupkiem. Wiem o tym.
line:a6d46685	I'm certain he also finds you pleasant!	Jestem pewien, że on również pana lubi!
line:ef399e26	I'm doing good!	Dobrze się mam!
line:a6c1f2f4	I'm excited for you!	Cieszę się razem z tobą!
line:94fbdbf0	I'm excited for you. I'll get the gate!	Cieszę się razem z tobą. Otworzę bramę!
line:f83e4966	I'm excited to hear about it!	Nie mogę się doczekać!
line:bd55b8f4	I'm excited to see them washing down the drain though.	Ale też chcę zobaczyć, jak spływają do odpływu.
line:24832f01	I'm excited.	Nie mogę się doczekać.
line:69f406a6	I'm excited.	Nie mogę się doczekać.
line:a00f681d	I'm excited.	Nie mogę się doczekać.
line:a0479425	I'm excited.	Nie mogę się doczekać.
line:b5d7d26f	I'm excited.	Nie mogę się doczekać.
line:d66b9155	I'm excited.	Nie mogę się doczekać.
line:4e1b1d0a	I'm glad you derive enjoyment from this as well.	Cieszę się, że panu również sprawia to przyjemność.
line:5db47405	I'm glad you enjoy him. I'm certain he finds you pleasant.	Cieszę się, że go pan lubi. Jestem pewien, że z wzajemnością.
line:c56ee060	I'm glad you enjoy my crest.	Cieszę się, że podoba się panu mój herb.
line:f44a1493	I'm glad you trust me.	Cieszę się, że mi pan ufa.
line:3a2ed5ef	I'm glad you two are working out though.	W każdym razie cieszę się, że wam się układa.
line:c0972e81	I'm glad you two are working out.	Cieszę się, że wam się układa.
line:34ba77b1	I'm glad you were able to make the choice that was best for you.	Cieszę się, że zdołałeś podjąć najlepszą dla siebie decyzję.
line:d5a90e1c	I'm glad!	Cieszę się!
line:286fec49	I'm glad.	Cieszę się.
line:42f5fd9d	I'm glad.	Cieszę się.
line:99b6dc81	I'm glad.	Cieszę się.
line:570d4953	I'm happy for you!	Cieszę się waszym szczęściem!
line:ac6d5bd3	I'm happy for you!	Cieszę się waszym szczęściem!
line:ed5c40ca	I'm happy for you!	Cieszę się waszym szczęściem!
line:79099951	I'm happy to be here too.	Ja też cieszę się, że tu jestem.
line:99fd9b51	I'm happy to give you a place you can relax.	Cieszę się, że ma pan tu miejsce, gdzie można odpocząć.
line:5d36d5c8	I'm happy to have met you.	Cieszę się, że pana poznałem.
line:ce21622a	I'm happy to hear that.	Miło mi to słyszeć.
line:69963a6c	I'm happy you feel comfy here.	Cieszę się, że dobrze się pan tu czuje.
line:38388248	I'm here for a wash.	Przyszedłem na mycie.
line:a6974256	I'm here if you need someone to talk to.	Jestem tutaj, jeśli chcesz z kimś porozmawiać.
line:6690512d	I'm impressed.	Jestem pod wrażeniem.
line:2e424b13	I'm in need of another wash.	Potrzebuję kolejnego mycia.
line:ef91a572	I'm Jealous!	Zazdroszczę!
line:a79b8639	I'm just happy I don't feel judged here.	Po prostu cieszę się, że nikt mnie tu nie ocenia.
line:8076eb95	I'm just here for a wash though.	Ale przyszedłem tylko na mycie.
line:c2caa0b7	I'm just here to bring you food!	Przyszedłem tylko przynieść ci jedzenie!
line:ec6c7823	I'm just... Happy.	Po prostu... się cieszę.
line:ed4b0d48	I'm kind of excited.	Nawet się cieszę.
line:266c652e	I'm looking forward to seeing you again	Czekam na kolejne spotkanie.
line:e91e2041	I'm not <i>that</i> little-	Nie jestem <i>aż taki</i> mały...
line:cf05a364	I'm not certain why I suddenly understand your 'Yips'	Nie wiem, dlaczego nagle rozumiem pańskie „yipy”.
line:dcc4774b	I'm not too sure. It was on sale at WingCo.	Nie jestem pewien. Było na promocji w WingCo.
line:5b31909a	I'm only doing what I think is right.	Robię tylko to, co uważam za słuszne.
line:7fe349d7	I'm profoundly embarrassed by this whole ordeal.	Jestem głęboko zawstydzony tym całym zajściem.
line:cfaffc52	I'm pumped.	Ale się jaram.
line:c0a140f8	I'm really fond of letting folks ride on my back.	Bardzo lubię wozić innych na grzbiecie.
line:1a5e6184	I'm really looking forward to this.	Naprawdę nie mogę się doczekać.
line:8b43a434	I'm really sorry you got hurt. Who did this?	Bardzo mi przykro, że cię skrzywdzono. Kto to zrobił?
line:69ffe957	I'm so excited about this date!	Tak się cieszę na tę randkę!
line:e6290003	I'm so excited. I'll get you two in contact!	Ale się cieszę. Skontaktuję was!
line:e8611ad0	I'm sorry for dumping that all on you earlier.	Przepraszam, że wcześniej tyle ci nagadałem.
line:e613b1c3	I'm sorry I snapped at you earlier.	Przepraszam, że wcześniej na ciebie warknąłem.
line:de208e68	I'm sorry you got hurt...	Przykro mi, że cię skrzywdzono...
line:4843bb47	I'm still very muddy, if you could soap me up that'd be great.	Nadal mam sporo błota. Byłoby dobrze mnie namydlić.
line:51d4e418	I'm such an idiot.	Ale ze mnie idiota.
line:32114891	I'm sure nobody will know...	Na pewno nikt się nie dowie...
line:17a05c96	I'm sure we'll figure something out! just meet me at the pier!	Na pewno coś wymyślimy! Spotkajmy się na molo!
line:8136ef1a	I'm surprised how nice it is.	Dziwię się, że to takie przyjemne.
line:722c6ab2	I'm thinking a date soon.	Myślę o randce wkrótce.
line:3471e9b1	I'm trying my best.	Staram się, jak mogę.
line:01492e5e	I'm trying not to be pushy.	Próbuję się nie narzucać.
line:4d6cd625	I'm trying to get away from the house for a bit.	Próbuję na trochę wyrwać się z domu.
line:c1ef777a	I'm unsure why speaking with you is so easy.	Nie wiem, dlaczego tak łatwo mi z panem rozmawiać.
line:822c0718	I'm very excited.	Bardzo się cieszę.
line:ddab3d34	I'm very satisfied with these results..	Jestem bardzo zadowolony z efektów..
line:03eb977c	I'm well aware. A deep clean has a distinct feel!	Dobrze wiem. Dokładne mycie daje szczególne uczucie!
line:f9193c0d	I'm willing to do it. But I'd like something new.	Chcę spróbować. Ale przydałoby mi się coś nowego.
line:63981253	I'm... Happy.	Jestem... szczęśliwy.
line:f80bd44b	I'm... not certain I'd like to use this today.	Nie... jestem pewien, czy chcę dziś tego używać.
line:d422462e	I'm... not sure I can answer that for you.	Nie... jestem pewien, czy mogę odpowiedzieć za ciebie.
line:8f107933	I'm... Rather close now	Jestem... już dość blisko.
line:24c52c54	I'm... wondering...	Tak... myślę...
line:6bbd7f1d	I've always hated the rain.	Zawsze nie znosiłem deszczu.
line:b4353808	I've always loved giving my biped friends rides...	Zawsze lubiłem wozić dwunożnych przyjaciół...
line:9541fceb	I've been considering asking you this for a while now.	Od pewnego czasu zastanawiałem się, czy pana zapytać.
line:505154a4	I've been thinking...	Zastanawiałem się...
line:58b4f5fb	I've been told it's polite to talk to smaller folk face to face.	Podobno uprzejmie jest rozmawiać z mniejszymi twarzą w twarz.
line:2c560e29	I've been trying to get into the social sciences aswell.	Próbuję też zainteresować się naukami społecznymi.
line:b4a29141	I've got a guy who can drop a gift by tomorrow that would spruce things up.	Znam gościa, który jutro może podrzucić prezent i trochę tu ożywić.
line:212f0021	I've had a lot of free time lately.	Ostatnio mam sporo wolnego czasu.
line:701b9feb	I've had a lot of free time lately.	Ostatnio mam sporo wolnego czasu.
line:79da763f	I've had a lot of free time lately.	Ostatnio mam sporo wolnego czasu.
line:3c4443fd	I've seen bigger	Widziałem większe.
line:d7a90078	I...	Ja...
line:393d0e05	I... hm.	Ja... Hm.
line:0da5609b	I... Know this is unprompted.	Wiem... że mówię to tak nagle.
line:5cfb94b9	If a relationship is <i>so</i> bumpy and you know its going to end.	Jeśli w związku jest <i>tak</i> ciężko i wiesz, że to się skończy.
line:b2f52b23	If I could uhm...	Czy mógłbym, eee...
line:b4990e3d	If I'm honest. I've had a crush on you for a bit.	Szczerze mówiąc, podobasz mi się od jakiegoś czasu.
line:7c13c28e	If only.	Gdyby tylko.
line:a56c5621	If someone like Ryan is interested, you're doing great.	Jeśli interesuje się tobą ktoś taki jak Ryan, świetnie ci idzie.
line:52f28749	If we're caught violating another policy my reputation would be in ruins!	Jeśli przyłapią nas na kolejnym naruszeniu przepisów, moja reputacja legnie w gruzach!
line:83f511d2	If ya' place the mount for me I'll have at it.	Postaw mi przyrząd, to się nim zajmę.
line:7ead92b1	If you could come up front so I could talk.	Mógłbyś podejść z przodu, żebyśmy pogadali?
line:e78656aa	If you could come up to where I can see you.	Podejdziesz tak, żebym cię widział?
line:9a013329	If you wanna talk about it more, I've got a minute.	Jeśli chcesz jeszcze porozmawiać, mam chwilkę.
line:3d014153	If you want to use it that's fine!	Jeśli chce pan go użyć, nie ma problemu!
line:a9eb9a76	if you're seeing this please grab nael or submit a bug report	Jeśli to widzisz, powiadom Naela lub zgłoś błąd.
line:b9ab4eed	Im not complaining though.	Ale nie narzekam.
line:27340362	In a bad way?	W złym sensie?
line:2019bb85	In a good way?	W dobrym sensie?
line:91d5fb72	Incredible!	Niesamowite!
line:61c8781b	Indeed! You're the only kobold I wish to wash me now.	Zaiste! Teraz chcę, by mył mnie tylko pan.
line:a5979ac9	Indeed, you must know of my crest! I teach alchemy.	Zgadza się, zapewne rozpoznał pan mój herb! Uczę alchemii.
line:dd9d30d2	Indeed. I'm glad you were able to help.	Zaiste. Cieszę się, że mógł pan pomóc.
line:fd5ddfcb	Indeed. You're an excellent person to be around.	Zaiste. Znakomicie się przebywa w pańskim towarzystwie.
line:78c9b5cc	Is everything okay?	Wszystko w porządku?
line:bea8f1f7	Is something on your mind?	Coś cię trapi?
line:6b6dd8bc	Is that a good thing...?	To dobrze...?
line:848727f2	Is that a threat...?	To groźba...?
line:db302830	Is that why you came in the first time?	Dlatego przyszedłeś za pierwszym razem?
line:00e41343	Is this good?	Dobrze tak?
line:7982d3d8	Is this the right place?	Dobrze trafiłem?
line:c48f59a9	Is this the right place?	Dobrze trafiłem?
line:b05f6eea	Isn't that... Wood?	To nie jest... drewno?
line:bf137cb4	It arrived this morning, it should be near the gate.	Przyjechał rano, powinien być przy bramie.
line:5080b6dd	It depends! Dragon thing.	To zależy! Smocza rzecz.
line:34cf0601	It did! Thanks for asking.	Tak! Dzięki, że pytasz.
line:900dca3c	It does wonders.	Czyni cuda.
line:cfd504c5	It does wonders.	Czyni cuda.
line:ac13bf68	It is indeed rather cool.	Istotnie, jest całkiem fajnie.
line:ea445b46	It is rather novel isn't it?	To dość nowe doświadczenie, prawda?
line:56d34a41	It is? Good to know...	Naprawdę? Dobrze wiedzieć...
line:b058318f	It means you're doing a good job in kobold.	To po koboldzku znaczy, że dobrze ci idzie.
line:13c906c7	It really has been. You're wonderful.	Naprawdę było. Jesteś wspaniały.
line:b032bfb1	It turns out baking is messy!	Okazuje się, że przy pieczeniu można się ubrudzić!
line:da4f12a1	It turns out baking is messy!	Okazuje się, że przy pieczeniu można się ubrudzić!
line:e106207b	It turns out baking is messy!	Okazuje się, że przy pieczeniu można się ubrudzić!
line:e0c8c57b	It was good. We had sex.	Dobrze. Uprawialiśmy seks.
line:681117ec	It was great. Conrad is wild. Good wild.	Świetnie. Conrad jest szalony. W dobrym sensie.
line:28eee9f5	It went great!	Było świetnie!
line:92bfe06c	It went great!	Było świetnie!
line:a5d2b991	It went well.	Było dobrze.
line:1ab5969b	It would be a... date. As most would say.	Byłaby to... randka. Jak się zwykło mówić.
line:8440a3f4	It's a regrettable state I find myself in...	Mój stan jest godny pożałowania...
line:1706e86d	It's also new to me...	Dla mnie też to nowe...
line:c1b8e62b	It's always good when a kobold knows what they like.	Dobrze, kiedy kobold wie, co lubi.
line:deffce5c	It's crazy how much your neck can handle.	To niesamowite, ile pomieści twoja szyja.
line:2e182063	It's difficult to find folks that are outside of my current bubble.	Trudno znaleźć ludzi spoza mojego obecnego kręgu.
line:48cfc92b	It's endearing!	To rozczulające!
line:5b6f00bd	It's fine.	Nic się nie stało.
line:13dc0f15	It's fine. I close in about an hour.	Nie szkodzi. Zamykam za jakąś godzinę.
line:23ac92c8	It's freeing. I'll be back, yeah?	To wyzwalające. Wrócę, dobrze?
line:de9fdb93	It's hard to hold back..	Trudno się powstrzymać..
line:9ebea3d0	It's hard to not be nervous after everything...	Trudno się nie denerwować po tym wszystkim...
line:ec8243d8	It's interesting; you bipeds tend to savor your meals.	To ciekawe, wy dwunożni lubicie delektować się posiłkami.
line:d50cb509	It's just that something happened to Conrad, I hope he's okay.	Po prostu coś stało się Conradowi. Mam nadzieję, że nic mu nie jest.
line:bee6c7dd	It's just that...	Po prostu...
line:3b76093c	It's made for eating things whole.	Jest stworzona do połykania rzeczy w całości.
line:19f36dc0	It's my dream.	To moje marzenie.
line:18db795f	It's never easy to end things.	Nigdy nie jest łatwo zakończyć związek.
line:049fb01f	It's nice to have friends to rely on.	Dobrze mieć przyjaciół, na których można polegać.
line:ed69e3a1	It's nice to relinquish control, even for a moment.	Miło oddać kontrolę, choćby na chwilę.
line:e9d34ea0	It's no biggie. It sounds like everyone is fine.	Nic wielkiego. Wygląda na to, że wszyscy są cali.
line:7e511da7	It's okay!	Nic się nie stało!
line:b14d8520	It's okay, you sound like you need it.	Nie szkodzi, chyba tego potrzebujesz.
line:50b95260	It's okay. I needed to. She wasn't making me happy.	W porządku. Musiałem. Nie byłem z nią szczęśliwy.
line:47455767	It's okay. I'll figure something out.	W porządku. Coś wymyślę.
line:9287c933	It's starting to feel like it's <i>my</i> fault.	Zaczynam mieć wrażenie, że to <i>moja</i> wina.
line:7ab244af	It's the best way to enjoy food.	To najlepszy sposób na cieszenie się jedzeniem.
line:0b7589ff	It's the mount you asked for.	To przyrząd, o który prosiłeś.
line:a5780e74	It's wonderful to be back!	Wspaniale tu wrócić!
line:649e8eb3	Its a nice get away from everything out there.	Miło oderwać się od wszystkiego tam na zewnątrz.
line:d0361dd9	Its like an equine fusion thing...	Taka kuchnia fusion koniowatych...
line:df86a610	Jokes aside, your wash is definitely the best.	Żarty żartami, ale twoja myjnia jest najlepsza.
line:7fe40d2b	Just a rough day. Hoping this helps!	Po prostu ciężki dzień. Mam nadzieję, że to pomoże!
line:ce77a00e	Just did!	Właśnie skończyłem!
line:7c93c604	Just doing my job!	Po prostu robię swoje!
line:fa0a9fbb	Just having fun.	Po prostu się bawię.
line:9e9425cd	Just possibly...	Ewentualnie...
line:1d73a343	Just some drake at the bar. Was stupid... Couldn't shut my mouth.	Jakiś smok w barze. Byłem głupi... Nie umiałem zamknąć pyska.
line:ecb9a15d	Just touch me with your hand and I'll try to help.	Po prostu dotknij mnie ręką, a spróbuję pomóc.
line:14209365	Just uhm... Don't tell anyone I'm saying all this.	Tylko, eee... Nie mów nikomu, że to wszystko mówię.
line:3bac1dad	Just... open the gate.	Po prostu... otwórz bramę.
line:4f826403	Keep going a little longer please	Jeszcze chwilkę, proszę.
line:087039ba	Keep going.	Nie przestawaj.
line:d8f92323	Kinda! I've been getting out more.	Trochę! Częściej wychodzę.
line:b965b4dd	Knock that off, we're not done yet. Right?	Przestań, jeszcze nie skończyliśmy. Prawda?
line:d9d276bb	Kobolds always seem enamored by me eating.	Koboldy zawsze wydają się zafascynowane tym, jak jem.
line:0274cacd	Kobolds are very flexible. It will fit.	Koboldy są bardzo elastyczne. Zmieści się.
line:20cb68b9	lemme in?	Wpuścisz mnie?
line:41d5085a	Let go whenever you are ready.	Proszę sobie pozwolić, kiedy będzie pan gotowy.
line:29a77d09	Let me give it a try!	Daj spróbować!
line:265e14cb	Let me know when you're finished rinsing.	Proszę powiedzieć, gdy skończy pan spłukiwać.
line:0e1fd4b0	Let the <i>big C</i> out of this place!	Wypuść stąd <i>wielkiego C</i>!
line:f7382398	Let's get going~!	No to zaczynamy~!
line:c50535b3	Let's have it!	Dawaj wszystko!
line:9accd60e	Lets wash it off for our date tonight then.	To zmyjmy to przed naszą dzisiejszą randką.
line:7ce1b833	Like what?	Jak?
line:cb91e703	Like, I love those around me, but there's a lot of baggage there.	Lubię bliskich, ale wiąże się z nimi spory bagaż.
line:aa1c54ab	Like, in general.	Tak ogólnie.
line:bbe51f87	Like, in general.	Tak ogólnie.
line:7b7b0a3f	Like, the future of my relationships.	O tym, jak będą wyglądać w przyszłości.
line:db79a905	Like... a lemon?	Czyli... cytryna?
line:ffd7dcc4	Like... An asshole? I know I'm miserable to be around.	Jak... dupek? Wiem, że ciężko ze mną wytrzymać.
line:a0a0a49c	Like... sexual stuff?	W sensie... coś seksualnego?
line:9becd177	Look at me! I'll be the laughing stock of my students.	Proszę na mnie spojrzeć! Studenci mnie wyśmieją.
line:9711cf03	Lookin' for a hose down. Wouldn't mind using the mount aswell.	Przyda mi się spłukanie. I chętnie użyję przyrządu.
line:abdb5822	Looking forward to seeing ya'	Nie mogę się doczekać kolejnej wizyty.
line:5c335985	Looking forward to seeing you soon.	Z niecierpliwością czekam na kolejne spotkanie.
line:1d0abc80	Looking forward to the wash.	Czekam z przyjemnością na mycie.
line:646279a0	Looks like it.	Na to wygląda.
line:b6093881	Looks like ya' got a shipment, eh?	Widzę, że była dostawa, co?
line:f1fc3e3c	Luckily death via spontaneous combustion is a concept we have thoroughly curtailed in the modern world.	Na szczęście śmierć wskutek samozapłonu to zjawisko, które mocno ograniczyliśmy we współczesnym świecie.
line:d2ba8ba9	Made a bit of a mess... Still worth it.	Trochę nabrudziłem... I tak było warto.
line:301e8665	Make haste! My reputation is on the line.	Proszę się pospieszyć! Moja reputacja jest zagrożona.
line:5072cc60	Make sure you're very clean. <size=70%><i>hehe.	Zadbaj, żebyś był czyściutki. <size=70%><i>Hehe.
line:da21cf49	Makes sense! Yeah tiny drakes are fun.	To ma sens! Tak, małe smoki są fajne.
line:22b2643b	Makes sense.	To zrozumiałe.
line:e7f0e9ed	Makes sense.	To zrozumiałe.
line:89c9a73b	Many think it's part of my body.	Wielu sądzi, że jest częścią mojego ciała.
line:d7bcbe29	Max says I'm a clumsy dragon,	Max mówi, że jestem niezdarnym smokiem.
line:db986d0d	May you open the gate?	Czy mógłby pan otworzyć bramę?
line:76a97730	Maybe later...?	Może później...?
line:08a422ba	Maybe like...	Może tak...
line:6f293b7a	Maybe someone new...	Może ktoś nowy...
line:d2558a04	Maybe someone?	Może kogoś?
line:67a46ddc	Maybe we can hang out later?	Może spędzimy później trochę czasu razem?
line:5691478f	Maybe we could just... Walk?	Może po prostu... spacer?
line:7734bf93	Me too, thanks!	Ja też, dzięki!
line:627a13e4	Me too.	Ja też.
line:d3c733f5	Me too.	Ja też.
line:ffa63d1b	Me too.	Ja też.
line:040ee2a7	me too.	Ja też.
line:d13cd125	Me.	Sobą.
line:14e7b293	Me?	Ja?
line:b9cb051a	Means I'm ready to go on a date with a certain kobold.	To znaczy, że jestem gotów na randkę z pewnym koboldem.
line:e5da247d	Means you know how to get hands on!	Czyli wiesz, jak popracować rękami!
line:171707d2	Mhm!	Mhm!
line:11306335	Mhm! Come back anytime.	Mhm! Wpadaj, kiedy chcesz.
line:69dd6a73	Mhm! he's trying to meet new people.	Mhm! Próbuje poznawać nowe osoby.
line:da17b746	Mhm! I'm <i>the</i> kobold!	Mhm! To ja jestem <i>tym</i> koboldem!
line:a0cb3f78	Mhm! that's him.	Mhm! To on.
line:164fdb01	Mhm, he's trying.	Mhm, stara się.
line:1a663dcf	Mhm, right this way.	Mhm, tędy.
line:3cd8a8bd	Mhm... Thank you.	Mhm... Dziękuję.
line:4546abce	Might seem kinda weird to ask now. Buuuut.	Może dziwnie pytać teraz. Aaaale...
line:57d8b72a	Mind opening the gate to let me out?	Otworzysz bramę, żebym mógł wyjść?
line:b2a507ab	Mind opening the gate to let me out?	Otworzysz bramę, żebym mógł wyjść?
line:6d726280	Mind washing more?	Umyjesz mnie jeszcze trochę?
line:c8281b83	Mmm, I understand that to mean you'll get the gate?	Mmm, mam rozumieć, że otworzy pan bramę?
line:dd0c77ae	Mmm, Yeah I know the type.	Mmm, tak, znam ten typ.
line:d8cafcc7	mmm..	Mmm...
line:729cea0c	Mmmhm, I always do my best.	Mhm, zawsze daję z siebie wszystko.
line:f36b8b76	Mmmhm. I'll work on my sleep schedule...	Mmmhm. Popracuję nad porami snu...
line:d38efb75	Mmmmhm, gotta prep for a date with him.	Mmmhm, muszę się przygotować na randkę z nim.
line:a78dd44b	mmph! (Yea!)	Mmph! (Tak!)
line:b132719c	Mmph- Hm?	Mmph... Hm?
line:16ee6b14	Money... mmm...	Pieniądze... Mmm...
line:d8cc8048	Most people do!	Większość lubi!
line:3d723db0	Must mean you two are a good match.	To zapewne znaczy, że do siebie pasujecie.
line:9ca994a5	My bad	Mój błąd.
line:aaecba3d	My bad	Mój błąd.
line:fedbf70c	My colleague, professor Igwyx, wished to use me as a platform.	Mój kolega, profesor Igwyx, chciał użyć mnie jako podestu.
line:08af3902	My date with Ryan was...	Moja randka z Ryanem była...
line:116b5405	My date with Ryan was...	Moja randka z Ryanem była...
line:e26c3b65	My first ever Yarn script in Unity!	Mój pierwszy skrypt Yarn w Unity!
line:f15b014f	My names Ryan. So...	Mam na imię Ryan. Więc...
line:e4aced7b	My students could learn a thing or two from your work ethic!	Moi studenci mogliby się od pana uczyć pracowitości!
line:dfe74420	My-	O rety...
line:9b915bf2	Nah.	Nie.
line:c3642dec	Nah.	Nie.
line:393c128a	Never cleaned a teacher dragon... woah.	Nigdy nie myłem smoka nauczyciela... Ojej.
line:a99b03ed	Never tried it.	Nigdy nie próbowałem.
line:6df809e1	Nevermind. Could you get the gate?	Nieważne. Otworzysz bramę?
line:d3a50f3f	Next time I come in for a wash we'll go.	Pójdziemy, gdy następnym razem przyjdę się umyć.
line:ac5afd96	Next time I come in I'll have reservations!	Następnym razem przyjdę już z rezerwacją!
line:8990fcc9	Nice! Whats with all the... Gloop?	Super! Co to za... maź?
line:1d4b8528	Nice. Gotta open the gate though. Let Conrad in!	Dobra. Tylko otwórz bramę. Wpuść Conrada!
line:acab92d4	Nnf... I believe I needed that. Thank you.	Nnf... Chyba tego potrzebowałem. Dziękuję.
line:8fe11008	Nnnf... That was way better than those berries.	Nnnf... Dużo lepsze niż te jagody.
line:b251704a	No	Nie.
line:e05c2dca	No	Nie.
line:dc86c2de	no	Nie
line:5794ea87	No amount of justification makes it feel good though.	Ale żadne uzasadnienie nie sprawia, że mniej boli.
line:5a5ec440	No I actually just got it	Nie, dopiero go dostałem.
line:cd5f07ca	No more excuses.	Koniec wymówek.
line:4b38230f	No need for thanks. I'll get the gate.	Nie ma za co. Otworzę bramę.
line:11604fbd	No need to be nervous, Alexander!	Nie musi się pan denerwować, Alexandrze!
line:eefef647	No need to be.	Nie ma powodu.
line:73ea230a	No no, you're a certified cleaner yeah?	Nie, nie. Masz uprawnienia do mycia, co?
line:743c64e6	No not really.	Nie, niezupełnie.
line:50feefe8	No problem!	Nie ma sprawy!
line:1a9a36e1	No problem! Can't wait for you to meet Conrad.	Nie ma sprawy! Nie mogę się doczekać, aż poznasz Conrada.
line:0a9993d2	No problem, thanks!	Nie ma sprawy, dzięki!
line:10bdb3a4	No problem, thanks!	Nie ma sprawy, dzięki!
line:3a8f65fa	No problem.	Nie ma sprawy.
line:ee3d0ee4	No problem. Let me get that gate for ya'!	Nie ma sprawy. Już otwieram panu bramę!
line:eedccaec	No way.	Niemożliwe.
line:f0351f0c	No way.	Niemożliwe.
line:d726f776	No worries,	Nie szkodzi,
line:12b7a5b3	No! I mean, yes, but for the sake of my reputation could you please keep my incursion here to yourself.	Nie! To znaczy tak, ale przez wzgląd na moją reputację proszę zachować moją wizytę w tajemnicy.
line:f7f963e3	No, I am.	Ależ jestem.
line:54faa7c0	No, I don't think I do.	Nie, chyba nie.
line:38419d8b	No, it's not. No more excuses.	Właśnie że się stało. Koniec wymówek.
line:cd9b2a8f	No, thank you. I'm... Really excited.	Nie, to ja dziękuję. Jestem... naprawdę podekscytowany.
line:1af1ad05	No, we don't offer things like that here.	Nie, nie oferujemy takich usług.
line:cb7e94e5	no.	Nie.
line:6128a09c	No. A lime that is yellow.	Nie. Limonka, która jest żółta.
line:de25dacd	No. I'm not. Do you have a medkit or not?	Nie. Nie jest dobrze. Masz apteczkę czy nie?
line:1cc64bcf	No.. No it's fine... thank you.	Nie... Nie, w porządku... Dzięki.
line:525f5744	Nope	Nie.
line:fbd2c3e7	Nope.	Nie.
line:5406ba8e	Normally I'd say yes to a mount. But, not right now.	Zwykle chętnie skorzystam z przyrządu. Ale nie teraz.
line:ab92da6a	Not anymore at least!	Przynajmniej już nie!
line:0cfcd179	Not for a date though.	Ale nie na randkę.
line:d1b90e2c	Not sure yet.	Jeszcze nie wiem.
line:e9643b5d	Not yet.	Jeszcze nie.
line:326cc84d	Not yet. a little longer.	Jeszcze nie. Trochę dłużej.
line:56a729f6	Nothing more attractive than a man who can improve!	Nic tak nie pociąga jak mężczyzna, który potrafi się poprawić!
line:b5dabf9f	Nothing more attractive than a man who can improve!	Nic tak nie pociąga jak mężczyzna, który potrafi się poprawić!
line:8a321997	Now I'm eyeballing the mount...	Teraz nie mogę oderwać oczu od przyrządu...
line:5e0a6d7a	Now I'm out here, agh!	I teraz stoję tu na zewnątrz, ach!
line:564a9606	Now they'll never need to know!	Teraz nigdy nie będą musieli wiedzieć!
line:d66b7986	Now!	A teraz!
line:63596bb3	Now, do you have a medkit or not?	Masz tę apteczkę czy nie?
line:eefc4e9f	Now, lemme in! I want to try that thing out!	No, wpuść mnie! Chcę to wypróbować!
line:0554966a	Now, more food?	To co, jeszcze trochę jedzenia?
line:3fb3f8d4	Now, round two!	Teraz druga runda!
line:12e6043e	Now... Food?	To co... Jedzenie?
line:5f8b2de4	oah. <size=70%>okay.	O. <size=70%>Dobrze.
line:13223129	Of course	Oczywiście.
line:283e56d8	Of course I am! I know I'm very...	No jasne! Wiem, że jestem bardzo...
line:5788e15c	Of course I do. I'm a <i>professional</i>.	Oczywiście. Jestem <i>profesjonalistą</i>.
line:0b226939	Of course it is!	Oczywiście, że nie!
line:f21dd9d4	Of course it is!	Oczywiście, że nie!
line:642255fc	Of course!	Oczywiście!
line:76f8c20c	Of course!	Oczywiście!
line:877aced7	Of course!	Oczywiście!
line:d2401e75	Of course!	Oczywiście!
line:f9eb2b4a	Of course! Right this way!	Oczywiście! Tędy!
line:0d20d327	Of course! Thank you for the food.	Oczywiście! Dzięki za jedzenie.
line:4da976f5	Of course! You run a fine establishment.	Oczywiście! Prowadzi pan wspaniały zakład.
line:b629bcf2	Of course! You're wonderful.	Oczywiście! Jest pan wspaniały.
line:b6c96475	Of course, you run a fine establishment.	Oczywiście, prowadzi pan wspaniały zakład.
line:dd082478	Of course.	Oczywiście.
line:203cc3d2	Of course. One moment!	Oczywiście. Chwileczkę!
line:fd145efe	Of course. Sorry you're going through all this.	Oczywiście. Przykro mi, że przez to przechodzisz.
line:7305cdbc	Oh cool!	O, fajnie!
line:eb6ae4c3	Oh cool!	O, fajnie!
line:77c996e8	Oh damn! You really are adventurous!	O kurwa! Naprawdę lubisz przygody!
line:3fdb9d01	Oh fcuk something went wrong	O kurwa, coś poszło nie tak.
line:9e403ecd	Oh fuck yeah.	O kurwa, tak.
line:13c39c50	Oh fudge, forget I said that!	O rety, proszę zapomnieć, że to powiedziałem!
line:e722753e	Oh goodness no..	O nie, skądże..
line:55e3dd36	Oh hi! um..	O, cześć! Eee...
line:e8ee5747	Oh hi! um..	O, cześć! Eee...
line:b90f527f	Oh huh, that's the tiny drake I saw coming in a bit back yeah?	O, to ten malutki smok, którego widziałem tu niedawno, tak?
line:001ab950	Oh I heard good things about that.	O, słyszałem dobre opinie.
line:0a4a28c0	Oh I see the button there, gotcha!	O, widzę przycisk. Jasne!
line:c6b0b1aa	Oh like, swallowing things whole?	O, chodzi o połykanie w całości?
line:10254d13	Oh my	O rety.
line:39f6c77d	Oh my bad	Och, mój błąd.
line:79511a66	Oh my bad	Och, mój błąd.
line:8cfbd75d	Oh my bad	Och, mój błąd.
line:cb71b2a1	Oh my bad	Och, mój błąd.
line:7d13eca0	Oh my- I didn't expect you to be so... hands on	O rety... Nie spodziewałem się, że będzie pan tak... bezpośredni.
line:c60c65e8	Oh my. I suppose I could use the mount!	O rety. Chyba mógłbym skorzystać z przyrządu!
line:433cb27e	Oh no! Do you want to talk about it?	O nie! Chcesz o tym porozmawiać?
line:d908622a	Oh no, Conrad. are you okay?	O nie, Conrad. Nic ci nie jest?
line:bf977a7e	Oh okay. I'll go grab it.	O, dobrze. Przyniosę go.
line:7428755b	Oh so it's new for both of us!	O, czyli dla nas obu to coś nowego!
line:513bed5a	Oh so it's new to both of us!	Czyli dla nas obu to coś nowego!
line:4bad37a5	Oh that's good. I'm happy he's okay.	O, to dobrze. Cieszę się, że nic mu nie jest.
line:7d791906	Oh this is better, but I still feel dirty.	Och, lepiej, ale nadal czuję się brudny.
line:63926ecd	Oh we're done?	O, skończyliśmy?
line:546d1bf2	Oh wow, you're really covered in it!	Ojej, rzeczywiście jest go wszędzie pełno!
line:b2d99a43	Oh wow..	O rany..
line:e8052272	Oh yeah I liked the first one.	O tak, podobała mi się pierwsza część.
line:a4a26529	Oh yeah, there's this nice place downtown called wings.	O tak, jest fajne miejsce w centrum, Wings.
line:d4d3ecd5	Oh yeah.	O tak.
line:059142a3	Oh Yeah?	O tak?
line:71053a53	Oh Yeah?	O tak?
line:1121309c	Oh yeah?	O tak?
line:2b560f59	Oh yeah?	O tak?
line:2d2820b0	Oh yeah?	O tak?
line:6e82e54c	Oh yeah?	O tak?
line:b9d8a22f	Oh yeah?	O tak?
line:d8ce8566	Oh yeah?	O tak?
line:f103a4a8	Oh yeah?	O tak?
line:4f6344f1	Oh yeah? He sounds like a bit of a hothead.	Tak? Brzmi na trochę porywczego.
line:60cdf456	Oh yeah? The little red drake?	O tak? Tym małym czerwonym smokiem?
line:a9253dd8	Oh yeah? The sky blue drake I've seen around?	O tak? Tym błękitnym smokiem, którego tu widywałem?
line:762882b4	Oh yeeeaaah?	O taaak?
line:5d737ca7	Oh yes	O tak.
line:1c90fb6d	Oh you. Gonna make me blush.	Och, ty. Jeszcze się zarumienię.
line:7e3e59aa	Oh!	O!
line:3605a48a	Oh! I think I've seen him. The tiny one, yeah?	O! Chyba go widziałem. Ten malutki, tak?
line:3bc15278	Oh! No it wouldn't be. It's fun!	Och! Wcale nie. To zabawne!
line:c95a153d	Oh! nothing. I'll get the gate.	O! Nic. Otworzę bramę.
line:b6fb6fce	Oh! Okay. I'll get the gate!	O! Dobrze. Otworzę bramę!
line:4d3233a1	Oh! That's cold!	O! Ale zimna!
line:403f2ab7	Oh! Then I better let you in. I'll go get the gate.	O! To lepiej pana wpuszczę. Otworzę bramę.
line:0f2dc134	Oh! Yeah that makes sense...	O! Tak, to zrozumiałe...
line:1270a483	Oh, and I apologize for being absolutely filthy.	Och, i przepraszam, że jestem tak brudny.
line:7b5be1f8	Oh, and I've figured it where to go.	O, i już wiem, dokąd pójdziemy.
line:52fb116d	Oh, and seems I got some on my face. woops.	O, chyba trochę się pobrudziłem na pysku. Ups.
line:73a37947	Oh, awesome. I'm a big salmon guy.	O, świetnie. Jestem facetem, który uwielbia łososia.
line:74c9c07b	Oh, like... working class?	Och, czyli... robotnicze?
line:e048566b	Oh, no.	Och, nie.
line:1a9e6537	Oh, no. Ryan is a sweetheart.	Och, nie. Ryan to skarb.
line:5f6a124a	Oh, okay. Thanks.	A, dobrze. Dzięki.
line:17716b05	Oh, right. Sorry.	Ach, racja. Przepraszam.
line:82ba64bf	Oh, sorry-	Och, przepraszam...
line:956e5c91	Oh, sorry.	Och, przepraszam.
line:54a8bb22	Oh, sure. Come on in.	Och, jasne. Wejdź.
line:270276eb	Oh, that's my favorite part!	O, to moja ulubiona część!
line:1ff9a04c	Oh, the crest around my head?	Och, herb wokół mojej głowy?
line:ffed6d04	Oh, wonderful. Seem's we're similar.	Och, wspaniale. Wygląda na to, że mamy coś wspólnego.
line:30e6b801	Oh, yeah!	O, tak!
line:bedeee82	Oh- Eager!	O, ale zapał!
line:38b3c8c1	Oh- I mean. I'll go open the gate!	O... To znaczy, idę otworzyć bramę!
line:714c180e	Oh- I'm glad!	Och, cieszę się!
line:ccf87ea9	Oh- I'm not too interested in using that right now.	O... Teraz nie mam ochoty tego używać.
line:963981e4	Oh- I'm sorry for making a mess...	Och... Przepraszam za bałagan...
line:8e407c6e	Oh- Not just the wash.	O... Nie chodzi tylko o mycie.
line:ad31ec4c	Oh- Not just the wash.	O... Nie chodzi tylko o mycie.
line:6866c2c9	Oh- Right now? 'aight I'm down.	O, teraz? Dobra, jestem chętny.
line:9a6dca4b	Oh- Ya. On it.	O, tak. Już idę.
line:3b6d644d	Oh.	Och.
line:4399096b	Oh.	Och.
line:8441bf7b	Oh.	Och.
line:87233429	Oh.	Och.
line:e90fee8e	Oh.	Och.
line:ebd9b4d3	Oh.	Och.
line:8a79f72c	Oh. And one other thing.	O, jeszcze jedno.
line:e8289be5	Oh. good.	O, dobrze.
line:5442e228	Oh. Okay I'll go get the gate.	O. Dobrze, otworzę bramę.
line:0da15c85	Oh. Okay.	Och. Dobrze.
line:73f7f13d	OH. RIGHT.	O. RACJA.
line:c35890c8	Oh. That's... Wonderful!	Och. To... wspaniale!
line:0ce8d5aa	Oh. Then yeah, we're open.	O. W takim razie tak, jest otwarte.
line:52ed140c	Oh. Uhm. <size=70%>Good.	Och. Eee. <size=70%>Dobrze.
line:780d0993	Oh. yeah. Sorry.	Och. Tak. Przepraszam.
line:7f5113d5	OH. You're not used to eating them whole.	AHA. Nie jesteś przyzwyczajony do zjadania ich w całości.
line:45bc649d	Oh...	Och...
line:0a093816	Oh... hah. I like that.	Och... Ha. Podoba mi się.
line:f885f11d	Oh... I suppose this is alright~	Och... To chyba całkiem w porządku~
line:7cd85c8e	Oh... I'm so sorry.	Och... Bardzo mi przykro.
line:8cc1aa72	Oh... yeah we don't have one.	O... Tak, nie mamy go.
line:f16d7940	Oh... Yeah, tinier dragons tend to... Compensate.	Och... Tak, mniejsze smoki mają tendencję do... nadrabiania.
line:1d491283	Oh?	Och?
line:21c46e75	Oh?	Och?
line:fd8d786a	Oh?	Och?
line:0ce8d3c2	ohmygod I thought the egg was decorative.	Ojej, myślałem, że to jajko jest ozdobą.
line:d9b26374	Ok I can do that	Dobrze, dam radę.
line:1777121d	Ok I got this..	Dobrze, dam sobie radę..
line:f3af3ce8	Ok just tell me if you get uncomfortable or anything.	Dobrze, powiedz tylko, jeśli będzie niewygodnie albo coś.
line:6c3a98cc	Ok lets wash it off for our date tonight then.	Dobra, zmyjmy to przed naszą dzisiejszą randką.
line:7a54a1e1	Okay	Dobrze.
line:f64a5b30	Okay	Dobrze.
line:249500dc	Okay!	Dobrze!
line:a327b5f9	Okay!	Dobrze!
line:ccaabca3	Okay!	Dobrze!
line:82d0ea81	Okay! I'll be back later then.	Dobra! To wpadnę później.
line:3deb5f55	Okay! I'll go get the gate for you.	Dobrze! Pójdę otworzyć ci bramę.
line:9c3d6cb7	Okay! I'll see you soon.	Dobrze! Do zobaczenia.
line:72e0348e	Okay, bye!	Dobrze, pa!
line:255362b9	Okay, Conrad.	Dobra, Conrad.
line:0d16ab28	Okay, I'll be waiting. Thanks.	Dobrze, poczekam. Dzięki.
line:155d1c64	Okay, I'll open the gate!	Dobrze, otworzę bramę!
line:886f5df2	Okay, I'll see you later!	Dobrze, do zobaczenia!
line:585d6a08	Okay, thank you.	Dobrze, dzięki.
line:c298bc55	Okay, thank you.	Dobrze, dzięki.
line:6acf71a3	Okay, thanks.	Dobrze, dzięki.
line:8ed5a204	Okay- okay. I'll go get the gate.	Dobrze, dobrze. Otworzę bramę.
line:10b9a653	Okay- Thanks.	Dobrze. Dziękuję.
line:00a81c16	Okay. I hope you're doing alright though.	Dobrze. Mam jednak nadzieję, że się trzymasz.
line:118a51bb	Okay. I should probably get out of your scales.	Dobrze. Powinienem już dać ci spokój.
line:a62e8112	Okay. I'll open up shop. Give me a sec.	Dobrze. Otworzę zakład. Chwileczkę.
line:9d434af5	Okay. I'll order a mount.	Dobrze. Zamówię przyrząd.
line:2f3b06de	Okay. Then I think I'd like to try.	Dobra. To chyba chciałbym spróbować.
line:54ad4706	Okay...	Dobrze...
line:28311fbb	Omg you're hurt!	O nie, jesteś ranny!
line:8b3abbf7	On it!	Już się robi!
line:42e3eba2	Once I'm cleaned up I'm gonna head out and get our spot ready.	Jak tylko będę czysty, pójdę przygotować nasze miejsce.
line:1d4b8a1c	One thing led to another...	Od jednego do drugiego...
line:c70bea2d	Only been cleaning for a few weeks now!	Zajmuję się tym dopiero od kilku tygodni!
line:5188bd4a	Only If that's alright-	Tylko jeśli to nie problem...
line:01505282	Only realized how much of a mess I made after Max yelled at me, haha.	Max zaczyna na mnie krzyczeć, a ja dopiero wtedy widzę, ile narobiłem bałaganu, haha.
line:828eed25	Oof... Needed that. Thank you.	Uff... Potrzebowałem tego. Dzięki.
line:2d40c69a	Oooh, alrighty.	Ooo, dobrze.
line:99ff9e7f	Ooooh must be a big deal then.	Ooo, to musisz być naprawdę kimś.
line:e8ad4791	Ooooh.	Oooch.
line:64bfd62a	Oops, my bad.	Ups, mój błąd.
line:0fa31c40	Our first meeting went great though!	Pierwsze spotkanie poszło świetnie!
line:77cebc41	People tell me I've got a fat cock, is that true?	Mówią, że mam grubego kutasa. To prawda?
line:80de6c63	Perfectly clean again. Thank you for taking me in at this hour.	Znów idealnie czysty. Dziękuję za przyjęcie mnie o tej porze.
line:f212528b	Phew! I had an accident that needs to be taken care of... discretely.	Uff! Miałem wypadek, którym trzeba się zająć... dyskretnie.
line:b3c35166	Phew, I was worried I'd make another mess of things.	Uff, bałem się, że znów narobię bałaganu.
line:314c3d8a	physically or emotionally?	Fizycznie czy psychicznie?
line:156e0b50	Picnic bathket-	Koszyk piknikowy...
line:0d9de1a1	player hooked up with conrad	Gracz jest z Conradem.
line:2cf1c95e	player hooked up with conrad	Gracz jest z Conradem.
line:c2529648	player hooked up with conrad	Gracz jest z Conradem.
line:f7fd34b2	player hooked up with conrad	Gracz jest z Conradem.
line:66e08b22	player hooked up with ryan	Gracz jest z Ryanem.
line:78039fd1	player hooked up with ryan	Gracz jest z Ryanem.
line:96a0c0c7	player hooked up with ryan	Gracz jest z Ryanem.
line:9bade6d6	player hooked up with ryan	Gracz jest z Ryanem.
line:0ddcd600	Please scrub Igwix off my back would you?	Czy mógłby pan zmyć Igwixa z moich pleców?
line:0632acbf	Plus they feel really nice.	A do tego są takie przyjemne.
line:c7b8ba3d	Possibly...?	Może...?
line:637629a8	Pretty sure I can digest anything.	Jestem prawie pewien, że strawię wszystko.
line:65a41bc5	Pretty sure I'm all clean!	Chyba jestem już całkiem czysty!
line:3750bbf0	Pretty sure that was everything.	Chyba to już wszystko.
line:960707b0	Primarily alchemy. Occasionally world history.	Głównie alchemii. Czasem historii świata.
line:1475f95c	Professor Igwyx- My colleague who self-immolated earlier.	Profesor Igwyx, mój kolega, który się wcześniej zapalił.
line:26e9d692	Professor, but yes. You have.	Profesorem, ale tak. Nauczył mnie pan.
line:af0c15fd	Professor- But, yes. I usually don't go to public washes.	Profesora. Ale tak. Zwykle nie korzystam z publicznych myjni.
line:962abe27	Project Scale mary	Project Scale mary
line:e5d47feb	prole- <i><size=70%>wuh?	Prole... <i><size=70%>Co?
line:c7b73162	Psst..!	Psst...!
line:9addfb4a	Ready!	Gotowy!
line:875b5372	Really damn good!	Cholernie udana!
line:9e9f3e75	Really damn good!	Cholernie udana!
line:9364911d	Really looking forward to finding new people.	Naprawdę chcę poznawać nowe osoby.
line:8b0b222c	Really sets the mood.	Robi nastrój.
line:4010d36d	Really well honestly.	Naprawdę bardzo dobrze.
line:cfcb40c7	Really?	Naprawdę?
line:0ec807a4	Really? Aw, That's really sweet.	Naprawdę? Och, to bardzo miłe.
line:630fed1b	Remove this barrier at once so I may enter.	Proszę natychmiast usunąć tę barierę, abym mógł wejść.
line:65deb150	Right after this wash!	Zaraz po tym myciu!
line:0caa6657	Right, I'll get that for you ASAP.	Jasne, zaraz otwieram.
line:1271b80c	Right.	Racja.
line:3ede5541	Right.	Racja.
line:6a2e4e0d	Right. I'll get to it.	Jasne. Biorę się do roboty.
line:29daeb62	Right. Phoenix feather. Obviously.	Racja. Pióro feniksa. Oczywiście.
line:51d1b41e	Ryan is a sweetheart	Ryan to skarb.
line:202fce0c	RYAN THE BONE!	RYAN, KOŚĆ!
line:93bd9a2b	Ryan!	Ryan!
line:9b7e09b8	Ryan!	Ryan!
line:b76f49cd	Ryan!	Ryan!
line:1fa0fbbe	Ryan! I met him.	Ryan! Poznałem go.
line:f0427bb9	Ryan! this is so sweet.	Ryan! To takie miłe.
line:92829935	Ryan's such a nice dragon.	Ryan jest takim miłym smokiem.
line:13ca0a74	Ryan, you're not supposed to eat the stems-	Ryan, łodyżek się nie je...
line:7a01d265	Ryan: I guess it is pretty exciting	Ryan: W sumie to dość ekscytujące.
line:e1526934	Ryan: I like that a lot	Ryan: Bardzo mi się to podoba.
line:a430a2ff	Ryan: I think I am close too..	Ryan: Chyba też jestem blisko..
line:77626e43	Ryan: I would say it is going great	Ryan: Powiedziałbym, że jest świetnie.
line:f5f5b815	Ryan: I've never done this outside before	Ryan: Nigdy wcześniej nie robiłem tego na dworze.
line:6dd86b71	Ryan: This was nice	Ryan: To było miłe.
line:41b9659f	Ryan: Wow.. Your stature is really the only thing small about you.	Ryan: O rany... Naprawdę tylko wzrost masz niewielki.
line:aad89688	Ryan: Yea definitely. Worried about me?	Ryan: Tak, bardzo. Martwisz się o mnie?
line:ce6d6d7f	Ryan? you sure everything is okay...?	Ryan? Na pewno wszystko dobrze...?
line:1d3b255b	Save your mood setting for tonight!	Zostaw robienie nastroju na wieczór!
line:3ed6ab5d	Say do you remember the name of the college I work at?	Proszę powiedzieć, pamięta pan nazwę uczelni, na której pracuję?
line:a05a7804	Say...	Wie pan...
line:82d7b5e4	Says who?	Kto tak mówi?
line:6c193ba9	Scales different today? <size=70%><i>is that a thing...? </i><size=100%>You look good today.	Łuskami? <size=70%><i>Tak się w ogóle da...? </i><size=100%>Dobrze dziś wyglądasz.
line:426f40ff	See you again soon, yeah?	Do zobaczenia wkrótce, tak?
line:3112d78d	See you soon.	Do zobaczenia.
line:8072b186	See you tonight.	Do wieczora.
line:0d3b23da	Sheesh.	O rany.
line:48435b12	Shh! I'm not from around here...	Ciii! Nie jestem stąd...
line:0f86dbf6	So am I!	Ja też!
line:3063100e	So am I.	Ja też.
line:a241eec6	So far so good though, yeah?	Na razie chyba nieźle idzie, co?
line:813c6dd4	So is this like... our first date?	Czyli to... nasza pierwsza randka?
line:9b10d450	So this Conrad guy, seems like you like him?	Czyli ten Conrad... Chyba ci się podoba?
line:0c5dcd3c	So uh, gate?	To, eee... Brama?
line:84d8a935	So uh, mind opening the gate?	To co, otworzysz bramę?
line:7da41ecd	So uhh, let me know if you need me to move.	Więc daj znać, jeśli mam się przesunąć.
line:3a469ae4	So yeah, I had a mishap..	Więc miałem mały wypadek..
line:a6d6bf76	So you and Ryan huh?	Czyli ty i Ryan, co?
line:31fa3bdf	So you came in just to...	Czyli przyszedłeś tylko po to, żeby...
line:5f64c352	So you're a certified dragon washer huh?	Czyli masz uprawnienia do mycia smoków, tak?
line:c9e7bb1e	So you're a certified dragon washer huh?	Czyli masz uprawnienia do mycia smoków, tak?
line:aedb6a51	So, coming in for a wash?	Przyszedłeś się umyć?
line:1c856f1c	So, how was your date?	Jak zatem poszła pańska randka?
line:3cda84e6	So, tell me more about conrad!	To opowiedz więcej o Conradzie!
line:c10d9415	So, thanks on his behalf for caring.	Więc dziękuję w jego imieniu, że się nim przejąłeś.
line:e6aa9d20	So, with... relationships.	Więc, jeśli chodzi o... związki.
line:a99c5c88	So. How about a date?	To co, randka?
line:c2f44537	So. My girlfriend was home before me. she's a work-from-home dragon.	Więc moja dziewczyna była już w domu. Jest smoczycą i pracuje z domu.
line:d9652dff	So. Our date tonight...	Więc. Nasza dzisiejsza randka...
line:b983f922	So. Tonight.	Więc. Dziś wieczorem.
line:28c51dbf	So... A date. I think I'd like to go on one soon!	Więc... Randka. Chyba chciałbym niedługo na jakąś pójść!
line:7c56b2d8	So... I was thinking about my relationships.	Więc... Myślałem o moich związkach.
line:5a5e7f21	So<size=90%>o<size=80%>o<size=70%>o<size=60%>o... <size=100%>I 'aint dirty. But I am <i>~dirty~</i> y'know?	No<size=90%>o<size=80%>o<size=70%>o<size=60%>o... <size=100%>Nie jestem brudny. Ale myśli mam <i>~brudne~</i>, rozumiesz?
line:8a35fb7b	So<size=90%>o<size=80%>o<size=70%>o<size=60%>o... <size=100%>Was wonderin'	No<size=90%>o<size=80%>o<size=70%>o<size=60%>o... <size=100%>Tak się zastanawiałem...
line:5230bdfd	Soap, then rinse!	Najpierw mydło, potem płukanie!
line:c374e532	Somehow that feels more honest than anything anyone else says.	Dziwnym trafem brzmi to szczerzej niż cokolwiek, co mówią inni.
line:2898f680	Something happened last night	Wczoraj wieczorem coś się stało.
line:4dac3d2b	Something went wrong with flags!	Coś poszło nie tak ze zmiennymi fabuły!
line:61c7f2d6	Something went wrong with flags!	Coś poszło nie tak ze zmiennymi fabuły!
line:6d5ba814	Something went wrong with flags!	Coś poszło nie tak ze zmiennymi fabuły!
line:8f64adc0	Something went wrong with flags!	Coś poszło nie tak ze zmiennymi fabuły!
line:19cedc30	Sooo. You gonna jerk me off?	Nooo. Zwalisz mi?
line:1646ece2	Sorry for coming in late. My sleeps borked.	Sorry, że tak późno. Mam rozwalony rytm snu.
line:b2b32876	Sorry I'm bad at flirting. Could you get the gate?	Sorry, kiepsko flirtuję. Otworzysz bramę?
line:13ba93ef	sorry!	Przepraszamy!
line:e2f9c70c	Sorry, I meant to say I enjoy your wash.	Przepraszam, chciałem powiedzieć, że podoba mi się pańska myjnia.
line:78ca8d95	Sorry...	Przepraszam...
line:4af15fc3	Sounds good to me!	Brzmi dobrze!
line:8c6e66f3	Sounds good!	Brzmi dobrze!
line:1ef36cb0	Sounds like a date then!	To jesteśmy umówieni!
line:d71ba53e	Sounds like a date then!	To jesteśmy umówieni!
line:5fc277a9	Sounds like a date then! Seafood then we play it by ear.	To jesteśmy umówieni! Owoce morza, a potem zobaczymy.
line:0e643191	Sounds like a date then, I'm excited.	To jesteśmy umówieni. Cieszę się.
line:c4642c9c	Sounds like a date then. I'm excited.	To jesteśmy umówieni. Nie mogę się doczekać.
line:ffc401d1	Sounds like a plan.	Umowa stoi.
line:c4dd137b	Sounds like it was good then.	Czyli chyba dobrze.
line:7b6c47bd	Sounds like it.	Tak to brzmi.
line:5c51654f	Sounds nice.	Brzmi fajnie.
line:3a23b81f	Sounds really cool.	Brzmi naprawdę fajnie.
line:1dbf50b3	Sure	Jasne.
line:c14ceb34	Sure is!	Zgadza się!
line:de7cd73a	Sure it is. Thanks to Conrad for having me get it.	Nie ma problemu. Podziękujmy Conradowi, że namówił mnie na zakup.
line:05c673e7	Sure!	Jasne!
line:52542beb	Sure!	Jasne!
line:67f14802	Sure!	Jasne!
line:a2dc4ac0	Sure! I'll go get the gate.	Jasne! Otworzę bramę.
line:dbb68858	Sure! I'll go get the gate.	Jasne! Otworzę bramę.
line:601e1b38	Sure! I'm excited to tell you about Conrad.	Jasne! Już chcę ci opowiedzieć o Conradzie.
line:7b5c9d8c	Sure, but he needed someone who cared in that moment.	Tak, ale wtedy potrzebował kogoś, komu zależy.
line:709a9a57	Sure.	Jasne.
line:4af4703c	Tasted real good though!	Ale smakowało świetnie!
line:048fe71b	TELL ME ABOUT YOU AND CONRAD!	OPOWIADAJ O TOBIE I CONRADZIE!
line:2b84f2eb	Test line 1	Kwestia testowa 1
line:7a22b4d3	Test line 10	Kwestia testowa 10
line:ec12b3a4	Test line 11	Kwestia testowa 11
line:4f87d73a	Test line 12	Kwestia testowa 12
line:d9b7d04d	Test line 13	Kwestia testowa 13
line:63e6d9d4	Test line 14	Kwestia testowa 14
line:f5d6dea3	Test line 15	Kwestia testowa 15
line:64cb6133	Test line 16	Kwestia testowa 16
line:f2fb6644	Test line 17	Kwestia testowa 17
line:1772a124	Test line 18	Kwestia testowa 18
line:88119675	Test line 2	Kwestia testowa 2
line:1e219102	Test line 3	Kwestia testowa 3
line:a470989b	Test line 4	Kwestia testowa 4
line:32409fec	Test line 5	Kwestia testowa 5
line:a35d207c	Test line 6	Kwestia testowa 6
line:356d270b	Test line 7	Kwestia testowa 7
line:5643ba3d	Test line 8	Kwestia testowa 8
line:c073bd4a	Test line 9	Kwestia testowa 9
line:394db643	Thank the stars you're open.	Dzięki gwiazdom, że jest otwarte.
line:f1946aab	Thank you for cleaning me!!	Dzięki za umycie mnie!!
line:75b5b084	Thank you for getting me and Ryan in contact.	Dzięki, że skontaktowałeś mnie z Ryanem.
line:189d999e	Thank you for listening.	Dziękuję, że wysłuchałeś.
line:3398aea2	Thank you for that.	Dziękuję panu za to.
line:875f0961	Thank you for the clean!	Dziękuję za umycie!
line:acb8a5aa	Thank you for the quick clean!	Dzięki za szybkie mycie!
line:8512365e	Thank you!	Bardzo dziękuję!
line:bbca8a46	Thank you!	Bardzo dziękuję!
line:e449156d	Thank you!	Dziękuję!
line:bb4e1dc1	Thank you, Ryan. I'm happy I got to meet you too	Dzięki, Ryan. Ja też się cieszę, że cię poznałem.
line:3b568c14	Thank you.	Dziękuję.
line:6b245989	Thank you.	Dziękuję.
line:836d1b13	Thank you.	Dziękuję.
line:d60f2dc0	Thank you.	Dziękuję.
line:035a0830	Thank you. I'd really appreciate it	Dzięki. Bardzo bym to docenił.
line:f3e7a8fe	Thank you. Look good feel good!	Dzięki. Dobry wygląd to dobre samopoczucie!
line:d2d97c90	Thank you. You make this a whole lot easier to go through.	Dziękuję. Dzięki tobie dużo łatwiej to wszystko znieść.
line:3027bcf7	Thanks for asking. It's enjoyable to be asked personal questions.	Dziękuję za pytania. Miło, gdy ktoś pyta o sprawy osobiste.
line:aaf3066d	Thanks for cleaning me!	Dzięki, że mnie umyłeś!
line:8150e2a2	Thanks for helping me out.	Dzięki za pomoc.
line:a2217280	Thanks for helping me out.	Dzięki za pomoc.
line:7db0baf0	Thanks for introducing me to him.	Dzięki, że mnie z nim poznałeś.
line:c6cee89f	Thanks for letting me in so late.	Dzięki, że wpuściłeś mnie tak późno.
line:079b3782	Thanks for sharing food with me, You're a great friend.	Dzięki za wspólny posiłek. Jesteś świetnym przyjacielem.
line:85f901b0	Thanks for sharing food with me...	Dzięki za wspólny posiłek...
line:a39fd5a9	Thanks for that. Felt pretty damn good.	Dzięki za to. Było cholernie przyjemnie.
line:505e150f	Thanks for the clean.	Dzięki za mycie.
line:a40e531c	Thanks for the food! I'll go get the gate.	Dzięki za jedzenie! Otworzę bramę.
line:f1692a96	Thanks for the suggestion!	Dzięki za pomysł!
line:81ebbec0	Thanks for the wash so late in the night.	Dzięki za mycie o tak późnej porze.
line:a9df4c5e	Thanks I'll be waiting!	Dzięki, poczekam!
line:f73a3fc7	Thanks mate, see you tomorrow then.	Dzięki, stary. To do jutra.
line:30f1f583	Thanks!	Dzięki!
line:3484ab9d	Thanks!	Dzięki!
line:44701902	Thanks!	Dzięki!
line:4d868f2f	Thanks!	Dzięki!
line:70190774	Thanks!	Dzięki!
line:8b8f57c4	Thanks!	Dzięki!
line:ab5b2574	Thanks!	Dzięki!
line:b588bf4c	Thanks!	Dziękuję!
line:bc5d790a	Thanks!	Dzięki!
line:c07a9171	Thanks!	Dzięki!
line:e7e57d9c	Thanks!	Dzięki!
line:fa293cde	Thanks! Whats with all the... Gloop?	Dzięki! Co to za... maź?
line:e1609903	Thanks, but I'll be better. I promise.	Dzięki, ale będę lepszy. Obiecuję.
line:02cbdc87	Thanks, I'm excited too.	Dzięki, ja też się cieszę.
line:37c9d915	Thanks, You're pleasant too!	Dziękuję, pan też jest miły!
line:cb847372	Thanks, You're pleasant too!	Dziękuję, pan też jest miły!
line:188d4359	Thanks.	Dzięki.
line:316bb26e	Thanks.	Dziękuję.
line:34ec4db7	Thanks.	Dzięki.
line:5183a6f2	Thanks.	Dzięki.
line:c642cb17	Thanks.	Dziękuję.
line:cf716777	Thanks.	Dziękuję.
line:e00c6df5	Thanks.	Dziękuję.
line:e521db76	Thanks.	Dziękuję.
line:f62e1c4f	Thanks.	Dziękuję.
line:fbba1293	Thanks.	Dziękuję.
line:8bfa88d7	Thanks. I like being around you too.	Dzięki. Ja też lubię z tobą przebywać.
line:df0a8598	Thanks. I'm always happy to be here.	Dzięki. Zawsze się cieszę, że tu jestem.
line:084e3cbc	Thanks. See you soon.	Dzięki. Do zobaczenia wkrótce.
line:71d57aeb	Thanks. That's kind of you to say.	Dziękuję. To miłe z pańskiej strony.
line:a1f9de62	Thanks. That's kind of you to say.	Dziękuję. To miłe z pańskiej strony.
line:9a9a6120	Thankth!	Dzienki!
line:e721d512	That brings me to my next question...	To prowadzi mnie do kolejnego pytania...
line:215a2d34	That felt <i>good</i>.	To było <i>dobre</i>.
line:89150715	That is rather kind of you to say.	To bardzo miłe z pańskiej strony.
line:a57409fb	That is the source of my worry...	I to właśnie mnie martwi...
line:ad261b84	That just makes it harder!	To tylko utrudnia sprawę!
line:7111d265	That makes me feel a lot more sure of myself then.	To dodaje mi znacznie więcej pewności siebie.
line:3fac5bff	That makes me feel good to hear.	Miło to słyszeć.
line:1c49f05b	That makes me happy to hear.	Cieszę się, że to słyszę.
line:a8b70da7	That must mean it is! I'm glad.	To chyba znaczy, że nie! Cieszę się.
line:5738ea38	That nice to hear... But, I mean being taken care of more... Primally?	Miło to słyszeć... Ale chodzi mi o opiekę w bardziej... pierwotnym sensie?
line:8f598864	That one was almost too big-	Ten był prawie za duży...
line:5960dcbb	That should be all though, could you go get the gate?	Ale to już chyba wszystko. Otworzysz bramę?
line:116f0e16	That should be every spot.	Chyba nie została już żadna plama.
line:90444b09	That sounds like an over-reaction on her part.	Brzmi, jakby przesadziła z reakcją.
line:f07c9e39	That sounds like an over-reaction on her part.	Brzmi, jakby przesadziła z reakcją.
line:c78cf81f	That sounds lovely!	Brzmi cudownie!
line:eaa3c173	That they are...	Zaiste...
line:f4b9a455	That was much nicer than a hose.	To było dużo przyjemniejsze niż mycie wężem.
line:78cef130	That was never a concern. I'm a rather risk averse dragon.	To nigdy mnie nie martwiło. Jestem smokiem stroniącym od ryzyka.
line:22d271f4	That was really fun.	To była świetna zabawa.
line:019b83df	That was wonderful! I feel so much better about dating.	Było wspaniale! Jestem dużo spokojniejszy o te randki.
line:d7bf167b	That was... Nicer than I expected.	To było... przyjemniejsze, niż się spodziewałem.
line:577cec43	That's a mount, no?	To taki przyrząd, prawda?
line:825536f5	That's a tricky question to answer.	Trudno na to odpowiedzieć.
line:66fb84fe	That's all I want to ask.	To wszystko, o co chciałem zapytać.
line:ac1ed298	That's all you can ask for, right?	Czego chcieć więcej, prawda?
line:6605187b	That's an appeal to authority fallacy. But, yes. I'm correct.	To błąd odwołania do autorytetu. Ale tak, mam rację.
line:52f81dde	That's cute!	Uroczo!
line:45befc02	That's exciting!	Ale fajnie!
line:13cd5511	That's fast... But I think so!	Szybko... Ale chyba tak!
line:4ff91cbd	That's fine!	Nic nie szkodzi!
line:163c524a	That's good to hear.	Miło to słyszeć.
line:33e2bee6	That's good to hear.	Miło to słyszeć.
line:30e461f2	That's good. You deserve a decent man.	To dobrze. Zasługuje pan na porządnego mężczyznę.
line:aeae4744	That's good... Now what?	To dobrze... Co teraz?
line:f3eeb627	That's great! whens your first date?	Wspaniale! Kiedy pierwsza randka?
line:215f4eba	That's me.	To ja.
line:cf8c5f37	That's not a thing... But thank you!	Nie robi się tak... Ale dzięki!
line:3f29878b	That's rather nice of you to say.	To bardzo miłe słowa.
line:d38c63ea	That's really cute.	To naprawdę urocze.
line:6474d7f7	That's really nice!	To wspaniale!
line:c5001a4c	That's the best way to eat'em!	Tak smakują najlepiej!
line:2a5cc3a5	That's very sweet.	To bardzo miłe.
line:7052576b	That's what I like to hear.	To lubię słyszeć.
line:2a154290	That's what I thought too.	Też tak pomyślałem.
line:33d12f97	That's what I thought too.	Też tak pomyślałem.
line:2b7bb6ce	That's what's terrifying.	To właśnie mnie przeraża.
line:36fb380f	That's wonderful, he's cute!	To świetnie, jest uroczy!
line:266836f8	That's... the first time you've yipped for me.	To... pierwszy raz, kiedy do mnie yipnąłeś.
line:9b0b24ad	That.	To.
line:6ff80785	That... makes me feel a lot more sure of myself then.	To... dodaje mi znacznie więcej pewności siebie.
line:cc6d631b	That... makes me feel a lot more sure of myself then.	To... dodaje mi znacznie więcej pewności siebie.
line:ecf6206f	Thats awesome. I'm glad you two are working out.	Świetnie. Cieszę się, że wam się układa.
line:0f8bb606	Thats good to hear.	Dobrze to słyszeć.
line:f5324d68	Thats really good to hear.	Bardzo miło to słyszeć.
line:063dcd4b	The ability to open up to someone, even occasionally...	Możliwość otwarcia się przed kimś, choćby od czasu do czasu...
line:8919009a	The ambiance is nice.	Przyjemny nastrój.
line:08c850bf	The apothecary will tarnish my name for months.	Aptekarz będzie miesiącami szargał moje imię.
line:01b4161e	The breakup I went through earlier was rough.	To rozstanie było dla mnie trudne.
line:c932c99d	The breakup I went through earlier was rough.	To rozstanie było dla mnie trudne.
line:dd06ed39	The Burnswick Community College of Thaumaturgy, of course!	Oczywiście Społeczna Szkoła Wyższa Taumaturgii w Burnswick!
line:515099ec	The button on the wall, I mean.	Mam na myśli ten na ścianie.
line:7fe73572	The clean was fine.	Mycie było w porządku.
line:e8a38ed0	The college cannot find out about this okay?	Uczelnia nie może się o tym dowiedzieć, dobrze?
line:1a169dbc	The lights in the area are great too.	Oświetlenie okolicy też jest super.
line:610dd8cb	The markers were fun.	Nieźle się bawiliśmy pisakami.
line:4b36ea4e	The most prestigious college hosting prestigious professors like me:	Najbardziej prestiżowa uczelnia z prestiżowymi profesorami, takimi jak ja:
line:ec00a1fe	The mount? I... suppose!	Przyrząd? Ja... chyba tak!
line:94e04dcf	The mount? Sure!	Przyrząd? Jasne!
line:d8273d7f	The night 'aint gonna start itself!	Wieczór sam się nie zacznie!
line:1f2907ed	The rain has been unrelenting today!	Deszcz dziś nie ustępuje!
line:1804bf0a	The rain is nice.	Deszcz jest przyjemny.
line:7e9a1f83	The stem is just extra food.	Łodyżka to po prostu więcej jedzenia.
line:c88244b5	The vibe at night is fuckin' great.	Nocą klimat jest tam zajebisty.
line:d8a2002e	Then I better let you out!	To lepiej cię wypuszczę!
line:d7b3cd09	Then- Have a productive day.	W takim razie owocnego dnia pracy.
line:448afe95	There was a fault in his method.	Jego metoda okazała się wadliwa.
line:48d4a45a	There's this one red dragon, Conrad. He's... Hot headed, but cute.	Jest taki czerwony smok, Conrad. Jest... porywczy, ale uroczy.
line:f4af8b88	Theres this club downtown. 'Wings'. It's an old favorite of mine.	Jest taki klub w centrum, Wings. Mój stary ulubiony lokal.
line:972f132f	These washes really make things easier.	Te kąpiele naprawdę pomagają przez to przejść.
line:352d1d6f	They cum	Dochodzą.
line:d78962e8	They cum	Dochodzą.
line:3200a588	They keep going	Nie przestają.
line:a31d1a18	They keep going	Nie przestają.
line:035e5be6	They seem cute!	Wydaje się uroczy!
line:454172b0	They took it too far.	Posunęli się za daleko.
line:d7b49fb8	They were! The stem is my favorite part though.	Były dobre! Ale najbardziej lubię łodyżkę.
line:d156a87f	Think that's every spot.	Chyba żadnej plamy nie pominąłem.
line:fa1a1e76	Think that's it.	Chyba to wszystko.
line:3112adad	This drake at the bar... I was stupid. Couldn't shut my mouth.	Taki smok w barze... Byłem głupi. Nie umiałem zamknąć pyska.
line:bfd70320	This feels scandalous	To brzmi skandalicznie.
line:cb437bd0	This is a common practice?	To powszechna praktyka?
line:831cbfda	This is a job only you can do.	Tylko pan może się tym zająć.
line:4944dbda	This is delicious!	Pyszne!
line:088893da	This is my first time with a Kobold.	To mój pierwszy raz z koboldem.
line:e218722c	This is my first time, actually!	Właściwie to mój pierwszy raz!
line:9eb894ad	This is really nice..	To naprawdę przyjemne..
line:c7e4e36f	This is the kind of shit I try to avoid!	Właśnie takiego gówna próbuję unikać!
line:22929636	This place could use a makeover, I know would it could use!	Przydałby się tu remont. Wiem, czego temu miejscu brakuje!
line:b06e13bc	This soap isn't fitting for a professor don't you think?	To mydło nie przystoi profesorowi, nie sądzi pan?
line:97841169	This was a nice escape.	Tutaj mogłem odetchnąć.
line:5f02ceea	This was a wonderful escape...	To była cudowna odskocznia...
line:d45f4788	This was nice...	To było miłe...
line:418498cf	Those grapes looked good.	Te winogrona wyglądały dobrze.
line:e9d73205	Though every other wash I've been to at least has a mount	Tylko w każdym innym miejscu mają przynajmniej przyrząd.
line:29e70457	Though I can't say I am not curious	Chociaż nie mogę powiedzieć, że nie jestem ciekaw.
line:9c3e6004	Though you probably shouldn't eat them.	Chociaż ty chyba nie powinieneś ich jeść.
line:f1ca33da	title: Alexander_Done	title: Alexander_Done
line:3ed2f649	title: Conrad_OutroDone	title: Conrad_OutroDone
line:74c28add	title: ConradBeatup_OutroDone	title: ConradBeatup_OutroDone
line:722243c8	title: RyanDate_OutroDone	title: RyanDate_OutroDone
line:b4eee981	title: RyanExploded_OutroDone	title: RyanExploded_OutroDone
line:6298f08b	Told me about the time he got beat up.	Opowiedział mi, jak go pobito.
line:ee954bd9	Told me to go to a wash, and was acting extremely offended.	Kazała mi iść do myjni i zachowywała się, jakbym strasznie ją obraził.
line:c66e1278	Tonight- on campus. The library is the large blue spire building.	Dziś wieczorem na kampusie. Biblioteka to budynek z dużą niebieską iglicą.
line:434527c6	Truly terrible, no?	Doprawdy straszne, nieprawdaż?
line:5a5d646c	Truly?	Naprawdę?
line:e3aa4e29	Truth be told, I got dirty to come here.	Prawdę mówiąc, ubrudziłem się, żeby tu przyjść.
line:0979dea3	Uh, I'm still really soapy!	Eee, nadal jestem cały w mydle!
line:05bbe58c	Uh-huh, I'll go get the gate	Mhm, pójdę otworzyć bramę.
line:7de638fb	Uh... Hello?	Eee... Halo?
line:7de9b3a4	Uh... uhm...	Eee... Hmm...
line:159c5c1f	Uh... Yeah.	Eee... Tak.
line:2089db44	Uhhhm we're not exactly.	Eee, nie do końca.
line:3ed62e6b	Uhm, no, I'll just be REALLY upset.	Eee, nie. Po prostu będę BARDZO niezadowolony.
line:f0a579a5	Uhm...	Eee...
line:cc295885	uhm... <size=60%>no?	Eee... <size=60%>Nie?
line:29237bc3	Use the crowbar to open and place it in storage, would you?	Otwórz skrzynię łomem i schowaj go w magazynie, dobrze?
line:1ec0dc6a	Use the sprayer on the wall to wash me off.	Użyj spryskiwacza na ścianie, żeby mnie opłukać.
line:a716d3b8	Uunf. T-that was... Rather undignified.	Uunf. T-to było... dość niegodne.
line:a37177dd	V-very well. I'll try.	D-dobrze. Spróbuję.
line:209ddf97	Very cool	Bardzo fajnie.
line:2f10f572	Very well. Don't let me interrupt the wash then!	Dobrze. Nie będę zatem przeszkadzał w myciu!
line:7678511c	Wah- huh- <size=80%>oah. <size=60%>we don't-	Co... Hę... <size=80%>Ojej. <size=60%>Nie robimy...
line:82e2c158	Wait a sec, I need to open the gate.	Chwilka, muszę otworzyć bramę.
line:9c7a2fb7	Wait a sec, I need to open the gate.	Chwilka, muszę otworzyć bramę.
line:8ab5686b	Was great! Ryan is a sweetheart.	Świetnie! Ryan to skarb.
line:d8c9f912	Was just doing my job!	Po prostu robiłem swoje!
line:148a63c8	Was just trying to play along. Happy to see you!	Chciałem tylko podchwycić żart. Miło cię widzieć!
line:56261ccb	Was still good though! I like how it feels sliding down.	Ale i tak było fajnie! Lubię czuć, jak się zsuwa.
line:4d002f47	Was... <i>Really</i> upset I was muddy.	Była... <i>naprawdę</i> wściekła, że jestem ubłocony.
line:014b5da5	Watch where those paws are going would you?	Uważaj, gdzie kładziesz łapy, dobrze?
line:3028feb5	We also had sex after our date.	Po randce uprawialiśmy też seks.
line:d132db41	We can just lay here...	Możemy po prostu tu poleżeć...
line:4da8b942	We can make an opening.	Znajdziemy dla ciebie miejsce.
line:8c563ab8	We can make an opening.	Znajdziemy dla ciebie miejsce.
line:33a79dbe	We do! Are you... from the college...?	Tak! Jest pan... z uczelni...?
line:b83ec453	We got your request for the mount!	Otrzymaliśmy twoje zamówienie na przyrząd!
line:8b7b8d6b	We went out to eat. Had some good conversation.	Poszliśmy coś zjeść. Miło rozmawialiśmy.
line:74706bb3	We will need to clean the floors...	Trzeba będzie umyć podłogę...
line:df8fb8c9	We'll be going out to this seafood place-	Idziemy do takiej knajpy z owocami morza...
line:110a2ced	Welcome back!	Witaj z powrotem!
line:b042f12a	Welcome back!	Witaj z powrotem!
line:c46f5033	Well great, I appreciate your discretion, I'll be headed off to the apothecary.	Znakomicie, doceniam pańską dyskrecję. Udaję się do aptekarza.
line:08f40e32	Well I had a good time, see you later then!	Dobrze się bawiłem. To do zobaczenia!
line:c1e8b05d	Well I had a good time, see you later then!	Dobrze się bawiłem. To do zobaczenia!
line:fcff7b00	Well, go to the window and speak with your customer.	Cóż, podejdź do okna i porozmawiaj z klientem.
line:fc1e497a	Well, good luck getting your hands around all of me.	No to powodzenia z objęciem mnie całego dłońmi.
line:60f14972	Well, I do enjoy the color. But I believe that is unrelated to my hue.	Cóż, lubię ten kolor. Ale nie sądzę, by miało to związek z moim własnym.
line:c9f270de	Well, I'm a dragon- but... You know what I mean.	Znaczy, smokiem... Ale wiesz, o co chodzi.
line:f7f87f6c	Well, That's why I'm here!	Właśnie po to tu jestem!
line:629d89d1	Well, yes. I mean more... Primally?	Owszem. Ale chodzi mi o coś bardziej... pierwotnego?
line:8aa0fc1a	Well, you are one hell of a catch.	Cóż, jesteś niezłą partią.
line:5d34e715	Well, you better get one then!	To lepiej sobie spraw!
line:f16e75f3	Well...	Cóż...
line:a71a8385	Went to the bar... Things got spicy. You can imagine what happened next... <size=70%>Hah...	Poszliśmy do baru... Zrobiło się gorąco. Możesz sobie wyobrazić, co dalej... <size=70%>Ha...
line:2e0ec324	Wha..?	Co...?
line:29ec93b2	Whaaat. Nothing wrong with it! figured you'd like to know.	Cooo? To nic złego! Pomyślałem, że chcesz wiedzieć.
line:18e5a573	Whaaat? It's good to make sure you're warmed up!	Cooo? Dobra rozgrzewka nie zaszkodzi!
line:bd66082e	What about a movie?	A może film?
line:ee3c126b	What about your private washers?	A co z pańskimi prywatnymi pracownikami?
line:871137eb	What about?	Co mówił?
line:bb3b6c71	What brings you in so late?	Co cię sprowadza tak późno?
line:2dd518f0	What do you mean?	Co masz na myśli?
line:2fae1274	What do you mean?	Co ma pan na myśli?
line:3c2c53dc	What do you mean?	Co masz na myśli?
line:838cdf1b	What do you think of me?	Co pan o mnie sądzi?
line:c2bdc402	What does the number 7 taste like?	Jak smakuje liczba 7?
line:56fc085a	What happened!?	Co się stało?!
line:0bc56d4d	what happened?	Co się stało?
line:8c3b76ea	What is it?	Jakie?
line:44b711a0	What is..	Co to jest...
line:53301d3b	What kind of egg was that?	Co to było za jajko?
line:073701b7	What kind of movie are you thinking?	Jaki film masz na myśli?
line:03cf1c9a	What kind of question?	Jakie pytanie?
line:003700c7	What kinds of classes do you teach?	Jakich przedmiotów pan uczy?
line:e2406cc4	What now?	Co teraz?
line:0c583118	What was in those opened crates?	Co było w tych otwartych skrzyniach?
line:5a195ff2	What!? that's terrible! You don't even have a mount...?	Co?! Beznadzieja! Nie masz nawet przyrządu...?
line:8ebd442e	What's got you looking so happy?	Skąd taki dobry humor?
line:fc7aaaa0	What's teaching like?	Jak to jest uczyć?
line:f99840cd	What's that?	Co to?
line:1a0b719d	What's up?	O co chodzi?
line:29359884	What's up?	O co chodzi?
line:8d5c7802	What's up?	O co chodzi?
line:712f9d7c	what?	Co?
line:766c2abd	What? All the best places do it!	Co? Wszędzie, gdzie warto chodzić, to robią!
line:159a1d54	What? I'm a professor! Can't you tell from my crest?	Co? Jestem profesorem! Nie widać po moim herbie?
line:9aa86a9b	What? There is no harm caused by a genuine compliment!	Co? Szczery komplement nikomu nie szkodzi!
line:b2fe309b	Whats got you in a good mood?	Skąd taki dobry nastrój?
line:93a145d4	Whats up, big guy?	Co jest, wielkoludzie?
line:4efe8211	Whats up?	Co jest?
line:866cd495	Whats up?	Co jest?
line:bfc04b3a	Whats up?	Co jest?
line:e01885c3	Whats up?	Co jest?
line:f7d786b6	Whats with all the... Gloop?	Co to za... maź?
line:c4c81aa9	Whats your favorite part about him?	Co najbardziej ci się w nim podoba?
line:ff6ef027	When do you actually end the relationship?	To kiedy właściwie go kończysz?
line:2ffe284b	When I met him at first I was falling back on my old script.	Kiedy go poznałem, wracałem do starych nawyków.
line:eb019075	When you're done go ahead and hit the button.	Gdy skończysz, naciśnij przycisk.
line:5d4e9392	Where did he go...?	Gdzie się podział...?
line:7af04961	Where would you like to go?	Gdzie chciałbyś pójść?
line:7e9389a7	Which college?	Jaka uczelnia?
line:2d315c6c	Who knew a dragon could get so dirty, huh?	Kto by pomyślał, że smok może się tak ubrudzić, co?
line:a97338b0	Who knew places such as this existed so readily available to the public!	Kto by pomyślał, że takie miejsca są tak łatwo dostępne dla wszystkich!
line:8b7915f4	Who's that?	Kto to?
line:ebd63f8c	Who's there?	Kto tam?
line:eea7573f	Whoa! Cold!	O rany! Zimno!
line:1acbd02a	Whoops	Ups.
line:5a6c0d31	Whoops	Ups.
line:afc6c00a	Whoops	Ups.
line:c30013ff	Whoops	Ups.
line:9df56a3a	why are you here so late?	Dlaczego przyszedł pan tak późno?
line:bb8583c1	With Ryan, I'm pretty sure we're gonna go on a date tonight.	Chyba idziemy dziś z Ryanem na randkę.
line:c236bdf9	Woah. Uhm.	O rany. Eee.
line:390f05be	Woah... What is that in your mouth?	O rany... Co trzymasz w pysku?
line:4b93b009	Woah... You want me to use that? Even with the food? Alright!	O rany... Chcesz, żebym tego użył? Nawet przy jedzeniu? Dobrze!
line:4cacfab8	Wonderful to hear you're seeing someone!	Miło słyszeć, że się pan z kimś spotyka!
line:f6fdf321	Wonderful to hear you're seeing someone!	Miło słyszeć, że się pan z kimś spotyka!
line:7e2421b6	Wonderful to hear.	Wspaniale to słyszeć.
line:36d49875	Wonderful!	Wspaniale!
line:6046bedf	Wonderful!	Wspaniale!
line:ab423ac7	Wonderful!	Wspaniale!
line:5a9abbd4	Wonderful. Have a <i>productive</i> day.	Wspaniale. Życzę <i>owocnego</i> dnia.
line:ec771552	Woops.	Ups.
line:51bcff68	Would that interest you?	Chciałbyś?
line:8c8591ec	Would you care to join me at the college library this evening...?	Czy zechciałby pan dołączyć do mnie dziś wieczorem w bibliotece uczelni...?
line:985436e6	Wouldn't that be degrading?	Nie byłoby to poniżające?
line:1e027369	Wow thanks, that feels good.	Ojej, dzięki, to przyjemne.
line:737184f5	Wow!	Wow!
line:ead1bf44	Wow, it's an experience seeing you eat like that.	O rany, patrzenie, jak tak jesz, to niezłe przeżycie.
line:5da1e074	Y'know?	Wiesz?
line:79352475	Ya.	Tak.
line:f6c14e05	Ya.	Tak.
line:b6add8e0	Yea! I do!	Tak! Właśnie!
line:b44edd29	Yeaaah I'm not sticking with that one.	Taaak, z tego przezwiska zrezygnuję.
line:7a471225	Yeaaah.	Taaak.
line:5483c5fd	Yeah	Tak.
line:3a5d5ca4	Yeah he seems like he'd push some buttons.	No, wygląda na takiego, który potrafi nieźle nakręcić.
line:63024a1f	Yeah he's improved a lot.	Tak, bardzo się poprawił.
line:5847a779	Yeah I have.	Tak, rozmawiałem.
line:f3b5952a	Yeah I'm happy too.	Tak, też jestem szczęśliwy.
line:fb47f998	Yeah it go BRRT haha.	tak, robi BRRT, haha.
line:eef9b2bb	Yeah It's fine. Sorry.	Tak, wszystko dobrze. Przepraszam.
line:fbc80e96	Yeah let me get that for you.	Tak, już otwieram.
line:f212b2de	Yeah so I'm all muddy and stuff, love romping around in the public park.	Tak, cały się ubłociłem. Uwielbiam szaleć w publicznym parku.
line:108de471	Yeah that sounds pretty good.	Tak, brzmi dobrze.
line:fdd800c2	Yeah! clean as always.	Tak! Czysty jak zawsze.
line:dee4a32d	Yeah! Conrad, he's adorable. Though he'd hate I said that.	Tak! Conrad jest przeuroczy. Choć nie chciałby tego usłyszeć.
line:ab1bc039	Yeah! I feel clean.	Tak! Czuję się czysty.
line:6733a3df	Yeah! I'm going on a date with him soon.	Tak! Wkrótce idę z nim na randkę.
line:66727cce	Yeah! It has food that should be good for both of us.	Tak! Jest tu jedzenie, które powinno nam obu smakować.
line:b482634c	Yeah! its useful.	Tak! To przydatne.
line:da9cfdcf	Yeah! Just went on a date with Conrad.	Tak! Właśnie byłem na randce z Conradem.
line:3f153aaf	Yeah! Just went on a date with Ryan.	Tak! Właśnie byłem na randce z Ryanem.
line:77ca2316	Yeah! Thanks for the food. I'll go get the gate.	Tak! Dzięki za jedzenie. Otworzę bramę.
line:c87d632b	Yeah! That would be amazing.	Tak! Byłoby wspaniale.
line:71c0ee9a	Yeah, ever since the breakup I've been looking for something new.	Tak, od rozstania szukam czegoś nowego.
line:bee397db	Yeah, he's so kind to me.	Tak, jest dla mnie bardzo dobry.
line:4815ddba	Yeah, I've got one.	Tak, mam.
line:24efaa49	Yeah, me too. He's real nice.	Tak, ja też. Jest naprawdę miły.
line:6fa847ba	Yeah, nah. Mate you gotta get in on this. I'll pay good!	No nie, stary. Musisz to wprowadzić. Dobrze zapłacę!
line:266f699d	Yeah, taste good!	Tak, smakuje dobrze!
line:67cc394b	Yeah, that was scary at first.	Tak, na początku się przestraszyłem.
line:a9980f5e	Yeah, this has been super nice.	Tak, było naprawdę miło.
line:54c44240	Yeah, you're right.	Tak, masz rację.
line:bb1827c7	Yeah- Though only if you want!	Tak... Ale tylko jeśli chcesz!
line:7311dc01	Yeah.	Tak.
line:95e2f7cc	Yeah.	Tak.
line:9fd5b834	Yeah. <size=90%>Oh- <size=80%>you know. I'm like... <size=70%>Haha. Yeah. Mhm!	Tak. <size=90%>O... <size=80%>Wiesz. Ja tak... <size=70%>Haha. Tak. Mhm!
line:a28a70c6	Yeah. At least I got to meet you because of it.	Tak. Przynajmniej dzięki temu cię poznałem.
line:e5937e30	Yeah. I like fish!	Tak. Lubię ryby!
line:0372e0d1	Yeah. It wasn't too expensive.	Tak. Nie było zbyt drogo.
line:6804839d	Yeah. It's hard to unwind groups after something like that.	Tak. Trudno poukładać znajomości po czymś takim.
line:6e0e4e11	Yeah. You two will be cute.	Tak. Będziecie uroczy razem.
line:616121a9	Yeah...	Tak...
line:f244d080	Yeah... He's really great.	Tak... Jest naprawdę świetny.
line:5bab2df8	Yeah... I've never gone on a date with a kobold before.	Tak... Nigdy nie byłem na randce z koboldem.
line:8eeb7e28	Yeah... It really isn't.	Tak... Naprawdę nie jest.
line:039a0c83	Yeah?	Tak?
line:2fb3fe55	Yeah?	Tak?
line:92bd78f3	Yeah?	Tak?
line:3690a3eb	Yeah? I don't even see a mount.	Tak? Nie widzę nawet przyrządu.
line:ea2adb20	Yeah? tell me about it!	Tak? Opowiadaj!
line:78eccd9b	Yellow lime.	Żółta limonka.
line:5fd7bc69	Yep!	Tak!
line:b6c878fa	Yep!	Tak!
line:fcff76d4	Yep! I'll get the gate.	Tak! Otworzę bramę.
line:3cdcbd4a	Yes	Tak.
line:991dc643	Yes	Tak.
line:e535cacb	Yes	Tak.
line:fb4265f7	Yes	Tak.
line:4ab6c5a9	yes	Tak
line:db98be35	Yes right this way.	Tak, tędy.
line:52010e35	YES!	TAK!
line:c4310942	Yes!	Tak!
line:d5f94e23	Yes!	Tak!
line:5592e639	Yes, welcome to Drag'N Wash!	Tak, witamy w Drag'N Wash!
line:f676b9a8	Yes, welcome to Drag'n wash!	Tak, witamy w Drag'N Wash!
line:a610ce0b	YES.	TAK.
line:85fd5266	Yes.	Tak.
line:152cb8ad	Yes. I'm in need of a clean. The situation is rather dire!	Tak. Potrzebuję mycia. Sytuacja jest bardzo poważna!
line:c4595dd5	Yes. It's invigorating to be so candid.	Tak. Taka szczerość dodaje sił.
line:d7e50f2d	Yes..	Tak..
line:5811655d	Yes... But I believe we need to clean the floors.	Tak... Ale chyba musimy umyć podłogę.
line:9444cdba	Yip	Yip.
line:14d2c62f	Yip!	Yip!
line:296ff3f4	Yip!	Yip!
line:3d516ddb	Yip!	Yip!
line:3e870ad0	Yip!	Yip!
line:5544e245	Yip!	Yip!
line:5efde4e2	Yip!	Yip!
line:c3e1f198	Yip!	Yip!
line:e662501c	Yip!	Yip!
line:5e181cf4	Yip! <size=70%>(Gate)	Yip! <size=70%>(Brama)
line:b12a3f31	Yip! <size=70%>(idk)	Yip! <size=70%>(Nie wiem)
line:a8ee5236	Yip! <size=70%>(It's because the dormant part of your draconic mind is remembering the deep set language bridge between your kind and mine. Which carries the deep meaning and intention of kobold 'Yips' within it. This sudden understanding of yours is simply from our connection growing over time and activating that part of your mind.)	Yip! <size=70%>(Uśpiona część pańskiego smoczego umysłu przypomina sobie głęboko zakorzenioną więź językową między naszymi gatunkami, która przenosi znaczenie i intencje koboldzich „yipów”. To nagłe zrozumienie wynika po prostu z tego, że nasza więź z czasem rosła i obudziła tę część pańskiego umysłu.)
line:5935a413	Yip! <size=70%>(Yes)	Yip! <size=70%>(Tak)
line:f1c14f75	Yip-Man - The Final Yip	Yip Man: Ostatni yip.
line:4b9046ec	Yip-Man movies are real corny...	Filmy o Yip Manie są strasznie kiczowate...
line:3d6b2203	You again?	Znowu ty?
line:81416c72	You already are, whats up?	Właśnie pytasz. O co chodzi?
line:6fbc3c1b	You also do <i>special endings</i> here, yeah?	Robicie tu też <i>szczęśliwe zakończenia</i>, co?
line:e553c773	You also introduced me to Conrad.	Do tego poznałeś mnie z Conradem.
line:feb8727e	You always make me feel welcomed.	Zawsze czuję się przy tobie mile widziany.
line:563d71ba	You are too!	Ty też!
line:4efafbb0	You are very skilled with your hands	Ma pan bardzo zręczne dłonie.
line:0dd63830	You brought food in?	Przyniosłeś jedzenie?
line:38043f6c	You can act however you like around me.	Przy mnie może się pan zachowywać, jak chce.
line:3fbd01fb	You can come in whenever!	Możesz wpadać, kiedy chcesz!
line:0eb37f1a	You can stay here if you want.	Możesz tu zostać, jeśli chcesz.
line:ecc04e16	You decide!	Ty zdecyduj!
line:19698f13	You didn't even open the watermelon.	Nawet nie rozkroiłeś arbuza.
line:7e8c1ae2	You do know how to use your hands pretty well.	Naprawdę umiesz używać rąk.
line:7023b6b4	You don't deserve that.	Nie zasługujesz na to.
line:c0cc0f2d	You got a medkit?	Masz apteczkę?
line:c2b3c28a	you know about getting back into the dating scene...	wiesz, o powrocie do randkowania...
line:512df07c	You know what that means.	Wiesz, co to znaczy.
line:e613cbe3	You know what that means...	Wiesz, co to znaczy...
line:73e4789c	You know... This environment is rather pleasant. Very... proletarian.	Wie pan... To dość przyjemne otoczenie. Takie... proletariackie.
line:404b17ef	You look good this clean!	Ładnie ci tak czysto!
line:780c151c	You needn't worry. The washer's union is... More powerful than I.	Proszę się nie martwić. Związek zawodowy myjących jest... potężniejszy ode mnie.
line:3fab049a	You probably shouldn't.	Chyba lepiej nie próbuj.
line:0bc044da	You ready for this?	Gotowy na to?
line:f0a0565a	You ready to go back in to the club?	Gotowy wrócić do klubu?
line:c0e34d36	You really ate that entire thing... Woah.	Naprawdę zjadłeś to w całości... O rany.
line:82cf49aa	You seemed to enjoy yourself.	Wyglądało, jakby ci się podobało.
line:ba66095e	You set a good example.	Daje pan dobry przykład.
line:6c2a1901	You should be all clean!	Powinieneś już być czysty!
line:36779352	You should be.	I słusznie.
line:86154a64	You should feel it and check for me	Pomacaj i sprawdź dla mnie.
line:20503ab0	You sure? It's not like... fun stuff.	Na pewno? To nie jest... przyjemny temat.
line:0a0d6bc0	You too! I'll go get the gate.	Ja też! Otworzę bramę.
line:e3106999	You too. Thanks for the wash.	Ciebie też. Dzięki za mycie.
line:fc97aa74	You too. Thanks for the wash.	Ciebie też. Dzięki za mycie.
line:5e4d645c	You two are really cute together...	Jesteście naprawdę uroczy razem...
line:b76a2a43	You were really going at it.	Naprawdę dawałeś z siebie wszystko.
line:83aa1a23	You work at a college?	Pracuje pan na uczelni?
line:85fa0d03	You'd need a dragon stomach first!	Najpierw potrzebowałbyś smoczego żołądka!
line:ebd2af6b	You'll have to give me all the Ryan details soon.	Musisz mi niedługo opowiedzieć wszystko o Ryanie.
line:6c71dd83	You'll have to tell me all about it.	Musisz mi wszystko opowiedzieć.
line:91ab30f5	You'll have to tell me how you two work out!	Musisz opowiedzieć, jak wam się układa!
line:ffeff59b	You'll have to tell me more inside.	Opowiesz mi więcej w środku.
line:5eb243c2	You'll like it.	Spodoba ci się.
line:6acf7c77	You'll need to let them in afterwards of course.	Oczywiście potem trzeba go wpuścić.
line:6b63d2d8	You'll take care of everything?	Zajmie się pan wszystkim?
line:f2527ed7	You're <i>spotless.	Jesteś <i>nieskazitelnie czysty.
line:23ae97e6	You're a big deal	To ty jesteś kimś.
line:323e546b	You're a good friend too, I'll go get the gate.	Ty też jesteś dobrym przyjacielem. Otworzę bramę.
line:44e97be7	You're always welcome here, Ryan.	Zawsze jesteś tu mile widziany, Ryan.
line:09e5bf43	You're cute by the way.	Swoją drogą, jesteś uroczy.
line:277d8257	You're fine. Thank you.	W porządku. Dziękuję.
line:8c269acb	You're going to love it.	Będziesz zachwycony.
line:173782fa	You're good at it.	I robi pan to dobrze.
line:1dca8fa0	You're just a very comfortable person to be around.	Po prostu bardzo dobrze się przy tobie czuję.
line:42124159	You're just a very comfortable person to be around.	Po prostu bardzo dobrze się przy tobie czuję.
line:d3b6d22a	You're kind. It's more than I deserve.	Jesteś miły. Nie zasługuję na tyle dobroci.
line:ca72bf2d	You're okay. You're clearly going through a lot.	W porządku. Widać, że wiele przeżywasz.
line:68887509	You're one of my favorite clients!	Jesteś jednym z moich ulubionych klientów!
line:c4cc497f	You're pretty hot.	Jesteś całkiem seksowny.
line:b6603dc7	You're right. I shouldn't pry.	Masz rację. Nie powinienem wtykać nosa.
line:31ab814e	You're right... Theres no way you could.	Masz rację... Nie możesz tego wiedzieć.
line:470cd652	You're the first person I've met who's only expectation is for me to be...	Jest pan pierwszą osobą, która oczekuje ode mnie tylko tego, żebym był...
line:f718a7eb	You're the professor here. Must be correct.	To pan jest profesorem. Na pewno ma pan rację.
line:15f55959	You're very sweet.	Jesteś kochany.
line:bc6cc4d2	You're very sweet.	Jest pan bardzo kochany.
line:6289a322	You're very welcome.	Cała przyjemność po mojej stronie.
line:39ddd682	You're...	Jest pan...
line:6e94f373	You're... cool.	Jesteś... fajny.
line:61c96494	You're... Not that dirty.	Nie jest pan... aż tak brudny.
line:8bab3246	You're... very forward.	Jesteś... bardzo bezpośredni.
line:3bbab759	You've gotta keep me updated on you and Ryan, yeah?	Informuj mnie, co z tobą i Ryanem, dobra?
line:a5a8a9d5	Your crest is cool. What is it?	Podoba mi się pański herb. Co to jest?
line:3890b91c	Your date with Ryan.	Twoja randka z Ryanem.
line:82109412	Your secret's safe with me.	Twój sekret jest u mnie bezpieczny.
line:ed8e7994	Yours doesn't. It's nice.	Pańskie nie. To miłe.
line:016a65e8	Yuh, that's me.	No, to ja.
line:38eb6d26	Yup!	Tak!
line:7ac62718	Yup. I like it.	Tak. Podoba mi się to.
