# line ID	exact English source	translation (English A-Z then ID)
line:39fd52f1	'Ey big dog.	Ehi, cagnone.
line:918d7820	'Ey big kobold.	Ehi, gran coboldo.
line:155c00eb	'think', 'On the way here'? Then you weren't covered in ink before...	«Credo», «mentre venivo qui»? Quindi prima non era coperto d'inchiostro...
line:15bcd86c	'Yes way', There is nothing I am more certain of.	Possibilissimo. Non c'è nulla di cui sia più certo.
line:4d49ae72	'Yes way', There is nothing I am more certain of.	Possibilissimo. Non c'è nulla di cui sia più certo.
line:25f35611	---	---
line:4b9b3a43	---	---
line:97ab84a8	---	---
line:db5b3129	---	---
line:e2f28daa	---	---
line:3d2df033	..	...
line:8c0e2d04	..	...
line:b36eb839	..	...
line:03d2f0bb	...	...
line:045f5836	...	...
line:1113335e	...	...
line:227eda5e	...	...
line:30a74521	...	...
line:4810891f	...	...
line:4da86a7a	...	...
line:610824ef	...	...
line:6757e4a0	...	...
line:695ef750	...	...
line:7426a997	...	...
line:759a495e	...	...
line:7e189c92	...	...
line:812700a5	...	...
line:848f5cd8	...	...
line:85f39b27	...	...
line:9504ba33	...	...
line:a6531779	...	...
line:b59e9091	...	...
line:b7f0551c	...	...
line:c272e55f	...	...
line:cdb8d8db	...	...
line:cfe4b91d	...	...
line:d6483230	...	...
line:d90d368f	...	...
line:d9516fdd	...	...
line:dd197e7c	...	...
line:decf872a	...	...
line:e9d40a5c	...	...
line:20f87f8d	... A class which I'm teaching rather soon.	... E tra poco ho lezione.
line:4815d919	... Being a bit of a jerk honestly.	... Mi stavo comportando un po' da stronzo, a dire il vero.
line:11bfce3b	... I thought we were good friends, we have sex all the time!	... Pensavo fossimo buoni amici. Facciamo sesso in continuazione!
line:1bebf328	... Thank you..	... Grazie...
line:a8eb78ed	... you're done? I'm still dirty..	... Hai finito? Sono ancora sporco...
line:ef611d11	... you're done? I'm still soapy..	... Hai finito? Sono ancora insaponato...
line:496134bc	...!	...!
line:7cc45755	...!	...!
line:6585925d	...<i><size=70%>I have one on him at least.	...<i><size=70%>Almeno, io ce l'ho per lui.
line:e2ea4ead	...A wash for our date tonight.	... Una lavata per il nostro appuntamento di stasera.
line:048d7f84	...About what I said earlier.	... Riguardo a quello che dicevo prima.
line:55d1f6ef	...and nice.	... E gentile.
line:79a1a205	...But not in like a bad weird way.	... Ma non in modo brutto o strano.
line:3592632e	...It's intimidating knowing how much they look up to me.	... Mi intimorisce sapere quanto mi guardino dal basso verso l'alto.
line:7e08544c	...It's odd being able to speak so freely with someone.	... È strano poter parlare così liberamente con qualcuno.
line:f0cb8389	...No	... No.
line:92601622	...Okay, come in	... Va bene, entra.
line:e381559c	...Thank you for this.	... La ringrazio per questo.
line:b7b5f7fb	...Thanks.	... Grazie.
line:dbab7a39	<b><i><size=130%>Did you suggest Ryan to Conrad?	<b><i><size=130%>Hai suggerito Ryan a Conrad?
line:36ff6bd9	<gradient="gold"><b> I know a dragon, Ryan. I could get you two in contact? </b></gradient><size=70%>(Unlocks Conrad/Ryan hookup OR Ryan romance)	<gradient="gold"><b> Conosco un drago, Ryan. Potrei mettervi in contatto? </b></gradient><size=70%>(Sblocca la coppia Conrad/Ryan O la storia con Ryan)
line:7e9d40e6	<gradient="gold"><b> I wouldn't mind hanging out... </b></gradient><size=70%> (Unlocks Conrad romance)	<gradient="gold"><b> A me non dispiacerebbe passare del tempo insieme... </b></gradient><size=70%> (Sblocca la storia con Conrad)
line:a0e49f02	<gradient="gold"><b> I wouldn't mind! </b></gradient><size=70%> (Will lead to Alexander romance!)	<gradient="gold"><b> Non mi dispiacerebbe! </b></gradient><size=70%> (Porta alla storia con Alexander!)
line:0371fb9c	<gradient="gold"><b> I'm going to be busy tonight. Sorry. </b></gradient><size=70%> (Will lead to no romance!)	<gradient="gold"><b> Stasera sarò impegnato. Mi dispiace. </b></gradient><size=70%> (Porta a un finale senza storia d'amore!)
line:f5a81524	<gradient="gold"><b>I don't have anyone off the top of my head.</b></gradient><size=70%> (Locks in Conrad romance!)	<gradient="gold"><b>Così su due piedi non mi viene in mente nessuno.</b></gradient><size=70%> (Conferma la storia con Conrad!)
line:bedc761d	<gradient="gold"><b>I know this one red dragon. I think you'd like him! </b></gradient><size=70%> (Hooks up Ryan with Conrad!)	<gradient="gold"><b>Conosco un drago rosso. Secondo me ti piacerebbe! </b></gradient><size=70%> (Mette insieme Ryan e Conrad!)
line:e104b8e4	<gradient="gold"><b>Oh. Uhm. <size=70%> I wouldn't mind... If I was that someone. </b></gradient><size=70%> (Locks in Ryan romance!)	<gradient="gold"><b>Oh. Ehm. <size=70%> A me non dispiacerebbe... essere quel qualcuno. </b></gradient><size=70%> (Conferma la storia con Ryan!)
line:36073321	<gradient="yellow - orange"><size=140%>HEY! </gradient><size=100%>This is the cleaning place, ya?	<gradient="yellow - orange"><size=140%>EHI! </gradient><size=100%>È qui che si dà una ripulita, sì?
line:c777ce0c	<i> that feels nice...</i>	<i> Che bella sensazione...</i>
line:e56dd423	<i><size=70%>uh oh.. and the books	<i><size=70%>Oh-oh... E i libri.
line:d67b1098	<i>I like spraying you with water.	<i>Mi piace spruzzarti d'acqua.
line:ad5d633a	<i>Oh...	<i>Oh...
line:22b5941e	<i>Oh.</i> I don't think I'm ready for that just yet.	<i>Oh.</i> Non credo di essere ancora pronto.
line:cacbff51	<i>Ooooh. </i>The mount? Hell yeah, man.	<i>Ooooh. </i>Il cavalletto? Cazzo, sì, amico.
line:04b7ce44	<i>This</i> isn't your fault, Conrad.	<i>Questo</i> non è colpa tua, Conrad.
line:72b244b7	<size=100%> That felt damn good!	<size=100%> È stato una goduria!
line:78cc49e8	<size=100%>I mean- Cool.	<size=100%>Cioè... Forte.
line:e48243c0	<size=140%> FUCK YEAH!	<size=140%> CAZZO, SÌ!
line:f474ffa9	<size=140%>HEY, <size=100%>lookin' for a wash.	<size=140%>EHI, <size=100%>sono qui per una lavata.
line:9d458e88	<size=160%>HELL YEAH!	<size=160%>CAZZO, SÌ!
line:f5462edf	<size=60%> that's hot.	<size=60%>Che sexy.
line:7c745c31	<size=70%> A big dragon giving me control. Woah.	<size=70%>Un drago grosso che mi cede il controllo. Wow.
line:53d71f27	<size=70%> And for me.	<size=70%> E per me.
line:4fe271cc	<size=70%> woah.	<size=70%>Wow.
line:e53b1bd3	<size=70%><i> holy shit, I just bagged a date with a dragon.	<size=70%><i>Porca miseria, ho appena rimediato un appuntamento con un drago.
line:c4384e8e	<size=70%><i>but it was nice... Thank you.	<size=70%><i>Ma piacevole... La ringrazio.
line:ec0e5330	<size=70%><i>feel free to continue-</i>	<size=70%><i>Continui pure...</i>
line:e77c1f79	<size=70%><i>oah-</i> no that's really cool actually.	<size=70%><i>Oh...</i> No, anzi, mi fa davvero piacere.
line:a618f9c2	<size=70%><i>Woah...	<size=70%><i>Wow...
line:ad460e4b	<size=70%><i>Yeah?	<size=70%><i>Ah sì?
line:c25d1c85	<size=70%>They're still on my payroll.	<size=70%>Sono ancora sul mio libro paga.
line:22deeef6	==	==
line:67fa34ad	==	==
line:a8e2f13e	==	==
line:ce938344	==	==
line:e41244bf	==	==
line:497d3f67	A few days ago...	Qualche giorno fa...
line:c570a462	A rather good excuse to see my favorite kobold.	Un'ottima scusa per vedere il mio coboldo preferito.
line:5d2d16e0	A really good friend?	Un ottimo amico?
line:df4d3810	About earlier.	Riguardo a prima.
line:1a5e1ba4	Act what way?	Comportarti come?
line:cc532c02	After his spontaneous conflagration, I made sure to give him privacy.	Dopo la sua combustione spontanea, mi sono assicurato di lasciargli un po' di riservatezza.
line:a983ffa3	Again...?	Ancora...?
line:8e34b87d	Agreed, though I'd still like to be let in as soon as convenient.	Concordo. Però vorrei comunque entrare appena le è possibile.
line:934a1d5a	Ah yeah, that's the stuff.. keep at it.	Ah sì, proprio così... Continua.
line:e216aee0	Ah, good.	Ah, bene.
line:9b26ac5f	Ah, I see the button there, gotcha!	Ah, vedo il pulsante laggiù. Capito!
line:7f3fe9f9	Ah, sorry, I'm passionate about such things.	Ah, mi scusi. Sono argomenti che mi appassionano.
line:bf2a8309	Ah, the grime did sting a little, thank you.	Ah, quella sporcizia bruciava un po'. La ringrazio.
line:ebdb9888	Ah, yeah, those types are pretty cute.	Ah, sì. Quelli così sono proprio carini.
line:b920f205	Ah. Do not worry.	Ah. Non si preoccupi.
line:a98d068c	Ah. Okay nevermind I'm not sorry then.	Ah. Va bene, allora ritiro le scuse.
line:6de2c490	Ah...	Ah...
line:4d6b365e	Ahh, all cleaned and with a lighter load.	Ahh, tutto pulito e con il carico alleggerito.
line:20f96302	Alexander!	Alexander!
line:f167e3d7	Alexander!	Alexander!
line:fe3996b8	Alexander!	Alexander!
line:af7db134	Alexander...?	Alexander...?
line:eb7cf9e5	All clean...	Tutto pulito...
line:f57fc630	All done!	Finito!
line:0b734d82	All self respecting washers know how to please a dragon.	Ogni lavadraghi che si rispetti sa come soddisfare un drago.
line:599ffb25	Already got seats at that bar I mentioned earlier.	Ho già prenotato i posti nel bar di cui ti parlavo.
line:642ddea3	Alright alright... Then I think I'd like to use it?	Va bene, va bene... Allora credo che mi piacerebbe usarlo?
line:c7b3a185	Alright! I'll go get the gate.	Va bene! Vado ad aprire il cancello.
line:7279121a	Alright! I'll go get you the gate.	Va bene! Le apro il cancello.
line:4fc4259c	Alright! I'm ready to go.	Va bene! Sono pronto ad andare.
line:a722d0fa	Alright, go get the gate and I'll head out to the spot!	Va bene, apri il cancello e io raggiungo il posto!
line:d04df8f8	Alright, I'll cya!	Va bene, ci vediamo!
line:4766af08	Alrighty! That should be it.	Bene! Dovrebbe essere tutto.
line:797ca540	Alrighty. All clean.	Ecco fatto. Tutto pulito.
line:c4cb161a	Although grapes have always hit a specific craving.	Però l'uva ha sempre soddisfatto una voglia particolare.
line:dc237557	Although, the portions might be a bit... dragon sized.	Però le porzioni potrebbero essere un po'... a misura di drago.
line:655b8c01	Always happy to have you, Conrad.	Sei sempre il benvenuto, Conrad.
line:afedd1f5	An anomaly.	Un'anomalia.
line:0de4fe62	And I'm glad you have a medkit... You're very prepared.	E meno male che hai una cassetta del pronto soccorso... Sei ben attrezzato.
line:0699aef9	And I'm really happy for you and Conrad.	E sono davvero felice per te e Conrad.
line:a3a26459	And not just physically.	E non solo fisicamente.
line:507bd2b9	And that's why I'm here! Going to be heading out after this wash to go see him.	Ed è per questo che sono qui! Dopo il lavaggio vado a incontrarlo.
line:33440e8c	And why you are perfect for this job!	Ed è per questo che lei è perfetto per questo lavoro!
line:cacb93ce	And you've tried everything.	E hai provato di tutto...
line:8cae6240	Another dragon? Usually I don't really get along...	Un altro drago? Di solito non vado molto d'accordo...
line:5a7e4fd4	Any chance you can clean me up again?	Riusciresti a ripulirmi un'altra volta?
line:92d2a30a	Anything. I'm just curious.	Qualsiasi cosa. Sono solo curioso.
line:52695aa2	Anything?	Qualsiasi cosa?
line:8ead9ee9	Anytime, Ryan.	Quando vuoi, Ryan.
line:6d77feef	Anyway glad you're not finished, lets keep at it!	Comunque, sono contento che tu non abbia finito. Continuiamo!
line:bdb4f59c	Anyway, time to get writing!	Comunque, è ora di mettersi a scrivere!
line:75dd56ae	Anyways,	Comunque,
line:8980260e	Anyways-	Comunque...
line:a8e6291c	Anyways- Let me out.	Comunque... Fammi uscire.
line:493a82ef	Anyways. Could you go get the gate?	Comunque. Mi apriresti il cancello?
line:926f5f41	Anyways. Gonna use this thing now!	Comunque. Adesso uso questo coso!
line:ad8ab02e	Anyways...	Comunque...
line:e767dc51	Anywho, I'll get out of your scales now.	Comunque, adesso la lascio al suo lavoro.
line:e81426c1	Anywho, I'm in need of a clean.	Comunque, avrei bisogno di una ripulita.
line:23e7d518	Approach the dragon entrance, and I will let you in.	Si avvicini all'ingresso per i draghi e la farò entrare.
line:72a9b5bb	Are you happy?	È felice?
line:be0118cc	Are you okay?	Stai bene?
line:de735c65	Are you open right now?	È aperto in questo momento?
line:9369755d	Are you sure it will fit?	Sei sicuro che entri?
line:c35b717a	Are you sure...? In front of the food?	Sei sicuro...? Davanti al cibo?
line:cb06d2bf	As am I.	Anch'io.
line:9a48b21c	As in you're unique.	Nel senso che è unico.
line:1c021ee0	At getting hand jobs.	A farmi fare le seghe.
line:e861b464	At least that's what I've heard anyway.	Almeno, è quello che ho sentito dire.
line:2f54ceec	At least you can still use your hands. Heh.	Almeno puoi ancora usare le mani. Eh.
line:cb04e062	At least you can still use your hands. Heh.	Almeno puoi ancora usare le mani. Eh.
line:97792929	Aw, I'll go get you the gate.	Oh, vado ad aprirti il cancello.
line:c6895517	Aw, Ryan.	Oh, Ryan.
line:db997182	Aw, thank you Alexander.	Oh, grazie, Alexander.
line:7157db26	Aw, thanks Alexander.	Oh, grazie, Alexander.
line:011f1458	Aw, thanks.	Oh, grazie.
line:aea0be6b	Aw, thanks.	Oh, grazie.
line:c00d76cd	Aw, thanks. I only look so good 'cause of your washes!	Oh, grazie. Sono così bello solo grazie ai tuoi lavaggi!
line:453ff9be	Aw- Ryan...	Oh, Ryan...
line:5340a315	Aw... Thanks!	Oh... Grazie!
line:c6202cf2	Aw... Thanks.	Oh... Grazie.
line:cb1d1197	Aw... Thanks. Is it weird I consider you...	Oh... Grazie. È strano se ti considero...
line:2bfa396c	Aw... That's really sweet	Oh... È davvero dolce.
line:22053f7f	Awesome!	Fantastico!
line:6fdb2c3d	Awesome!	Fantastico!
line:70306ba1	Awesome!	Fantastico!
line:6126a614	Awesome! Come on in..	Fantastico! Entra pure...
line:e85007ac	Awesome! See you later then!	Fantastico! Allora ci vediamo più tardi!
line:4c7f15d6	Awesome, I'll go get the gate.	Fantastico, vado ad aprire il cancello.
line:9d126e4e	Awesome, I'm glad.	Fantastico, sono contento.
line:b60cc4a5	Awesome.	Fantastico.
line:59fb47b0	Awww. You don't need to be coverd in ink to say hi!	Oooh. Non deve ricoprirsi d'inchiostro per salutarmi!
line:8e20e028	Be yourself!	Sii te stesso!
line:cd18f73f	Been looking forward to this.	Non vedevo l'ora.
line:8f1fccf9	Being muddy is really fun up until it starts drying.	Essere infangato è divertente finché il fango non comincia a seccarsi.
line:40783547	Berries.	Bacche.
line:59d4be6a	Berries.	Bacche.
line:61e781c1	Berries.	Bacche.
line:18ae08ef	Bet you had fun.	Scommetto che vi siete divertiti.
line:982fd3c7	big C...?	Grande C...?
line:4b3f7c6a	Biology...? <size=70%> <i>I think?	La biologia...? <size=70%> <i>Credo?
line:9be63f47	Bleh. Thank you for grabbing that.	Bleah. Grazie per averlo preso.
line:66957ed2	Blue...?	Blu...?
line:a77c3afd	Both.	Tutte e due.
line:78975048	Brrr! Cold water!	Brrr! Acqua fredda!
line:8487a2c4	Burnswick Community College of Thaumaturgy	Collegio comunitario di Taumaturgia di Burnswick
line:f75126de	But honestly you've helped me a lot.	Però, sinceramente, tu mi hai aiutato molto.
line:cab69268	But I already know I'm liking this a lot.	Ma so già che mi sta piacendo molto.
line:d9534386	But I know the type... They tend to be big softies on the inside.	Ma conosco il genere... Dentro tendono a essere dei gran teneroni.
line:f73ddfbc	But I think its time to get cleaned up.	Ma credo sia ora di ripulirmi.
line:088ea4a7	But I'm hot shit, so I'll be fine.	Ma sono un gran figo, quindi andrà bene.
line:c8f8bc22	But I'm only your washer?	Ma io sono solo il suo lavadraghi?
line:dda0419b	But I'm sure I'd enjoy it with you!	Ma sono sicuro che con te me lo godrei!
line:aa74448a	But not in this sized package, right??	Ma non su uno di questa taglia, vero??
line:7d9ffc48	But nothing beats a large gulp!	Ma niente batte un bel boccone inghiottito intero!
line:d1ec7684	But that is why I am here!	Ma è proprio per questo che sono qui!
line:b0d9d1e5	But you're the teacher dragon.	Ma il drago insegnante è lei.
line:2d7e1ab6	But, at least I got to meet you!	Però almeno ho conosciuto te!
line:b7f46902	But, I think you've taught me something.	Ma credo che mi abbia insegnato qualcosa.
line:b1040415	By the stars! No no. You're excellent.	Per tutti gli astri! No, no. Lei è eccellente.
line:3a88a2dd	By the way would you be mad if your partner made a mess at home?	A proposito, ti arrabbieresti se la persona con cui stai sporcasse tutta casa?
line:4199070f	Came in for another wash.	Sono venuto per un'altra lavata.
line:105cd3e2	Can I ask you a question?	Posso farti una domanda?
line:535ee717	Can you repeat that?	Può ripetere?
line:835e0c27	Can't sthpeak well.	Non riefco a parlare bene.
line:afa450c0	Come back whenever, Ryan.	Torna quando vuoi, Ryan.
line:0cedfc3d	Conrad can go as long as he needs	Conrad può continuare per tutto il tempo che serve.
line:5462913f	conrad hooked up with ryan	Conrad sta con Ryan.
line:61cd33c5	conrad hooked up with ryan	Conrad sta con Ryan.
line:6a7610f3	conrad hooked up with ryan	Conrad sta con Ryan.
line:bac1ce29	conrad hooked up with ryan	Conrad sta con Ryan.
line:61c9b7ac	Conrad needs a cleaning, got a slot for 'im?	Conrad ha bisogno di una ripulita. Hai un posto per lui?
line:405b7ef1	Conrad needs a wash!	Conrad ha bisogno di una lavata!
line:803c8f0c	Conrad was talking about you during our date.	Durante il nostro appuntamento Conrad ha parlato di te.
line:f1787092	Conrad!	Conrad!
line:fd6c6213	Conrad!	Conrad!
line:484cd04d	Conrad...?	Conrad...?
line:5b0360ad	Conrad: Actually.. I mean..	Conrad: In realtà... Cioè...
line:3ce891ff	Conrad: Conrad just enjoys himself	Conrad: Conrad si gode solo il momento.
line:fbe86c06	Conrad: Damn right!	Conrad: Eccome, cazzo!
line:5660dc8b	Conrad: Don't worry about it!	Conrad: Non preoccuparti!
line:c050dbfc	Conrad: I do it all the time	Conrad: Io lo faccio sempre.
line:cd3367da	Conrad: I want this to go well	Conrad: Voglio che vada bene.
line:194c1381	Conrad: I'm ready to blow	Conrad: Sono pronto a venire.
line:ce4d0fef	Conrad: Yea	Conrad: Già.
line:42c70daa	Conrad: You feel good	Conrad: È bello sentirti.
line:3bc52918	Conrad: You having a good time?	Conrad: Ti stai divertendo?
line:be0e51af	Cool.	Figo.
line:88c36bc7	Could do that, then get a hotel room... Hmm.	Potremmo andare lì, poi prendere una camera d'albergo... Mmh.
line:b99e1503	Could you ask <i>me</i> a question?	Potrebbe fare una domanda a <i>me</i>?
line:12bf5baf	Could you get the gate...?	Potrebbe aprire il cancello...?
line:3a6afae1	Could you go get the gate?	Potresti aprire il cancello?
line:9f49d9d4	Could you wash it away?	Potresti sciacquarlo via?
line:7661a0e9	D'aw... thanks.	Oooh... Grazie.
line:59bc5840	Damn right I do!	Certo che sto bene!
line:64889395	Damn right!	Eccome, cazzo!
line:95aa0bf4	Damn right!	Eccome!
line:db592d76	Damn right!	Eccome, cazzo!
line:0fcf9908	Damn right.	Proprio così.
line:b964c99b	Damn shame then. Better change that.	Un vero peccato. Vedi di rimediare.
line:c6955ecc	Damn, you know how to use your hands.	Cazzo, sì che sai usare le mani.
line:eaf45022	Damn, you know how to use your hands.	Cazzo, sì che sai usare le mani.
line:684fb29a	Damn... Always feels good.	Cazzo... È sempre una goduria.
line:7023cc94	DATE NIGHT!	SERATA ROMANTICA!
line:c71df70b	Date night!	Serata romantica!
line:b57cc8ad	Depends	Dipende.
line:07bd7f57	Did you do your uh...	Oggi hai... Ehm...
line:4f38655d	Do I look like I'm okay?	Ti sembra che stia bene?
line:8147156a	Do it!	Fallo!
line:9ab6ddfb	Do you also do "special endings" here?	Qui fate anche il «lieto fine»?
line:4c90479c	Do you ask because I'm lavender?	Me lo chiede perché sono color lavanda?
line:3020c97c	Do you believe I am attractive?	Mi trova attraente?
line:c5e71850	Do you even need a wash?	Hai davvero bisogno di lavarti?
line:1810e75f	Do you have any advice?	Hai qualche consiglio?
line:6be807b5	Do you have any plans with ryan?	Hai dei programmi con Ryan?
line:a0cf6cae	Do you know any cool places, people, I could hang around?	Conosci qualche bel posto, della gente in gamba con cui potrei passare il tempo?
line:412ba249	Do you know any good bars?	Conosci qualche bel bar?
line:28ec716a	Do you know anyone I could talk to? Y'know... about relationship stuffs?	Conosci qualcuno con cui potrei parlare? Sai... di questioni di cuore?
line:21c0526b	Do you like being big?	Le piace essere grosso?
line:daa040eb	Do you like purple?	Le piace il viola?
line:ef052302	Do you like purple?	Le piace il viola?
line:d5ed3582	Do you make big dragons, <size=60%>like me, <size=100%>cum here?	Qui fate venire i draghi grossi, <size=60%>come me, <size=100%>sì o no?
line:ec64a696	Do you mind double checking if I'm clean?	Ti dispiacerebbe controllare se sono pulito?
line:647187f1	Do you want to say what happened...?	Vuoi raccontarmi cos'è successo...?
line:807df02d	Do you want to use it?	Vorrebbe usarlo?
line:5c42b85a	Doesn't mean I need to yell at you.	Non significa che debba urlarti contro.
line:eefa8ae2	Don't be sorry! Get a mount!	Non scusarti! Procurati un cavalletto!
line:dd0f7b1d	Don't worry, dragons are made to eat anything.	Tranquillo, i draghi sono fatti per mangiare qualsiasi cosa.
line:b90b01a9	Don't worry, he's real nice.	Tranquillo, è davvero gentile.
line:7de2a81c	Don't worry. I will.	Tranquillo. Lo farò.
line:c29d4071	Don't... make it sound like that.	Non... dirlo così.
line:31bdd33c	Dont talk with your mouth full	Non parlare con la bocca piena.
line:8ee41fdc	Dragon history is complex. Ornamental crest <size=85%> are often <size=70%> worn by dragons to <size=55%>signify what family they belong to! <size=40%> It's an interesting mark of their culutral <size=35%> and familial heritage. I've often wondered if I should continue to wear mine. <size=20%> But culutural and familiar ties are considered important within the lore of dragons! so I must adhere to such things. <size=10%> Water. Earth. Fire. Air. Long ago, the four nations lived together in harmony. Then everything changed when the Fire Nation attacked.	La storia dei draghi è complessa. Gli stemmi ornamentali <size=85%> vengono spesso <size=70%> indossati dai draghi per <size=55%>indicare la famiglia a cui appartengono! <size=40%> Sono un segno interessante del loro patrimonio culturale <size=35%> e familiare. Mi sono spesso chiesto se dovrei continuare a portare il mio. <size=20%> Ma nelle tradizioni dei draghi i legami culturali e familiari sono importanti! Quindi devo rispettarli. <size=10%> Acqua. Terra. Fuoco. Aria. Molto tempo fa, le quattro nazioni vivevano in armonia. Poi tutto cambiò quando la Nazione del Fuoco attaccò.
line:0a0e6773	Dragon stomachs are a bit more... robust than yours.	Lo stomaco dei draghi è un po' più... resistente del tuo.
line:7e352505	Dragons of the galaxy 2	Draghi della galassia 2
line:c2c659d1	Eep!	Iip!
line:0bd1699e	Ehh..	Ehm...
line:43dd32f5	Er... That's not-	Ehm... Non è...
line:93b60dce	Even so. Not this time	Comunque sia, non questa volta.
line:573d9362	Even though you were just doing your job... I think it helped him a lot.	Anche se stavi solo facendo il tuo lavoro... Credo che gli abbia fatto molto bene.
line:a2ba222e	Evening. This establishment takes walk ins, correct?	Buonasera. Accettate clienti senza appuntamento, giusto?
line:f98c3b6c	Every ending here is special!	Qui ogni finale è lieto!
line:bfeaec15	Every self respecting wizard has a phoenix feather handy.	Ogni mago che si rispetti tiene a portata di mano una piuma di fenice.
line:57df700d	Everyone's gaze carries an immense weight.	Lo sguardo di tutti gli altri ha un peso enorme.
line:9ad8d2dd	Excellent!	Eccellente!
line:0c997163	Excellent.	Ottimo.
line:1976bc60	Excellent. Then make sure to go greet your customer at the window.	Ottimo. Allora ricordati di salutare il cliente alla finestra.
line:7bbe7ee3	Expectations are laaaame.	Le aspettative sono una noooia.
line:f99eb2ff	Ey! The mount! Fuck yeah.	Ehi! Il cavalletto! Cazzo, sì.
line:d376acb9	Ey, so. Was thinkin'	Ehi, senti. Stavo pensando...
line:85ec0862	Ey, sorry for coming in late.	Ehi, scusa se arrivo tardi.
line:12e8ae42	Ey, Use your hands on my cock- it feels good!	Ehi, usa le mani sul mio cazzo... È una goduria!
line:271a3846	Fair enough. I'll be waiting!	Va bene. Aspetterò!
line:4789095b	Fair enough. You two do seem cute together.	Ci sta. Siete proprio carini insieme.
line:f5b37855	Felt good sliding down though!	Però è stato bello sentirla scivolare giù!
line:274367d7	Figured I'd bring in something nice after all you've done.	Pensavo di portarti qualcosa di buono dopo tutto quello che hai fatto.
line:aae8afca	Fine with me!	Per me va bene!
line:e98616be	For you!	Per te!
line:62a82aba	Found this one gryphon. About my size...	Ho conosciuto un grifone. Più o meno della mia taglia...
line:807fdc76	From what I've heard he sounds like he's improved a lot recently, yeah?	Da quello che ho sentito sembra molto migliorato ultimamente, no?
line:803bf378	Fuck man, I'm so pumped.	Cazzo, non sto più nella pelle.
line:f2418086	Fuck no! Shit's embarrassing.	Col cazzo! È imbarazzante.
line:a7ca3ca8	Fuck something and then get a handjob hopefully.	Scoparmi qualcosa e, se va bene, farmi fare una sega.
line:203bce10	Fuuuck. You really know how to work a dragon!	Caaazzo. Sai proprio come trattare un drago!
line:f7f9b0db	G'day mate!	Ehilà, amico!
line:664c994e	Gave me time to think.	Mi hai dato il tempo di pensare.
line:1d9b3531	Get a handjob and fuck this mount.	Farmi fare una sega e scoparmi questo cavalletto.
line:48afdce4	Give it to me!	Dammi tutto!
line:9df043ad	Give me a bit	Dammi un momento.
line:e5c7f64a	Glad I'm here to remind you then.	Allora meno male che sono qui a ricordartelo.
line:354170aa	Go for it!	Si lasci andare!
line:2d0b6b06	Goin' downtown tonight. Needed to be spotless. Say...	Stasera vado in centro. Dovevo essere immacolato. Senti...
line:dcb506d2	Good as!	Alla grande!
line:bcbc6373	Good evening!	Buonasera!
line:607a5c47	Good, I can't be having the Burnswick Community College of Thaumaturgy know that their best professor Alexander has caused another incident.	Bene. Non posso permettere che il Collegio comunitario di Taumaturgia di Burnswick scopra che il suo miglior professore, Alexander, ha causato un altro incidente.
line:12b72085	Good, you better. If I come back and there isn't one...	Bene, ti conviene. Se torno e non ce n'è uno...
line:2c851dad	Good.	Bene.
line:2712436c	Good. 'Aight, let me out.	Bene. D'accordo, fammi uscire.
line:bab51ada	Good... That'd be correct.	Bene... È il termine giusto.
line:44f2b8cf	Goodbye!	Arrivederci!
line:a8e6ac2a	Goodness, thanks to you I have a chance at redeeming this situation.	Cielo, grazie a lei posso ancora rimediare a questa situazione.
line:745c3c12	Gosh!	Accidenti!
line:6b5c6564	Gotta <i>practice</i> for Ryan if you catch what I mean.	Devo <i>esercitarmi</i> per Ryan, se capisci cosa intendo.
line:e3cef2bc	Gotta make sure you're spotless!	Devo assicurarmi che tu sia immacolato!
line:b01b2159	Great, so uh,	Fantastico, quindi, ehm...
line:43c94954	Grouse as! Excited to see you work!	Una figata! Non vedo l'ora di vederti all'opera!
line:9de16ee9	Ha!	Ah!
line:88d7e1e2	Haah. This is the best fuckin' wash.	Ahh. Questo è il miglior cazzo di lavaggio.
line:cc6e7856	Hah! There's the mount!	Ah! Ecco il cavalletto!
line:90dd6d9d	Hah, eager as always.	Ah, entusiasta come sempre.
line:9542e7a6	Hah, good. Let's break this thing in!	Ah, bene. Inauguriamolo come si deve!
line:fe21109b	Hah, he seems like the wild type.	Ah, sembra proprio un tipo scatenato.
line:e8bc1d95	Hah, I imagine it would be.	Ah, ci avrei scommesso.
line:acbf628d	Hah, it is a motivator.	Ah, sono un buon incentivo.
line:65b23418	Hah, okay. I'm game.	Ah, va bene. Ci sto.
line:058d9d5c	Hah, yeah. Conrad is definitely experienced...	Ah, sì. Conrad è decisamente esperto...
line:8b878971	Hah, yeah. He sounds fun.	Ah, già. Sembra divertente.
line:e3ed51d9	Hah. Conrad, you look good too.	Ah. Anche tu stai bene, Conrad.
line:f8b2e23b	Hah. Fine.	Ah. Va bene.
line:ea23c5f9	Hah. If only there was a kobold that could clean me.	Ah. Se solo ci fosse un coboldo capace di lavarmi.
line:c9bb2a93	Hah. Yeah. <size=70%><i>It's cool that you learn to jerk off dragons in cleaning school...	Ah. Già. <size=70%><i>Forte che alla scuola di lavaggio ti insegnino a fare le seghe ai draghi...
line:50a559bb	Hah... <size=70%> yeah.	Ah... <size=70%>Già.
line:4d4d9986	Hah... Gonna jerk me off now? That's fine.	Ah... Mi fai una sega adesso? Per me va bene.
line:4e920759	Hah... Yeah I'm excited.	Ah... Sì, non vedo l'ora.
line:b36365ce	Hah... Yeah...	Ah... Già...
line:b8724c64	Hah... you do like that noise.	Ah... Ti piace proprio quel verso.
line:c8cde395	Haha, 'Yip' indeed.	Ahah, proprio così: «yip».
line:680991cf	Haha, yes. Happy to see you.	Ahah, sì. Sono felice di vederla.
line:4c27b031	Haha, you certainly are!	Ahah, direi proprio di sì!
line:c3a2e14e	Haha, you certainly are!	Ahah, direi proprio di sì!
line:9ec40945	Haha. 'Yip' to you too.	Ahah. «Yip» anche a te.
line:5e91e0a7	Haha... Yeah. I'm not really used to complimenting.	Ahah... Già. Non sono molto abituato a fare complimenti.
line:44689f21	Happy to be back.	Felice di essere tornato.
line:2672f65d	Happy to be here.	Felice di essere qui.
line:192fcb8e	Happy to get it off.	Sono felice di togliermelo.
line:3517b28e	Have a productive day.	Buon lavoro.
line:7c1adc57	He called me, we met up. He's really damn nice.	Mi ha chiamato e ci siamo visti. È davvero gentile, cazzo.
line:e71f9a0b	HE DIED!?	È MORTO!?
line:ed6c9afb	He hadn't been... Well, cared about in a long time from what I could gather.	Da quello che ho capito, era da molto che... nessuno si prendeva cura di lui.
line:de25de6e	He just... Knew what to say to snap me out of all that.	Lui sapeva... esattamente cosa dire per farmi smettere.
line:a035a3fd	He prefers 'vertically challenged'... But yes.	Preferisce «verticalmente svantaggiato»... Ma sì.
line:04b29e42	He really is.	Lo è davvero.
line:c7e1b369	He really is.	Lo è davvero.
line:c64bd5ce	He said I was chill, we planned a date...	Ha detto che sono uno tranquillo. Abbiamo organizzato un appuntamento...
line:e8a91447	He's a lot. But, I like it.	È un tipo impegnativo. Ma a me piace così.
line:a7181b1a	He's a red dragon. I think you two would like eachother!	È un drago rosso. Credo che vi piacereste!
line:8245fe2b	He's already back to work. Thanks for helping with all that.	È già tornato al lavoro. Grazie per avermi aiutato con tutta quella faccenda.
line:aaea8391	He's been way nicer recently.	Ultimamente è molto più gentile.
line:7363c004	He's great.	È fantastico.
line:c13d4e24	He's hot.	È sexy.
line:675d7e37	He's like. SUPER hung.	È tipo... SUPER dotato.
line:7deb9fff	He's like... a big softy surrounded by sharp pointy bits.	È come... un gran tenerone circondato da punte affilate.
line:800c553d	He's my dream dragon.	È il drago dei miei sogni.
line:4b3c70d9	He's snappy, but tender too!	È brusco, ma sa essere anche tenero!
line:31281c6d	He's this REALLY cute red drake who goes to the wash!	È un drago rosso DAVVERO carino che viene qui al lavaggio!
line:4c11c83e	He's tiny, I like being eye level with him.	È piccolino. Mi piace guardarlo negli occhi alla stessa altezza.
line:b9ce2f3c	He's... Considerate. Real understanding too.	È... Attento. E molto comprensivo.
line:8e9e0f98	Heard about you and the big blue guy. Ryan was it?	Ho sentito di te e del ragazzone blu. Ryan, giusto?
line:ca4a9672	Heeeey Ryan.	Eeehi, Ryan.
line:24ce37ec	Heeeey.	Eeehi.
line:bb70c1ed	Heh. Yeah.	Eh. Già.
line:3fa80829	Heh. Yeah. I like you too.	Eh. Già. Anche tu mi piaci.
line:20393ff6	Heh. Yeah. That's me.	Eh. Sì. Sono io.
line:ac769d93	heh.. yea.. sorry..	Eh... Sì... Scusa...
line:5246ceea	Heh... alright.	Eh... Va bene.
line:75fef5cb	Heh... Damn right.	Eh... Proprio così.
line:5f0edcb2	Heh... Handsy today, huh?	Eh... Oggi non tieni le mani a posto, eh?
line:2f55b3aa	Hehe	Eheh.
line:7e991330	Hehe yeah.	Eheh, sì.
line:3223473f	Hehe, I'm excited to get into the dating scene again.	Eheh, non vedo l'ora di rimettermi in gioco con gli appuntamenti.
line:4a137220	Hehe, thanks. It has stuff that should be good for both of us.	Eheh, grazie. Ci sono cose che dovrebbero andare bene per entrambi.
line:1a3e2a73	Hell yea	Cazzo, sì.
line:93f67490	Hell yeah	Cazzo, sì.
line:389e4033	Hell yeah I did!	Cazzo, altroché!
line:17dbb9b7	Hell yeah.	Cazzo, sì.
line:4b7b33d9	Hello!	Ciao!
line:c3d3da41	Hello!	Ciao!
line:4183ca7e	Hello, <i>'Drag'n wash franchise 223'...</i> Have you figured out how to interact yet?	Salve, <i>«affiliato Drag'n'wash numero 223»...</i> Hai capito come interagire?
line:a99c515c	Hello, <i>'Drag'n wash franchise 223'...</i> Have you spoken to your first customer yet?	Salve, <i>«affiliato Drag'n'wash numero 223»...</i> Hai già parlato con il tuo primo cliente?
line:b7cce838	Hello.	Salve.
line:a8779ebf	Hello?	C'è nessuno?
line:dd4b34ae	Hello?	C'è nessuno?
line:1954aab7	Help the developers out please..	Per favore, segnalalo agli sviluppatori...
line:db9c3a5c	Help the developers out please..	Per favore, segnalalo agli sviluppatori...
line:f7f7f5a1	Help the developers out please..	Per favore, segnalalo agli sviluppatori...
line:fc461784	Help the developers out please..	Per favore, segnalalo agli sviluppatori...
line:ee3398a6	Hey big guy.	Ehi, ragazzone.
line:0090c7b0	Hey Conrad!	Ehi, Conrad!
line:3d0a5aeb	Hey Conrad!	Ehi, Conrad!
line:a2b4acea	Hey conrad!	Ciao, Conrad!
line:975a629f	Hey Conrad.	Ehi, Conrad.
line:21235886	Hey could you come up front where I can see you?	Ehi, potresti venire qui davanti, dove posso vederti?
line:533532c4	Hey fine by me!	Ehi, per me va bene!
line:1538bc7e	Hey good lookin'	Ehi, bellezza.
line:0121c874	Hey hey. Glad you're open.	Ehi, ehi. Meno male che sei aperto.
line:71b651dd	Hey I have something to say!	Ehi, vorrei dirti una cosa!
line:0d4e0ecf	Hey kobold!	Ehi, coboldo!
line:af3f02c9	Hey Ryan, what do you have there?	Ehi, Ryan, cos'hai lì?
line:6374414d	Hey thanks for being here for me...	Ehi, grazie per esserci per me...
line:bf5ff483	Hey there, happy to be back.	Ciao, che bello essere tornato.
line:c38b7fa6	Hey there, Ryan!	Ehi, Ryan!
line:2d5fc8a2	Hey there- Maybe you can get 'hands on' later?	Ehi... Magari potresti «metterci le mani» più tardi?
line:1b6c7f75	Hey there.	Salve.
line:5dacf226	Hey there.	Buongiorno.
line:82698bd1	Hey there.	Salve.
line:ab3a5d9c	Hey there.	Ehi.
line:3d2bc74e	Hey uh, do you think Ryan and I will <i>actually</i> work out?	Ehi, ehm... Secondo te tra me e Ryan può funzionare <i>davvero</i>?
line:04501155	Hey uh, I just need a cleaning.	Ehi, ehm... Mi serve solo una ripulita.
line:2a29842a	Hey uh... Not now.	Ehi, ehm... Non adesso.
line:8caa3196	Hey uhm, thanks once again.	Ehi, ehm... Grazie ancora.
line:5c7a9105	Hey!	Ehi!
line:eed2cc64	Hey!	Ehi!
line:2f3f5508	Hey! He's just... 'vertically challenged'.	Ehi! È solo... «verticalmente svantaggiato».
line:55bb78d1	Hey! I'm here for a wash.	Ciao! Sono qui per una lavata.
line:33480903	Hey, Alexander!	Salve, Alexander!
line:21fcef4f	Hey, Alexander.	Salve, Alexander.
line:14598ca6	Hey, big guy!	Ehi, ragazzone!
line:e7353d24	Hey, I've got a question for you.	Ehi, ho una domanda per te.
line:674877e5	Hey, nothin' wrong with asking!	Ehi, non c'è niente di male a chiedere!
line:d2589856	Hey, welcome back!	Salve, bentornato!
line:0d3e4054	Hey.	Ehi.
line:aa0dda7b	Hey.	Ehi.
line:7f2e2736	Hey... little guy!	Ehi... piccoletto!
line:933efa6d	Hi again!	Ciao di nuovo!
line:873a2b9a	Hi again..	Ciao di nuovo...
line:83ac5b68	Hi Conrad.	Ciao, Conrad.
line:050efd1a	Hi, Ryan!	Ciao, Ryan!
line:06ed6aea	Hiiiii! Hiii!	Ciaooo! Ciao!
line:5a632b75	His physical form is currently reconstituting in the staff lounge.	La sua forma fisica si sta ricostituendo nella sala professori.
line:6bd91ca7	Hm, I think I'll pass on the mount.	Mmh, credo che farò a meno del cavalletto.
line:370d719b	Hm?	Mmh?
line:3c3ddd0c	Hm?	Mmh?
line:44658d73	Hmm...	Mmh...
line:bf059ff3	Hmm...	Mmh...
line:730b1ca4	Hmm?	Mmh?
line:fc571337	Hmmm, maybe something else?	Mmh, magari qualcos'altro?
line:19207e44	Hold on a little longer for me?	Può resistere ancora un pochino per me?
line:f2ae89c4	Honestly, I'm surprised how nice this is.	Sinceramente, non pensavo fosse così piacevole.
line:a2ff0176	Hope it went well.	Spero sia andata bene.
line:b17360a0	Hope that's alright?	Spero che vada bene?
line:ae08853f	Hope you're doing alright!	Spero che stia bene!
line:e1fa2461	Hopefully! I'll go get the gate.	Speriamo! Vado ad aprire il cancello.
line:99931b37	Hopefully.	Speriamo.
line:d9c91bca	How about you though? have you been seeing anyone?	E tu, invece? Stai frequentando qualcuno?
line:4ec92454	How about you? Anyone exciting?	E tu? Qualcuno di interessante?
line:86bde306	How are you with seafood?	Come te la cavi con il pesce e i frutti di mare?
line:7fb611c9	How come you brought this all in?	Come mai hai portato tutta questa roba?
line:af0d0972	How come you're covered in ink?	Come mai è ricoperto d'inchiostro?
line:e385b7f3	How did it go?	Com'è andata?
line:c0161bbc	How did it taste?	Che sapore aveva?
line:262b262e	how do I get in?	come faccio a entrare?
line:676b0638	how do I get in?	come faccio a entrare?
line:8308bb09	How do I look?	Come sto?
line:4f172746	How do you even digest that?	Ma come fai a digerirlo?
line:28d390ac	How so?	In che senso?
line:4ef9fe65	How so?	In che senso?
line:ea66b5af	How so?	In che senso?
line:4b29790b	How was the sex.	Com'è stato il sesso?
line:7736270c	How was your date with Conrad?	Com'è andato l'appuntamento con Conrad?
line:18d418ab	However, it's ornamental! My family crest. You see...	Invece è ornamentale! È il mio stemma di famiglia. Vede...
line:1f250062	However, My <i>image</i> is far more permanent than Igwyx's fleeting physical forms.	Tuttavia, la mia <i>immagine</i> è assai più duratura delle effimere forme fisiche di Igwyx.
line:ae34381b	However, that respect comes with an expectation to act as I look. It's incredibly stressful.	Tuttavia, quel rispetto porta con sé l'aspettativa che mi comporti come suggerisce il mio aspetto. È terribilmente stressante.
line:d2baf9e2	However...	Tuttavia...
line:fb8401c3	Huff...	Uff...
line:b54ee04d	huff... Thank you for that.	Uff... La ringrazio.
line:16420ca7	Huff... Thanks for that.	Uff... Grazie per questo.
line:45507089	Huff... That was nice... Made a bit of a mess though.	Uff... È stato bello... Ho sporcato un po', però.
line:ae83cfb6	huh...?	Eh...?
line:0c78b56b	Huh?	Eh?
line:e96114a2	Huh? ofcourse not!	Eh? Certo che no!
line:836c079c	I <i>think </i> I must've spilled an inkwell <i>on the way here</i>. Rather clumsy of me!	<i>Credo </i> di aver rovesciato un calamaio <i>mentre venivo qui</i>. Che goffaggine!
line:d37175c7	I act tough but am a small dragon...	Faccio il duro, ma sono un drago piccolo...
line:b4e27683	I agree	Sono d'accordo.
line:68ebf07b	I allowed him, as my stature provides ample height.	Ho acconsentito, dato che la mia statura offre un'altezza più che sufficiente.
line:a051821a	I already feel a lot better.	Mi sento già molto meglio.
line:49bfbfbe	I already have spot at the club reserved.	Ho già prenotato un posto al locale.
line:14ff4edd	I always do~	Ci do sempre dentro~
line:b05c6259	I always look forward to seeing you. I'll go get the gate.	Sono sempre felice di vederti. Vado ad aprire il cancello.
line:52bf5ede	I am THE kobold. Yip!	Sono io IL coboldo. Yip!
line:141c006f	I am too.	Anch'io.
line:363f6f6a	I am too.	Anch'io.
line:405b9622	I am too.	Anch'io.
line:d4c5faea	I am too.	Anch'io.
line:556897bf	I am! Even better now that you're here.	Sì! Ancora meglio adesso che è qui.
line:e499b2cc	I am.	Lo sono.
line:5ec8bb55	I believe that's in part because of you.	Credo che in parte sia merito suo.
line:9883786d	I booked the night.	Ho prenotato per la notte.
line:eae85bf9	I broke up with my partner...	Ho lasciato la mia ragazza...
line:ffcfee20	I brought watermelon, bread, grapes, and some other stuff.	Ho portato anguria, pane, uva e altre cose.
line:e8aa18f4	I can digest pretty much anything.	Riesco a digerire praticamente tutto.
line:7f543c2a	I can let loose whenever you are ready	Posso lasciarmi andare quando sei pronto.
line:c83a6a0d	I can't believe Igwix would make a mistake like this!	Non posso credere che Igwix abbia commesso un errore del genere!
line:e051a79e	I consider you a good friend too	Anch'io ti considero un buon amico.
line:f382336f	I could get us the <i>nicest</i> spots for their show.	Potrei procurarci i posti <i>migliori</i> per lo spettacolo.
line:2602b8c6	I could use a wash.	Mi farebbe bene una lavata.
line:c66153d3	I couldn't help but notice the... device over there.	Non ho potuto fare a meno di notare il... congegno laggiù.
line:b71f0756	I decided to try baking.	Ho deciso di provare a fare dolci.
line:e62b989c	I decided to try baking.	Ho deciso di provare a fare dolci.
line:efea7148	I decided to try baking.	Ho deciso di provare a fare dolci.
line:98f800d3	I didn't know anyone could like me that much so easily.	Non sapevo che qualcuno potesse affezionarsi così tanto a me così facilmente.
line:4116f001	I didn't know what the button did.	Non sapevo a cosa servisse il pulsante.
line:7a5c7f54	I didn't mean to fluster you!	Non volevo metterti in imbarazzo!
line:55542a9b	I do enjoy the color. Though I believe its unrelated to my own hue.	Il colore mi piace, ma non credo che dipenda dalla mia carnagione.
line:f9c800f2	I do!	Certo!
line:ad9c1ada	I do. But, what happened?	Sì. Ma che è successo?
line:a45ccf3a	I don't believe I can hold back any longer	Non credo di riuscire a trattenermi ancora.
line:8c6e1cd3	I don't get it! Why do I have to act this way?	Non capisco! Perché devo comportarmi così?
line:cc4e48a3	I don't know where they went but I feel dirty again.	Non so dov’è finito l’alchimista, ma mi sento di nuovo sporco.
line:71127249	I don't mean to be rude, but I must decline	Non vorrei essere scortese, ma devo rifiutare.
line:f5696cc4	I don't need to tell you.	Non sono tenuto a dirtelo.
line:878fc94c	I don't understand..	Non capisco...
line:4f3d31f8	I don't want your pitty!	Non voglio la tua pietà!
line:8fc36ab7	I enjoy being a part of so many individuals lives in a positive way.	Mi piace far parte della vita di tante persone in modo positivo.
line:14653182	I enjoy parts of it. The respect is pleasant...	Alcuni aspetti mi piacciono. Essere rispettato è piacevole...
line:bd4bb1b9	I enjoy that I do not fear failure around you.	Mi piace non aver paura di fallire quando sono con lei.
line:c108ed4f	I enjoy when you tell me what to do with a pat of your hand.	Mi piace quando mi dice cosa fare con una carezza della mano.
line:6db406b4	I enjoyed this quite a lot.	Mi è piaciuto moltissimo.
line:e838533b	I feel as I could say anything to you.	Ho l'impressione di poterle dire qualsiasi cosa.
line:9b9567ec	I feel much better.	Mi sento molto meglio.
line:ed6be68f	I feel spotless as always.	Mi sento immacolato come sempre.
line:938be2fb	I forget the ignorance of a layman. I apologize.	Dimentico sempre quanto poco ne sappiano i profani. Mi scuso.
line:63837f22	I forgot to bite into it so... Nothing?	Mi sono dimenticato di morderla, quindi... Nessuno?
line:fe3484ea	I get how you'd feel that way after a breakup, yeah.	Capisco che tu ti senta così dopo una rottura, sì.
line:adf1550f	I give my other bipedal friends rides all the time.	Porto in giro gli altri miei amici bipedi in continuazione.
line:9a68366f	I got a mount.	Ho preso un cavalletto.
line:78a54cae	I got back home a bit dirty. And she yelled at me.	Sono tornato un po' sporco e lei mi ha urlato contro.
line:22a9094a	I guess so!	Direi di sì!
line:28d6c0aa	I hate that I'm always getting into situations like this.	Odio finire sempre in situazioni del genere.
line:366a7f73	I have a question.	Ho una domanda.
line:82b63c18	I have something to say!	Ho qualcosa da dire!
line:fd68807c	I have to say, you did as good a job as private washers.	Devo dire che il suo lavoro non ha nulla da invidiare a quello dei lavatori privati.
line:761f413a	I heard a loud bang	Ho sentito un forte boato.
line:9d7cc63c	I heard a loud bang, I don't think Igwix made it.	Ho sentito un forte boato. Non credo che Igwix ce l'abbia fatta.
line:7ede5030	I heard there was kobolds down here that could wash me up?	Ho sentito che quaggiù ci sono dei coboldi che possono lavarmi?
line:efb2d4af	I heard there were kobolds down here that could wash me up?	Ho sentito che qui ci sono dei coboldi che possono darmi una lavata?
line:2f9b499a	I honestly don't know how you are doing that.	Davvero, non so come ci riesci.
line:6f5dbc90	I hope he's okay too.	Lo spero anch'io.
line:cd0197ed	I hope I can learn from that.	Spero di poter imparare da te.
line:cf50dbcc	I hope it all works out.	Spero che vada tutto bene.
line:b2dfad3e	I hope so.	Lo spero.
line:0477b0d7	I hope so. I really want a fresh start with someone.	Lo spero. Voglio davvero ricominciare da zero con qualcuno.
line:7429dab7	I hope that you'll help me prove them wrong!	spero che mi aiuterai a dimostrare che si sbaglia!
line:be5feb3e	I hope things get better.	Spero che le cose migliorino.
line:114ac9a0	I hope you're right.	Spero che tu abbia ragione.
line:06744c7e	I just don't like that she takes it out on me.	È che non mi piace che se la prenda con me.
line:1fb02179	I just don't like that she takes it out on me.	È che non mi piace che se la prenda con me.
line:c8a1e7d0	I Just need a quick wash... Maybe the mount would be nice too.	Mi serve solo una lavata veloce... Magari anche il cavalletto non sarebbe male.
line:95ff1bed	I just wish for you to ask me a question. Any question.	Vorrei soltanto che mi facesse una domanda. Una qualsiasi.
line:f716a163	I knew you were too busy, so I figured I'd bring the date to you!	Sapevo che eri troppo occupato, quindi ho pensato di portare l'appuntamento da te!
line:2461773d	I knew you'd have my back	Sapevo che saresti stato dalla mia parte.
line:6a671440	I know a decent equine-kin place by the pier.	Conosco un buon ristorante di equini vicino al molo.
line:50102b85	I know he can be a bit hot headed and forget to thank folks.	So che può essere irascibile e dimenticarsi di ringraziare.
line:83c55e2e	I know things can be tough.	So che a volte è dura.
line:2ffb026d	I know you need to close down shop. I'll make sure you get the address and we can meet up there, yeah?	So che devi chiudere il negozio. Ti farò avere l'indirizzo e ci vediamo lì, d'accordo?
line:ded99a0c	I know, I'll reserve your spot!	Lo so, ti terrò il posto!
line:59e503b2	I know. But the ability to open up to someone, even occasionally-	Lo so. Ma potersi aprire con qualcuno, anche solo ogni tanto...
line:d30ffec9	I know. I know I shouldn't be dumping this on you.	Lo so. So che non dovrei scaricarti addosso tutto questo.
line:875048ca	I know. I know.	Lo so. Lo so.
line:7b59e4d6	I like how sure of yourself you are. Even if it just has to do with washing.	Mi piace quanto sia sicuro di sé. Anche se si tratta soltanto di lavarmi.
line:46061aae	I like it! I think you'd enjoy it too.	A me piace! Credo che piacerebbe anche a te.
line:f4ad8ea6	I like taking care of you.	A me piace prendermi cura di lei.
line:8ffedb47	I like the mount you chose. Mind grabbing it?	Mi piace il cavalletto che hai scelto. Lo prenderesti?
line:5c86951f	I like you a lot.	Mi piaci tanto.
line:a91980fc	I like you for who you are.	Mi piace per quello che è.
line:bdca3e1b	I like... him.	Mi piace... lui.
line:2b65bf83	I love bubbles, they tickle!	Adoro le bolle, fanno il solletico!
line:f8a4f404	I mean it. Really.	Dico sul serio. Davvero.
line:ae719afc	I need to be better. I <i>want </i>to be better.	Devo migliorare. <i>Voglio </i>migliorare.
line:a0373456	I need to be spotless. Seems that's what you're for. <size=70%> Ha.	Devo essere immacolato. A quanto pare è a questo che servi. <size=70%> Ah.
line:3da2dd1d	I never expected myself to confide such embarrassing things in someone.	Non avrei mai pensato di confidare a qualcuno cose tanto imbarazzanti.
line:0c986dec	I never expected you to be the type to be so messy!	Non la immaginavo così pasticcione!
line:95db900b	I never miss a spot.	Non tralascio mai nulla.
line:d620d41a	I never thought someone like him would be my type...	Non avrei mai pensato che uno come lui fosse il mio tipo...
line:67592de1	I probably need to head out though.	Però adesso dovrei andare.
line:e41c6dc5	I really do hope it all works out!	Spero davvero che vada tutto bene!
line:a722aada	I really think it was this time...	Stavolta credo proprio di sì...
line:e80e5edd	I see what you're doing, thank you.	Capisco cosa sta facendo. La ringrazio.
line:cc6ec337	I see..	Capisco...
line:d57520b1	I seem to have gotten myself covered in ink!	A quanto pare mi sono ricoperto d'inchiostro!
line:3b161cf3	I still need more!	Ne voglio ancora!
line:47dc71f3	I suppose I understand disliking the mess it may cause.	Suppongo di capire il fastidio per il disordine che può causare.
line:234ccfda	I suppose it depends on the circumstances.	Suppongo che dipenda dalle circostanze.
line:910706c0	I think a movie could be fun!	Credo che un film potrebbe essere divertente!
line:99bbb171	I think he was in a bad environment. He's doing better now.	Credo che fosse in un brutto ambiente. Ora sta meglio.
line:9247b7a0	I think he'd like the new you!	Secondo me gli piacerà il nuovo te!
line:f4982dcd	I think he's got a crush on me.	Credo che abbia una cotta per me.
line:fc6fdd10	I think I can still feel some explosion grime on me...	Credo di avere ancora addosso un po' di residui dell'esplosione...
line:4efc873f	I think I like being taken care of?	Credo che mi piaccia essere accudito?
line:f5d36d9a	I think I might be close..	Credo che potrei essere vicino...
line:52fc4e08	I think I'd like that!	Credo che mi piacerebbe!
line:5c78099a	I think I'd like to meet him!	Credo che mi piacerebbe conoscerlo!
line:14e0edf6	I think I'd like to try!	Credo che mi piacerebbe provare!
line:164df75a	I think I'd like to use it?	Credo che mi piacerebbe usarlo?
line:4f6168aa	I think I'd like to use it?	Credo che mi piacerebbe usarlo?
line:ab314624	I think I'd like to?	Credo che mi piacerebbe?
line:170c6aa3	I think I'd like you to be that someone aswell.	Credo che anche a me piacerebbe che fossi tu quel qualcuno.
line:8f46bb17	I think I've got it!	Credo di aver capito!
line:a5e128e0	I think she's upset about something else...	Credo che sia arrabbiata per qualcos'altro...
line:bc2545e7	I think she's upset about something else...	Credo che sia arrabbiata per qualcos'altro...
line:335c5156	I think so!	Direi di sì!
line:3292625e	I think that would make a decent place! They put on good shows every night.	Credo che andrebbe bene! Fanno dei begli spettacoli tutte le sere.
line:eaafe671	I think you got every spot!	Credo che tu abbia pulito ogni punto!
line:1760e5d5	I think you got every spot.	Credo che tu abbia pulito ogni punto.
line:341175f7	I think you got every spot.	Credo che tu abbia pulito ogni punto.
line:770e7473	I think you got every spot.	Credo che tu abbia pulito ogni punto.
line:f4a8f7fc	I think you helped him a lot more than you realize.	Credo che tu l'abbia aiutato molto più di quanto pensi.
line:f28fd15d	I think you missed a few spots still...	Credo che tu abbia tralasciato ancora qualche punto...
line:77509e74	I think you're cool too. Self improvement is hard.	Anche tu sei in gamba. Migliorarsi è difficile.
line:763c6a82	I think you're good looking.	Penso che sia bello.
line:69e7dbb3	I think you're pretty cool, Conrad.	Secondo me sei forte, Conrad.
line:9c393f61	I think you're special too.	Anch'io penso che tu sia speciale.
line:7d5ae3b4	I usually make do with a hose down at home...	Di solito a casa me la cavo con una passata di tubo...
line:c4fc9b28	I wanna talk face to face!	Voglio parlare faccia a faccia!
line:548dc375	I want to be more open. It feels good.	Voglio aprirmi di più. Mi fa bene.
line:e02f464d	I was helping the alchemist reach a high shelf	Stavo aiutando l'alchimista a raggiungere uno scaffale alto.
line:fa97376e	I was helping the alchemist reach a high shelf	Stavo aiutando l'alchimista a raggiungere uno scaffale alto.
line:bb015b1b	I was romping around the forest	Stavo scorrazzando nella foresta.
line:78e2cb13	I was thinking about what you said,	Stavo pensando a quello che hai detto,
line:b8282714	I was thinking.	Stavo pensando.
line:ca616238	I was thinking. We could go out some time next week?	Pensavo... Potremmo uscire un giorno della prossima settimana?
line:a13d76ec	I was thinking...	Stavo pensando...
line:c1a4edf0	I wasn't making her happy either.	E neanche lei era felice con me.
line:a4214fe6	I went out of my way for a discrete washing, I was sure I wasn't followed.	Mi sono dato parecchio da fare per un lavaggio discreto. Ero certo che nessuno mi avesse seguito.
line:db5cd152	I went out with some friends.	Sono uscito con degli amici.
line:b6b9dc33	I will pay double. Triple- This is a job only you can do!	Pagherò il doppio. Il triplo... È un lavoro che può fare soltanto lei!
line:0c31345e	I will, thanks.	Lo farò, grazie.
line:fa41daf4	I will. I just need a quick wash, and wouldn't mind using the mount today.	Lo farò. Mi serve solo una lavata veloce, e oggi userei volentieri il cavalletto.
line:399457b7	I wish it was easy as it is in movies.	Vorrei che fosse facile come nei film.
line:2185f08c	I won't.	Non lo farò.
line:45950848	I would like that!	Mi farebbe piacere!
line:099ec7fd	I would love to.	Mi piacerebbe molto.
line:e6006cd6	I wouldn't mind!	Non mi dispiacerebbe!
line:81905be1	I'd like to go out to eat.	Mi piacerebbe andare a mangiare fuori.
line:75b152eb	I'd love to talk more, truly, but class is soon.	Continuerei volentieri a parlare, davvero, ma tra poco ho lezione.
line:2fe8a558	I'd love to!	Mi piacerebbe molto!
line:87ba56cc	I'll be back again, yeah?	Tornerò, d'accordo?
line:ca035ef2	I'll be back again. It's nice having you as a friend.	Tornerò. È bello averla come amico.
line:0fcd9c26	I'll be back soon, yeah? Thanks for the wash.	Tornerò presto, d'accordo? Grazie del lavaggio.
line:d9f422eb	I'll be waiting at the bar for you tonight!	Ti aspetto al bar stasera!
line:69dff2ec	I'll be waiting for the gate!	Aspetto che tu apra il cancello!
line:ae4d09f6	I'll be waiting for the gate!	Aspetto che tu apra il cancello!
line:ab616aac	I'll definitely keep this place in mind.	Mi ricorderò senz'altro di questo posto.
line:b122441b	I'll get one ordered I promise!	Ne ordinerò uno, promesso!
line:1642b6f1	I'll get out of your scales now. Thank you for the wash.	Adesso la lascio al suo lavoro. Grazie del lavaggio.
line:707d2693	I'll get out of your scales...	Ti lascio in pace...
line:ca480eed	I'll get you two in contact then.	Allora vi metterò in contatto.
line:59416000	I'll go get the gate for ya'	Vado ad aprirti il cancello.
line:6aa7ad03	I'll go get the gate for ya'	Vado ad aprirti il cancello.
line:2a6d7e7d	I'll go get the gate for you.	Vado ad aprirti il cancello.
line:8107858d	I'll go get the gate for you.	Vado ad aprirle il cancello.
line:d1755010	I'll go get the gate for you.	Vado ad aprirti il cancello.
line:4d692a01	I'll go get the gate.	Vado ad aprire il cancello.
line:a75bb519	I'll go get the gate.	Vado ad aprire il cancello.
line:8689a124	I'll happily get that for you.	Glielo prendo volentieri.
line:48e99d7b	I'll have to close up shop first-	Prima devo chiudere il negozio...
line:f2b894e2	I'll have to reserve your spot while you close up.	Dovrò tenerti il posto mentre chiudi.
line:6c5e2459	I'll keep that in mind. I'm used to things being transactional.	Me ne ricorderò. Sono abituato a rapporti basati su uno scambio.
line:956a0f47	I'll make sure to ask him next time I see him.	Glielo chiederò la prossima volta che lo vedo.
line:e64d21e4	I'll make sure to come back.	Tornerò di sicuro.
line:7c9fe106	I'll make sure to get out of your scales.	Mi tolgo di torno.
line:87006442	I'll make sure to tell others about this place	Parlerò sicuramente agli altri di questo posto.
line:1db78e06	I'll make sure to tell you how it goes, yeah?	Ti racconterò com'è andata, d'accordo?
line:49b6a167	I'll make sure you're <i>spotless.	Ti renderò <i>immacolato.
line:96981b61	I'll manage.	Me la caverò.
line:9aa97614	I'll need this to be swift, students won't teach themselves.	Mi serve un servizio rapido. Gli studenti non si insegnano da soli.
line:9ef857c8	I'll need to resurrect Igwix, oh how embarrassing!	Dovrò resuscitare Igwix. Che imbarazzo!
line:90a9a98e	I'll see you next time I come in, yeah?	Ci vediamo la prossima volta che vengo, d'accordo?
line:d0f6a49a	I'll see you next time I come in, yeah?	Ci vediamo la prossima volta che vengo, d'accordo?
line:160bf40f	I'll start prepping for it.	Comincerò a preparare tutto.
line:8af64cb8	I'll take care of this, don't you worry.	Ci penso io. Non preoccuparti.
line:e20c6391	I'll tell you in a bit. Could you just get the gate for now?	Te lo racconto tra poco. Intanto potresti aprire il cancello?
line:04c62f9b	I'm <i>spotless</i>.	Sono <i>immacolato</i>.
line:629f8cff	I'm a bit of a big deal around there.	Lì sono piuttosto conosciuto.
line:d9272031	I'm a dragon.	Sono un drago.
line:675e7284	I'm a rule breaker!	Io infrango le regole!
line:afcd5586	I'm a... kobold.	Sono un... coboldo.
line:5d41b5d6	I'm all dirty still!	Sono ancora tutto sporco!
line:2f6eb3c3	I'm all soapy still!	Sono ancora tutto insaponato!
line:18707b19	I'm always happy to give you a wash!	Sono sempre felice di darti una lavata!
line:3b01eb3b	I'm always happy to give you a wash!	Sono sempre felice di darti una lavata!
line:d82b1a7d	I'm always happy to help. <i><size=70%> especially a big dragon.	Sono sempre felice di aiutare. <i><size=70%>Soprattutto un drago grosso.
line:46c6a3ed	I'm always happy to see you Ryan.	Sono sempre felice di vederti, Ryan.
line:75206eee	I'm always happy to see you Ryan.	Sono sempre felice di vederti, Ryan.
line:fa6e232e	I'm always happy to see you. I'll go get the gate for you.	Sono sempre felice di vederla. Le apro il cancello.
line:07e5fc05	I'm amazed!	Sono impressionato!
line:4586d55d	I'm an asshole. I know I am.	Sono uno stronzo. Lo so.
line:a6d46685	I'm certain he also finds you pleasant!	Sono certo che anche lui la trovi piacevole!
line:ef399e26	I'm doing good!	Sto bene!
line:a6c1f2f4	I'm excited for you!	Sono emozionato per te!
line:94fbdbf0	I'm excited for you. I'll get the gate!	Sono emozionato per te. Apro il cancello!
line:f83e4966	I'm excited to hear about it!	Non vedo l'ora di sentirlo!
line:bd55b8f4	I'm excited to see them washing down the drain though.	Però non vedo l'ora di vederle scendere nello scarico.
line:24832f01	I'm excited.	Non vedo l'ora.
line:69f406a6	I'm excited.	Non vedo l'ora.
line:a00f681d	I'm excited.	Non vedo l'ora.
line:a0479425	I'm excited.	Non vedo l'ora.
line:b5d7d26f	I'm excited.	Non vedo l'ora.
line:d66b9155	I'm excited.	Non vedo l'ora.
line:4e1b1d0a	I'm glad you derive enjoyment from this as well.	Mi fa piacere che anche lei ne tragga soddisfazione.
line:5db47405	I'm glad you enjoy him. I'm certain he finds you pleasant.	Sono felice che le piaccia. Sono certo che anche lui la trovi piacevole.
line:c56ee060	I'm glad you enjoy my crest.	Sono contento che le piaccia il mio stemma.
line:f44a1493	I'm glad you trust me.	Sono contento che si fidi di me.
line:3a2ed5ef	I'm glad you two are working out though.	Comunque sono contento che tra voi funzioni.
line:c0972e81	I'm glad you two are working out.	Sono contento che tra voi funzioni.
line:34ba77b1	I'm glad you were able to make the choice that was best for you.	Sono contento che tu sia riuscito a scegliere il meglio per te.
line:d5a90e1c	I'm glad!	Ne sono felice!
line:286fec49	I'm glad.	Mi fa piacere.
line:42f5fd9d	I'm glad.	Mi fa piacere.
line:99b6dc81	I'm glad.	Mi fa piacere.
line:570d4953	I'm happy for you!	Sono felice per te!
line:ac6d5bd3	I'm happy for you!	Sono felice per te!
line:ed5c40ca	I'm happy for you!	Sono felice per te!
line:79099951	I'm happy to be here too.	Anch'io sono felice di essere qui.
line:99fd9b51	I'm happy to give you a place you can relax.	Sono felice di offrirle un posto dove rilassarsi.
line:5d36d5c8	I'm happy to have met you.	Sono felice di averla conosciuta.
line:ce21622a	I'm happy to hear that.	Sono felice di sentirlo.
line:69963a6c	I'm happy you feel comfy here.	Sono contento che si senta a suo agio qui.
line:38388248	I'm here for a wash.	Sono qui per una lavata.
line:a6974256	I'm here if you need someone to talk to.	Se hai bisogno di qualcuno con cui parlare, io ci sono.
line:6690512d	I'm impressed.	Sono colpito.
line:2e424b13	I'm in need of another wash.	Ho bisogno di un'altra lavata.
line:ef91a572	I'm Jealous!	Che invidia!
line:a79b8639	I'm just happy I don't feel judged here.	Mi fa solo piacere non sentirmi giudicato qui.
line:8076eb95	I'm just here for a wash though.	Comunque sono qui solo per una lavata.
line:c2caa0b7	I'm just here to bring you food!	Sono qui solo per portarti da mangiare!
line:ec6c7823	I'm just... Happy.	Sono solo... Felice.
line:ed4b0d48	I'm kind of excited.	Sono piuttosto emozionato.
line:266c652e	I'm looking forward to seeing you again	Non vedo l'ora di rivederti.
line:e91e2041	I'm not <i>that</i> little-	Non sono <i>così</i> piccolo...
line:cf05a364	I'm not certain why I suddenly understand your 'Yips'	Non so perché all'improvviso capisca i suoi «yip».
line:dcc4774b	I'm not too sure. It was on sale at WingCo.	Non ne sono sicuro. Era in offerta da WingCo.
line:5b31909a	I'm only doing what I think is right.	Faccio solo quello che ritengo giusto.
line:7fe349d7	I'm profoundly embarrassed by this whole ordeal.	Tutta questa faccenda mi imbarazza profondamente.
line:cfaffc52	I'm pumped.	Non sto nella pelle.
line:c0a140f8	I'm really fond of letting folks ride on my back.	Mi piace molto portare in giro la gente sulla schiena.
line:1a5e6184	I'm really looking forward to this.	Non vedo davvero l'ora.
line:8b43a434	I'm really sorry you got hurt. Who did this?	Mi dispiace davvero che tu sia ferito. Chi è stato?
line:69ffe957	I'm so excited about this date!	Sono così emozionato per questo appuntamento!
line:e6290003	I'm so excited. I'll get you two in contact!	Che emozione. Vi metterò in contatto!
line:e8611ad0	I'm sorry for dumping that all on you earlier.	Scusa se prima ti ho scaricato addosso tutti quei problemi.
line:e613b1c3	I'm sorry I snapped at you earlier.	Scusa se prima ti ho risposto male.
line:de208e68	I'm sorry you got hurt...	Mi dispiace che ti abbiano fatto male...
line:4843bb47	I'm still very muddy, if you could soap me up that'd be great.	Sono ancora molto infangato. Se potessi insaponarmi sarebbe fantastico.
line:51d4e418	I'm such an idiot.	Sono proprio un idiota.
line:32114891	I'm sure nobody will know...	Sono sicuro che nessuno verrà a saperlo...
line:17a05c96	I'm sure we'll figure something out! just meet me at the pier!	Troveremo sicuramente qualcosa da fare! Raggiungimi al molo!
line:8136ef1a	I'm surprised how nice it is.	Non pensavo fosse così piacevole.
line:722c6ab2	I'm thinking a date soon.	Pensavo di uscire con lui presto.
line:3471e9b1	I'm trying my best.	Sto facendo del mio meglio.
line:01492e5e	I'm trying not to be pushy.	Sto cercando di non essere insistente.
line:4d6cd625	I'm trying to get away from the house for a bit.	Sto cercando di stare un po' lontano da casa.
line:c1ef777a	I'm unsure why speaking with you is so easy.	Non so perché sia così facile parlare con lei.
line:822c0718	I'm very excited.	Non vedo l'ora.
line:ddab3d34	I'm very satisfied with these results..	Sono molto soddisfatto del risultato...
line:03eb977c	I'm well aware. A deep clean has a distinct feel!	Lo so bene. Una pulizia a fondo ha una sensazione inconfondibile!
line:f9193c0d	I'm willing to do it. But I'd like something new.	Sono disposto a farlo. Ma vorrei qualcosa di nuovo.
line:63981253	I'm... Happy.	Sono... Felice.
line:f80bd44b	I'm... not certain I'd like to use this today.	Non... sono certo di volerlo usare oggi.
line:d422462e	I'm... not sure I can answer that for you.	Non... sono sicuro di poter rispondere al posto tuo.
line:8f107933	I'm... Rather close now	Adesso... Sono piuttosto vicino.
line:24c52c54	I'm... wondering...	Mi... chiedevo...
line:6bbd7f1d	I've always hated the rain.	Ho sempre odiato la pioggia.
line:b4353808	I've always loved giving my biped friends rides...	Mi è sempre piaciuto portare in giro i miei amici bipedi...
line:9541fceb	I've been considering asking you this for a while now.	È da un po' che penso di chiederglielo.
line:505154a4	I've been thinking...	Stavo pensando...
line:58b4f5fb	I've been told it's polite to talk to smaller folk face to face.	Mi hanno detto che è educato parlare faccia a faccia con chi è più piccolo.
line:2c560e29	I've been trying to get into the social sciences aswell.	Sto cercando di avvicinarmi anche alle scienze sociali.
line:b4a29141	I've got a guy who can drop a gift by tomorrow that would spruce things up.	Conosco uno che domani può portare un regalo per ravvivare un po' l'ambiente.
line:212f0021	I've had a lot of free time lately.	Ultimamente ho molto tempo libero.
line:701b9feb	I've had a lot of free time lately.	Ultimamente ho molto tempo libero.
line:79da763f	I've had a lot of free time lately.	Ultimamente ho molto tempo libero.
line:3c4443fd	I've seen bigger	Ne ho visti di più grossi.
line:d7a90078	I...	Io...
line:393d0e05	I... hm.	Io... Mmh.
line:0da5609b	I... Know this is unprompted.	So... che è un'osservazione improvvisa.
line:5cfb94b9	If a relationship is <i>so</i> bumpy and you know its going to end.	Se una relazione va <i>così</i> male e sai che finirà...
line:b2f52b23	If I could uhm...	Se potessi, ehm...
line:b4990e3d	If I'm honest. I've had a crush on you for a bit.	A dire il vero, ho una cotta per te già da un po'.
line:7c13c28e	If only.	Se solo.
line:a56c5621	If someone like Ryan is interested, you're doing great.	Se interessi a uno come Ryan, stai andando alla grande.
line:52f28749	If we're caught violating another policy my reputation would be in ruins!	Se ci scoprono a infrangere un'altra norma, la mia reputazione sarà rovinata!
line:83f511d2	If ya' place the mount for me I'll have at it.	Se mi sistemi il cavalletto, mi ci metto subito.
line:7ead92b1	If you could come up front so I could talk.	Potresti venire qui davanti, così posso parlare?
line:e78656aa	If you could come up to where I can see you.	Potresti venire qui davanti, dove posso vederti?
line:9a013329	If you wanna talk about it more, I've got a minute.	Se vuoi parlarne ancora, ho un momento.
line:3d014153	If you want to use it that's fine!	Se vuole usarlo non c'è problema!
line:a9eb9a76	if you're seeing this please grab nael or submit a bug report	Se leggi questo messaggio, contatta nael o invia una segnalazione del bug.
line:b9ab4eed	Im not complaining though.	Ma non mi lamento.
line:27340362	In a bad way?	In senso cattivo?
line:2019bb85	In a good way?	In senso buono?
line:91d5fb72	Incredible!	Incredibile!
line:61c8781b	Indeed! You're the only kobold I wish to wash me now.	Proprio così! Ormai lei è l'unico coboldo da cui voglio farmi lavare.
line:a5979ac9	Indeed, you must know of my crest! I teach alchemy.	Esatto, avrà riconosciuto il mio stemma! Insegno alchimia.
line:dd9d30d2	Indeed. I'm glad you were able to help.	Infatti. Sono lieto che abbia potuto aiutarmi.
line:fd5ddfcb	Indeed. You're an excellent person to be around.	Proprio così. È una compagnia eccellente.
line:78c9b5cc	Is everything okay?	Va tutto bene?
line:bea8f1f7	Is something on your mind?	Hai qualcosa per la testa?
line:6b6dd8bc	Is that a good thing...?	È una cosa positiva...?
line:848727f2	Is that a threat...?	È una minaccia...?
line:db302830	Is that why you came in the first time?	È per questo che sei venuto la prima volta?
line:00e41343	Is this good?	Così va bene?
line:7982d3d8	Is this the right place?	Sono nel posto giusto?
line:c48f59a9	Is this the right place?	Sono nel posto giusto?
line:b05f6eea	Isn't that... Wood?	Ma non è... legno?
line:bf137cb4	It arrived this morning, it should be near the gate.	È arrivato stamattina. Dovrebbe essere vicino al cancello.
line:5080b6dd	It depends! Dragon thing.	Dipende! Roba da draghi.
line:34cf0601	It did! Thanks for asking.	Sì! Grazie per avermelo chiesto.
line:900dca3c	It does wonders.	Fa miracoli.
line:cfd504c5	It does wonders.	Fa miracoli.
line:ac13bf68	It is indeed rather cool.	Lo è davvero.
line:ea445b46	It is rather novel isn't it?	È una novità, non trova?
line:56d34a41	It is? Good to know...	Davvero? Buono a sapersi...
line:b058318f	It means you're doing a good job in kobold.	In coboldese significa che stai andando bene.
line:13c906c7	It really has been. You're wonderful.	Lo è stato davvero. Sei meraviglioso.
line:b032bfb1	It turns out baking is messy!	A quanto pare si finisce per sporcarsi un sacco!
line:da4f12a1	It turns out baking is messy!	A quanto pare si finisce per sporcarsi un sacco!
line:e106207b	It turns out baking is messy!	A quanto pare si finisce per sporcarsi un sacco!
line:e0c8c57b	It was good. We had sex.	Bene. Abbiamo fatto sesso.
line:681117ec	It was great. Conrad is wild. Good wild.	Benissimo. Conrad è scatenato. In senso buono.
line:28eee9f5	It went great!	È andato alla grande!
line:92bfe06c	It went great!	È andato alla grande!
line:a5d2b991	It went well.	È andata bene.
line:1ab5969b	It would be a... date. As most would say.	Sarebbe un... appuntamento. Come si suol dire.
line:8440a3f4	It's a regrettable state I find myself in...	Mi trovo in condizioni deplorevoli...
line:1706e86d	It's also new to me...	È una novità anche per me...
line:c1b8e62b	It's always good when a kobold knows what they like.	È sempre bello quando un coboldo sa quello che gli piace.
line:deffce5c	It's crazy how much your neck can handle.	È pazzesco quanto possa passare da quel collo.
line:2e182063	It's difficult to find folks that are outside of my current bubble.	È difficile conoscere persone fuori dalla mia solita cerchia.
line:48cfc92b	It's endearing!	È tenero!
line:5b6f00bd	It's fine.	Non fa niente.
line:13dc0f15	It's fine. I close in about an hour.	Non fa niente. Chiudo tra circa un'ora.
line:23ac92c8	It's freeing. I'll be back, yeah?	È liberatorio. Tornerò, d'accordo?
line:de9fdb93	It's hard to hold back..	È difficile trattenermi...
line:9ebea3d0	It's hard to not be nervous after everything...	È difficile non essere nervosi dopo tutto quello che è successo...
line:ec8243d8	It's interesting; you bipeds tend to savor your meals.	È interessante: voi bipedi tendete ad assaporare i pasti.
line:d50cb509	It's just that something happened to Conrad, I hope he's okay.	È solo che è successo qualcosa a Conrad. Spero che stia bene.
line:bee6c7dd	It's just that...	È solo che...
line:3b76093c	It's made for eating things whole.	È fatto apposta per inghiottire le cose intere.
line:19f36dc0	It's my dream.	È il mio sogno.
line:18db795f	It's never easy to end things.	Non è mai facile chiudere una relazione.
line:049fb01f	It's nice to have friends to rely on.	È bello avere amici su cui contare.
line:ed69e3a1	It's nice to relinquish control, even for a moment.	È piacevole cedere il controllo, anche solo per un istante.
line:e9d34ea0	It's no biggie. It sounds like everyone is fine.	Non è niente di grave. Sembra che stiano tutti bene.
line:7e511da7	It's okay!	Non fa niente!
line:b14d8520	It's okay, you sound like you need it.	Tranquillo, sembra che tu ne abbia bisogno.
line:50b95260	It's okay. I needed to. She wasn't making me happy.	Tranquillo. Dovevo farlo. Con lei non ero felice.
line:47455767	It's okay. I'll figure something out.	Tranquillo. Troverò una soluzione.
line:9287c933	It's starting to feel like it's <i>my</i> fault.	Comincio a pensare che sia colpa <i>mia</i>.
line:7ab244af	It's the best way to enjoy food.	È il modo migliore di godersi il cibo.
line:0b7589ff	It's the mount you asked for.	È il cavalletto che mi avevi chiesto.
line:a5780e74	It's wonderful to be back!	È meraviglioso essere tornato!
line:649e8eb3	Its a nice get away from everything out there.	È una bella pausa da tutto quello che c'è là fuori.
line:d0361dd9	Its like an equine fusion thing...	Fa una specie di cucina fusion equina...
line:df86a610	Jokes aside, your wash is definitely the best.	Scherzi a parte, il tuo lavaggio è decisamente il migliore.
line:7fe40d2b	Just a rough day. Hoping this helps!	È solo una giornata difficile. Spero che mi faccia bene!
line:ce77a00e	Just did!	Proprio adesso!
line:7c93c604	Just doing my job!	Faccio solo il mio lavoro!
line:fa0a9fbb	Just having fun.	Mi stavo solo divertendo.
line:9e9425cd	Just possibly...	Solo eventualmente...
line:1d73a343	Just some drake at the bar. Was stupid... Couldn't shut my mouth.	Un drago al bar. Sono stato stupido... Non riuscivo a tenere la bocca chiusa.
line:ecb9a15d	Just touch me with your hand and I'll try to help.	Basta che mi tocchi con la mano e cercherò di aiutarti.
line:14209365	Just uhm... Don't tell anyone I'm saying all this.	Solo, ehm... Non dire a nessuno che sto dicendo queste cose.
line:3bac1dad	Just... open the gate.	Apri... solo il cancello.
line:4f826403	Keep going a little longer please	Continua ancora un pochino, per favore.
line:087039ba	Keep going.	Continua.
line:d8f92323	Kinda! I've been getting out more.	Più o meno! Sto uscendo di più.
line:b965b4dd	Knock that off, we're not done yet. Right?	Smettila, non abbiamo ancora finito. Vero?
line:d9d276bb	Kobolds always seem enamored by me eating.	I coboldi sembrano sempre incantati quando mangio.
line:0274cacd	Kobolds are very flexible. It will fit.	I coboldi sono molto elastici. Entrerà.
line:20cb68b9	lemme in?	Mi fai entrare?
line:41d5085a	Let go whenever you are ready.	Si lasci andare quando è pronto.
line:29a77d09	Let me give it a try!	Fammelo provare!
line:265e14cb	Let me know when you're finished rinsing.	Mi avvisi quando ha finito di risciacquare.
line:0e1fd4b0	Let the <i>big C</i> out of this place!	Fai uscire il <i>grande C</i> da qui!
line:f7382398	Let's get going~!	Mettiamoci all'opera~!
line:c50535b3	Let's have it!	Spara tutto!
line:9accd60e	Lets wash it off for our date tonight then.	Allora laviamolo via per il nostro appuntamento di stasera.
line:7ce1b833	Like what?	Così come?
line:cb91e703	Like, I love those around me, but there's a lot of baggage there.	Voglio bene a chi mi sta intorno, ma ci sono tanti trascorsi complicati.
line:aa1c54ab	Like, in general.	Intendo in generale.
line:bbe51f87	Like, in general.	Intendo in generale.
line:7b7b0a3f	Like, the future of my relationships.	Al futuro delle mie relazioni, insomma.
line:db79a905	Like... a lemon?	Tipo... un limone?
line:ffd7dcc4	Like... An asshole? I know I'm miserable to be around.	Come... uno stronzo? Lo so che stare con me è un supplizio.
line:a0a0a49c	Like... sexual stuff?	Intendi... roba sessuale?
line:9becd177	Look at me! I'll be the laughing stock of my students.	Mi guardi! Sarò lo zimbello dei miei studenti.
line:9711cf03	Lookin' for a hose down. Wouldn't mind using the mount aswell.	Vorrei una sciacquata. Non mi dispiacerebbe usare anche il cavalletto.
line:abdb5822	Looking forward to seeing ya'	Non vedo l'ora di rivederti.
line:5c335985	Looking forward to seeing you soon.	Non vedo l'ora di rivederla presto.
line:1d0abc80	Looking forward to the wash.	Non vedo l'ora di essere lavato.
line:646279a0	Looks like it.	Sembra proprio di sì.
line:b6093881	Looks like ya' got a shipment, eh?	Vedo che ti è arrivata della roba, eh?
line:f1fc3e3c	Luckily death via spontaneous combustion is a concept we have thoroughly curtailed in the modern world.	Per fortuna, nel mondo moderno abbiamo notevolmente ridotto i casi di morte per combustione spontanea.
line:d2ba8ba9	Made a bit of a mess... Still worth it.	Ho sporcato un po'... Ma ne è valsa la pena.
line:301e8665	Make haste! My reputation is on the line.	Faccia presto! C'è in gioco la mia reputazione.
line:5072cc60	Make sure you're very clean. <size=70%><i>hehe.	Assicurati di essere pulitissimo. <size=70%><i>Eheh.
line:da21cf49	Makes sense! Yeah tiny drakes are fun.	Ha senso! I draghetti sono divertenti.
line:22b2643b	Makes sense.	Ha senso.
line:e7f0e9ed	Makes sense.	Ha senso.
line:89c9a73b	Many think it's part of my body.	Molti credono che faccia parte del mio corpo.
line:d7bcbe29	Max says I'm a clumsy dragon,	Max dice che sono un drago maldestro,
line:db986d0d	May you open the gate?	Potrebbe aprirmi il cancello?
line:76a97730	Maybe later...?	Magari più tardi...?
line:08a422ba	Maybe like...	Magari, ecco...
line:6f293b7a	Maybe someone new...	Magari qualcuno di nuovo...
line:d2558a04	Maybe someone?	O magari qualcuno?
line:67a46ddc	Maybe we can hang out later?	Magari potremmo passare del tempo insieme più tardi?
line:5691478f	Maybe we could just... Walk?	Magari potremmo solo... passeggiare?
line:7734bf93	Me too, thanks!	Anch'io, grazie!
line:627a13e4	Me too.	Anch'io.
line:d3c733f5	Me too.	Anch'io.
line:ffa63d1b	Me too.	Anch'io.
line:040ee2a7	me too.	Anch’io.
line:d13cd125	Me.	Me stesso.
line:14e7b293	Me?	Io?
line:b9cb051a	Means I'm ready to go on a date with a certain kobold.	Significa che sono pronto a uscire con un certo coboldo.
line:e5da247d	Means you know how to get hands on!	Quindi sai come metterci le mani!
line:171707d2	Mhm!	Mhm!
line:11306335	Mhm! Come back anytime.	Mhm! Torna quando vuoi.
line:69dd6a73	Mhm! he's trying to meet new people.	Mhm! Sta cercando di conoscere gente nuova.
line:da17b746	Mhm! I'm <i>the</i> kobold!	Mhm! Sono io <i>il</i> coboldo!
line:a0cb3f78	Mhm! that's him.	Mhm! Proprio lui.
line:164fdb01	Mhm, he's trying.	Mhm, ci sta provando.
line:1a663dcf	Mhm, right this way.	Mhm, da questa parte.
line:3cd8a8bd	Mhm... Thank you.	Mhm... Grazie.
line:4546abce	Might seem kinda weird to ask now. Buuuut.	Forse è strano chiederlo adesso. Maa...
line:57d8b72a	Mind opening the gate to let me out?	Ti dispiace aprire il cancello per farmi uscire?
line:b2a507ab	Mind opening the gate to let me out?	Ti dispiace aprire il cancello per farmi uscire?
line:6d726280	Mind washing more?	Ti dispiace lavarmi ancora?
line:c8281b83	Mmm, I understand that to mean you'll get the gate?	Mmh, devo dedurne che aprirà il cancello?
line:dd0c77ae	Mmm, Yeah I know the type.	Mmh, sì, conosco il tipo.
line:d8cafcc7	mmm..	Mmm...
line:729cea0c	Mmmhm, I always do my best.	Mhm, faccio sempre del mio meglio.
line:f36b8b76	Mmmhm. I'll work on my sleep schedule...	Mmmhm. Cercherò di sistemare i miei orari del sonno...
line:d38efb75	Mmmmhm, gotta prep for a date with him.	Mmmhm, devo prepararmi per un appuntamento con lui.
line:a78dd44b	mmph! (Yea!)	Mmph! (Sì!)
line:b132719c	Mmph- Hm?	Mmph... Mmh?
line:16ee6b14	Money... mmm...	Soldi... Mmh...
line:d8cc8048	Most people do!	Piace a quasi tutti!
line:3d723db0	Must mean you two are a good match.	Vorrà dire che siete ben assortiti.
line:9ca994a5	My bad	Colpa mia.
line:aaecba3d	My bad	Colpa mia.
line:fedbf70c	My colleague, professor Igwyx, wished to use me as a platform.	Il mio collega, il professor Igwyx, voleva usarmi come piattaforma.
line:08af3902	My date with Ryan was...	Il mio appuntamento con Ryan è stato...
line:116b5405	My date with Ryan was...	Il mio appuntamento con Ryan è stato...
line:e26c3b65	My first ever Yarn script in Unity!	Il mio primissimo script Yarn in Unity!
line:f15b014f	My names Ryan. So...	Mi chiamo Ryan. Quindi...
line:e4aced7b	My students could learn a thing or two from your work ethic!	I miei studenti avrebbero molto da imparare dalla sua dedizione al lavoro!
line:dfe74420	My-	Cielo...
line:9b915bf2	Nah.	No.
line:c3642dec	Nah.	No.
line:393c128a	Never cleaned a teacher dragon... woah.	Non ho mai lavato un drago insegnante... Wow.
line:a99b03ed	Never tried it.	Mai provati.
line:6df809e1	Nevermind. Could you get the gate?	Lascia stare. Potresti aprire il cancello?
line:d3a50f3f	Next time I come in for a wash we'll go.	La prossima volta che vengo a lavarmi, andiamo.
line:ac5afd96	Next time I come in I'll have reservations!	La prossima volta che vengo avrò prenotato!
line:8990fcc9	Nice! Whats with all the... Gloop?	Bello! Cos'è tutta quella... poltiglia?
line:1d4b8528	Nice. Gotta open the gate though. Let Conrad in!	Bene. Però devi aprire il cancello. Fai entrare Conrad!
line:acab92d4	Nnf... I believe I needed that. Thank you.	Nnf... Credo che mi ci volesse. La ringrazio.
line:8fe11008	Nnnf... That was way better than those berries.	Nnnf... Molto meglio di quelle bacche.
line:b251704a	No	No.
line:e05c2dca	No	No.
line:dc86c2de	no	no
line:5794ea87	No amount of justification makes it feel good though.	Però nessuna spiegazione riesce a farmi stare meglio.
line:5a5ec440	No I actually just got it	No, in realtà l'ho appena preso.
line:cd5f07ca	No more excuses.	Basta scuse.
line:4b38230f	No need for thanks. I'll get the gate.	Non serve ringraziarmi. Apro il cancello.
line:11604fbd	No need to be nervous, Alexander!	Non serve essere nervoso, Alexander!
line:eefef647	No need to be.	Non ce n'è bisogno.
line:73ea230a	No no, you're a certified cleaner yeah?	No, no. Sei un lavadraghi qualificato, giusto?
line:743c64e6	No not really.	No, non proprio.
line:50feefe8	No problem!	Figurati!
line:1a9a36e1	No problem! Can't wait for you to meet Conrad.	Figurati! Non vedo l'ora che tu conosca Conrad.
line:0a9993d2	No problem, thanks!	Nessun problema, grazie!
line:10bdb3a4	No problem, thanks!	Nessun problema, grazie!
line:3a8f65fa	No problem.	Nessun problema.
line:ee3d0ee4	No problem. Let me get that gate for ya'!	Nessun problema. Le apro il cancello!
line:eedccaec	No way.	Impossibile.
line:f0351f0c	No way.	Impossibile.
line:d726f776	No worries,	Tranquillo,
line:12b7a5b3	No! I mean, yes, but for the sake of my reputation could you please keep my incursion here to yourself.	No! Cioè, sì, ma per il bene della mia reputazione, potrebbe tenere per sé questa mia incursione?
line:f7f963e3	No, I am.	No, invece lo sono.
line:54faa7c0	No, I don't think I do.	No, non credo.
line:38419d8b	No, it's not. No more excuses.	No, non va bene. Basta scuse.
line:cd9b2a8f	No, thank you. I'm... Really excited.	No, grazie a te. Sono... Davvero emozionato.
line:1af1ad05	No, we don't offer things like that here.	No, qui non offriamo quel genere di servizi.
line:cb7e94e5	no.	No.
line:6128a09c	No. A lime that is yellow.	No. Un lime che è giallo.
line:de25dacd	No. I'm not. Do you have a medkit or not?	No, non sto bene. Ce l'hai una cassetta del pronto soccorso o no?
line:1cc64bcf	No.. No it's fine... thank you.	No... No, va bene... Grazie.
line:525f5744	Nope	No.
line:fbd2c3e7	Nope.	No.
line:5406ba8e	Normally I'd say yes to a mount. But, not right now.	Di solito accetterei il cavalletto. Ma non adesso.
line:ab92da6a	Not anymore at least!	Almeno, adesso non più!
line:0cfcd179	Not for a date though.	Non per un appuntamento, però.
line:d1b90e2c	Not sure yet.	Non lo so ancora.
line:e9643b5d	Not yet.	Non ancora.
line:326cc84d	Not yet. a little longer.	Non ancora. Un altro po'.
line:56a729f6	Nothing more attractive than a man who can improve!	Non c'è niente di più attraente di un uomo che sa migliorarsi!
line:b5dabf9f	Nothing more attractive than a man who can improve!	Non c'è niente di più attraente di un uomo che sa migliorarsi!
line:8a321997	Now I'm eyeballing the mount...	Adesso ho messo gli occhi sul cavalletto...
line:5e0a6d7a	Now I'm out here, agh!	E ora mi ritrovo qui fuori, argh!
line:564a9606	Now they'll never need to know!	Ora non dovranno mai saperlo!
line:d66b7986	Now!	Adesso!
line:63596bb3	Now, do you have a medkit or not?	Allora, ce l'hai una cassetta del pronto soccorso o no?
line:eefc4e9f	Now, lemme in! I want to try that thing out!	Adesso fammi entrare! Voglio provarlo!
line:0554966a	Now, more food?	Allora... Altro cibo?
line:3fb3f8d4	Now, round two!	Adesso, secondo round!
line:12e6043e	Now... Food?	E adesso... Si mangia?
line:5f8b2de4	oah. <size=70%>okay.	Oh. <size=70%>Va bene.
line:13223129	Of course	Certamente.
line:283e56d8	Of course I am! I know I'm very...	Certo! So di essere molto...
line:5788e15c	Of course I do. I'm a <i>professional</i>.	Certo che sì. Sono un <i>professionista</i>.
line:0b226939	Of course it is!	Certo che va bene!
line:f21dd9d4	Of course it is!	Certo che va bene!
line:642255fc	Of course!	Certo!
line:76f8c20c	Of course!	Certo!
line:877aced7	Of course!	Certo!
line:d2401e75	Of course!	Certo!
line:f9eb2b4a	Of course! Right this way!	Certo! Da questa parte!
line:0d20d327	Of course! Thank you for the food.	Certo! Grazie per il cibo.
line:4da976f5	Of course! You run a fine establishment.	Certamente! Gestisce un ottimo esercizio.
line:b629bcf2	Of course! You're wonderful.	Certamente! Lei è meraviglioso.
line:b6c96475	Of course, you run a fine establishment.	Certamente, gestisce un ottimo esercizio.
line:dd082478	Of course.	Certo.
line:203cc3d2	Of course. One moment!	Certo. Un attimo!
line:fd145efe	Of course. Sorry you're going through all this.	Figurati. Mi dispiace che tu debba affrontare tutto questo.
line:7305cdbc	Oh cool!	Oh, che bello!
line:eb6ae4c3	Oh cool!	Oh, che bello!
line:77c996e8	Oh damn! You really are adventurous!	Oh, cazzo! Ti piace proprio sperimentare!
line:3fdb9d01	Oh fcuk something went wrong	Oh cazzo, qualcosa è andato storto.
line:9e403ecd	Oh fuck yeah.	Oh, cazzo, sì.
line:13c39c50	Oh fudge, forget I said that!	Oh, accidenti. Dimentichi quello che ho detto!
line:e722753e	Oh goodness no..	Oh, cielo, no...
line:55e3dd36	Oh hi! um..	Oh, ciao! Ehm...
line:e8ee5747	Oh hi! um..	Oh, ciao! Ehm...
line:b90f527f	Oh huh, that's the tiny drake I saw coming in a bit back yeah?	Oh, è quel draghetto che ho visto entrare qualche tempo fa, vero?
line:001ab950	Oh I heard good things about that.	Oh, ne ho sentito parlare bene.
line:0a4a28c0	Oh I see the button there, gotcha!	Oh, vedo il pulsante laggiù. Capito!
line:c6b0b1aa	Oh like, swallowing things whole?	Oh, inghiottire le cose intere?
line:10254d13	Oh my	Oh, cielo.
line:39f6c77d	Oh my bad	Oh, colpa mia.
line:79511a66	Oh my bad	Oh, colpa mia.
line:8cfbd75d	Oh my bad	Oh, colpa mia.
line:cb71b2a1	Oh my bad	Oh, colpa mia.
line:7d13eca0	Oh my- I didn't expect you to be so... hands on	Oh, cielo... Non mi aspettavo che fosse così... intraprendente con le mani.
line:c60c65e8	Oh my. I suppose I could use the mount!	Oh, cielo. Direi che potrei usare il cavalletto!
line:433cb27e	Oh no! Do you want to talk about it?	Oh no! Vuoi parlarne?
line:d908622a	Oh no, Conrad. are you okay?	Oh no, Conrad. Stai bene?
line:bf977a7e	Oh okay. I'll go grab it.	Oh, va bene. Vado a prenderlo.
line:7428755b	Oh so it's new for both of us!	Oh, allora è una novità per entrambi!
line:513bed5a	Oh so it's new to both of us!	Oh, allora è una novità per entrambi!
line:4bad37a5	Oh that's good. I'm happy he's okay.	Oh, bene. Sono contento che stia bene.
line:7d791906	Oh this is better, but I still feel dirty.	Oh, va meglio, ma mi sento ancora sporco.
line:63926ecd	Oh we're done?	Oh, abbiamo finito?
line:546d1bf2	Oh wow, you're really covered in it!	Oh, wow, ne è proprio ricoperto!
line:b2d99a43	Oh wow..	Oh, wow...
line:e8052272	Oh yeah I liked the first one.	Oh sì, il primo mi era piaciuto.
line:a4a26529	Oh yeah, there's this nice place downtown called wings.	Oh sì, c'è un bel posto in centro che si chiama Wings.
line:d4d3ecd5	Oh yeah.	Oh, già.
line:059142a3	Oh Yeah?	Ah sì?
line:71053a53	Oh Yeah?	Ah sì?
line:1121309c	Oh yeah?	Ah sì?
line:2b560f59	Oh yeah?	Ah sì?
line:2d2820b0	Oh yeah?	Ah sì?
line:6e82e54c	Oh yeah?	Ah sì?
line:b9d8a22f	Oh yeah?	Ah sì?
line:d8ce8566	Oh yeah?	Ah sì?
line:f103a4a8	Oh yeah?	Ah sì?
line:4f6344f1	Oh yeah? He sounds like a bit of a hothead.	Ah sì? Sembra un tipo piuttosto irascibile.
line:60cdf456	Oh yeah? The little red drake?	Ah sì? Il draghetto rosso?
line:a9253dd8	Oh yeah? The sky blue drake I've seen around?	Ah sì? Il drago azzurro che ho visto in giro?
line:762882b4	Oh yeeeaaah?	Ah sììì?
line:5d737ca7	Oh yes	Oh sì.
line:1c90fb6d	Oh you. Gonna make me blush.	Ma smettila. Mi fai arrossire.
line:7e3e59aa	Oh!	Oh!
line:3605a48a	Oh! I think I've seen him. The tiny one, yeah?	Oh! Mi sembra di averlo visto. Quello piccolino, giusto?
line:3bc15278	Oh! No it wouldn't be. It's fun!	Oh! No, per niente. È divertente!
line:c95a153d	Oh! nothing. I'll get the gate.	Oh! Niente. Apro il cancello.
line:b6fb6fce	Oh! Okay. I'll get the gate!	Oh! Va bene. Apro il cancello!
line:4d3233a1	Oh! That's cold!	Oh! È fredda!
line:403f2ab7	Oh! Then I better let you in. I'll go get the gate.	Oh! Allora sarà meglio farla entrare. Apro il cancello.
line:0f2dc134	Oh! Yeah that makes sense...	Oh! Sì, ha senso...
line:1270a483	Oh, and I apologize for being absolutely filthy.	Oh, e mi scuso per essere così sporco.
line:7b5be1f8	Oh, and I've figured it where to go.	Oh, e ho deciso dove andare.
line:52fb116d	Oh, and seems I got some on my face. woops.	Oh, e sembra che me ne sia finita un po' sul muso. Ops.
line:73a37947	Oh, awesome. I'm a big salmon guy.	Oh, fantastico. Sono un uomo che adora il salmone.
line:74c9c07b	Oh, like... working class?	Oh, cioè... da classe operaia?
line:e048566b	Oh, no.	Oh, no.
line:1a9e6537	Oh, no. Ryan is a sweetheart.	Oh, no. Ryan è un tesoro.
line:5f6a124a	Oh, okay. Thanks.	Oh, va bene. Grazie.
line:17716b05	Oh, right. Sorry.	Oh, giusto. Scusa.
line:82ba64bf	Oh, sorry-	Oh, scusa...
line:956e5c91	Oh, sorry.	Oh, scusa.
line:54a8bb22	Oh, sure. Come on in.	Oh, certo. Entra pure.
line:270276eb	Oh, that's my favorite part!	Oh, quella è la mia parte preferita!
line:1ff9a04c	Oh, the crest around my head?	Oh, lo stemma intorno alla testa?
line:ffed6d04	Oh, wonderful. Seem's we're similar.	Oh, splendido. Sembra che abbiamo qualcosa in comune.
line:30e6b801	Oh, yeah!	Oh, sì!
line:bedeee82	Oh- Eager!	Oh... Che entusiasmo!
line:38b3c8c1	Oh- I mean. I'll go open the gate!	Oh... Volevo dire: vado ad aprire il cancello!
line:714c180e	Oh- I'm glad!	Oh, sono contento!
line:ccf87ea9	Oh- I'm not too interested in using that right now.	Oh... Non mi interessa molto usarlo adesso.
line:963981e4	Oh- I'm sorry for making a mess...	Oh... Mi scusi per aver sporcato...
line:8e407c6e	Oh- Not just the wash.	Oh... Non solo per il lavaggio.
line:ad31ec4c	Oh- Not just the wash.	Oh... Non solo per il lavaggio.
line:6866c2c9	Oh- Right now? 'aight I'm down.	Oh... Adesso? Va bene, ci sto.
line:9a6dca4b	Oh- Ya. On it.	Oh... Sì. Ci penso io.
line:3b6d644d	Oh.	Oh.
line:4399096b	Oh.	Oh.
line:8441bf7b	Oh.	Oh.
line:87233429	Oh.	Oh.
line:e90fee8e	Oh.	Oh.
line:ebd9b4d3	Oh.	Oh.
line:8a79f72c	Oh. And one other thing.	Oh. E un'altra cosa.
line:e8289be5	Oh. good.	Oh. Bene.
line:5442e228	Oh. Okay I'll go get the gate.	Oh. Va bene, vado ad aprire il cancello.
line:0da15c85	Oh. Okay.	Oh. Va bene.
line:73f7f13d	OH. RIGHT.	OH. GIUSTO.
line:c35890c8	Oh. That's... Wonderful!	Oh. È... Meraviglioso!
line:0ce8d5aa	Oh. Then yeah, we're open.	Oh. Allora sì, siamo aperti.
line:52ed140c	Oh. Uhm. <size=70%>Good.	Oh. Ehm. <size=70%>Bello.
line:780d0993	Oh. yeah. Sorry.	Oh, sì. Mi scusi.
line:7f5113d5	OH. You're not used to eating them whole.	OH. Non sei abituato a mangiarli interi.
line:45bc649d	Oh...	Oh...
line:0a093816	Oh... hah. I like that.	Oh... Ah. Mi piace.
line:f885f11d	Oh... I suppose this is alright~	Oh... Direi che può andare~
line:7cd85c8e	Oh... I'm so sorry.	Oh... Mi dispiace tanto.
line:8cc1aa72	Oh... yeah we don't have one.	Oh... Sì, non ce l'abbiamo.
line:f16d7940	Oh... Yeah, tinier dragons tend to... Compensate.	Oh... Già, i draghi più piccoli tendono a... compensare.
line:1d491283	Oh?	Oh?
line:21c46e75	Oh?	Oh?
line:fd8d786a	Oh?	Oh?
line:0ce8d3c2	ohmygod I thought the egg was decorative.	Oddio, pensavo che l'uovo fosse decorativo.
line:d9b26374	Ok I can do that	Va bene, posso farlo.
line:1777121d	Ok I got this..	Va bene, ce la faccio...
line:f3af3ce8	Ok just tell me if you get uncomfortable or anything.	Va bene, dimmelo se senti fastidio o altro.
line:6c3a98cc	Ok lets wash it off for our date tonight then.	Va bene, allora laviamolo via per il nostro appuntamento di stasera.
line:7a54a1e1	Okay	Va bene.
line:f64a5b30	Okay	Va bene.
line:249500dc	Okay!	Va bene!
line:a327b5f9	Okay!	Va bene!
line:ccaabca3	Okay!	Va bene!
line:82d0ea81	Okay! I'll be back later then.	Va bene! Allora torno più tardi.
line:3deb5f55	Okay! I'll go get the gate for you.	Va bene! Vado ad aprirti il cancello.
line:9c3d6cb7	Okay! I'll see you soon.	Va bene! A presto.
line:72e0348e	Okay, bye!	Va bene, ciao!
line:255362b9	Okay, Conrad.	Va bene, Conrad.
line:0d16ab28	Okay, I'll be waiting. Thanks.	Va bene, aspetto. Grazie.
line:155d1c64	Okay, I'll open the gate!	Va bene, apro il cancello!
line:886f5df2	Okay, I'll see you later!	Va bene, a dopo!
line:585d6a08	Okay, thank you.	Va bene, grazie.
line:c298bc55	Okay, thank you.	Va bene, grazie.
line:6acf71a3	Okay, thanks.	Va bene, grazie.
line:8ed5a204	Okay- okay. I'll go get the gate.	Va bene, va bene. Vado ad aprire il cancello.
line:10b9a653	Okay- Thanks.	Va bene... Grazie.
line:00a81c16	Okay. I hope you're doing alright though.	Va bene. Spero comunque che tu stia bene.
line:118a51bb	Okay. I should probably get out of your scales.	Va bene. Sarà meglio che ti lasci in pace.
line:a62e8112	Okay. I'll open up shop. Give me a sec.	Va bene. Riapro. Mi dia un attimo.
line:9d434af5	Okay. I'll order a mount.	Va bene. Ordinerò un cavalletto.
line:2f3b06de	Okay. Then I think I'd like to try.	Va bene. Allora vorrei provarci.
line:54ad4706	Okay...	Va bene...
line:28311fbb	Omg you're hurt!	Oddio, sei ferito!
line:8b3abbf7	On it!	Ci penso io!
line:42e3eba2	Once I'm cleaned up I'm gonna head out and get our spot ready.	Appena sono pulito vado a preparare il nostro posto.
line:1d4b8a1c	One thing led to another...	Una cosa ha tirato l'altra...
line:c70bea2d	Only been cleaning for a few weeks now!	Ho cominciato solo da qualche settimana!
line:5188bd4a	Only If that's alright-	Solo se non è un problema...
line:01505282	Only realized how much of a mess I made after Max yelled at me, haha.	Solo dopo le urla di Max mi sono reso conto del pasticcio che avevo combinato, ahah.
line:828eed25	Oof... Needed that. Thank you.	Uff... Mi ci voleva. Grazie.
line:2d40c69a	Oooh, alrighty.	Ooooh, d'accordo.
line:99ff9e7f	Ooooh must be a big deal then.	Ooooh, allora devi essere importante.
line:e8ad4791	Ooooh.	Ooooh.
line:64bfd62a	Oops, my bad.	Ops, colpa mia.
line:0fa31c40	Our first meeting went great though!	Però il nostro primo incontro è andato alla grande!
line:77cebc41	People tell me I've got a fat cock, is that true?	Mi dicono che ho un cazzo bello grosso. È vero?
line:80de6c63	Perfectly clean again. Thank you for taking me in at this hour.	Di nuovo perfettamente pulito. Grazie per avermi accolto a quest'ora.
line:f212528b	Phew! I had an accident that needs to be taken care of... discretely.	Fiu! Ho avuto un incidente che va sistemato... discretamente.
line:b3c35166	Phew, I was worried I'd make another mess of things.	Fiu, temevo di combinare un altro pasticcio.
line:314c3d8a	physically or emotionally?	Fisicamente o emotivamente?
line:156e0b50	Picnic bathket-	Ceftino da picnic...
line:0d9de1a1	player hooked up with conrad	Il giocatore sta con Conrad.
line:2cf1c95e	player hooked up with conrad	Il giocatore sta con Conrad.
line:c2529648	player hooked up with conrad	Il giocatore sta con Conrad.
line:f7fd34b2	player hooked up with conrad	Il giocatore sta con Conrad.
line:66e08b22	player hooked up with ryan	Il giocatore sta con Ryan.
line:78039fd1	player hooked up with ryan	Il giocatore sta con Ryan.
line:96a0c0c7	player hooked up with ryan	Il giocatore sta con Ryan.
line:9bade6d6	player hooked up with ryan	Il giocatore sta con Ryan.
line:0ddcd600	Please scrub Igwix off my back would you?	Potrebbe strofinare via Igwix dalla mia schiena, per favore?
line:0632acbf	Plus they feel really nice.	E poi sono così piacevoli.
line:c7b8ba3d	Possibly...?	Forse...?
line:637629a8	Pretty sure I can digest anything.	Sono abbastanza sicuro di poter digerire qualsiasi cosa.
line:65a41bc5	Pretty sure I'm all clean!	Direi che sono pulito da cima a fondo!
line:3750bbf0	Pretty sure that was everything.	Direi che non manca niente.
line:960707b0	Primarily alchemy. Occasionally world history.	Principalmente alchimia. A volte storia del mondo.
line:1475f95c	Professor Igwyx- My colleague who self-immolated earlier.	Il professor Igwyx... Il mio collega che è andato a fuoco l'altra volta.
line:26e9d692	Professor, but yes. You have.	Professore. Ma sì, mi ha insegnato qualcosa.
line:af0c15fd	Professor- But, yes. I usually don't go to public washes.	Professore... Ma sì. Di solito non frequento i lavaggi pubblici.
line:962abe27	Project Scale mary	Project Scale mary
line:e5d47feb	prole- <i><size=70%>wuh?	Prole... <i><size=70%>che?
line:c7b73162	Psst..!	Psst...!
line:9addfb4a	Ready!	Pronto!
line:875b5372	Really damn good!	Davvero fantastico, cazzo!
line:9e9f3e75	Really damn good!	Davvero fantastico, cazzo!
line:9364911d	Really looking forward to finding new people.	Non vedo l'ora di conoscere gente nuova.
line:8b0b222c	Really sets the mood.	Creano proprio l'atmosfera giusta.
line:4010d36d	Really well honestly.	Davvero bene, a essere sincero.
line:cfcb40c7	Really?	Davvero?
line:0ec807a4	Really? Aw, That's really sweet.	Davvero? Oh, che dolce.
line:630fed1b	Remove this barrier at once so I may enter.	Rimuova subito questa barriera, così che io possa entrare.
line:65deb150	Right after this wash!	Subito dopo questa lavata!
line:0caa6657	Right, I'll get that for you ASAP.	Certo, te lo apro subito.
line:1271b80c	Right.	Giusto.
line:3ede5541	Right.	Giusto.
line:6a2e4e0d	Right. I'll get to it.	Giusto. Mi metto al lavoro.
line:29daeb62	Right. Phoenix feather. Obviously.	Giusto. Una piuma di fenice. Ovvio.
line:51d1b41e	Ryan is a sweetheart	Ryan è un tesoro.
line:202fce0c	RYAN THE BONE!	RYAN, L'OSSO!
line:93bd9a2b	Ryan!	Ryan!
line:9b7e09b8	Ryan!	Ryan!
line:b76f49cd	Ryan!	Ryan!
line:1fa0fbbe	Ryan! I met him.	Ryan! L'ho conosciuto.
line:f0427bb9	Ryan! this is so sweet.	Ryan! Che pensiero dolce.
line:92829935	Ryan's such a nice dragon.	Ryan è un drago così gentile.
line:13ca0a74	Ryan, you're not supposed to eat the stems-	Ryan, i raspi non si mangiano...
line:7a01d265	Ryan: I guess it is pretty exciting	Ryan: In effetti è piuttosto eccitante.
line:e1526934	Ryan: I like that a lot	Ryan: Mi piace molto.
line:a430a2ff	Ryan: I think I am close too..	Ryan: Credo di essere vicino anch'io...
line:77626e43	Ryan: I would say it is going great	Ryan: Direi che sta andando alla grande.
line:f5f5b815	Ryan: I've never done this outside before	Ryan: Non l'ho mai fatto all'aperto prima d'ora.
line:6dd86b71	Ryan: This was nice	Ryan: È stato bello.
line:41b9659f	Ryan: Wow.. Your stature is really the only thing small about you.	Ryan: Wow... La statura è davvero l'unica cosa piccola che hai.
line:aad89688	Ryan: Yea definitely. Worried about me?	Ryan: Sì, decisamente. Ti preoccupi per me?
line:ce6d6d7f	Ryan? you sure everything is okay...?	Ryan? Sei sicuro che vada tutto bene...?
line:1d3b255b	Save your mood setting for tonight!	Risparmia l'atmosfera per stasera!
line:3ed6ab5d	Say do you remember the name of the college I work at?	Mi dica, ricorda il nome dell'istituto in cui lavoro?
line:a05a7804	Say...	Senta...
line:82d7b5e4	Says who?	Chi lo dice?
line:6c193ba9	Scales different today? <size=70%><i>is that a thing...? </i><size=100%>You look good today.	Sistemato le squame in modo diverso? <size=70%><i>Si può fare...?</i><size=100%>Oggi stai proprio bene.
line:426f40ff	See you again soon, yeah?	Ci rivediamo presto, vero?
line:3112d78d	See you soon.	A presto.
line:8072b186	See you tonight.	A stasera.
line:0d3b23da	Sheesh.	Accidenti.
line:48435b12	Shh! I'm not from around here...	Shh! Non sono di queste parti...
line:0f86dbf6	So am I!	Anch'io!
line:3063100e	So am I.	Anch'io.
line:a241eec6	So far so good though, yeah?	Finora tutto bene, però, no?
line:813c6dd4	So is this like... our first date?	Quindi questo è... il nostro primo appuntamento?
line:9b10d450	So this Conrad guy, seems like you like him?	Quindi questo Conrad... Sembra che ti piaccia?
line:0c5dcd3c	So uh, gate?	Quindi, ehm... il cancello?
line:84d8a935	So uh, mind opening the gate?	Allora, ehm... Mi apri il cancello?
line:7da41ecd	So uhh, let me know if you need me to move.	Quindi, ehm... Dimmi se devo spostarmi.
line:3a469ae4	So yeah, I had a mishap..	Ecco, ho avuto un piccolo incidente...
line:a6d6bf76	So you and Ryan huh?	Quindi tu e Ryan, eh?
line:31fa3bdf	So you came in just to...	Quindi sei venuto qui solo per...
line:5f64c352	So you're a certified dragon washer huh?	Quindi sei un lavadraghi qualificato, eh?
line:c9e7bb1e	So you're a certified dragon washer huh?	Quindi sei un lavadraghi qualificato, eh?
line:aedb6a51	So, coming in for a wash?	Allora, sei qui per una lavata?
line:1c856f1c	So, how was your date?	Allora, com'è andato l'appuntamento?
line:3cda84e6	So, tell me more about conrad!	Allora, raccontami ancora di Conrad!
line:c10d9415	So, thanks on his behalf for caring.	Quindi ti ringrazio da parte sua per esserti preso cura di lui.
line:e6aa9d20	So, with... relationships.	Ecco, riguardo alle... relazioni.
line:a99c5c88	So. How about a date?	Allora. Che ne dici di un appuntamento?
line:c2f44537	So. My girlfriend was home before me. she's a work-from-home dragon.	Ecco. La mia ragazza era a casa prima di me. È una dragonessa che lavora da casa.
line:d9652dff	So. Our date tonight...	Allora. Il nostro appuntamento di stasera...
line:b983f922	So. Tonight.	Allora. Stasera.
line:28c51dbf	So... A date. I think I'd like to go on one soon!	Allora... Un appuntamento. Credo che mi piacerebbe averne uno presto!
line:7c56b2d8	So... I was thinking about my relationships.	Quindi... Stavo pensando alle mie relazioni.
line:5a5e7f21	So<size=90%>o<size=80%>o<size=70%>o<size=60%>o... <size=100%>I 'aint dirty. But I am <i>~dirty~</i> y'know?	Allora<size=90%>a<size=80%>a<size=70%>a<size=60%>a... <size=100%>Non sono sporco. Però ho pensieri <i>~sporchi~</i>, capisci?
line:8a35fb7b	So<size=90%>o<size=80%>o<size=70%>o<size=60%>o... <size=100%>Was wonderin'	Allora<size=90%>a<size=80%>a<size=70%>a<size=60%>a... <size=100%>Mi chiedevo...
line:5230bdfd	Soap, then rinse!	Prima il sapone, poi il risciacquo!
line:c374e532	Somehow that feels more honest than anything anyone else says.	Per qualche motivo, sembra più sincero di tutto quello che dicono gli altri.
line:2898f680	Something happened last night	È successo qualcosa ieri sera.
line:4dac3d2b	Something went wrong with flags!	Qualcosa è andato storto con i flag!
line:61c7f2d6	Something went wrong with flags!	Qualcosa è andato storto con i flag!
line:6d5ba814	Something went wrong with flags!	Qualcosa è andato storto con i flag!
line:8f64adc0	Something went wrong with flags!	Qualcosa è andato storto con i flag!
line:19cedc30	Sooo. You gonna jerk me off?	Alloraaa. Mi fai una sega?
line:1646ece2	Sorry for coming in late. My sleeps borked.	Scusa se arrivo tardi. Ho gli orari del sonno sballati.
line:b2b32876	Sorry I'm bad at flirting. Could you get the gate?	Scusa, non so flirtare. Mi apri il cancello?
line:13ba93ef	sorry!	Scusa!
line:e2f9c70c	Sorry, I meant to say I enjoy your wash.	Mi scusi, volevo dire che apprezzo il suo servizio.
line:78ca8d95	Sorry...	Scusa...
line:4af15fc3	Sounds good to me!	Per me va benissimo!
line:8c6e66f3	Sounds good!	Mi sta bene!
line:1ef36cb0	Sounds like a date then!	Allora è un appuntamento!
line:d71ba53e	Sounds like a date then!	Allora è un appuntamento!
line:5fc277a9	Sounds like a date then! Seafood then we play it by ear.	Allora è un appuntamento! Pesce, poi improvvisiamo.
line:0e643191	Sounds like a date then, I'm excited.	Allora è un appuntamento. Non vedo l'ora.
line:c4642c9c	Sounds like a date then. I'm excited.	Allora è un appuntamento. Sono emozionato.
line:ffc401d1	Sounds like a plan.	Mi sembra un buon piano.
line:c4dd137b	Sounds like it was good then.	Allora direi che è stato bello.
line:7b6c47bd	Sounds like it.	Si direbbe.
line:5c51654f	Sounds nice.	Mi sembra bello.
line:3a23b81f	Sounds really cool.	Sembra proprio bello.
line:1dbf50b3	Sure	Certo.
line:c14ceb34	Sure is!	Proprio così!
line:de7cd73a	Sure it is. Thanks to Conrad for having me get it.	Sì, proprio così. Devo ringraziare Conrad per avermelo fatto comprare.
line:05c673e7	Sure!	Certo!
line:52542beb	Sure!	Certo!
line:67f14802	Sure!	Certo!
line:a2dc4ac0	Sure! I'll go get the gate.	Certo! Vado ad aprire il cancello.
line:dbb68858	Sure! I'll go get the gate.	Certo! Vado ad aprire il cancello.
line:601e1b38	Sure! I'm excited to tell you about Conrad.	Certo! Non vedo l'ora di raccontarti di Conrad.
line:7b5c9d8c	Sure, but he needed someone who cared in that moment.	Certo, ma in quel momento aveva bisogno di qualcuno che tenesse a lui.
line:709a9a57	Sure.	Certo.
line:4af4703c	Tasted real good though!	Però era proprio buono!
line:048fe71b	TELL ME ABOUT YOU AND CONRAD!	RACCONTAMI DI TE E CONRAD!
line:2b84f2eb	Test line 1	Battuta di prova 1
line:7a22b4d3	Test line 10	Battuta di prova 10
line:ec12b3a4	Test line 11	Battuta di prova 11
line:4f87d73a	Test line 12	Battuta di prova 12
line:d9b7d04d	Test line 13	Battuta di prova 13
line:63e6d9d4	Test line 14	Battuta di prova 14
line:f5d6dea3	Test line 15	Battuta di prova 15
line:64cb6133	Test line 16	Battuta di prova 16
line:f2fb6644	Test line 17	Battuta di prova 17
line:1772a124	Test line 18	Battuta di prova 18
line:88119675	Test line 2	Battuta di prova 2
line:1e219102	Test line 3	Battuta di prova 3
line:a470989b	Test line 4	Battuta di prova 4
line:32409fec	Test line 5	Battuta di prova 5
line:a35d207c	Test line 6	Battuta di prova 6
line:356d270b	Test line 7	Battuta di prova 7
line:5643ba3d	Test line 8	Battuta di prova 8
line:c073bd4a	Test line 9	Battuta di prova 9
line:394db643	Thank the stars you're open.	Grazie al cielo è ancora aperto.
line:f1946aab	Thank you for cleaning me!!	Grazie per avermi pulito!!
line:75b5b084	Thank you for getting me and Ryan in contact.	Grazie per avermi messo in contatto con Ryan.
line:189d999e	Thank you for listening.	Grazie per avermi ascoltato.
line:3398aea2	Thank you for that.	La ringrazio per questo.
line:875f0961	Thank you for the clean!	Grazie per la pulizia!
line:acb8a5aa	Thank you for the quick clean!	Grazie per la lavata veloce!
line:8512365e	Thank you!	Grazie mille!
line:bbca8a46	Thank you!	Grazie mille!
line:e449156d	Thank you!	La ringrazio!
line:bb4e1dc1	Thank you, Ryan. I'm happy I got to meet you too	Grazie, Ryan. Anch'io sono felice di averti conosciuto.
line:3b568c14	Thank you.	La ringrazio.
line:6b245989	Thank you.	Grazie.
line:836d1b13	Thank you.	La ringrazio.
line:d60f2dc0	Thank you.	La ringrazio.
line:035a0830	Thank you. I'd really appreciate it	Grazie. Te ne sarei davvero grato.
line:f3e7a8fe	Thank you. Look good feel good!	Grazie. Quando hai un bell'aspetto, ti senti bene!
line:d2d97c90	Thank you. You make this a whole lot easier to go through.	Grazie. Con te è molto più facile superare tutto questo.
line:3027bcf7	Thanks for asking. It's enjoyable to be asked personal questions.	Grazie per avermelo chiesto. È piacevole ricevere domande personali.
line:aaf3066d	Thanks for cleaning me!	Grazie per avermi pulito!
line:8150e2a2	Thanks for helping me out.	Grazie per avermi aiutato.
line:a2217280	Thanks for helping me out.	Grazie per avermi aiutato.
line:7db0baf0	Thanks for introducing me to him.	Grazie per avermelo presentato.
line:c6cee89f	Thanks for letting me in so late.	Grazie per avermi fatto entrare così tardi.
line:079b3782	Thanks for sharing food with me, You're a great friend.	Grazie per aver mangiato con me. Sei un ottimo amico.
line:85f901b0	Thanks for sharing food with me...	Grazie per aver mangiato insieme a me...
line:a39fd5a9	Thanks for that. Felt pretty damn good.	Grazie. È stato davvero una goduria.
line:505e150f	Thanks for the clean.	Grazie per la pulizia.
line:a40e531c	Thanks for the food! I'll go get the gate.	Grazie per il cibo! Vado ad aprire il cancello.
line:f1692a96	Thanks for the suggestion!	Grazie del suggerimento!
line:81ebbec0	Thanks for the wash so late in the night.	Grazie per la lavata a quest'ora di notte.
line:a9df4c5e	Thanks I'll be waiting!	Grazie, aspetto!
line:f73a3fc7	Thanks mate, see you tomorrow then.	Grazie, amico. Ci vediamo domani.
line:30f1f583	Thanks!	Grazie!
line:3484ab9d	Thanks!	Grazie!
line:44701902	Thanks!	Grazie!
line:4d868f2f	Thanks!	Grazie!
line:70190774	Thanks!	Grazie!
line:8b8f57c4	Thanks!	Grazie!
line:ab5b2574	Thanks!	Grazie!
line:b588bf4c	Thanks!	Grazie!
line:bc5d790a	Thanks!	Grazie!
line:c07a9171	Thanks!	Grazie!
line:e7e57d9c	Thanks!	Grazie!
line:fa293cde	Thanks! Whats with all the... Gloop?	Grazie! Cos'è tutta quella... poltiglia?
line:e1609903	Thanks, but I'll be better. I promise.	Grazie, ma migliorerò. Te lo prometto.
line:02cbdc87	Thanks, I'm excited too.	Grazie, anch'io sono emozionato.
line:37c9d915	Thanks, You're pleasant too!	Grazie, anche lei è piacevole!
line:cb847372	Thanks, You're pleasant too!	Grazie, anche lei è piacevole!
line:188d4359	Thanks.	Grazie.
line:316bb26e	Thanks.	Grazie.
line:34ec4db7	Thanks.	Grazie.
line:5183a6f2	Thanks.	Grazie.
line:c642cb17	Thanks.	Grazie.
line:cf716777	Thanks.	Grazie.
line:e00c6df5	Thanks.	Grazie.
line:e521db76	Thanks.	Grazie.
line:f62e1c4f	Thanks.	Grazie.
line:fbba1293	Thanks.	Grazie.
line:8bfa88d7	Thanks. I like being around you too.	Grazie. Anche a me piace stare con te.
line:df0a8598	Thanks. I'm always happy to be here.	Grazie. Sono sempre felice di essere qui.
line:084e3cbc	Thanks. See you soon.	Grazie. A presto.
line:71d57aeb	Thanks. That's kind of you to say.	Grazie. È gentile a dirlo.
line:a1f9de62	Thanks. That's kind of you to say.	Grazie. È gentile a dirlo.
line:9a9a6120	Thankth!	Grazhie!
line:e721d512	That brings me to my next question...	Il che mi porta alla prossima domanda...
line:215a2d34	That felt <i>good</i>.	È stato <i>bello</i>.
line:89150715	That is rather kind of you to say.	È molto gentile da parte sua.
line:a57409fb	That is the source of my worry...	È questo che mi preoccupa...
line:ad261b84	That just makes it harder!	Così è ancora più difficile!
line:7111d265	That makes me feel a lot more sure of myself then.	Questo mi dà molta più fiducia in me stesso.
line:3fac5bff	That makes me feel good to hear.	Mi fa bene sentirtelo dire.
line:1c49f05b	That makes me happy to hear.	Mi rende felice sentirlo.
line:a8b70da7	That must mean it is! I'm glad.	Allora direi che va bene! Sono contento.
line:5738ea38	That nice to hear... But, I mean being taken care of more... Primally?	Mi fa piacere sentirlo... Ma intendo essere accudito in modo più... istintivo?
line:8f598864	That one was almost too big-	Quella era quasi troppo grande...
line:5960dcbb	That should be all though, could you go get the gate?	Comunque direi che abbiamo finito. Potresti aprire il cancello?
line:116f0e16	That should be every spot.	Ora dovrebbe essere tutto pulito.
line:90444b09	That sounds like an over-reaction on her part.	Mi sembra una reazione esagerata da parte sua.
line:f07c9e39	That sounds like an over-reaction on her part.	Mi sembra una reazione esagerata da parte sua.
line:c78cf81f	That sounds lovely!	Sembra bellissimo!
line:eaa3c173	That they are...	Lo sono davvero...
line:f4b9a455	That was much nicer than a hose.	Molto meglio del tubo dell'acqua.
line:78cef130	That was never a concern. I'm a rather risk averse dragon.	Quello non mi ha mai preoccupato. Sono un drago piuttosto avverso al rischio.
line:22d271f4	That was really fun.	È stato davvero divertente.
line:019b83df	That was wonderful! I feel so much better about dating.	È stato meraviglioso! Ora mi sento molto più sereno all'idea di uscire con qualcuno.
line:d7bf167b	That was... Nicer than I expected.	È stato... Più piacevole del previsto.
line:577cec43	That's a mount, no?	È un cavalletto, no?
line:825536f5	That's a tricky question to answer.	È una domanda difficile.
line:66fb84fe	That's all I want to ask.	Non ho altre domande.
line:ac1ed298	That's all you can ask for, right?	È tutto quello che si può chiedere, no?
line:6605187b	That's an appeal to authority fallacy. But, yes. I'm correct.	È una fallacia d'appello all'autorità. Ma sì, ho ragione.
line:52f81dde	That's cute!	Che teneri!
line:45befc02	That's exciting!	Che emozione!
line:13cd5511	That's fast... But I think so!	Così presto... Ma credo di sì!
line:4ff91cbd	That's fine!	Non fa niente!
line:163c524a	That's good to hear.	Mi fa piacere sentirlo.
line:33e2bee6	That's good to hear.	Mi fa piacere sentirlo.
line:30e461f2	That's good. You deserve a decent man.	Bene. Si merita un brav'uomo.
line:aeae4744	That's good... Now what?	Bene... E adesso?
line:f3eeb627	That's great! whens your first date?	Che bello! Quando sarà il vostro primo appuntamento?
line:215f4eba	That's me.	Sono io.
line:cf8c5f37	That's not a thing... But thank you!	Non si può fare... Ma grazie!
line:3f29878b	That's rather nice of you to say.	È molto gentile a dirlo.
line:d38c63ea	That's really cute.	È davvero tenero.
line:6474d7f7	That's really nice!	È davvero bello!
line:c5001a4c	That's the best way to eat'em!	È il modo migliore di mangiarli!
line:2a5cc3a5	That's very sweet.	È molto dolce.
line:7052576b	That's what I like to hear.	È quello che mi piace sentire.
line:2a154290	That's what I thought too.	È quello che pensavo anch'io.
line:33d12f97	That's what I thought too.	È quello che pensavo anch'io.
line:2b7bb6ce	That's what's terrifying.	È proprio questo che mi spaventa.
line:36fb380f	That's wonderful, he's cute!	Che bello, è carino!
line:266836f8	That's... the first time you've yipped for me.	È... la prima volta che fai yip per me.
line:9b0b24ad	That.	Quello.
line:6ff80785	That... makes me feel a lot more sure of myself then.	Questo... mi dà molta più fiducia in me stesso.
line:cc6d631b	That... makes me feel a lot more sure of myself then.	Questo... mi dà molta più fiducia in me stesso.
line:ecf6206f	Thats awesome. I'm glad you two are working out.	Fantastico. Sono contento che tra voi funzioni.
line:0f8bb606	Thats good to hear.	Mi fa piacere sentirlo.
line:f5324d68	Thats really good to hear.	Mi fa davvero piacere sentirlo.
line:063dcd4b	The ability to open up to someone, even occasionally...	Potersi aprire con qualcuno, anche solo ogni tanto...
line:8919009a	The ambiance is nice.	Crea una bella atmosfera.
line:08c850bf	The apothecary will tarnish my name for months.	Il farmacista infangherà il mio nome per mesi.
line:01b4161e	The breakup I went through earlier was rough.	La rottura di poco tempo fa è stata dura.
line:c932c99d	The breakup I went through earlier was rough.	La rottura di poco tempo fa è stata dura.
line:dd06ed39	The Burnswick Community College of Thaumaturgy, of course!	Il Collegio comunitario di Taumaturgia di Burnswick, naturalmente!
line:515099ec	The button on the wall, I mean.	Quello sul muro, intendo.
line:7fe73572	The clean was fine.	Il lavaggio era decente.
line:e8a38ed0	The college cannot find out about this okay?	L'istituto non deve saperlo, d'accordo?
line:1a169dbc	The lights in the area are great too.	Anche le luci della zona sono fantastiche.
line:610dd8cb	The markers were fun.	Ci siamo divertiti con i pennarelli.
line:4b36ea4e	The most prestigious college hosting prestigious professors like me:	L'istituto più prestigioso, con illustri professori come me:
line:ec00a1fe	The mount? I... suppose!	Il cavalletto? Io... direi di sì!
line:94e04dcf	The mount? Sure!	Il cavalletto? Certo!
line:d8273d7f	The night 'aint gonna start itself!	La serata non comincia da sola!
line:1f2907ed	The rain has been unrelenting today!	Oggi la pioggia non ha dato tregua!
line:1804bf0a	The rain is nice.	La pioggia è piacevole.
line:7e9a1f83	The stem is just extra food.	I raspi sono solo altro cibo.
line:c88244b5	The vibe at night is fuckin' great.	Di notte c'è un'atmosfera da paura, cazzo.
line:d8a2002e	Then I better let you out!	Allora sarà meglio farti uscire!
line:d7b3cd09	Then- Have a productive day.	Allora... Buon lavoro.
line:448afe95	There was a fault in his method.	Il suo metodo aveva un difetto.
line:48d4a45a	There's this one red dragon, Conrad. He's... Hot headed, but cute.	C'è un drago rosso, Conrad. È... irascibile, ma carino.
line:f4af8b88	Theres this club downtown. 'Wings'. It's an old favorite of mine.	C'è un locale in centro, Wings. Uno dei miei preferiti da sempre.
line:972f132f	These washes really make things easier.	Questi lavaggi mi aiutano davvero ad affrontare tutto.
line:352d1d6f	They cum	Vengono.
line:d78962e8	They cum	Vengono.
line:3200a588	They keep going	Continuano.
line:a31d1a18	They keep going	Continuano.
line:035e5be6	They seem cute!	Sembra carino!
line:454172b0	They took it too far.	Hanno esagerato.
line:d7b49fb8	They were! The stem is my favorite part though.	Lo era! Però i raspi sono la mia parte preferita.
line:d156a87f	Think that's every spot.	Credo di aver passato ogni punto.
line:fa1a1e76	Think that's it.	Credo che ci siamo.
line:3112adad	This drake at the bar... I was stupid. Couldn't shut my mouth.	Quel drago al bar... Sono stato stupido. Non riuscivo a tenere la bocca chiusa.
line:bfd70320	This feels scandalous	Mi sembra scandaloso.
line:cb437bd0	This is a common practice?	È una pratica comune?
line:831cbfda	This is a job only you can do.	È un lavoro che può fare soltanto lei.
line:4944dbda	This is delicious!	È delizioso!
line:088893da	This is my first time with a Kobold.	È la mia prima volta con un coboldo.
line:e218722c	This is my first time, actually!	In realtà è la mia prima volta!
line:9eb894ad	This is really nice..	È davvero bello...
line:c7e4e36f	This is the kind of shit I try to avoid!	È questa la merda che cerco di evitare!
line:22929636	This place could use a makeover, I know would it could use!	A questo posto servirebbe una rinfrescata. So io cosa manca!
line:b06e13bc	This soap isn't fitting for a professor don't you think?	Questo sapone non si addice a un professore, non trova?
line:97841169	This was a nice escape.	Questo posto mi ha offerto una bella via di fuga.
line:5f02ceea	This was a wonderful escape...	È stata una meravigliosa via di fuga...
line:d45f4788	This was nice...	È stato bello...
line:418498cf	Those grapes looked good.	Quell'uva sembrava buona.
line:e9d73205	Though every other wash I've been to at least has a mount	Però tutti gli altri lavaggi in cui sono stato hanno almeno un cavalletto.
line:29e70457	Though I can't say I am not curious	Anche se non posso dire di non essere curioso.
line:9c3e6004	Though you probably shouldn't eat them.	Però probabilmente tu non dovresti mangiarli.
line:f1ca33da	title: Alexander_Done	title: Alexander_Done
line:3ed2f649	title: Conrad_OutroDone	title: Conrad_OutroDone
line:74c28add	title: ConradBeatup_OutroDone	title: ConradBeatup_OutroDone
line:722243c8	title: RyanDate_OutroDone	title: RyanDate_OutroDone
line:b4eee981	title: RyanExploded_OutroDone	title: RyanExploded_OutroDone
line:6298f08b	Told me about the time he got beat up.	Mi ha raccontato di quando l'hanno picchiato.
line:ee954bd9	Told me to go to a wash, and was acting extremely offended.	Mi ha detto di andare a un lavaggio. Sembrava che l'avessi offesa a morte.
line:c66e1278	Tonight- on campus. The library is the large blue spire building.	Stasera, al campus. La biblioteca è l'edificio con la grande guglia blu.
line:434527c6	Truly terrible, no?	Davvero terribile, non trova?
line:5a5d646c	Truly?	Davvero?
line:e3aa4e29	Truth be told, I got dirty to come here.	A dire il vero, mi sono sporcato per venire qui.
line:0979dea3	Uh, I'm still really soapy!	Ehm, sono ancora pieno di sapone!
line:05bbe58c	Uh-huh, I'll go get the gate	Mhm, vado ad aprire il cancello.
line:7de638fb	Uh... Hello?	Ehm... Salve?
line:7de9b3a4	Uh... uhm...	Eh... Ehm...
line:159c5c1f	Uh... Yeah.	Ehm... Già.
line:2089db44	Uhhhm we're not exactly.	Ehm, non proprio.
line:3ed62e6b	Uhm, no, I'll just be REALLY upset.	Ehm, no. Ci rimarrò solo MOLTO male.
line:f0a579a5	Uhm...	Ehm...
line:cc295885	uhm... <size=60%>no?	Ehm... <size=60%>No?
line:29237bc3	Use the crowbar to open and place it in storage, would you?	Apri la cassa con il piede di porco e mettilo nel magazzino, per favore.
line:1ec0dc6a	Use the sprayer on the wall to wash me off.	Usa lo spruzzatore sul muro per sciacquarmi.
line:a716d3b8	Uunf. T-that was... Rather undignified.	Uunf. È... È stato piuttosto indecoroso.
line:a37177dd	V-very well. I'll try.	M-molto bene. Ci proverò.
line:209ddf97	Very cool	Molto figo.
line:2f10f572	Very well. Don't let me interrupt the wash then!	Molto bene. Allora non si lasci distrarre da me durante il lavaggio!
line:7678511c	Wah- huh- <size=80%>oah. <size=60%>we don't-	Ma... Eh... <size=80%>Oh. <size=60%>Noi non...
line:82e2c158	Wait a sec, I need to open the gate.	Aspetta un attimo, devo aprire il cancello.
line:9c7a2fb7	Wait a sec, I need to open the gate.	Aspetta un attimo, devo aprire il cancello.
line:8ab5686b	Was great! Ryan is a sweetheart.	Benissimo! Ryan è un tesoro.
line:d8c9f912	Was just doing my job!	Facevo solo il mio lavoro!
line:148a63c8	Was just trying to play along. Happy to see you!	Volevo solo stare allo scherzo. Sono felice di vederti!
line:56261ccb	Was still good though! I like how it feels sliding down.	È stato comunque bello! Mi piace sentirla scivolare giù.
line:4d002f47	Was... <i>Really</i> upset I was muddy.	Era... <i>davvero</i> arrabbiata perché ero infangato.
line:014b5da5	Watch where those paws are going would you?	Fai attenzione a dove metti quelle zampe, vuoi?
line:3028feb5	We also had sex after our date.	Dopo l'appuntamento abbiamo anche fatto sesso.
line:d132db41	We can just lay here...	Possiamo limitarci a stare sdraiati qui...
line:4da8b942	We can make an opening.	Possiamo trovarti un posto.
line:8c563ab8	We can make an opening.	Possiamo trovarti un posto.
line:33a79dbe	We do! Are you... from the college...?	Sì! Lei viene... dall'istituto...?
line:b83ec453	We got your request for the mount!	Abbiamo ricevuto la tua richiesta per il cavalletto!
line:8b7b8d6b	We went out to eat. Had some good conversation.	Siamo usciti a mangiare. Abbiamo fatto una bella chiacchierata.
line:74706bb3	We will need to clean the floors...	Dovremo pulire il pavimento...
line:df8fb8c9	We'll be going out to this seafood place-	Andremo in un ristorante di pesce...
line:110a2ced	Welcome back!	Bentornato!
line:b042f12a	Welcome back!	Bentornato!
line:c46f5033	Well great, I appreciate your discretion, I'll be headed off to the apothecary.	Bene, apprezzo la sua discrezione. Ora andrò dal farmacista.
line:08f40e32	Well I had a good time, see you later then!	Sono stato proprio bene. Ci vediamo!
line:c1e8b05d	Well I had a good time, see you later then!	Sono stato proprio bene. Ci vediamo!
line:fcff7b00	Well, go to the window and speak with your customer.	Allora vai alla finestra e parla con il cliente.
line:fc1e497a	Well, good luck getting your hands around all of me.	Be', auguri a riuscire ad avvolgermi tutto con le mani.
line:60f14972	Well, I do enjoy the color. But I believe that is unrelated to my hue.	Be', il colore mi piace. Ma non credo che dipenda dalla mia carnagione.
line:c9f270de	Well, I'm a dragon- but... You know what I mean.	Be', sono un drago... Ma hai capito cosa intendo.
line:f7f87f6c	Well, That's why I'm here!	Be', sono qui apposta!
line:629d89d1	Well, yes. I mean more... Primally?	Be', sì. Ma intendo in modo più... istintivo?
line:8aa0fc1a	Well, you are one hell of a catch.	Be', sei davvero un gran bel partito.
line:5d34e715	Well, you better get one then!	Allora vedi di procurartene uno!
line:f16e75f3	Well...	Be'...
line:a71a8385	Went to the bar... Things got spicy. You can imagine what happened next... <size=70%>Hah...	Siamo andati al bar... L'atmosfera si è scaldata. Puoi immaginare il seguito... <size=70%>Ah...
line:2e0ec324	Wha..?	Co...?
line:29ec93b2	Whaaat. Nothing wrong with it! figured you'd like to know.	Che c'èèè? Non c'è niente di male! Pensavo ti facesse piacere saperlo.
line:18e5a573	Whaaat? It's good to make sure you're warmed up!	Che c'èèè? È bene assicurarsi di aver fatto riscaldamento!
line:bd66082e	What about a movie?	Che ne dici di un film?
line:ee3c126b	What about your private washers?	E i suoi lavatori privati?
line:871137eb	What about?	Riguardo a cosa?
line:bb3b6c71	What brings you in so late?	Come mai così tardi?
line:2dd518f0	What do you mean?	Cosa intendi?
line:2fae1274	What do you mean?	Cosa intende?
line:3c2c53dc	What do you mean?	Cosa intendi?
line:838cdf1b	What do you think of me?	Cosa pensa di me?
line:c2bdc402	What does the number 7 taste like?	Che sapore ha il numero 7?
line:56fc085a	What happened!?	Che è successo!?
line:0bc56d4d	what happened?	Cos'è successo?
line:8c3b76ea	What is it?	Di cosa si tratta?
line:44b711a0	What is..	Cos'è...?
line:53301d3b	What kind of egg was that?	Che tipo di uovo era?
line:073701b7	What kind of movie are you thinking?	A che film stavi pensando?
line:03cf1c9a	What kind of question?	Che genere di domanda?
line:003700c7	What kinds of classes do you teach?	Quali materie insegna?
line:e2406cc4	What now?	E adesso?
line:0c583118	What was in those opened crates?	Cosa c'era in quelle casse aperte?
line:5a195ff2	What!? that's terrible! You don't even have a mount...?	Cosa!? Che schifo! Non hai neanche un cavalletto...?
line:8ebd442e	What's got you looking so happy?	Come mai sembri così felice?
line:fc7aaaa0	What's teaching like?	Com'è insegnare?
line:f99840cd	What's that?	Cos'è?
line:1a0b719d	What's up?	Che succede?
line:29359884	What's up?	Che succede?
line:8d5c7802	What's up?	Che succede?
line:712f9d7c	what?	Come?
line:766c2abd	What? All the best places do it!	Cosa? Tutti i posti migliori lo fanno!
line:159a1d54	What? I'm a professor! Can't you tell from my crest?	Cosa? Sono un professore! Non lo capisce dal mio stemma?
line:9aa86a9b	What? There is no harm caused by a genuine compliment!	Cosa? Un complimento sincero non fa male a nessuno!
line:b2fe309b	Whats got you in a good mood?	Cosa ti mette così di buon umore?
line:93a145d4	Whats up, big guy?	Che c'è, ragazzone?
line:4efe8211	Whats up?	Che c'è?
line:866cd495	Whats up?	Che c'è?
line:bfc04b3a	Whats up?	Che c'è?
line:e01885c3	Whats up?	Che c'è?
line:f7d786b6	Whats with all the... Gloop?	Cos'è tutta quella... poltiglia?
line:c4c81aa9	Whats your favorite part about him?	Cosa ti piace di più di lui?
line:ff6ef027	When do you actually end the relationship?	Quando è davvero il momento di chiuderla?
line:2ffe284b	When I met him at first I was falling back on my old script.	Quando l'ho conosciuto stavo ricadendo nei miei vecchi copioni.
line:eb019075	When you're done go ahead and hit the button.	Quando hai finito, premi pure il pulsante.
line:5d4e9392	Where did he go...?	Dov'è finito...?
line:7af04961	Where would you like to go?	Dove ti piacerebbe andare?
line:7e9389a7	Which college?	Quale istituto?
line:2d315c6c	Who knew a dragon could get so dirty, huh?	Chi l'avrebbe detto che un drago potesse sporcarsi tanto, eh?
line:a97338b0	Who knew places such as this existed so readily available to the public!	Chi avrebbe mai pensato che luoghi simili fossero così accessibili al pubblico!
line:8b7915f4	Who's that?	Chi sarebbe?
line:ebd63f8c	Who's there?	Chi c'è?
line:eea7573f	Whoa! Cold!	Wow! Che freddo!
line:1acbd02a	Whoops	Ops.
line:5a6c0d31	Whoops	Ops.
line:afc6c00a	Whoops	Ops.
line:c30013ff	Whoops	Ops.
line:9df56a3a	why are you here so late?	Come mai è qui così tardi?
line:bb8583c1	With Ryan, I'm pretty sure we're gonna go on a date tonight.	Con Ryan... Credo proprio che stasera usciremo insieme.
line:c236bdf9	Woah. Uhm.	Wow. Ehm.
line:390f05be	Woah... What is that in your mouth?	Wow... Cos'hai in bocca?
line:4b93b009	Woah... You want me to use that? Even with the food? Alright!	Wow... Vuoi che lo usi? Anche con il cibo qui? Va bene!
line:4cacfab8	Wonderful to hear you're seeing someone!	È bello sapere che frequenta qualcuno!
line:f6fdf321	Wonderful to hear you're seeing someone!	È bello sapere che frequenta qualcuno!
line:7e2421b6	Wonderful to hear.	Mi fa molto piacere sentirlo.
line:36d49875	Wonderful!	Fantastico!
line:6046bedf	Wonderful!	Fantastico!
line:ab423ac7	Wonderful!	Fantastico!
line:5a9abbd4	Wonderful. Have a <i>productive</i> day.	Ottimo. Ti auguro una giornata <i>produttiva</i>.
line:ec771552	Woops.	Ops.
line:51bcff68	Would that interest you?	Ti interesserebbe?
line:8c8591ec	Would you care to join me at the college library this evening...?	Le andrebbe di raggiungermi nella biblioteca dell'istituto questa sera...?
line:985436e6	Wouldn't that be degrading?	Non sarebbe umiliante?
line:1e027369	Wow thanks, that feels good.	Wow, grazie. Che bella sensazione.
line:737184f5	Wow!	Wow!
line:ead1bf44	Wow, it's an experience seeing you eat like that.	Wow, vederti mangiare così è uno spettacolo.
line:5da1e074	Y'know?	Capisci?
line:79352475	Ya.	Sì.
line:f6c14e05	Ya.	Sì.
line:b6add8e0	Yea! I do!	Sì! È vero!
line:b44edd29	Yeaaah I'm not sticking with that one.	Giààà, non lo userò più.
line:7a471225	Yeaaah.	Giààà.
line:5483c5fd	Yeah	Sì.
line:3a5d5ca4	Yeah he seems like he'd push some buttons.	Già, sembra uno che sa come accendere la scintilla.
line:63024a1f	Yeah he's improved a lot.	Sì, è migliorato molto.
line:5847a779	Yeah I have.	Sì, ci ho parlato.
line:f3b5952a	Yeah I'm happy too.	Già, sono felice anch'io.
line:fb47f998	Yeah it go BRRT haha.	Sì, fa BRRT, ahah.
line:eef9b2bb	Yeah It's fine. Sorry.	Sì, tutto bene. Scusa.
line:fbc80e96	Yeah let me get that for you.	Sì, te lo apro.
line:f212b2de	Yeah so I'm all muddy and stuff, love romping around in the public park.	Già, sono tutto infangato e via dicendo. Adoro scorrazzare al parco pubblico.
line:108de471	Yeah that sounds pretty good.	Sì, mi sembra una bella idea.
line:fdd800c2	Yeah! clean as always.	Sì! Pulito come sempre.
line:dee4a32d	Yeah! Conrad, he's adorable. Though he'd hate I said that.	Sì! Conrad, è adorabile. Anche se odierebbe sentirmelo dire.
line:ab1bc039	Yeah! I feel clean.	Sì! Mi sento pulito.
line:6733a3df	Yeah! I'm going on a date with him soon.	Sì! Tra poco uscirò con lui.
line:66727cce	Yeah! It has food that should be good for both of us.	Sì! Ci sono cose che dovrebbero andare bene per entrambi.
line:b482634c	Yeah! its useful.	Sì! È utile.
line:da9cfdcf	Yeah! Just went on a date with Conrad.	Sì! Sono appena uscito con Conrad.
line:3f153aaf	Yeah! Just went on a date with Ryan.	Sì! Sono appena uscito con Ryan.
line:77ca2316	Yeah! Thanks for the food. I'll go get the gate.	Sì! Grazie per il cibo. Vado ad aprire il cancello.
line:c87d632b	Yeah! That would be amazing.	Sì! Sarebbe fantastico.
line:71c0ee9a	Yeah, ever since the breakup I've been looking for something new.	Sì, da quando ci siamo lasciati cerco qualcosa di nuovo.
line:bee397db	Yeah, he's so kind to me.	Sì, è così premuroso con me.
line:4815ddba	Yeah, I've got one.	Sì, ce l'ho.
line:24efaa49	Yeah, me too. He's real nice.	Sì, anch'io. Lui è davvero gentile.
line:6fa847ba	Yeah, nah. Mate you gotta get in on this. I'll pay good!	Eh, no. Amico, devi proprio cominciare a farlo. Pago bene!
line:266f699d	Yeah, taste good!	Sì, sono buoni!
line:67cc394b	Yeah, that was scary at first.	Già, all'inizio mi sono spaventato.
line:a9980f5e	Yeah, this has been super nice.	Sì, è stato davvero bello.
line:54c44240	Yeah, you're right.	Sì, hai ragione.
line:bb1827c7	Yeah- Though only if you want!	Sì... Ma solo se vuoi!
line:7311dc01	Yeah.	Sì.
line:95e2f7cc	Yeah.	Sì.
line:9fd5b834	Yeah. <size=90%>Oh- <size=80%>you know. I'm like... <size=70%>Haha. Yeah. Mhm!	Sì. <size=90%>Oh... <size=80%>Sai. Io sono tipo... <size=70%>Ahah. Sì. Mhm!
line:a28a70c6	Yeah. At least I got to meet you because of it.	Già. Almeno, grazie a tutto questo, ho conosciuto te.
line:e5937e30	Yeah. I like fish!	Sì, mi piace il pesce!
line:0372e0d1	Yeah. It wasn't too expensive.	Già. Non costava neanche troppo.
line:6804839d	Yeah. It's hard to unwind groups after something like that.	Già. È difficile districare i gruppi di amici dopo una cosa del genere.
line:6e0e4e11	Yeah. You two will be cute.	Sì. Sarete una bella coppia.
line:616121a9	Yeah...	Già...
line:f244d080	Yeah... He's really great.	Sì... È davvero fantastico.
line:5bab2df8	Yeah... I've never gone on a date with a kobold before.	Già... Non sono mai uscito con un coboldo prima d'ora.
line:8eeb7e28	Yeah... It really isn't.	Già... Non lo è davvero.
line:039a0c83	Yeah?	Sì?
line:2fb3fe55	Yeah?	Sì?
line:92bd78f3	Yeah?	Sì?
line:3690a3eb	Yeah? I don't even see a mount.	Ah sì? Non vedo nemmeno un cavalletto.
line:ea2adb20	Yeah? tell me about it!	Ah sì? Racconta!
line:78eccd9b	Yellow lime.	Lime giallo.
line:5fd7bc69	Yep!	Già!
line:b6c878fa	Yep!	Già!
line:fcff76d4	Yep! I'll get the gate.	Già! Apro il cancello.
line:3cdcbd4a	Yes	Sì.
line:991dc643	Yes	Sì.
line:e535cacb	Yes	Sì.
line:fb4265f7	Yes	Certo, continuo subito.
line:4ab6c5a9	yes	sì
line:db98be35	Yes right this way.	Sì, da questa parte.
line:52010e35	YES!	SÌ!
line:c4310942	Yes!	Sì!
line:d5f94e23	Yes!	Sì!
line:5592e639	Yes, welcome to Drag'N Wash!	Sì, benvenuto da Drag'N Wash!
line:f676b9a8	Yes, welcome to Drag'n wash!	Sì, benvenuto da Drag'N Wash!
line:a610ce0b	YES.	SÌ.
line:85fd5266	Yes.	Sì.
line:152cb8ad	Yes. I'm in need of a clean. The situation is rather dire!	Sì. Ho bisogno di una ripulita. La situazione è piuttosto grave!
line:c4595dd5	Yes. It's invigorating to be so candid.	Sì. È rinvigorente essere così sinceri.
line:d7e50f2d	Yes..	Sì...
line:5811655d	Yes... But I believe we need to clean the floors.	Sì... Però credo che dovremo pulire il pavimento.
line:9444cdba	Yip	Yip.
line:14d2c62f	Yip!	Yip!
line:296ff3f4	Yip!	Yip!
line:3d516ddb	Yip!	Yip!
line:3e870ad0	Yip!	Yip!
line:5544e245	Yip!	Yip!
line:5efde4e2	Yip!	Yip!
line:c3e1f198	Yip!	Yip!
line:e662501c	Yip!	Yip!
line:5e181cf4	Yip! <size=70%>(Gate)	Yip! <size=70%>(Cancello)
line:b12a3f31	Yip! <size=70%>(idk)	Yip! <size=70%>(Boh)
line:a8ee5236	Yip! <size=70%>(It's because the dormant part of your draconic mind is remembering the deep set language bridge between your kind and mine. Which carries the deep meaning and intention of kobold 'Yips' within it. This sudden understanding of yours is simply from our connection growing over time and activating that part of your mind.)	Yip! <size=70%>(Perché la parte dormiente della sua mente draconica sta ricordando il profondo legame linguistico tra la sua specie e la mia, che racchiude il significato e l'intento degli «yip» dei coboldi. Questa sua improvvisa comprensione dipende semplicemente dal nostro legame, che si è rafforzato nel tempo e ha attivato quella parte della sua mente.)
line:5935a413	Yip! <size=70%>(Yes)	Yip! <size=70%>(Sì)
line:f1c14f75	Yip-Man - The Final Yip	Yip-Man - L'ultimo yip
line:4b9046ec	Yip-Man movies are real corny...	I film di Yip-Man sono davvero pacchiani...
line:3d6b2203	You again?	Ancora tu?
line:81416c72	You already are, whats up?	Me la stai già facendo. Dimmi.
line:6fbc3c1b	You also do <i>special endings</i> here, yeah?	Qui fate anche il <i>lieto fine</i>, vero?
line:e553c773	You also introduced me to Conrad.	Mi hai anche presentato Conrad.
line:feb8727e	You always make me feel welcomed.	Mi fai sempre sentire il benvenuto.
line:563d71ba	You are too!	Anche tu!
line:4efafbb0	You are very skilled with your hands	È davvero abile con le mani.
line:0dd63830	You brought food in?	Hai portato del cibo?
line:38043f6c	You can act however you like around me.	Con me può comportarsi come vuole.
line:3fbd01fb	You can come in whenever!	Puoi venire quando vuoi!
line:0eb37f1a	You can stay here if you want.	Puoi restare qui, se vuoi.
line:ecc04e16	You decide!	Decidi tu!
line:19698f13	You didn't even open the watermelon.	Non hai nemmeno aperto l'anguria.
line:7e8c1ae2	You do know how to use your hands pretty well.	Sai usare le mani piuttosto bene.
line:7023b6b4	You don't deserve that.	Non meritavi di essere trattato così.
line:c0cc0f2d	You got a medkit?	Hai una cassetta del pronto soccorso?
line:c2b3c28a	you know about getting back into the dating scene...	sai, sul ricominciare a uscire con qualcuno...
line:512df07c	You know what that means.	Sai cosa significa.
line:e613cbe3	You know what that means...	Sai cosa significa...
line:73e4789c	You know... This environment is rather pleasant. Very... proletarian.	Sa... Questo ambiente è piuttosto gradevole. Molto... proletario.
line:404b17ef	You look good this clean!	Stai bene così pulito!
line:780c151c	You needn't worry. The washer's union is... More powerful than I.	Non si preoccupi. Il sindacato dei lavatori è... Più potente di me.
line:3fab049a	You probably shouldn't.	Probabilmente è meglio di no.
line:0bc044da	You ready for this?	Sei pronto?
line:f0a0565a	You ready to go back in to the club?	Sei pronto a rientrare nel locale?
line:c0e34d36	You really ate that entire thing... Woah.	Hai mangiato davvero tutto quanto... Wow.
line:82cf49aa	You seemed to enjoy yourself.	Sembrava che ti stessi divertendo.
line:ba66095e	You set a good example.	È un buon esempio.
line:6c2a1901	You should be all clean!	Dovresti essere tutto pulito!
line:36779352	You should be.	Fai bene.
line:86154a64	You should feel it and check for me	Dovresti toccarlo e controllare per me.
line:20503ab0	You sure? It's not like... fun stuff.	Sicuro? Non è proprio... un argomento allegro.
line:0a0d6bc0	You too! I'll go get the gate.	Anch'io! Vado ad aprire il cancello.
line:e3106999	You too. Thanks for the wash.	Anch'io. Grazie del lavaggio.
line:fc97aa74	You too. Thanks for the wash.	Anch'io. Grazie del lavaggio.
line:5e4d645c	You two are really cute together...	Siete proprio carini insieme...
line:b76a2a43	You were really going at it.	Ti ci stavi proprio dando dentro.
line:83aa1a23	You work at a college?	Lavora in un istituto?
line:85fa0d03	You'd need a dragon stomach first!	Prima ti servirebbe uno stomaco da drago!
line:ebd2af6b	You'll have to give me all the Ryan details soon.	Dovrai raccontarmi presto tutti i dettagli su Ryan.
line:6c71dd83	You'll have to tell me all about it.	Dovrai raccontarmi tutto.
line:91ab30f5	You'll have to tell me how you two work out!	Dovrai raccontarmi come va tra voi due!
line:ffeff59b	You'll have to tell me more inside.	Mi racconterai di più dopo che sarò entrato.
line:5eb243c2	You'll like it.	Ti piacerà.
line:6acf7c77	You'll need to let them in afterwards of course.	Dopo dovrai farlo entrare, naturalmente.
line:6b63d2d8	You'll take care of everything?	Si occuperà lei di tutto?
line:f2527ed7	You're <i>spotless.	Sei <i>immacolato.
line:23ae97e6	You're a big deal	Sei uno che conta.
line:323e546b	You're a good friend too, I'll go get the gate.	Anche tu sei un buon amico. Vado ad aprire il cancello.
line:44e97be7	You're always welcome here, Ryan.	Qui sei sempre il benvenuto, Ryan.
line:09e5bf43	You're cute by the way.	Comunque sei carino.
line:277d8257	You're fine. Thank you.	Non hai fatto niente di male. Grazie.
line:8c269acb	You're going to love it.	Ti piacerà da morire.
line:173782fa	You're good at it.	E lo fa bene.
line:1dca8fa0	You're just a very comfortable person to be around.	È solo che con te mi sento davvero a mio agio.
line:42124159	You're just a very comfortable person to be around.	È solo che con te mi sento davvero a mio agio.
line:d3b6d22a	You're kind. It's more than I deserve.	Sei gentile. Più di quanto meriti.
line:ca72bf2d	You're okay. You're clearly going through a lot.	Tranquillo. È evidente che ne stai passando tante.
line:68887509	You're one of my favorite clients!	Sei uno dei miei clienti preferiti!
line:c4cc497f	You're pretty hot.	Sei proprio sexy.
line:b6603dc7	You're right. I shouldn't pry.	Hai ragione. Non dovrei impicciarmi.
line:31ab814e	You're right... Theres no way you could.	Hai ragione... Come potresti saperlo?
line:470cd652	You're the first person I've met who's only expectation is for me to be...	Lei è la prima persona che incontro che si aspetta soltanto che io sia...
line:f718a7eb	You're the professor here. Must be correct.	Il professore è lei. Avrà ragione.
line:15f55959	You're very sweet.	Sei molto dolce.
line:bc6cc4d2	You're very sweet.	Lei è davvero gentile.
line:6289a322	You're very welcome.	È stato un piacere.
line:39ddd682	You're...	Lei è...
line:6e94f373	You're... cool.	Sei... in gamba.
line:61c96494	You're... Not that dirty.	Non è... poi così sporco.
line:8bab3246	You're... very forward.	Sei... molto diretto.
line:3bbab759	You've gotta keep me updated on you and Ryan, yeah?	Tienimi aggiornato su te e Ryan, d'accordo?
line:a5a8a9d5	Your crest is cool. What is it?	Il suo stemma è bello. Cos'è?
line:3890b91c	Your date with Ryan.	Il tuo appuntamento con Ryan.
line:82109412	Your secret's safe with me.	Il tuo segreto è al sicuro con me.
line:ed8e7994	Yours doesn't. It's nice.	Il suo no. È piacevole.
line:016a65e8	Yuh, that's me.	Già, sono io.
line:38eb6d26	Yup!	Già!
line:7ac62718	Yup. I like it.	Già. Mi piace.
