# line ID	exact English source	translation (English A-Z then ID)
line:39fd52f1	'Ey big dog.	E aí, cachorrão.
line:918d7820	'Ey big kobold.	E aí, grande kobold.
line:155c00eb	'think', 'On the way here'? Then you weren't covered in ink before...	"Acha"? "No caminho para cá"? Então não estava coberto de tinta antes...
line:15bcd86c	'Yes way', There is nothing I am more certain of.	É possível, sim. Não há nada de que eu tenha mais certeza.
line:4d49ae72	'Yes way', There is nothing I am more certain of.	É possível, sim. Não há nada de que eu tenha mais certeza.
line:25f35611	---	---
line:4b9b3a43	---	---
line:97ab84a8	---	---
line:db5b3129	---	---
line:e2f28daa	---	---
line:3d2df033	..	..
line:8c0e2d04	..	..
line:b36eb839	..	..
line:03d2f0bb	...	...
line:045f5836	...	...
line:1113335e	...	...
line:227eda5e	...	...
line:30a74521	...	...
line:4810891f	...	...
line:4da86a7a	...	...
line:610824ef	...	...
line:6757e4a0	...	...
line:695ef750	...	...
line:7426a997	...	...
line:759a495e	...	...
line:7e189c92	...	...
line:812700a5	...	...
line:848f5cd8	...	...
line:85f39b27	...	...
line:9504ba33	...	...
line:a6531779	...	...
line:b59e9091	...	...
line:b7f0551c	...	...
line:c272e55f	...	...
line:cdb8d8db	...	...
line:cfe4b91d	...	...
line:d6483230	...	...
line:d90d368f	...	...
line:d9516fdd	...	...
line:dd197e7c	...	...
line:decf872a	...	...
line:e9d40a5c	...	...
line:20f87f8d	... A class which I'm teaching rather soon.	... Uma aula que começa muito em breve, por sinal.
line:4815d919	... Being a bit of a jerk honestly.	... Sendo meio babaca, pra falar a verdade.
line:11bfce3b	... I thought we were good friends, we have sex all the time!	... Achei que a gente fosse amigo de verdade, a gente transa o tempo todo!
line:1bebf328	... Thank you..	... Obrigado..
line:a8eb78ed	... you're done? I'm still dirty..	... Terminou? Ainda tô sujo..
line:ef611d11	... you're done? I'm still soapy..	... Terminou? Ainda tô cheio de sabão..
line:496134bc	...!	...!
line:7cc45755	...!	...!
line:6585925d	...<i><size=70%>I have one on him at least.	...<i><size=70%>Pelo menos eu tô a fim dele.
line:e2ea4ead	...A wash for our date tonight.	... Um banho pro nosso encontro de hoje à noite.
line:048d7f84	...About what I said earlier.	... Sobre o que eu disse antes.
line:55d1f6ef	...and nice.	... E gentil.
line:79a1a205	...But not in like a bad weird way.	... Mas não de um jeito ruim ou esquisito.
line:3592632e	...It's intimidating knowing how much they look up to me.	... É intimidante saber o quanto me admiram.
line:7e08544c	...It's odd being able to speak so freely with someone.	... É estranho poder falar tão livremente com alguém.
line:f0cb8389	...No	... Não.
line:92601622	...Okay, come in	... Tá bom, entra.
line:e381559c	...Thank you for this.	... Obrigado por isso.
line:b7b5f7fb	...Thanks.	... Obrigado.
line:dbab7a39	<b><i><size=130%>Did you suggest Ryan to Conrad?	<b><i><size=130%>Você falou do Ryan para o Conrad?
line:36ff6bd9	<gradient="gold"><b> I know a dragon, Ryan. I could get you two in contact? </b></gradient><size=70%>(Unlocks Conrad/Ryan hookup OR Ryan romance)	<gradient="gold"><b> Conheço um dragão, o Ryan. Posso colocar vocês em contato? </b></gradient><size=70%>(Libera o encontro Conrad/Ryan OU o romance com Ryan)
line:7e9d40e6	<gradient="gold"><b> I wouldn't mind hanging out... </b></gradient><size=70%> (Unlocks Conrad romance)	<gradient="gold"><b> Eu ia gostar de sair com você... </b></gradient><size=70%> (Libera o romance com Conrad)
line:a0e49f02	<gradient="gold"><b> I wouldn't mind! </b></gradient><size=70%> (Will lead to Alexander romance!)	<gradient="gold"><b> Eu adoraria! </b></gradient><size=70%> (Leva ao romance com Alexander!)
line:0371fb9c	<gradient="gold"><b> I'm going to be busy tonight. Sorry. </b></gradient><size=70%> (Will lead to no romance!)	<gradient="gold"><b> Vou estar ocupado hoje à noite. Desculpe. </b></gradient><size=70%> (Leva a um final sem romance!)
line:f5a81524	<gradient="gold"><b>I don't have anyone off the top of my head.</b></gradient><size=70%> (Locks in Conrad romance!)	<gradient="gold"><b>Não consigo pensar em ninguém agora.</b></gradient><size=70%> (Confirma o romance com Conrad!)
line:bedc761d	<gradient="gold"><b>I know this one red dragon. I think you'd like him! </b></gradient><size=70%> (Hooks up Ryan with Conrad!)	<gradient="gold"><b>Conheço um dragão vermelho. Acho que você ia gostar dele! </b></gradient><size=70%> (Junta Ryan e Conrad!)
line:e104b8e4	<gradient="gold"><b>Oh. Uhm. <size=70%> I wouldn't mind... If I was that someone. </b></gradient><size=70%> (Locks in Ryan romance!)	<gradient="gold"><b>Ah. É. <size=70%> Eu ia gostar... de ser esse alguém. </b></gradient><size=70%> (Confirma o romance com Ryan!)
line:36073321	<gradient="yellow - orange"><size=140%>HEY! </gradient><size=100%>This is the cleaning place, ya?	<gradient="yellow - orange"><size=140%>EI! </gradient><size=100%>É aqui que dão banho, né?
line:c777ce0c	<i> that feels nice...</i>	<i>Isso é bom...</i>
line:e56dd423	<i><size=70%>uh oh.. and the books	<i><size=70%>Ah, não... E os livros.
line:d67b1098	<i>I like spraying you with water.	<i>Gosto de jogar água em você.
line:ad5d633a	<i>Oh...	<i>Ah...
line:22b5941e	<i>Oh.</i> I don't think I'm ready for that just yet.	<i>Ah.</i> Acho que ainda não estou pronto para isso.
line:cacbff51	<i>Ooooh. </i>The mount? Hell yeah, man.	<i>Ooooh. </i>O aparelho? Claro que sim, cara.
line:04b7ce44	<i>This</i> isn't your fault, Conrad.	<i>Isso</i> não é culpa sua, Conrad.
line:72b244b7	<size=100%> That felt damn good!	<size=100%>Foi bom pra caralho!
line:78cc49e8	<size=100%>I mean- Cool.	<size=100%>Quer dizer... Legal.
line:e48243c0	<size=140%> FUCK YEAH!	<size=140%>ISSO, PORRA!
line:f474ffa9	<size=140%>HEY, <size=100%>lookin' for a wash.	<size=140%>EI, <size=100%>vim tomar banho.
line:9d458e88	<size=160%>HELL YEAH!	<size=160%>ISSO, PORRA!
line:f5462edf	<size=60%> that's hot.	<size=60%>Que tesão.
line:7c745c31	<size=70%> A big dragon giving me control. Woah.	<size=70%>Um dragão grande me dando o controle. Nossa.
line:53d71f27	<size=70%> And for me.	<size=70%>E por mim.
line:4fe271cc	<size=70%> woah.	<size=70%>Nossa.
line:e53b1bd3	<size=70%><i> holy shit, I just bagged a date with a dragon.	<size=70%><i>Caralho, acabei de conseguir um encontro com um dragão.
line:c4384e8e	<size=70%><i>but it was nice... Thank you.	<size=70%><i>Mas foi bom... Obrigado.
line:ec0e5330	<size=70%><i>feel free to continue-</i>	<size=70%><i>Fique à vontade para continuar...</i>
line:e77c1f79	<size=70%><i>oah-</i> no that's really cool actually.	<size=70%><i>Ah...</i> Não, na verdade fico muito feliz.
line:a618f9c2	<size=70%><i>Woah...	<size=70%><i>Nossa...
line:ad460e4b	<size=70%><i>Yeah?	<size=70%><i>É?
line:c25d1c85	<size=70%>They're still on my payroll.	<size=70%>Continuam na minha folha de pagamento.
line:22deeef6	==	==
line:67fa34ad	==	==
line:a8e2f13e	==	==
line:ce938344	==	==
line:e41244bf	==	==
line:497d3f67	A few days ago...	Uns dias atrás...
line:c570a462	A rather good excuse to see my favorite kobold.	Uma ótima desculpa para ver meu kobold favorito.
line:5d2d16e0	A really good friend?	um grande amigo?
line:df4d3810	About earlier.	Sobre aquilo de antes.
line:1a5e1ba4	Act what way?	Assim como?
line:cc532c02	After his spontaneous conflagration, I made sure to give him privacy.	Após sua combustão espontânea, fiz questão de lhe dar privacidade.
line:a983ffa3	Again...?	De novo...?
line:8e34b87d	Agreed, though I'd still like to be let in as soon as convenient.	Concordo, mas ainda gostaria de entrar assim que for possível.
line:934a1d5a	Ah yeah, that's the stuff.. keep at it.	Ah, sim, desse jeito... Continua.
line:e216aee0	Ah, good.	Ah, ótimo.
line:9b26ac5f	Ah, I see the button there, gotcha!	Ah, vi o botão ali. Entendi!
line:7f3fe9f9	Ah, sorry, I'm passionate about such things.	Ah, desculpe, esses assuntos me apaixonam.
line:bf2a8309	Ah, the grime did sting a little, thank you.	Ah, a sujeira ardia um pouco. Obrigado.
line:ebdb9888	Ah, yeah, those types are pretty cute.	Ah, é, esse tipo é bem fofo.
line:b920f205	Ah. Do not worry.	Ah. Não se preocupe.
line:a98d068c	Ah. Okay nevermind I'm not sorry then.	Ah. Tá bom, então retiro a desculpa.
line:6de2c490	Ah...	Ah...
line:4d6b365e	Ahh, all cleaned and with a lighter load.	Ah, limpinho e com a carga mais leve.
line:20f96302	Alexander!	Alexander!
line:f167e3d7	Alexander!	Alexander!
line:fe3996b8	Alexander!	Alexander!
line:af7db134	Alexander...?	Alexander...?
line:eb7cf9e5	All clean...	Limpinho...
line:f57fc630	All done!	Tudo pronto!
line:0b734d82	All self respecting washers know how to please a dragon.	Todo lavador que se preze sabe agradar um dragão.
line:599ffb25	Already got seats at that bar I mentioned earlier.	Já consegui nossos lugares naquele bar que falei.
line:642ddea3	Alright alright... Then I think I'd like to use it?	Certo, certo... Então acho que gostaria de usar?
line:c7b3a185	Alright! I'll go get the gate.	Tá bom! Vou abrir o portão.
line:7279121a	Alright! I'll go get you the gate.	Tá bom! Vou abrir o portão pro senhor.
line:4fc4259c	Alright! I'm ready to go.	Tá bom! Tô pronto pra ir.
line:a722d0fa	Alright, go get the gate and I'll head out to the spot!	Tá bom, abre o portão e eu já vou indo pro lugar!
line:d04df8f8	Alright, I'll cya!	Beleza, até mais!
line:4766af08	Alrighty! That should be it.	Pronto! Deve ser tudo.
line:797ca540	Alrighty. All clean.	Pronto. Limpinho.
line:c4cb161a	Although grapes have always hit a specific craving.	Mas as uvas sempre matam uma vontade bem específica.
line:dc237557	Although, the portions might be a bit... dragon sized.	Mas as porções talvez sejam meio... tamanho dragão.
line:655b8c01	Always happy to have you, Conrad.	Você sempre é bem-vindo, Conrad.
line:afedd1f5	An anomaly.	Uma anomalia.
line:0de4fe62	And I'm glad you have a medkit... You're very prepared.	E fico feliz que tenha um kit... Você está bem preparado.
line:0699aef9	And I'm really happy for you and Conrad.	E fico muito feliz por você e pelo Conrad.
line:a3a26459	And not just physically.	E não só por precisarem olhar para cima.
line:507bd2b9	And that's why I'm here! Going to be heading out after this wash to go see him.	E é por isso que tô aqui! Depois do banho vou encontrar ele.
line:33440e8c	And why you are perfect for this job!	E é por isso que você é perfeito para este trabalho!
line:cacb93ce	And you've tried everything.	E já tentou de tudo.
line:8cae6240	Another dragon? Usually I don't really get along...	Outro dragão? Normalmente eu não me dou muito bem...
line:5a7e4fd4	Any chance you can clean me up again?	Será que pode me dar outro banho?
line:92d2a30a	Anything. I'm just curious.	Qualquer coisa. Estou apenas curioso.
line:52695aa2	Anything?	Qualquer coisa?
line:8ead9ee9	Anytime, Ryan.	Quando quiser, Ryan.
line:6d77feef	Anyway glad you're not finished, lets keep at it!	Enfim, ainda bem que não terminou. Vamos continuar!
line:bdb4f59c	Anyway, time to get writing!	Enfim, hora de começar a escrever!
line:75dd56ae	Anyways,	Enfim,
line:8980260e	Anyways-	Enfim...
line:a8e6291c	Anyways- Let me out.	Enfim, me deixa sair.
line:493a82ef	Anyways. Could you go get the gate?	Enfim. Pode abrir o portão?
line:926f5f41	Anyways. Gonna use this thing now!	Enfim. Vou usar esse negócio agora!
line:ad8ab02e	Anyways...	Enfim...
line:e767dc51	Anywho, I'll get out of your scales now.	Enfim, vou deixar você em paz agora.
line:e81426c1	Anywho, I'm in need of a clean.	Enfim, preciso de uma limpeza.
line:23e7d518	Approach the dragon entrance, and I will let you in.	Vá até a entrada para dragões, e eu deixarei você entrar.
line:72a9b5bb	Are you happy?	O senhor é feliz?
line:be0118cc	Are you okay?	Você está bem?
line:de735c65	Are you open right now?	Está aberto agora?
line:9369755d	Are you sure it will fit?	Tem certeza de que vai caber?
line:c35b717a	Are you sure...? In front of the food?	Tem certeza...? Na frente da comida?
line:cb06d2bf	As am I.	Igualmente.
line:9a48b21c	As in you're unique.	No sentido de ser único.
line:1c021ee0	At getting hand jobs.	Em receber punheta.
line:e861b464	At least that's what I've heard anyway.	Pelo menos foi o que me disseram.
line:2f54ceec	At least you can still use your hands. Heh.	Pelo menos ainda dá pra usar as mãos. He.
line:cb04e062	At least you can still use your hands. Heh.	Pelo menos ainda dá pra usar as mãos. He.
line:97792929	Aw, I'll go get you the gate.	Ah, vou abrir o portão pra você.
line:c6895517	Aw, Ryan.	Ah, Ryan.
line:db997182	Aw, thank you Alexander.	Ah, obrigado, Alexander.
line:7157db26	Aw, thanks Alexander.	Ah, obrigado, Alexander.
line:011f1458	Aw, thanks.	Ah, obrigado.
line:aea0be6b	Aw, thanks.	Ah, obrigado.
line:c00d76cd	Aw, thanks. I only look so good 'cause of your washes!	Ah, obrigado. Só fico bonito assim por causa dos seus banhos!
line:453ff9be	Aw- Ryan...	Ah, Ryan...
line:5340a315	Aw... Thanks!	Ah... Obrigado!
line:c6202cf2	Aw... Thanks.	Ah... Obrigado.
line:cb1d1197	Aw... Thanks. Is it weird I consider you...	Ah... Obrigado. É estranho eu te considerar...
line:2bfa396c	Aw... That's really sweet	Ah... Que bonito.
line:22053f7f	Awesome!	Ótimo!
line:6fdb2c3d	Awesome!	Ótimo!
line:70306ba1	Awesome!	Ótimo!
line:6126a614	Awesome! Come on in..	Ótimo! Entra..
line:e85007ac	Awesome! See you later then!	Ótimo! Então até mais!
line:4c7f15d6	Awesome, I'll go get the gate.	Ótimo, vou abrir o portão.
line:9d126e4e	Awesome, I'm glad.	Ótimo, fico feliz.
line:b60cc4a5	Awesome.	Ótimo.
line:59fb47b0	Awww. You don't need to be coverd in ink to say hi!	Ah... Não precisa se cobrir de tinta só pra dizer oi!
line:8e20e028	Be yourself!	Seja você mesmo!
line:cd18f73f	Been looking forward to this.	Estava esperando por isso.
line:8f1fccf9	Being muddy is really fun up until it starts drying.	Ficar coberto de lama é divertido até ela começar a secar.
line:40783547	Berries.	Frutinhas.
line:59d4be6a	Berries.	Frutinhas.
line:61e781c1	Berries.	Frutinhas.
line:18ae08ef	Bet you had fun.	Aposto que se divertiram.
line:982fd3c7	big C...?	Grande C...?
line:4b3f7c6a	Biology...? <size=70%> <i>I think?	A biologia...? <size=70%> <i>Eu acho?
line:9be63f47	Bleh. Thank you for grabbing that.	Bleh. Obrigado por pegar isso.
line:66957ed2	Blue...?	Azul...?
line:a77c3afd	Both.	Os dois.
line:78975048	Brrr! Cold water!	Brrr! Água gelada!
line:8487a2c4	Burnswick Community College of Thaumaturgy	Faculdade Comunitária de Taumaturgia de Burnswick.
line:f75126de	But honestly you've helped me a lot.	Mas, sinceramente, você me ajudou muito.
line:cab69268	But I already know I'm liking this a lot.	Mas já sei que estou gostando muito.
line:d9534386	But I know the type... They tend to be big softies on the inside.	Mas conheço o tipo... Costumam ser uns amores por dentro.
line:f73ddfbc	But I think its time to get cleaned up.	Mas acho que já está na hora de me limpar.
line:088ea4a7	But I'm hot shit, so I'll be fine.	Mas eu sou foda, então vai dar certo.
line:c8f8bc22	But I'm only your washer?	Mas eu só dou banho no senhor?
line:dda0419b	But I'm sure I'd enjoy it with you!	Mas com você tenho certeza de que ia gostar!
line:aa74448a	But not in this sized package, right??	Mas não em alguém deste tamanho, né??
line:7d9ffc48	But nothing beats a large gulp!	Mas nada supera engolir um bocadão de uma vez!
line:d1ec7684	But that is why I am here!	Mas é por isso que estou aqui!
line:b0d9d1e5	But you're the teacher dragon.	Mas o dragão professor de escola é o senhor.
line:2d7e1ab6	But, at least I got to meet you!	Mas pelo menos pude te conhecer!
line:b7f46902	But, I think you've taught me something.	Mas acho que você me ensinou algo.
line:b1040415	By the stars! No no. You're excellent.	Pelas estrelas! Não, não. Você é excelente.
line:3a88a2dd	By the way would you be mad if your partner made a mess at home?	Aliás, você ficaria bravo se seu par fizesse bagunça em casa?
line:4199070f	Came in for another wash.	Vim pra outro banho.
line:105cd3e2	Can I ask you a question?	Posso fazer uma pergunta?
line:535ee717	Can you repeat that?	Pode repetir?
line:835e0c27	Can't sthpeak well.	Não configo falar direito.
line:afa450c0	Come back whenever, Ryan.	Volte quando quiser, Ryan.
line:0cedfc3d	Conrad can go as long as he needs	O Conrad aguenta o tempo que precisar.
line:5462913f	conrad hooked up with ryan	Conrad ficou com Ryan.
line:61cd33c5	conrad hooked up with ryan	Conrad ficou com Ryan.
line:6a7610f3	conrad hooked up with ryan	Conrad ficou com Ryan.
line:bac1ce29	conrad hooked up with ryan	Conrad ficou com Ryan.
line:61c9b7ac	Conrad needs a cleaning, got a slot for 'im?	O Conrad precisa de um banho. Tem horário pra ele?
line:405b7ef1	Conrad needs a wash!	O Conrad precisa de um banho!
line:803c8f0c	Conrad was talking about you during our date.	O Conrad falou de você no nosso encontro.
line:f1787092	Conrad!	Conrad!
line:fd6c6213	Conrad!	Conrad!
line:484cd04d	Conrad...?	Conrad...?
line:5b0360ad	Conrad: Actually.. I mean..	Conrad: Na verdade... Quero dizer...
line:3ce891ff	Conrad: Conrad just enjoys himself	Conrad: O Conrad só tá aproveitando.
line:fbe86c06	Conrad: Damn right!	Conrad: Isso mesmo, porra!
line:5660dc8b	Conrad: Don't worry about it!	Conrad: Não esquenta!
line:c050dbfc	Conrad: I do it all the time	Conrad: Faço isso o tempo todo.
line:cd3367da	Conrad: I want this to go well	Conrad: Quero que isso dê certo.
line:194c1381	Conrad: I'm ready to blow	Conrad: Tô pronto pra gozar.
line:ce4d0fef	Conrad: Yea	Conrad: É.
line:42c70daa	Conrad: You feel good	Conrad: Você é uma delícia.
line:3bc52918	Conrad: You having a good time?	Conrad: Tá gostando?
line:be0e51af	Cool.	Legal.
line:88c36bc7	Could do that, then get a hotel room... Hmm.	A gente podia ir e depois pegar um quarto de hotel... Hum.
line:b99e1503	Could you ask <i>me</i> a question?	Poderia fazer uma pergunta <i>para mim</i>?
line:12bf5baf	Could you get the gate...?	Poderia abrir o portão...?
line:3a6afae1	Could you go get the gate?	Pode abrir o portão?
line:9f49d9d4	Could you wash it away?	Pode enxaguar?
line:7661a0e9	D'aw... thanks.	Ah... Obrigado.
line:59bc5840	Damn right I do!	Tô mesmo, porra!
line:64889395	Damn right!	Isso mesmo, porra!
line:95aa0bf4	Damn right!	Pode apostar!
line:db592d76	Damn right!	Isso mesmo, porra!
line:0fcf9908	Damn right.	Isso mesmo, porra.
line:b964c99b	Damn shame then. Better change that.	Uma pena do caralho. Melhor mudar isso.
line:c6955ecc	Damn, you know how to use your hands.	Porra, você sabe usar as mãos.
line:eaf45022	Damn, you know how to use your hands.	Porra, você sabe usar as mãos.
line:684fb29a	Damn... Always feels good.	Porra... Sempre é gostoso.
line:7023cc94	DATE NIGHT!	NOITE DE ENCONTRO!
line:c71df70b	Date night!	Noite de encontro!
line:b57cc8ad	Depends	Depende.
line:07bd7f57	Did you do your uh...	Você fez alguma coisa nas suas, é...
line:4f38655d	Do I look like I'm okay?	Eu pareço bem?
line:8147156a	Do it!	Vai!
line:9ab6ddfb	Do you also do "special endings" here?	Aqui também tem "final feliz"?
line:4c90479c	Do you ask because I'm lavender?	Pergunta porque sou cor de lavanda?
line:3020c97c	Do you believe I am attractive?	Você me acha atraente?
line:c5e71850	Do you even need a wash?	Você precisa mesmo de um banho?
line:1810e75f	Do you have any advice?	Tem algum conselho?
line:6be807b5	Do you have any plans with ryan?	Você tem planos com o Ryan?
line:a0cf6cae	Do you know any cool places, people, I could hang around?	Conhece algum lugar ou alguma galera legal pra eu sair?
line:412ba249	Do you know any good bars?	Conhece algum bar legal?
line:28ec716a	Do you know anyone I could talk to? Y'know... about relationship stuffs?	Conhece alguém com quem eu possa conversar? Sabe... Pra ver se rola alguma coisa?
line:21c0526b	Do you like being big?	Gosta de ser grande?
line:daa040eb	Do you like purple?	O senhor gosta de roxo?
line:ef052302	Do you like purple?	Você gosta de roxo?
line:d5ed3582	Do you make big dragons, <size=60%>like me, <size=100%>cum here?	Você faz dragões grandes, <size=60%>como eu, <size=100%>gozarem aqui?
line:ec64a696	Do you mind double checking if I'm clean?	Pode conferir de novo se estou limpo?
line:647187f1	Do you want to say what happened...?	Quer contar o que aconteceu...?
line:807df02d	Do you want to use it?	Quer usar?
line:5c42b85a	Doesn't mean I need to yell at you.	Isso não é motivo pra gritar com você.
line:eefa8ae2	Don't be sorry! Get a mount!	Não pede desculpa! Arruma um aparelho!
line:dd0f7b1d	Don't worry, dragons are made to eat anything.	Não se preocupe, dragões foram feitos pra comer de tudo.
line:b90b01a9	Don't worry, he's real nice.	Não se preocupe, ele é muito gentil.
line:7de2a81c	Don't worry. I will.	Pode deixar. Vou contar.
line:c29d4071	Don't... make it sound like that.	Não... fala desse jeito.
line:31bdd33c	Dont talk with your mouth full	Não fala de boca cheia.
line:8ee41fdc	Dragon history is complex. Ornamental crest <size=85%> are often <size=70%> worn by dragons to <size=55%>signify what family they belong to! <size=40%> It's an interesting mark of their culutral <size=35%> and familial heritage. I've often wondered if I should continue to wear mine. <size=20%> But culutural and familiar ties are considered important within the lore of dragons! so I must adhere to such things. <size=10%> Water. Earth. Fire. Air. Long ago, the four nations lived together in harmony. Then everything changed when the Fire Nation attacked.	A história dos dragões é complexa. Brasões ornamentais <size=85%> costumam ser <size=70%> usados por dragões para <size=55%>mostrar a que família pertencem! <size=40%> São uma marca interessante de sua herança cultural <size=35%> e familiar. Muitas vezes me pergunto se devo continuar usando o meu. <size=20%> Mas os laços culturais e familiares são considerados importantes na tradição dos dragões! Por isso, preciso respeitá-los. <size=10%> Água. Terra. Fogo. Ar. Há muito tempo, as quatro nações viviam em harmonia. Mas tudo mudou quando a Nação do Fogo atacou.
line:0a0e6773	Dragon stomachs are a bit more... robust than yours.	O estômago de um dragão é um pouco mais... resistente que o seu.
line:7e352505	Dragons of the galaxy 2	Dragões da Galáxia 2.
line:c2c659d1	Eep!	Ai!
line:0bd1699e	Ehh..	É...
line:43dd32f5	Er... That's not-	É... Não era...
line:93b60dce	Even so. Not this time	Mesmo assim. Não desta vez.
line:573d9362	Even though you were just doing your job... I think it helped him a lot.	Mesmo que só estivesse fazendo seu trabalho... Acho que ajudou muito.
line:a2ba222e	Evening. This establishment takes walk ins, correct?	Boa noite. Este estabelecimento atende sem hora marcada, correto?
line:f98c3b6c	Every ending here is special!	Aqui todo final é feliz!
line:bfeaec15	Every self respecting wizard has a phoenix feather handy.	Todo mago que se preze tem uma pena de fênix à mão.
line:57df700d	Everyone's gaze carries an immense weight.	O olhar de todos carrega um peso imenso.
line:9ad8d2dd	Excellent!	Excelente!
line:0c997163	Excellent.	Excelente.
line:1976bc60	Excellent. Then make sure to go greet your customer at the window.	Excelente. Então não se esqueça de cumprimentar seu cliente na janela.
line:7bbe7ee3	Expectations are laaaame.	Expectativas são um saaaaco.
line:f99eb2ff	Ey! The mount! Fuck yeah.	Ei! O aparelho! Isso, porra.
line:d376acb9	Ey, so. Was thinkin'	Ei, então. Tava pensando...
line:85ec0862	Ey, sorry for coming in late.	Ei, desculpa vir tarde.
line:12e8ae42	Ey, Use your hands on my cock- it feels good!	Ei, usa as mãos no meu pau. É uma delícia!
line:271a3846	Fair enough. I'll be waiting!	Justo. Vou esperar!
line:4789095b	Fair enough. You two do seem cute together.	Justo. Vocês ficam fofos juntos.
line:f5b37855	Felt good sliding down though!	Mas foi bom sentir descer!
line:274367d7	Figured I'd bring in something nice after all you've done.	Achei que podia trazer algo gostoso depois de tudo que você fez.
line:aae8afca	Fine with me!	Por mim, tudo bem!
line:e98616be	For you!	Por você!
line:62a82aba	Found this one gryphon. About my size...	Conheci um grifo. Mais ou menos do meu tamanho...
line:807fdc76	From what I've heard he sounds like he's improved a lot recently, yeah?	Pelo que ouvi, parece que ele melhorou muito recentemente, né?
line:803bf378	Fuck man, I'm so pumped.	Porra, tô animado demais.
line:f2418086	Fuck no! Shit's embarrassing.	Porra, não! Que vergonha.
line:a7ca3ca8	Fuck something and then get a handjob hopefully.	Foder alguma coisa e, com sorte, ganhar uma punheta depois.
line:203bce10	Fuuuck. You really know how to work a dragon!	Porraa. Você sabe mesmo como tratar um dragão!
line:f7f9b0db	G'day mate!	E aí, amigo!
line:664c994e	Gave me time to think.	Me deu tempo pra pensar.
line:1d9b3531	Get a handjob and fuck this mount.	Ganhar uma punheta e foder esse aparelho.
line:48afdce4	Give it to me!	Manda tudo!
line:9df043ad	Give me a bit	Me dá um tempinho.
line:e5c7f64a	Glad I'm here to remind you then.	Então que bom que estou aqui pra te lembrar.
line:354170aa	Go for it!	Pode ir!
line:2d0b6b06	Goin' downtown tonight. Needed to be spotless. Say...	Vou pro centro hoje à noite. Preciso ficar impecável. Ei...
line:dcb506d2	Good as!	Ótimo!
line:bcbc6373	Good evening!	Boa noite!
line:607a5c47	Good, I can't be having the Burnswick Community College of Thaumaturgy know that their best professor Alexander has caused another incident.	Ótimo. Não posso deixar a Faculdade Comunitária de Taumaturgia de Burnswick descobrir que seu melhor professor, Alexander, causou outro incidente.
line:12b72085	Good, you better. If I come back and there isn't one...	Ótimo, é bom mesmo. Se eu voltar e não tiver um...
line:2c851dad	Good.	Bom.
line:2712436c	Good. 'Aight, let me out.	Ótimo. Beleza, me deixa sair.
line:bab51ada	Good... That'd be correct.	Bom... Essa é a palavra certa.
line:44f2b8cf	Goodbye!	Até mais!
line:a8e6ac2a	Goodness, thanks to you I have a chance at redeeming this situation.	Minha nossa, graças a você ainda tenho uma chance de resolver esta situação.
line:745c3c12	Gosh!	Nossa!
line:6b5c6564	Gotta <i>practice</i> for Ryan if you catch what I mean.	Preciso <i>praticar</i> pro Ryan, se é que me entende.
line:e3cef2bc	Gotta make sure you're spotless!	Precisa ficar impecável!
line:b01b2159	Great, so uh,	Ótimo, então, é,
line:43c94954	Grouse as! Excited to see you work!	Bom demais! Quero ver você trabalhar!
line:9de16ee9	Ha!	Ha!
line:88d7e1e2	Haah. This is the best fuckin' wash.	Aaah. Esse é o melhor banho, caralho.
line:cc6e7856	Hah! There's the mount!	Ha! Aí está o aparelho!
line:90dd6d9d	Hah, eager as always.	Ha, animado como sempre.
line:9542e7a6	Hah, good. Let's break this thing in!	Ha, boa. Vamos estrear esse negócio!
line:fe21109b	Hah, he seems like the wild type.	Ha, ele parece mesmo do tipo selvagem.
line:e8bc1d95	Hah, I imagine it would be.	Ha, imagino que sim.
line:acbf628d	Hah, it is a motivator.	Ha, é uma motivação.
line:65b23418	Hah, okay. I'm game.	Ha, tá bom. Eu topo.
line:058d9d5c	Hah, yeah. Conrad is definitely experienced...	Ha, é. O Conrad tem experiência, sem dúvida...
line:8b878971	Hah, yeah. He sounds fun.	Ha, é. Ele parece divertido.
line:e3ed51d9	Hah. Conrad, you look good too.	Ha. Você também está bonito, Conrad.
line:f8b2e23b	Hah. Fine.	Ha. Tá bom.
line:ea23c5f9	Hah. If only there was a kobold that could clean me.	Ha. Se pelo menos tivesse um kobold pra me lavar.
line:c9bb2a93	Hah. Yeah. <size=70%><i>It's cool that you learn to jerk off dragons in cleaning school...	Ha. Sim. <size=70%><i>Legal ensinarem a bater punheta pra dragão na escola de banho...
line:50a559bb	Hah... <size=70%> yeah.	Ha... <size=70%>Sim.
line:4d4d9986	Hah... Gonna jerk me off now? That's fine.	Ha... Vai bater uma pra mim agora? Por mim, beleza.
line:4e920759	Hah... Yeah I'm excited.	Ha... É, tô animado.
line:b36365ce	Hah... Yeah...	Ha... É...
line:b8724c64	Hah... you do like that noise.	Ha... Você gosta mesmo desse barulhinho.
line:c8cde395	Haha, 'Yip' indeed.	Haha, "yip", de fato.
line:680991cf	Haha, yes. Happy to see you.	Haha, sim. Que bom ver você.
line:4c27b031	Haha, you certainly are!	Haha, é mesmo!
line:c3a2e14e	Haha, you certainly are!	Haha, é mesmo!
line:9ec40945	Haha. 'Yip' to you too.	Haha. "Yip" pra você também.
line:5e91e0a7	Haha... Yeah. I'm not really used to complimenting.	Haha... É. Não tenho muito costume de fazer elogios.
line:44689f21	Happy to be back.	Bom estar de volta.
line:2672f65d	Happy to be here.	Bom estar aqui.
line:192fcb8e	Happy to get it off.	Ainda bem que vou tirar tudo.
line:3517b28e	Have a productive day.	Tenha um dia produtivo.
line:7c1adc57	He called me, we met up. He's really damn nice.	Ele me ligou, a gente se encontrou. Ele é legal pra caralho.
line:e71f9a0b	HE DIED!?	ELE MORREU?!
line:ed6c9afb	He hadn't been... Well, cared about in a long time from what I could gather.	Pelo que entendi, fazia tempo que ninguém... Bom, se importava com ele.
line:de25de6e	He just... Knew what to say to snap me out of all that.	Ele só... soube o que dizer pra me tirar daquela.
line:a035a3fd	He prefers 'vertically challenged'... But yes.	Ele prefere "com limitações verticais"... Mas sim.
line:04b29e42	He really is.	É mesmo.
line:c7e1b369	He really is.	É mesmo.
line:c64bd5ce	He said I was chill, we planned a date...	Disse que eu era tranquilo, a gente combinou um encontro...
line:e8a91447	He's a lot. But, I like it.	Ele é intenso. Mas eu gosto.
line:a7181b1a	He's a red dragon. I think you two would like eachother!	É um dragão vermelho. Acho que vocês iam gostar um do outro!
line:8245fe2b	He's already back to work. Thanks for helping with all that.	Já voltou ao trabalho. Obrigado por ajudar com tudo aquilo.
line:aaea8391	He's been way nicer recently.	Ele anda muito mais gentil.
line:7363c004	He's great.	Ele é ótimo.
line:c13d4e24	He's hot.	Ele é gostoso.
line:675d7e37	He's like. SUPER hung.	Ele é tipo... MUITO bem-dotado.
line:7deb9fff	He's like... a big softy surrounded by sharp pointy bits.	É tipo... um coração mole rodeado de espinhos.
line:800c553d	He's my dream dragon.	É o dragão dos meus sonhos.
line:4b3c70d9	He's snappy, but tender too!	Ele é esquentado, mas carinhoso também!
line:31281c6d	He's this REALLY cute red drake who goes to the wash!	Um dragão vermelho MUITO fofo que vem tomar banho aqui!
line:4c11c83e	He's tiny, I like being eye level with him.	Ele é pequeno. Gosto de olhar nos olhos dele na mesma altura.
line:b9ce2f3c	He's... Considerate. Real understanding too.	Ele é... atencioso. E muito compreensivo.
line:8e9e0f98	Heard about you and the big blue guy. Ryan was it?	Ouvi sobre você e o grandão azul. Ryan, né?
line:ca4a9672	Heeeey Ryan.	Oiii, Ryan.
line:24ce37ec	Heeeey.	Oiii.
line:bb70c1ed	Heh. Yeah.	He. É.
line:3fa80829	Heh. Yeah. I like you too.	He. É. Também gosto de você.
line:20393ff6	Heh. Yeah. That's me.	He. É. Sou eu.
line:ac769d93	heh.. yea.. sorry..	He... É... Desculpa..
line:5246ceea	Heh... alright.	He... Tá bom.
line:75fef5cb	Heh... Damn right.	He... Isso mesmo.
line:5f0edcb2	Heh... Handsy today, huh?	He... Mãos inquietas hoje, hein?
line:2f55b3aa	Hehe	Hehe.
line:7e991330	Hehe yeah.	Hehe, sim.
line:3223473f	Hehe, I'm excited to get into the dating scene again.	Hehe, estou animado pra voltar a ter encontros.
line:4a137220	Hehe, thanks. It has stuff that should be good for both of us.	Hehe, obrigado. Tem coisas que devem ser boas pra nós dois.
line:1a3e2a73	Hell yea	Isso, porra.
line:93f67490	Hell yeah	Isso, porra.
line:389e4033	Hell yeah I did!	Gostei pra caralho!
line:17dbb9b7	Hell yeah.	Isso, porra.
line:4b7b33d9	Hello!	Olá!
line:c3d3da41	Hello!	Olá!
line:4183ca7e	Hello, <i>'Drag'n wash franchise 223'...</i> Have you figured out how to interact yet?	Olá, <i>"franquia Drag'n'wash 223"...</i> Já descobriu como interagir?
line:a99c515c	Hello, <i>'Drag'n wash franchise 223'...</i> Have you spoken to your first customer yet?	Olá, <i>"franquia Drag'n'wash 223"...</i> Já falou com seu primeiro cliente?
line:b7cce838	Hello.	Olá.
line:a8779ebf	Hello?	Olá?
line:dd4b34ae	Hello?	Olá?
line:1954aab7	Help the developers out please..	Ajude os desenvolvedores, por favor...
line:db9c3a5c	Help the developers out please..	Ajude os desenvolvedores, por favor...
line:f7f7f5a1	Help the developers out please..	Ajude os desenvolvedores, por favor...
line:fc461784	Help the developers out please..	Ajude os desenvolvedores, por favor...
line:ee3398a6	Hey big guy.	Oi, grandão.
line:0090c7b0	Hey Conrad!	Oi, Conrad!
line:3d0a5aeb	Hey Conrad!	Oi, Conrad!
line:a2b4acea	Hey conrad!	Oi, Conrad!
line:975a629f	Hey Conrad.	Oi, Conrad.
line:21235886	Hey could you come up front where I can see you?	Ei, pode vir aqui na frente pra eu te ver?
line:533532c4	Hey fine by me!	Ei, por mim tudo bem!
line:1538bc7e	Hey good lookin'	Oi, bonitão.
line:0121c874	Hey hey. Glad you're open.	E aí, e aí. Que bom que tá aberto.
line:71b651dd	Hey I have something to say!	Ei, tenho uma coisa pra dizer!
line:0d4e0ecf	Hey kobold!	Oi, kobold!
line:af3f02c9	Hey Ryan, what do you have there?	Ei, Ryan, o que você trouxe?
line:6374414d	Hey thanks for being here for me...	Ei, obrigado por estar aqui por mim...
line:bf5ff483	Hey there, happy to be back.	Oi, que bom estar de volta.
line:c38b7fa6	Hey there, Ryan!	Oi, Ryan!
line:2d5fc8a2	Hey there- Maybe you can get 'hands on' later?	Ei... Que tal deixar essas "mãozinhas" pra depois?
line:1b6c7f75	Hey there.	Olá.
line:5dacf226	Hey there.	Olá.
line:82698bd1	Hey there.	Olá.
line:ab3a5d9c	Hey there.	E aí.
line:3d2bc74e	Hey uh, do you think Ryan and I will <i>actually</i> work out?	Ei, é... Você acha que eu e o Ryan vamos <i>mesmo</i> dar certo?
line:04501155	Hey uh, I just need a cleaning.	Ei, é... Só preciso de um banho.
line:2a29842a	Hey uh... Not now.	Ei, é... Agora não.
line:8caa3196	Hey uhm, thanks once again.	Ei, é... Obrigado de novo.
line:5c7a9105	Hey!	Oi!
line:eed2cc64	Hey!	Oi!
line:2f3f5508	Hey! He's just... 'vertically challenged'.	Ei! Ele só tem... "limitações verticais".
line:55bb78d1	Hey! I'm here for a wash.	Oi! Vim tomar banho.
line:33480903	Hey, Alexander!	Oi, Alexander!
line:21fcef4f	Hey, Alexander.	Oi, Alexander.
line:14598ca6	Hey, big guy!	Oi, grandão!
line:e7353d24	Hey, I've got a question for you.	Ei, tenho uma pergunta pra você.
line:674877e5	Hey, nothin' wrong with asking!	Ei, perguntar não tem nada de errado!
line:d2589856	Hey, welcome back!	Oi, bem-vindo de volta!
line:0d3e4054	Hey.	Ei.
line:aa0dda7b	Hey.	Ei.
line:7f2e2736	Hey... little guy!	Oi... pequenino!
line:933efa6d	Hi again!	Oi de novo!
line:873a2b9a	Hi again..	Oi de novo..
line:83ac5b68	Hi Conrad.	Oi, Conrad.
line:050efd1a	Hi, Ryan!	Oi, Ryan!
line:06ed6aea	Hiiiii! Hiii!	Oiiii! Oiii!
line:5a632b75	His physical form is currently reconstituting in the staff lounge.	Sua forma física está se reconstituindo na sala dos professores.
line:6bd91ca7	Hm, I think I'll pass on the mount.	Hum, acho que vou dispensar o aparelho.
line:370d719b	Hm?	Hum?
line:3c3ddd0c	Hm?	Hum?
line:44658d73	Hmm...	Hum...
line:bf059ff3	Hmm...	Hum...
line:730b1ca4	Hmm?	Hum?
line:fc571337	Hmmm, maybe something else?	Hum, talvez outra coisa?
line:19207e44	Hold on a little longer for me?	Pode aguentar mais um pouquinho por mim?
line:f2ae89c4	Honestly, I'm surprised how nice this is.	Sinceramente, estou surpreso com o quanto isso é gostoso.
line:a2ff0176	Hope it went well.	Espero que tenha sido bom.
line:b17360a0	Hope that's alright?	Espero que não tenha problema?
line:ae08853f	Hope you're doing alright!	Espero que esteja bem!
line:e1fa2461	Hopefully! I'll go get the gate.	Tomara! Vou abrir o portão.
line:99931b37	Hopefully.	Tomara.
line:d9c91bca	How about you though? have you been seeing anyone?	E você? Está saindo com alguém?
line:4ec92454	How about you? Anyone exciting?	E você? Alguém interessante?
line:86bde306	How are you with seafood?	Você gosta de frutos do mar?
line:7fb611c9	How come you brought this all in?	Por que trouxe tudo isso?
line:af0d0972	How come you're covered in ink?	Como ficou coberto de tinta?
line:e385b7f3	How did it go?	Como foi?
line:c0161bbc	How did it taste?	Qual era o gosto?
line:262b262e	how do I get in?	como eu entro?
line:676b0638	how do I get in?	como eu entro?
line:8308bb09	How do I look?	Como eu tô?
line:4f172746	How do you even digest that?	Como você consegue digerir isso?
line:28d390ac	How so?	Como assim?
line:4ef9fe65	How so?	Como assim?
line:ea66b5af	How so?	Como assim?
line:4b29790b	How was the sex.	Como foi o sexo?
line:7736270c	How was your date with Conrad?	Como foi seu encontro com o Conrad?
line:18d418ab	However, it's ornamental! My family crest. You see...	Mas é um ornamento! O brasão da minha família. Veja...
line:1f250062	However, My <i>image</i> is far more permanent than Igwyx's fleeting physical forms.	Porém, minha <i>imagem</i> é bem mais duradoura do que as formas físicas passageiras de Igwyx.
line:ae34381b	However, that respect comes with an expectation to act as I look. It's incredibly stressful.	Porém, esse respeito vem com a expectativa de agir à altura da minha aparência. É extremamente estressante.
line:d2baf9e2	However...	Porém...
line:fb8401c3	Huff...	Ufa...
line:b54ee04d	huff... Thank you for that.	Ufa... Obrigado por isso.
line:16420ca7	Huff... Thanks for that.	Ufa... Obrigado por isso.
line:45507089	Huff... That was nice... Made a bit of a mess though.	Ufa... Foi gostoso... Mas fiz uma baguncinha.
line:ae83cfb6	huh...?	Hã...?
line:0c78b56b	Huh?	Hã?
line:e96114a2	Huh? ofcourse not!	Hã? Claro que não!
line:836c079c	I <i>think </i> I must've spilled an inkwell <i>on the way here</i>. Rather clumsy of me!	<i>Acho </i>que derramei um tinteiro <i>no caminho para cá</i>. Que falta de jeito a minha!
line:d37175c7	I act tough but am a small dragon...	Banco o durão, mas sou um dragão pequeno...
line:b4e27683	I agree	Concordo.
line:68ebf07b	I allowed him, as my stature provides ample height.	Eu permiti, já que minha estatura lhe dava altura de sobra.
line:a051821a	I already feel a lot better.	Já me sinto muito melhor.
line:49bfbfbe	I already have spot at the club reserved.	Já tenho um lugar reservado no clube.
line:14ff4edd	I always do~	Eu sempre mando ver~
line:b05c6259	I always look forward to seeing you. I'll go get the gate.	Sempre quero te ver. Vou abrir o portão.
line:52bf5ede	I am THE kobold. Yip!	Eu sou O kobold. Yip!
line:141c006f	I am too.	Eu também.
line:363f6f6a	I am too.	Eu também.
line:405b9622	I am too.	Eu também.
line:d4c5faea	I am too.	Eu também.
line:556897bf	I am! Even better now that you're here.	Estou! Melhor ainda agora que o senhor está aqui.
line:e499b2cc	I am.	Sou.
line:5ec8bb55	I believe that's in part because of you.	Acredito que, em parte, seja por sua causa.
line:9883786d	I booked the night.	Reservei a noite toda.
line:eae85bf9	I broke up with my partner...	Terminei com minha namorada...
line:ffcfee20	I brought watermelon, bread, grapes, and some other stuff.	Trouxe melancia, pão, uvas e outras coisas.
line:e8aa18f4	I can digest pretty much anything.	Consigo digerir praticamente qualquer coisa.
line:7f543c2a	I can let loose whenever you are ready	Posso soltar tudo quando você estiver pronto.
line:c83a6a0d	I can't believe Igwix would make a mistake like this!	Não acredito que Igwix cometeria um erro desses!
line:e051a79e	I consider you a good friend too	Também te considero um bom amigo.
line:f382336f	I could get us the <i>nicest</i> spots for their show.	Posso conseguir os <i>melhores</i> lugares pro show.
line:2602b8c6	I could use a wash.	Preciso de um banho.
line:c66153d3	I couldn't help but notice the... device over there.	Não pude deixar de notar o... dispositivo ali.
line:b71f0756	I decided to try baking.	Resolvi tentar fazer doces.
line:e62b989c	I decided to try baking.	Resolvi tentar fazer doces.
line:efea7148	I decided to try baking.	Resolvi tentar fazer doces.
line:98f800d3	I didn't know anyone could like me that much so easily.	Não sabia que alguém podia gostar tanto de mim tão fácil assim.
line:4116f001	I didn't know what the button did.	Eu não sabia o que o botão fazia.
line:7a5c7f54	I didn't mean to fluster you!	Não era minha intenção te deixar sem jeito!
line:55542a9b	I do enjoy the color. Though I believe its unrelated to my own hue.	Gosto da cor, embora não ache que tenha relação com a minha própria tonalidade.
line:f9c800f2	I do!	Acho!
line:ad9c1ada	I do. But, what happened?	Tenho. Mas o que aconteceu?
line:a45ccf3a	I don't believe I can hold back any longer	Não acho que consiga me segurar mais.
line:8c6e1cd3	I don't get it! Why do I have to act this way?	Não entendo! Por que eu tenho que agir assim?
line:cc4e48a3	I don't know where they went but I feel dirty again.	Não sei aonde foi parar, mas me sinto sujo de novo.
line:71127249	I don't mean to be rude, but I must decline	Não quero ser rude, mas preciso recusar.
line:f5696cc4	I don't need to tell you.	Não preciso te contar.
line:878fc94c	I don't understand..	Não entendo..
line:4f3d31f8	I don't want your pitty!	Não quero a sua pena!
line:8fc36ab7	I enjoy being a part of so many individuals lives in a positive way.	Gosto de fazer parte da vida de tantas pessoas de forma positiva.
line:14653182	I enjoy parts of it. The respect is pleasant...	Gosto de certas partes. O respeito é agradável...
line:bd4bb1b9	I enjoy that I do not fear failure around you.	Gosto de não ter medo de falhar perto de você.
line:c108ed4f	I enjoy when you tell me what to do with a pat of your hand.	Gosto quando indica o que devo fazer com um toque da mão.
line:6db406b4	I enjoyed this quite a lot.	Gostei muito disso.
line:e838533b	I feel as I could say anything to you.	Sinto que poderia dizer qualquer coisa a você.
line:9b9567ec	I feel much better.	Me sinto muito melhor.
line:ed6be68f	I feel spotless as always.	Me sinto impecável, como sempre.
line:938be2fb	I forget the ignorance of a layman. I apologize.	Esqueço o desconhecimento dos leigos. Peço desculpas.
line:63837f22	I forgot to bite into it so... Nothing?	Esqueci de morder, então... Nenhum?
line:fe3484ea	I get how you'd feel that way after a breakup, yeah.	Entendo você se sentir assim depois de um término.
line:adf1550f	I give my other bipedal friends rides all the time.	Carrego meus outros amigos bípedes o tempo todo.
line:9a68366f	I got a mount.	Comprei um aparelho.
line:78a54cae	I got back home a bit dirty. And she yelled at me.	Cheguei um pouco sujo e ela gritou comigo.
line:22a9094a	I guess so!	Acho que sim!
line:28d6c0aa	I hate that I'm always getting into situations like this.	Odeio sempre acabar nesse tipo de situação.
line:366a7f73	I have a question.	Tenho uma pergunta.
line:82b63c18	I have something to say!	Tenho uma coisa pra dizer!
line:fd68807c	I have to say, you did as good a job as private washers.	Devo dizer que seu trabalho foi tão bom quanto o de um lavador particular.
line:761f413a	I heard a loud bang	Ouvi um estrondo.
line:9d7cc63c	I heard a loud bang, I don't think Igwix made it.	Ouvi um estrondo. Acho que Igwix não sobreviveu.
line:7ede5030	I heard there was kobolds down here that could wash me up?	Ouvi dizer que tem kobolds por aqui que podem me dar banho?
line:efb2d4af	I heard there were kobolds down here that could wash me up?	Ouvi dizer que tem uns kobolds por aqui que podem me dar um banho?
line:2f9b499a	I honestly don't know how you are doing that.	Sinceramente, não sei como você consegue fazer isso.
line:6f5dbc90	I hope he's okay too.	Também espero que ele esteja bem.
line:cd0197ed	I hope I can learn from that.	Espero conseguir aprender com isso.
line:cf50dbcc	I hope it all works out.	Espero que dê tudo certo.
line:b2dfad3e	I hope so.	Espero que sim.
line:0477b0d7	I hope so. I really want a fresh start with someone.	Espero que sim. Quero muito começar do zero com alguém.
line:7429dab7	I hope that you'll help me prove them wrong!	Espero que me ajude a provar o contrário!
line:be5feb3e	I hope things get better.	Espero que as coisas melhorem.
line:114ac9a0	I hope you're right.	Espero que tenha razão.
line:06744c7e	I just don't like that she takes it out on me.	Só não gosto que desconte em mim.
line:1fb02179	I just don't like that she takes it out on me.	Só não gosto que desconte em mim.
line:c8a1e7d0	I Just need a quick wash... Maybe the mount would be nice too.	Só preciso de um banho rápido... Talvez o aparelho fosse bom também.
line:95ff1bed	I just wish for you to ask me a question. Any question.	Só quero que me faça uma pergunta. Qualquer uma.
line:f716a163	I knew you were too busy, so I figured I'd bring the date to you!	Sabia que você estava ocupado demais, então resolvi trazer o encontro até você!
line:2461773d	I knew you'd have my back	Sabia que você ia me apoiar.
line:6a671440	I know a decent equine-kin place by the pier.	Conheço um restaurante bom do povo equino perto do píer.
line:50102b85	I know he can be a bit hot headed and forget to thank folks.	Sei que ele pode ser meio esquentado e esquecer de agradecer.
line:83c55e2e	I know things can be tough.	Sei que às vezes as coisas são difíceis.
line:2ffb026d	I know you need to close down shop. I'll make sure you get the address and we can meet up there, yeah?	Sei que precisa fechar a loja. Vou te passar o endereço e a gente se encontra lá, tá?
line:ded99a0c	I know, I'll reserve your spot!	Eu sei, vou guardar seu lugar!
line:59e503b2	I know. But the ability to open up to someone, even occasionally-	Eu sei. Mas poder se abrir com alguém, mesmo de vez em quando...
line:d30ffec9	I know. I know I shouldn't be dumping this on you.	Eu sei. Sei que não devia despejar tudo isso em você.
line:875048ca	I know. I know.	Eu sei. Eu sei.
line:7b59e4d6	I like how sure of yourself you are. Even if it just has to do with washing.	Gosto da sua segurança. Mesmo que seja só na hora de dar banho.
line:46061aae	I like it! I think you'd enjoy it too.	Eu gosto! Acho que você também ia gostar.
line:f4ad8ea6	I like taking care of you.	Gosto de cuidar do senhor.
line:8ffedb47	I like the mount you chose. Mind grabbing it?	Gostei do aparelho que escolheu. Pode trazer?
line:5c86951f	I like you a lot.	Gosto muito de você.
line:a91980fc	I like you for who you are.	Eu gosto do senhor pelo que é.
line:bdca3e1b	I like... him.	Gosto... dele.
line:2b65bf83	I love bubbles, they tickle!	Adoro bolhas, fazem cócegas!
line:f8a4f404	I mean it. Really.	É sério. De verdade.
line:ae719afc	I need to be better. I <i>want </i>to be better.	Preciso melhorar. Eu <i>quero </i>melhorar.
line:a0373456	I need to be spotless. Seems that's what you're for. <size=70%> Ha.	Preciso ficar impecável. Parece que é pra isso que você serve. <size=70%>Ha.
line:3da2dd1d	I never expected myself to confide such embarrassing things in someone.	Nunca imaginei que confiaria coisas tão constrangedoras a alguém.
line:0c986dec	I never expected you to be the type to be so messy!	Nunca imaginei que o senhor fosse de se sujar tanto!
line:95db900b	I never miss a spot.	Nunca deixo passar uma mancha.
line:d620d41a	I never thought someone like him would be my type...	Nunca pensei que alguém como ele fosse fazer meu tipo...
line:67592de1	I probably need to head out though.	Mas acho que preciso ir.
line:e41c6dc5	I really do hope it all works out!	Espero de verdade que dê tudo certo!
line:a722aada	I really think it was this time...	Desta vez, acho mesmo que foi...
line:e80e5edd	I see what you're doing, thank you.	Entendo o que está fazendo. Obrigado.
line:cc6ec337	I see..	Entendo..
line:d57520b1	I seem to have gotten myself covered in ink!	Parece que acabei coberto de tinta!
line:3b161cf3	I still need more!	Ainda preciso de mais!
line:47dc71f3	I suppose I understand disliking the mess it may cause.	Entendo não gostar da sujeira que ela pode causar.
line:234ccfda	I suppose it depends on the circumstances.	Acho que depende das circunstâncias.
line:910706c0	I think a movie could be fun!	Acho que um filme seria divertido!
line:99bbb171	I think he was in a bad environment. He's doing better now.	Acho que ele estava num ambiente ruim. Agora está melhor.
line:9247b7a0	I think he'd like the new you!	Acho que ele ia gostar do novo você!
line:f4982dcd	I think he's got a crush on me.	Acho que ele tá a fim de mim.
line:fc6fdd10	I think I can still feel some explosion grime on me...	Acho que ainda sinto um pouco da sujeira da explosão...
line:4efc873f	I think I like being taken care of?	Acho que gosto de receber cuidados?
line:f5d36d9a	I think I might be close..	Acho que estou quase lá..
line:52fc4e08	I think I'd like that!	Acho que eu ia gostar!
line:5c78099a	I think I'd like to meet him!	Acho que ia gostar de conhecer ele!
line:14e0edf6	I think I'd like to try!	Acho que quero tentar!
line:164df75a	I think I'd like to use it?	Acho que gostaria de usar?
line:4f6168aa	I think I'd like to use it?	Acho que gostaria de usar?
line:ab314624	I think I'd like to?	Acho que eu gostaria?
line:170c6aa3	I think I'd like you to be that someone aswell.	Acho que também gostaria que você fosse esse alguém.
line:8f46bb17	I think I've got it!	Acho que já entendi!
line:a5e128e0	I think she's upset about something else...	Acho que ela está chateada com outra coisa...
line:bc2545e7	I think she's upset about something else...	Acho que ela está chateada com outra coisa...
line:335c5156	I think so!	Acho que sim!
line:3292625e	I think that would make a decent place! They put on good shows every night.	Acho que seria uma boa! Eles têm shows legais toda noite.
line:eaafe671	I think you got every spot!	Acho que não deixou passar nada!
line:1760e5d5	I think you got every spot.	Acho que você não deixou passar nada.
line:341175f7	I think you got every spot.	Acho que você não deixou passar nada.
line:770e7473	I think you got every spot.	Acho que você não deixou passar nada.
line:f4a8f7fc	I think you helped him a lot more than you realize.	Acho que você ajudou ele muito mais do que imagina.
line:f28fd15d	I think you missed a few spots still...	Acho que ainda faltaram algumas manchas...
line:77509e74	I think you're cool too. Self improvement is hard.	Também acho você legal. Não é fácil melhorar como pessoa.
line:763c6a82	I think you're good looking.	Acho o senhor bonito.
line:69e7dbb3	I think you're pretty cool, Conrad.	Eu acho você bem legal, Conrad.
line:9c393f61	I think you're special too.	Também acho você especial.
line:7d5ae3b4	I usually make do with a hose down at home...	Eu normalmente me viro com a mangueira lá de casa...
line:c4fc9b28	I wanna talk face to face!	Quero conversar cara a cara!
line:548dc375	I want to be more open. It feels good.	Quero me abrir mais. É uma sensação boa.
line:e02f464d	I was helping the alchemist reach a high shelf	Eu estava ajudando o alquimista a alcançar uma prateleira alta.
line:fa97376e	I was helping the alchemist reach a high shelf	Eu estava ajudando o alquimista a alcançar uma prateleira alta.
line:bb015b1b	I was romping around the forest	Eu estava correndo pela floresta.
line:78e2cb13	I was thinking about what you said,	Estava pensando no que você disse,
line:b8282714	I was thinking.	Estava pensando.
line:ca616238	I was thinking. We could go out some time next week?	Estava pensando. A gente podia sair semana que vem?
line:a13d76ec	I was thinking...	Estava pensando...
line:c1a4edf0	I wasn't making her happy either.	E ela também não estava feliz comigo.
line:a4214fe6	I went out of my way for a discrete washing, I was sure I wasn't followed.	Fiz questão de procurar um banho discreto. Tinha certeza de que ninguém havia me seguido.
line:db5cd152	I went out with some friends.	Saí com uns amigos.
line:b6b9dc33	I will pay double. Triple- This is a job only you can do!	Pago o dobro. O triplo! Só você pode fazer este trabalho!
line:0c31345e	I will, thanks.	Vou voltar, obrigado.
line:fa41daf4	I will. I just need a quick wash, and wouldn't mind using the mount today.	Vou sim. Só preciso de um banho rápido e queria usar o aparelho hoje.
line:399457b7	I wish it was easy as it is in movies.	Queria que fosse fácil como nos filmes.
line:2185f08c	I won't.	Não vou contar.
line:45950848	I would like that!	Eu ia adorar!
line:099ec7fd	I would love to.	Eu adoraria.
line:e6006cd6	I wouldn't mind!	Eu ia gostar!
line:81905be1	I'd like to go out to eat.	Quero sair pra comer.
line:75b152eb	I'd love to talk more, truly, but class is soon.	Gostaria muito de continuar conversando, mas a aula começa logo.
line:2fe8a558	I'd love to!	Eu adoraria!
line:87ba56cc	I'll be back again, yeah?	Vou voltar, tá?
line:ca035ef2	I'll be back again. It's nice having you as a friend.	Vou voltar. É bom ter você como amigo.
line:0fcd9c26	I'll be back soon, yeah? Thanks for the wash.	Volto em breve, sim? Obrigado pelo banho.
line:d9f422eb	I'll be waiting at the bar for you tonight!	Vou te esperar no bar hoje à noite!
line:69dff2ec	I'll be waiting for the gate!	Vou esperar você abrir o portão!
line:ae4d09f6	I'll be waiting for the gate!	Vou esperar você abrir o portão!
line:ab616aac	I'll definitely keep this place in mind.	Com certeza vou me lembrar daqui.
line:b122441b	I'll get one ordered I promise!	Prometo encomendar um!
line:1642b6f1	I'll get out of your scales now. Thank you for the wash.	Vou deixar você em paz agora. Obrigado pelo banho.
line:707d2693	I'll get out of your scales...	Vou te deixar em paz...
line:ca480eed	I'll get you two in contact then.	Então vou colocar vocês em contato.
line:59416000	I'll go get the gate for ya'	Vou abrir o portão pra você.
line:6aa7ad03	I'll go get the gate for ya'	Vou abrir o portão pra você.
line:2a6d7e7d	I'll go get the gate for you.	Vou abrir o portão pra você.
line:8107858d	I'll go get the gate for you.	Vou abrir o portão para o senhor.
line:d1755010	I'll go get the gate for you.	Vou abrir o portão pra você.
line:4d692a01	I'll go get the gate.	Vou abrir o portão.
line:a75bb519	I'll go get the gate.	Vou abrir o portão.
line:8689a124	I'll happily get that for you.	Vou buscar com prazer.
line:48e99d7b	I'll have to close up shop first-	Preciso fechar a loja primeiro...
line:f2b894e2	I'll have to reserve your spot while you close up.	Vou guardar seu lugar enquanto você fecha.
line:6c5e2459	I'll keep that in mind. I'm used to things being transactional.	Vou me lembrar disso. Estou acostumado a que tudo envolva uma troca.
line:956a0f47	I'll make sure to ask him next time I see him.	Vou perguntar na próxima vez que o vir.
line:e64d21e4	I'll make sure to come back.	Pode ter certeza que vou voltar.
line:7c9fe106	I'll make sure to get out of your scales.	Vou te deixar em paz.
line:87006442	I'll make sure to tell others about this place	Vou falar deste lugar pros outros.
line:1db78e06	I'll make sure to tell you how it goes, yeah?	Vou te contar como foi, tá?
line:49b6a167	I'll make sure you're <i>spotless.	Vou deixar você <i>impecável.
line:96981b61	I'll manage.	Vou dar um jeito.
line:9aa97614	I'll need this to be swift, students won't teach themselves.	Preciso que seja rápido. Os alunos não vão aprender sozinhos.
line:9ef857c8	I'll need to resurrect Igwix, oh how embarrassing!	Vou precisar ressuscitar Igwix. Que vergonha!
line:90a9a98e	I'll see you next time I come in, yeah?	A gente se vê na próxima vez que eu vier, tá?
line:d0f6a49a	I'll see you next time I come in, yeah?	A gente se vê na próxima vez que eu vier, tá?
line:160bf40f	I'll start prepping for it.	Vou começar a preparar tudo.
line:8af64cb8	I'll take care of this, don't you worry.	Vou cuidar disso, não se preocupe.
line:e20c6391	I'll tell you in a bit. Could you just get the gate for now?	Já te conto. Por enquanto, pode só abrir o portão?
line:04c62f9b	I'm <i>spotless</i>.	Estou <i>impecável</i>.
line:629f8cff	I'm a bit of a big deal around there.	Sou meio famoso por lá.
line:d9272031	I'm a dragon.	Sou um dragão.
line:675e7284	I'm a rule breaker!	Eu gosto de quebrar as regras!
line:afcd5586	I'm a... kobold.	Eu sou um... kobold.
line:5d41b5d6	I'm all dirty still!	Ainda tô todo sujo!
line:2f6eb3c3	I'm all soapy still!	Ainda tô cheio de sabão!
line:18707b19	I'm always happy to give you a wash!	Sempre fico feliz em te dar banho!
line:3b01eb3b	I'm always happy to give you a wash!	Sempre fico feliz em te dar banho!
line:d82b1a7d	I'm always happy to help. <i><size=70%> especially a big dragon.	Sempre fico feliz em ajudar. <i><size=70%>Especialmente um dragão grande.
line:46c6a3ed	I'm always happy to see you Ryan.	Sempre fico feliz em te ver, Ryan.
line:75206eee	I'm always happy to see you Ryan.	Sempre fico feliz em te ver, Ryan.
line:fa6e232e	I'm always happy to see you. I'll go get the gate for you.	Sempre fico feliz em ver o senhor. Vou abrir o portão.
line:07e5fc05	I'm amazed!	Estou impressionado!
line:4586d55d	I'm an asshole. I know I am.	Sou um babaca. Eu sei.
line:a6d46685	I'm certain he also finds you pleasant!	Tenho certeza de que ele também gosta da sua companhia!
line:ef399e26	I'm doing good!	Estou bem!
line:a6c1f2f4	I'm excited for you!	Fico animado por você!
line:94fbdbf0	I'm excited for you. I'll get the gate!	Fico feliz por você. Vou abrir o portão!
line:f83e4966	I'm excited to hear about it!	Quero muito saber!
line:bd55b8f4	I'm excited to see them washing down the drain though.	Mas também estou animado pra ver elas descendo pelo ralo.
line:24832f01	I'm excited.	Estou animado.
line:69f406a6	I'm excited.	Estou animado.
line:a00f681d	I'm excited.	Estou animado.
line:a0479425	I'm excited.	Estou animado.
line:b5d7d26f	I'm excited.	Estou animado.
line:d66b9155	I'm excited.	Estou animado.
line:4e1b1d0a	I'm glad you derive enjoyment from this as well.	Fico feliz que também sinta prazer nisso.
line:5db47405	I'm glad you enjoy him. I'm certain he finds you pleasant.	Fico feliz que goste dele. Tenho certeza de que ele também gosta de você.
line:c56ee060	I'm glad you enjoy my crest.	Fico feliz que goste do meu brasão.
line:f44a1493	I'm glad you trust me.	Fico feliz que confie em mim.
line:3a2ed5ef	I'm glad you two are working out though.	Mas fico feliz que vocês estejam dando certo.
line:c0972e81	I'm glad you two are working out.	Fico feliz que vocês estejam dando certo.
line:34ba77b1	I'm glad you were able to make the choice that was best for you.	Fico feliz que tenha conseguido tomar a melhor decisão pra você.
line:d5a90e1c	I'm glad!	Fico feliz!
line:286fec49	I'm glad.	Fico feliz.
line:42f5fd9d	I'm glad.	Fico feliz.
line:99b6dc81	I'm glad.	Fico feliz.
line:570d4953	I'm happy for you!	Fico feliz por vocês!
line:ac6d5bd3	I'm happy for you!	Fico feliz por vocês!
line:ed5c40ca	I'm happy for you!	Fico feliz por vocês!
line:79099951	I'm happy to be here too.	Também fico feliz de estar aqui.
line:99fd9b51	I'm happy to give you a place you can relax.	Fico feliz em oferecer um lugar onde possa relaxar.
line:5d36d5c8	I'm happy to have met you.	Fico feliz por ter conhecido você.
line:ce21622a	I'm happy to hear that.	Fico feliz de ouvir isso.
line:69963a6c	I'm happy you feel comfy here.	Fico feliz que se sinta à vontade aqui.
line:38388248	I'm here for a wash.	Vim tomar banho.
line:a6974256	I'm here if you need someone to talk to.	Estou aqui se precisar conversar com alguém.
line:6690512d	I'm impressed.	Tô impressionado.
line:2e424b13	I'm in need of another wash.	Preciso de outro banho.
line:ef91a572	I'm Jealous!	Tô com inveja!
line:a79b8639	I'm just happy I don't feel judged here.	Só fico feliz por não me sentir julgado aqui.
line:8076eb95	I'm just here for a wash though.	Mas só vim tomar banho.
line:c2caa0b7	I'm just here to bring you food!	Só vim trazer comida pra você!
line:ec6c7823	I'm just... Happy.	É só que... estou feliz.
line:ed4b0d48	I'm kind of excited.	Estou até animado.
line:266c652e	I'm looking forward to seeing you again	Estou com vontade de te ver de novo.
line:e91e2041	I'm not <i>that</i> little-	Não sou <i>tão</i> pequeno assim...
line:cf05a364	I'm not certain why I suddenly understand your 'Yips'	Não sei por que comecei a entender seus "yips" de repente.
line:dcc4774b	I'm not too sure. It was on sale at WingCo.	Não tenho certeza. Estava em promoção na WingCo.
line:5b31909a	I'm only doing what I think is right.	Só estou fazendo o que acho certo.
line:7fe349d7	I'm profoundly embarrassed by this whole ordeal.	Estou profundamente constrangido com toda esta situação.
line:cfaffc52	I'm pumped.	Tô animado.
line:c0a140f8	I'm really fond of letting folks ride on my back.	Gosto muito de levar as pessoas nas minhas costas.
line:1a5e6184	I'm really looking forward to this.	Estou com muita vontade.
line:8b43a434	I'm really sorry you got hurt. Who did this?	Sinto muito mesmo pelos seus ferimentos. Quem fez isso?
line:69ffe957	I'm so excited about this date!	Estou tão animado pra este encontro!
line:e6290003	I'm so excited. I'll get you two in contact!	Que animação! Vou colocar vocês em contato!
line:e8611ad0	I'm sorry for dumping that all on you earlier.	Desculpa por despejar tudo aquilo em você antes.
line:e613b1c3	I'm sorry I snapped at you earlier.	Desculpa por ter sido grosso com você antes.
line:de208e68	I'm sorry you got hurt...	Sinto muito que tenham te machucado...
line:4843bb47	I'm still very muddy, if you could soap me up that'd be great.	Ainda estou bem enlameado. Seria ótimo se me ensaboasse.
line:51d4e418	I'm such an idiot.	Sou um idiota.
line:32114891	I'm sure nobody will know...	Tenho certeza de que ninguém vai saber...
line:17a05c96	I'm sure we'll figure something out! just meet me at the pier!	A gente vai pensar em alguma coisa! Me encontra no píer!
line:8136ef1a	I'm surprised how nice it is.	Estou surpreso com o quanto é bom.
line:722c6ab2	I'm thinking a date soon.	Estou pensando num encontro em breve.
line:3471e9b1	I'm trying my best.	Tô fazendo o meu melhor.
line:01492e5e	I'm trying not to be pushy.	Tô tentando não ser insistente.
line:4d6cd625	I'm trying to get away from the house for a bit.	Estou tentando sair um pouco de casa.
line:c1ef777a	I'm unsure why speaking with you is so easy.	Não sei por que conversar com você é tão fácil.
line:822c0718	I'm very excited.	Estou muito animado.
line:ddab3d34	I'm very satisfied with these results..	Estou muito satisfeito com o resultado..
line:03eb977c	I'm well aware. A deep clean has a distinct feel!	Sei muito bem. Dá para sentir a diferença de uma limpeza completa!
line:f9193c0d	I'm willing to do it. But I'd like something new.	Estou disposto a fazer isso. Mas queria algo novo.
line:63981253	I'm... Happy.	Estou... feliz.
line:f80bd44b	I'm... not certain I'd like to use this today.	Não... tenho certeza de que gostaria de usar isso hoje.
line:d422462e	I'm... not sure I can answer that for you.	Não... sei se posso responder isso por você.
line:8f107933	I'm... Rather close now	Estou... bem perto agora.
line:24c52c54	I'm... wondering...	Estou... pensando...
line:6bbd7f1d	I've always hated the rain.	Sempre odiei chuva.
line:b4353808	I've always loved giving my biped friends rides...	Sempre gostei de levar meus amigos bípedes pra passear...
line:9541fceb	I've been considering asking you this for a while now.	Já faz um tempo que penso em lhe perguntar isso.
line:505154a4	I've been thinking...	Andei pensando...
line:58b4f5fb	I've been told it's polite to talk to smaller folk face to face.	Me disseram que é educado falar cara a cara com o pessoal menor.
line:2c560e29	I've been trying to get into the social sciences aswell.	Também tenho tentado me aprofundar nas ciências sociais.
line:b4a29141	I've got a guy who can drop a gift by tomorrow that would spruce things up.	Conheço um cara que pode deixar um presente amanhã pra dar uma animada.
line:212f0021	I've had a lot of free time lately.	Tenho tido bastante tempo livre ultimamente.
line:701b9feb	I've had a lot of free time lately.	Tenho tido bastante tempo livre ultimamente.
line:79da763f	I've had a lot of free time lately.	Tenho tido bastante tempo livre ultimamente.
line:3c4443fd	I've seen bigger	Já vi maiores.
line:d7a90078	I...	Eu...
line:393d0e05	I... hm.	Eu... Hum.
line:0da5609b	I... Know this is unprompted.	Eu... sei que isso veio do nada.
line:5cfb94b9	If a relationship is <i>so</i> bumpy and you know its going to end.	Se um relacionamento está <i>tão</i> complicado e você sabe que vai acabar.
line:b2f52b23	If I could uhm...	Se eu poderia, é...
line:b4990e3d	If I'm honest. I've had a crush on you for a bit.	Pra ser sincero, estou a fim de você faz um tempinho.
line:7c13c28e	If only.	Se pelo menos.
line:a56c5621	If someone like Ryan is interested, you're doing great.	Se alguém como o Ryan se interessou, você está indo muito bem.
line:52f28749	If we're caught violating another policy my reputation would be in ruins!	Se nos pegarem quebrando outra regra, minha reputação estará arruinada!
line:83f511d2	If ya' place the mount for me I'll have at it.	Se colocar o aparelho pra mim, eu mando ver.
line:7ead92b1	If you could come up front so I could talk.	Se puder vir aqui na frente pra gente conversar.
line:e78656aa	If you could come up to where I can see you.	Você pode vir até onde eu consiga te ver?
line:9a013329	If you wanna talk about it more, I've got a minute.	Se quiser conversar mais, tenho um tempinho.
line:3d014153	If you want to use it that's fine!	Se quiser usar, tudo bem!
line:a9eb9a76	if you're seeing this please grab nael or submit a bug report	Se estiver vendo isto, avise o Nael ou envie um relatório de bug.
line:b9ab4eed	Im not complaining though.	Mas não tô reclamando.
line:27340362	In a bad way?	No mau sentido?
line:2019bb85	In a good way?	No bom sentido?
line:91d5fb72	Incredible!	Incrível!
line:61c8781b	Indeed! You're the only kobold I wish to wash me now.	De fato! Agora você é o único kobold que quero que me lave.
line:a5979ac9	Indeed, you must know of my crest! I teach alchemy.	Sim, deve ter reconhecido meu brasão! Ensino alquimia.
line:dd9d30d2	Indeed. I'm glad you were able to help.	De fato. Fico feliz que tenha conseguido ajudar.
line:fd5ddfcb	Indeed. You're an excellent person to be around.	De fato. Sua companhia é excelente.
line:78c9b5cc	Is everything okay?	Tá tudo bem?
line:bea8f1f7	Is something on your mind?	Tem alguma coisa na sua cabeça?
line:6b6dd8bc	Is that a good thing...?	Isso é bom...?
line:848727f2	Is that a threat...?	Isso é uma ameaça...?
line:db302830	Is that why you came in the first time?	Foi por isso que você veio da primeira vez?
line:00e41343	Is this good?	Está bom assim?
line:7982d3d8	Is this the right place?	É aqui mesmo?
line:c48f59a9	Is this the right place?	É aqui mesmo?
line:b05f6eea	Isn't that... Wood?	Isso não é... madeira?
line:bf137cb4	It arrived this morning, it should be near the gate.	Chegou hoje de manhã. Deve estar perto do portão.
line:5080b6dd	It depends! Dragon thing.	Depende! Coisa de dragão.
line:34cf0601	It did! Thanks for asking.	Foi! Obrigado por perguntar.
line:900dca3c	It does wonders.	Faz maravilhas.
line:cfd504c5	It does wonders.	Faz maravilhas.
line:ac13bf68	It is indeed rather cool.	De fato, é muito legal.
line:ea445b46	It is rather novel isn't it?	É algo bem novo, não é?
line:56d34a41	It is? Good to know...	É? Bom saber...
line:b058318f	It means you're doing a good job in kobold.	Em kobold, quer dizer que você está indo bem.
line:13c906c7	It really has been. You're wonderful.	Foi mesmo. Você é maravilhoso.
line:b032bfb1	It turns out baking is messy!	Descobri que fazer doces dá uma sujeira!
line:da4f12a1	It turns out baking is messy!	Descobri que fazer doces dá uma sujeira!
line:e106207b	It turns out baking is messy!	Descobri que fazer doces dá uma sujeira!
line:e0c8c57b	It was good. We had sex.	Foi bom. A gente transou.
line:681117ec	It was great. Conrad is wild. Good wild.	Foi ótimo. O Conrad é uma fera. No bom sentido.
line:28eee9f5	It went great!	Foi ótimo!
line:92bfe06c	It went great!	Foi ótimo!
line:a5d2b991	It went well.	Foi bom.
line:1ab5969b	It would be a... date. As most would say.	Seria um... encontro. Como costumam dizer.
line:8440a3f4	It's a regrettable state I find myself in...	É um estado lamentável, o meu...
line:1706e86d	It's also new to me...	Também é novidade pra mim...
line:c1b8e62b	It's always good when a kobold knows what they like.	É sempre bom quando um kobold sabe do que gosta.
line:deffce5c	It's crazy how much your neck can handle.	É doido o quanto seu pescoço aguenta.
line:2e182063	It's difficult to find folks that are outside of my current bubble.	É difícil conhecer gente fora do meu círculo atual.
line:48cfc92b	It's endearing!	É fofo!
line:5b6f00bd	It's fine.	Tudo bem.
line:13dc0f15	It's fine. I close in about an hour.	Tudo bem. Fecho daqui a mais ou menos uma hora.
line:23ac92c8	It's freeing. I'll be back, yeah?	É libertador. Vou voltar, sim?
line:de9fdb93	It's hard to hold back..	É difícil segurar..
line:9ebea3d0	It's hard to not be nervous after everything...	É difícil não ficar nervoso depois de tudo...
line:ec8243d8	It's interesting; you bipeds tend to savor your meals.	É curioso, vocês bípedes costumam saborear as refeições.
line:d50cb509	It's just that something happened to Conrad, I hope he's okay.	É que aconteceu uma coisa com o Conrad. Espero que ele esteja bem.
line:bee6c7dd	It's just that...	É que...
line:3b76093c	It's made for eating things whole.	Ele foi feito pra engolir coisas inteiras.
line:19f36dc0	It's my dream.	É o meu sonho.
line:18db795f	It's never easy to end things.	Nunca é fácil terminar.
line:049fb01f	It's nice to have friends to rely on.	É bom ter amigos com quem contar.
line:ed69e3a1	It's nice to relinquish control, even for a moment.	É bom abrir mão do controle, nem que seja por um momento.
line:e9d34ea0	It's no biggie. It sounds like everyone is fine.	Não é nada de mais. Parece que todo mundo está bem.
line:7e511da7	It's okay!	Tudo bem!
line:b14d8520	It's okay, you sound like you need it.	Tudo bem, parece que você precisa disso.
line:50b95260	It's okay. I needed to. She wasn't making me happy.	Tudo bem. Eu precisava. Não estava feliz com ela.
line:47455767	It's okay. I'll figure something out.	Tudo bem. Vou pensar em alguma coisa.
line:9287c933	It's starting to feel like it's <i>my</i> fault.	Tô começando a achar que a culpa é <i>minha</i>.
line:7ab244af	It's the best way to enjoy food.	É o melhor jeito de aproveitar a comida.
line:0b7589ff	It's the mount you asked for.	É o aparelho que você pediu.
line:a5780e74	It's wonderful to be back!	É maravilhoso estar de volta!
line:649e8eb3	Its a nice get away from everything out there.	É bom se afastar um pouco de tudo lá fora.
line:d0361dd9	Its like an equine fusion thing...	É meio que uma culinária de fusão equina...
line:df86a610	Jokes aside, your wash is definitely the best.	Brincadeiras à parte, seu banho é o melhor mesmo.
line:7fe40d2b	Just a rough day. Hoping this helps!	Só foi um dia difícil. Tomara que isso ajude!
line:ce77a00e	Just did!	Acabei de falar!
line:7c93c604	Just doing my job!	Só estou fazendo meu trabalho!
line:fa0a9fbb	Just having fun.	Só tô me divertindo.
line:9e9425cd	Just possibly...	Quem sabe...
line:1d73a343	Just some drake at the bar. Was stupid... Couldn't shut my mouth.	Um dragão no bar. Fui idiota... Não soube calar a boca.
line:ecb9a15d	Just touch me with your hand and I'll try to help.	É só tocar em mim com a mão que eu tento ajudar.
line:14209365	Just uhm... Don't tell anyone I'm saying all this.	Só, é... Não conta pra ninguém que tô falando tudo isso.
line:3bac1dad	Just... open the gate.	Só... abre o portão.
line:4f826403	Keep going a little longer please	Continua mais um pouco, por favor.
line:087039ba	Keep going.	Continua.
line:d8f92323	Kinda! I've been getting out more.	Mais ou menos! Tenho saído mais.
line:b965b4dd	Knock that off, we're not done yet. Right?	Para com isso, a gente ainda não terminou. Certo?
line:d9d276bb	Kobolds always seem enamored by me eating.	Kobolds sempre parecem fascinados quando eu como.
line:0274cacd	Kobolds are very flexible. It will fit.	Kobolds são muito flexíveis. Vai caber.
line:20cb68b9	lemme in?	Me deixa entrar?
line:41d5085a	Let go whenever you are ready.	Pode se soltar quando estiver pronto.
line:29a77d09	Let me give it a try!	Deixa eu experimentar!
line:265e14cb	Let me know when you're finished rinsing.	Avise quando terminar de enxaguar.
line:0e1fd4b0	Let the <i>big C</i> out of this place!	Deixa o <i>grande C</i> sair daqui!
line:f7382398	Let's get going~!	Vamos nessa~!
line:c50535b3	Let's have it!	Manda tudo!
line:9accd60e	Lets wash it off for our date tonight then.	Então vamos limpar isso pro nosso encontro de hoje à noite.
line:7ce1b833	Like what?	Que jeito?
line:cb91e703	Like, I love those around me, but there's a lot of baggage there.	Eu amo quem está perto de mim, mas tem muita história envolvida.
line:aa1c54ab	Like, in general.	Por tudo, no geral.
line:bbe51f87	Like, in general.	Por tudo, no geral.
line:7b7b0a3f	Like, the future of my relationships.	No futuro dos meus relacionamentos, sabe?
line:db79a905	Like... a lemon?	Tipo... limão-siciliano?
line:ffd7dcc4	Like... An asshole? I know I'm miserable to be around.	Como... um babaca? Sei que sou insuportável.
line:a0a0a49c	Like... sexual stuff?	Tipo... coisas sexuais?
line:9becd177	Look at me! I'll be the laughing stock of my students.	Olhe para mim! Vou virar piada entre meus alunos.
line:9711cf03	Lookin' for a hose down. Wouldn't mind using the mount aswell.	Quero uma ducha. E não ia achar ruim usar o aparelho também.
line:abdb5822	Looking forward to seeing ya'	Quero te ver de novo logo.
line:5c335985	Looking forward to seeing you soon.	Espero ver você de novo em breve.
line:1d0abc80	Looking forward to the wash.	Estou ansioso pelo banho.
line:646279a0	Looks like it.	Parece que sim.
line:b6093881	Looks like ya' got a shipment, eh?	Parece que chegou uma entrega, hein?
line:f1fc3e3c	Luckily death via spontaneous combustion is a concept we have thoroughly curtailed in the modern world.	Felizmente, as mortes por combustão espontânea são algo que já reduzimos bastante no mundo moderno.
line:d2ba8ba9	Made a bit of a mess... Still worth it.	Fiz uma baguncinha... Mas valeu a pena.
line:301e8665	Make haste! My reputation is on the line.	Depressa! Minha reputação está em jogo.
line:5072cc60	Make sure you're very clean. <size=70%><i>hehe.	Fique bem limpinho. <size=70%><i>Hehe.
line:da21cf49	Makes sense! Yeah tiny drakes are fun.	Faz sentido! É, dragões pequenos são divertidos.
line:22b2643b	Makes sense.	Faz sentido.
line:e7f0e9ed	Makes sense.	Faz sentido.
line:89c9a73b	Many think it's part of my body.	Muitos acham que faz parte do meu corpo.
line:d7bcbe29	Max says I'm a clumsy dragon,	Max diz que sou um dragão desastrado.
line:db986d0d	May you open the gate?	Poderia abrir o portão?
line:76a97730	Maybe later...?	Talvez depois...?
line:08a422ba	Maybe like...	Talvez, assim...
line:6f293b7a	Maybe someone new...	Talvez alguém novo...
line:d2558a04	Maybe someone?	Ou talvez alguém?
line:67a46ddc	Maybe we can hang out later?	A gente podia sair depois?
line:5691478f	Maybe we could just... Walk?	Talvez a gente pudesse só... passear?
line:7734bf93	Me too, thanks!	Eu também, obrigado!
line:627a13e4	Me too.	Eu também.
line:d3c733f5	Me too.	Eu também.
line:ffa63d1b	Me too.	Eu também.
line:040ee2a7	me too.	Eu também.
line:d13cd125	Me.	Eu mesmo.
line:14e7b293	Me?	Eu?
line:b9cb051a	Means I'm ready to go on a date with a certain kobold.	Significa que estou pronto pra sair com certo kobold.
line:e5da247d	Means you know how to get hands on!	Então sabe pôr a mão na massa!
line:171707d2	Mhm!	Uhum!
line:11306335	Mhm! Come back anytime.	Uhum! Volte quando quiser.
line:69dd6a73	Mhm! he's trying to meet new people.	Uhum! Ele está tentando conhecer gente nova.
line:da17b746	Mhm! I'm <i>the</i> kobold!	Uhum! Eu sou <i>o</i> kobold!
line:a0cb3f78	Mhm! that's him.	Uhum! É ele.
line:164fdb01	Mhm, he's trying.	Uhum, ele está tentando.
line:1a663dcf	Mhm, right this way.	Uhum, por aqui.
line:3cd8a8bd	Mhm... Thank you.	Uhum... Obrigado.
line:4546abce	Might seem kinda weird to ask now. Buuuut.	Talvez seja meio estranho perguntar agora. Maaas...
line:57d8b72a	Mind opening the gate to let me out?	Pode abrir o portão pra eu sair?
line:b2a507ab	Mind opening the gate to let me out?	Pode abrir o portão pra eu sair?
line:6d726280	Mind washing more?	Pode lavar mais um pouco?
line:c8281b83	Mmm, I understand that to mean you'll get the gate?	Hum, devo entender que vai abrir o portão?
line:dd0c77ae	Mmm, Yeah I know the type.	Hum, é, conheço o tipo.
line:d8cafcc7	mmm..	Hum...
line:729cea0c	Mmmhm, I always do my best.	Uhum, sempre faço o meu melhor.
line:f36b8b76	Mmmhm. I'll work on my sleep schedule...	Uhum. Vou tentar arrumar meus horários de sono...
line:d38efb75	Mmmmhm, gotta prep for a date with him.	Uhum, preciso me preparar pra um encontro com ele.
line:a78dd44b	mmph! (Yea!)	Mmph! (Sim!)
line:b132719c	Mmph- Hm?	Mmph... Hum?
line:16ee6b14	Money... mmm...	Dinheiro... Hum...
line:d8cc8048	Most people do!	A maioria das pessoas gosta!
line:3d723db0	Must mean you two are a good match.	Isso deve significar que vocês combinam.
line:9ca994a5	My bad	Foi mal.
line:aaecba3d	My bad	Foi mal.
line:fedbf70c	My colleague, professor Igwyx, wished to use me as a platform.	Meu colega, o professor Igwyx, quis me usar como plataforma.
line:08af3902	My date with Ryan was...	Meu encontro com o Ryan foi...
line:116b5405	My date with Ryan was...	Meu encontro com o Ryan foi...
line:e26c3b65	My first ever Yarn script in Unity!	Meu primeiro roteiro Yarn no Unity!
line:f15b014f	My names Ryan. So...	Meu nome é Ryan. Então...
line:e4aced7b	My students could learn a thing or two from your work ethic!	Meus alunos poderiam aprender com sua dedicação ao trabalho!
line:dfe74420	My-	Minha nossa...
line:9b915bf2	Nah.	Não.
line:c3642dec	Nah.	Não.
line:393c128a	Never cleaned a teacher dragon... woah.	Nunca dei banho num dragão professor de escola... Uau.
line:a99b03ed	Never tried it.	Nunca experimentei.
line:6df809e1	Nevermind. Could you get the gate?	Deixa pra lá. Pode abrir o portão?
line:d3a50f3f	Next time I come in for a wash we'll go.	Na próxima vez que eu vier tomar banho, a gente sai.
line:ac5afd96	Next time I come in I'll have reservations!	Na próxima vez que vier, já vou ter a reserva!
line:8990fcc9	Nice! Whats with all the... Gloop?	Que bom! O que é toda essa... meleca?
line:1d4b8528	Nice. Gotta open the gate though. Let Conrad in!	Boa. Mas tem que abrir o portão. Deixa o Conrad entrar!
line:acab92d4	Nnf... I believe I needed that. Thank you.	Nnf... Acho que estava precisando disso. Obrigado.
line:8fe11008	Nnnf... That was way better than those berries.	Nnnf... Foi muito melhor do que aquelas frutinhas.
line:b251704a	No	Não.
line:e05c2dca	No	Não.
line:dc86c2de	no	Não
line:5794ea87	No amount of justification makes it feel good though.	Mas nenhuma justificativa faz isso deixar de doer.
line:5a5ec440	No I actually just got it	Não, na verdade acabei de receber.
line:cd5f07ca	No more excuses.	Chega de desculpas.
line:4b38230f	No need for thanks. I'll get the gate.	Não precisa agradecer. Vou abrir o portão.
line:11604fbd	No need to be nervous, Alexander!	Não precisa ficar nervoso, Alexander!
line:eefef647	No need to be.	Não precisa ficar assim.
line:73ea230a	No no, you're a certified cleaner yeah?	Não, não. Você tem certificado pra dar banho, né?
line:743c64e6	No not really.	Não, na verdade não.
line:50feefe8	No problem!	Sem problema!
line:1a9a36e1	No problem! Can't wait for you to meet Conrad.	Imagina! Quero muito que conheça o Conrad.
line:0a9993d2	No problem, thanks!	Sem problema, obrigado!
line:10bdb3a4	No problem, thanks!	Sem problema, obrigado!
line:3a8f65fa	No problem.	Sem problema.
line:ee3d0ee4	No problem. Let me get that gate for ya'!	Sem problema. Vou abrir o portão pro senhor!
line:eedccaec	No way.	Não é possível.
line:f0351f0c	No way.	Não é possível.
line:d726f776	No worries,	Tudo bem,
line:12b7a5b3	No! I mean, yes, but for the sake of my reputation could you please keep my incursion here to yourself.	Não! Quer dizer, sim, mas, pelo bem da minha reputação, poderia guardar minha visita em segredo?
line:f7f963e3	No, I am.	Estou, sim.
line:54faa7c0	No, I don't think I do.	Não, acho que não.
line:38419d8b	No, it's not. No more excuses.	Não, não tá tudo bem. Chega de desculpas.
line:cd9b2a8f	No, thank you. I'm... Really excited.	Não, eu que agradeço. Estou... muito animado.
line:1af1ad05	No, we don't offer things like that here.	Não, não oferecemos esse tipo de serviço aqui.
line:cb7e94e5	no.	Não.
line:6128a09c	No. A lime that is yellow.	Não. Um limão-taiti que é amarelo.
line:de25dacd	No. I'm not. Do you have a medkit or not?	Não. Não tô bem. Tem um kit ou não?
line:1cc64bcf	No.. No it's fine... thank you.	Não... Não, tá tudo bem... Obrigado.
line:525f5744	Nope	Não.
line:fbd2c3e7	Nope.	Não.
line:5406ba8e	Normally I'd say yes to a mount. But, not right now.	Normalmente eu toparia usar o aparelho. Mas não agora.
line:ab92da6a	Not anymore at least!	Pelo menos agora não!
line:0cfcd179	Not for a date though.	Mas não pra um encontro.
line:d1b90e2c	Not sure yet.	Ainda não sei.
line:e9643b5d	Not yet.	Ainda não.
line:326cc84d	Not yet. a little longer.	Ainda não. Mais um pouco.
line:56a729f6	Nothing more attractive than a man who can improve!	Nada mais atraente que um homem capaz de melhorar!
line:b5dabf9f	Nothing more attractive than a man who can improve!	Nada mais atraente que um homem capaz de melhorar!
line:8a321997	Now I'm eyeballing the mount...	Agora tô de olho no aparelho...
line:5e0a6d7a	Now I'm out here, agh!	E agora estou aqui fora, argh!
line:564a9606	Now they'll never need to know!	Agora eles nunca vão precisar saber!
line:d66b7986	Now!	Agora!
line:63596bb3	Now, do you have a medkit or not?	Então, tem um kit ou não?
line:eefc4e9f	Now, lemme in! I want to try that thing out!	Agora me deixa entrar! Quero experimentar esse negócio!
line:0554966a	Now, more food?	Então, mais comida?
line:3fb3f8d4	Now, round two!	Agora, segunda rodada!
line:12e6043e	Now... Food?	Então... Comida?
line:5f8b2de4	oah. <size=70%>okay.	Ah. <size=70%>Tá bom.
line:13223129	Of course	Claro.
line:283e56d8	Of course I am! I know I'm very...	Claro que sou! Sei que sou muito...
line:5788e15c	Of course I do. I'm a <i>professional</i>.	Claro que sei. Sou <i>profissional</i>.
line:0b226939	Of course it is!	Claro que não!
line:f21dd9d4	Of course it is!	Claro que não!
line:642255fc	Of course!	Claro!
line:76f8c20c	Of course!	Claro!
line:877aced7	Of course!	Claro!
line:d2401e75	Of course!	Claro!
line:f9eb2b4a	Of course! Right this way!	Claro! Por aqui!
line:0d20d327	Of course! Thank you for the food.	Claro! Obrigado pela comida.
line:4da976f5	Of course! You run a fine establishment.	Claro! Você tem um ótimo estabelecimento.
line:b629bcf2	Of course! You're wonderful.	Claro! Você é maravilhoso.
line:b6c96475	Of course, you run a fine establishment.	Claro, você tem um ótimo estabelecimento.
line:dd082478	Of course.	Claro.
line:203cc3d2	Of course. One moment!	Claro. Só um instante!
line:fd145efe	Of course. Sorry you're going through all this.	Claro. Sinto muito que esteja passando por tudo isso.
line:7305cdbc	Oh cool!	Ah, legal!
line:eb6ae4c3	Oh cool!	Ah, legal!
line:77c996e8	Oh damn! You really are adventurous!	Caralho! Você é aventureiro mesmo!
line:3fdb9d01	Oh fcuk something went wrong	Merda, alguma coisa deu errado.
line:9e403ecd	Oh fuck yeah.	Ah, porra, sim.
line:13c39c50	Oh fudge, forget I said that!	Ah, droga, esqueça que eu disse isso!
line:e722753e	Oh goodness no..	Ah, céus, não..
line:55e3dd36	Oh hi! um..	Ah, oi! É...
line:e8ee5747	Oh hi! um..	Ah, oi! É...
line:b90f527f	Oh huh, that's the tiny drake I saw coming in a bit back yeah?	Ah, é aquele dragão pequenininho que vi entrando outro dia, né?
line:001ab950	Oh I heard good things about that.	Ah, ouvi coisas boas desse.
line:0a4a28c0	Oh I see the button there, gotcha!	Ah, vi o botão ali. Entendi!
line:c6b0b1aa	Oh like, swallowing things whole?	Ah, engolindo as coisas inteiras?
line:10254d13	Oh my	Minha nossa.
line:39f6c77d	Oh my bad	Ah, foi mal.
line:79511a66	Oh my bad	Ah, foi mal.
line:8cfbd75d	Oh my bad	Ah, foi mal.
line:cb71b2a1	Oh my bad	Ah, foi mal.
line:7d13eca0	Oh my- I didn't expect you to be so... hands on	Meu Deus... Não esperava que fosse tão... ousado com as mãos.
line:c60c65e8	Oh my. I suppose I could use the mount!	Minha nossa. Acho que poderia usar o aparelho!
line:433cb27e	Oh no! Do you want to talk about it?	Ah, não! Quer conversar sobre isso?
line:d908622a	Oh no, Conrad. are you okay?	Ah, não, Conrad. Você está bem?
line:bf977a7e	Oh okay. I'll go grab it.	Ah, tá. Vou buscar.
line:7428755b	Oh so it's new for both of us!	Ah, então é novidade pros dois!
line:513bed5a	Oh so it's new to both of us!	Então é novidade pros dois!
line:4bad37a5	Oh that's good. I'm happy he's okay.	Ah, que bom. Fico feliz que ele esteja bem.
line:7d791906	Oh this is better, but I still feel dirty.	Ah, está melhor, mas ainda me sinto sujo.
line:63926ecd	Oh we're done?	Ah, terminamos?
line:546d1bf2	Oh wow, you're really covered in it!	Nossa, o senhor está mesmo coberto!
line:b2d99a43	Oh wow..	Ah, nossa..
line:e8052272	Oh yeah I liked the first one.	Ah, é, gostei do primeiro.
line:a4a26529	Oh yeah, there's this nice place downtown called wings.	Ah, sim, tem um lugar legal no centro chamado Wings.
line:d4d3ecd5	Oh yeah.	Ah, sim.
line:059142a3	Oh Yeah?	Ah, é?
line:71053a53	Oh Yeah?	Ah, é?
line:1121309c	Oh yeah?	Ah, é?
line:2b560f59	Oh yeah?	Ah, é?
line:2d2820b0	Oh yeah?	Ah, é?
line:6e82e54c	Oh yeah?	Ah, é?
line:b9d8a22f	Oh yeah?	Ah, é?
line:d8ce8566	Oh yeah?	Ah, é?
line:f103a4a8	Oh yeah?	Ah, é?
line:4f6344f1	Oh yeah? He sounds like a bit of a hothead.	Ah, é? Ele parece meio esquentado.
line:60cdf456	Oh yeah? The little red drake?	Ah, sim? O pequeno dragão vermelho?
line:a9253dd8	Oh yeah? The sky blue drake I've seen around?	Ah, sim? O dragão azul-celeste que vi por aí?
line:762882b4	Oh yeeeaaah?	Ah, ééé?
line:5d737ca7	Oh yes	Ah, sim.
line:1c90fb6d	Oh you. Gonna make me blush.	Ah, você. Vai me fazer corar.
line:7e3e59aa	Oh!	Ah!
line:3605a48a	Oh! I think I've seen him. The tiny one, yeah?	Ah! Acho que já vi. O pequenininho, né?
line:3bc15278	Oh! No it wouldn't be. It's fun!	Ah! Não seria, não. É divertido!
line:c95a153d	Oh! nothing. I'll get the gate.	Ah! Nada. Vou abrir o portão.
line:b6fb6fce	Oh! Okay. I'll get the gate!	Ah! Tá bom. Vou abrir o portão!
line:4d3233a1	Oh! That's cold!	Ah! Está gelada!
line:403f2ab7	Oh! Then I better let you in. I'll go get the gate.	Ah! Então é melhor deixar o senhor entrar. Vou abrir o portão.
line:0f2dc134	Oh! Yeah that makes sense...	Ah! É, faz sentido...
line:1270a483	Oh, and I apologize for being absolutely filthy.	Ah, e peço desculpas por estar tão imundo.
line:7b5be1f8	Oh, and I've figured it where to go.	Ah, já descobri aonde a gente vai.
line:52fb116d	Oh, and seems I got some on my face. woops.	Ah, parece que sujei a cara. Ops.
line:73a37947	Oh, awesome. I'm a big salmon guy.	Ah, ótimo. Sou um homem que adora salmão.
line:74c9c07b	Oh, like... working class?	Ah, tipo... classe trabalhadora?
line:e048566b	Oh, no.	Ah, não.
line:1a9e6537	Oh, no. Ryan is a sweetheart.	Ah, não. O Ryan é um amor.
line:5f6a124a	Oh, okay. Thanks.	Ah, tá bom. Obrigado.
line:17716b05	Oh, right. Sorry.	Ah, verdade. Desculpa.
line:82ba64bf	Oh, sorry-	Ah, desculpa...
line:956e5c91	Oh, sorry.	Ah, desculpa.
line:54a8bb22	Oh, sure. Come on in.	Ah, claro. Pode entrar.
line:270276eb	Oh, that's my favorite part!	Ah, é minha parte favorita!
line:1ff9a04c	Oh, the crest around my head?	Ah, o brasão em volta da minha cabeça?
line:ffed6d04	Oh, wonderful. Seem's we're similar.	Ah, ótimo. Parece que estamos na mesma.
line:30e6b801	Oh, yeah!	Ah, sim!
line:bedeee82	Oh- Eager!	Ah, quanta animação!
line:38b3c8c1	Oh- I mean. I'll go open the gate!	Ah... Quer dizer, vou abrir o portão!
line:714c180e	Oh- I'm glad!	Ah, que bom!
line:ccf87ea9	Oh- I'm not too interested in using that right now.	Ah... Não estou muito a fim de usar aquilo agora.
line:963981e4	Oh- I'm sorry for making a mess...	Ah... Desculpe pela sujeira...
line:8e407c6e	Oh- Not just the wash.	Ah... Não só pelo banho.
line:ad31ec4c	Oh- Not just the wash.	Ah... Não só pelo banho.
line:6866c2c9	Oh- Right now? 'aight I'm down.	Ah, agora? Beleza, eu topo.
line:9a6dca4b	Oh- Ya. On it.	Ah, sim. Já vou.
line:3b6d644d	Oh.	Ah.
line:4399096b	Oh.	Ah.
line:8441bf7b	Oh.	Ah.
line:87233429	Oh.	Ah.
line:e90fee8e	Oh.	Ah.
line:ebd9b4d3	Oh.	Ah.
line:8a79f72c	Oh. And one other thing.	Ah. E outra coisa.
line:e8289be5	Oh. good.	Ah, que bom.
line:5442e228	Oh. Okay I'll go get the gate.	Ah. Tá bom, vou abrir o portão.
line:0da15c85	Oh. Okay.	Ah. Tá bom.
line:73f7f13d	OH. RIGHT.	AH. VERDADE.
line:c35890c8	Oh. That's... Wonderful!	Ah. Isso é... maravilhoso!
line:0ce8d5aa	Oh. Then yeah, we're open.	Ah. Então sim, estamos abertos.
line:52ed140c	Oh. Uhm. <size=70%>Good.	Ah. É. <size=70%>Bom.
line:780d0993	Oh. yeah. Sorry.	Ah. Sim. Desculpe.
line:7f5113d5	OH. You're not used to eating them whole.	AH. Você não está acostumado a comer eles inteiros.
line:45bc649d	Oh...	Ah...
line:0a093816	Oh... hah. I like that.	Ah... Ha. Gostei.
line:f885f11d	Oh... I suppose this is alright~	Ah... Acho que isso está bom~
line:7cd85c8e	Oh... I'm so sorry.	Ah... Sinto muito.
line:8cc1aa72	Oh... yeah we don't have one.	Ah... É, a gente não tem.
line:f16d7940	Oh... Yeah, tinier dragons tend to... Compensate.	Ah... É, os dragões menores costumam... compensar.
line:1d491283	Oh?	Ah, é?
line:21c46e75	Oh?	Ah, é?
line:fd8d786a	Oh?	Ah, é?
line:0ce8d3c2	ohmygod I thought the egg was decorative.	Meu Deus, achei que o ovo fosse de enfeite.
line:d9b26374	Ok I can do that	Tá bom, consigo fazer isso.
line:1777121d	Ok I got this..	Tá bom, eu consigo..
line:f3af3ce8	Ok just tell me if you get uncomfortable or anything.	Tá bom, me avisa se ficar desconfortável ou qualquer coisa.
line:6c3a98cc	Ok lets wash it off for our date tonight then.	Tá bom, vamos limpar isso pro nosso encontro de hoje à noite.
line:7a54a1e1	Okay	Tá bom.
line:f64a5b30	Okay	Tá bom.
line:249500dc	Okay!	Tá bom!
line:a327b5f9	Okay!	Tá bom!
line:ccaabca3	Okay!	Tá bom!
line:82d0ea81	Okay! I'll be back later then.	Tá bom! Então volto depois.
line:3deb5f55	Okay! I'll go get the gate for you.	Tá bom! Vou abrir o portão pra você.
line:9c3d6cb7	Okay! I'll see you soon.	Tá bom! Até logo.
line:72e0348e	Okay, bye!	Tá bom, tchau!
line:255362b9	Okay, Conrad.	Tá bom, Conrad.
line:0d16ab28	Okay, I'll be waiting. Thanks.	Tá bom, vou esperar. Obrigado.
line:155d1c64	Okay, I'll open the gate!	Tá bom, vou abrir o portão!
line:886f5df2	Okay, I'll see you later!	Tá bom, até mais!
line:585d6a08	Okay, thank you.	Tá bom, obrigado.
line:c298bc55	Okay, thank you.	Tá bom, obrigado.
line:6acf71a3	Okay, thanks.	Tá bom, obrigado.
line:8ed5a204	Okay- okay. I'll go get the gate.	Tá bom, tá bom. Vou abrir o portão.
line:10b9a653	Okay- Thanks.	Certo. Obrigado.
line:00a81c16	Okay. I hope you're doing alright though.	Tá bom. Mas espero que você esteja aguentando.
line:118a51bb	Okay. I should probably get out of your scales.	Tá bom. Acho melhor te deixar em paz.
line:a62e8112	Okay. I'll open up shop. Give me a sec.	Tá bom. Vou abrir. Só um segundo.
line:9d434af5	Okay. I'll order a mount.	Tá bom. Vou encomendar um aparelho.
line:2f3b06de	Okay. Then I think I'd like to try.	Tá bom. Então acho que quero tentar.
line:54ad4706	Okay...	Tá bom...
line:28311fbb	Omg you're hurt!	Meu Deus, você está machucado!
line:8b3abbf7	On it!	Já vou!
line:42e3eba2	Once I'm cleaned up I'm gonna head out and get our spot ready.	Assim que estiver limpo, vou preparar nosso lugar.
line:1d4b8a1c	One thing led to another...	Uma coisa levou à outra...
line:c70bea2d	Only been cleaning for a few weeks now!	Só faz algumas semanas que comecei!
line:5188bd4a	Only If that's alright-	Só se não houver problema...
line:01505282	Only realized how much of a mess I made after Max yelled at me, haha.	Só percebi a bagunça que fiz depois que Max gritou comigo, haha.
line:828eed25	Oof... Needed that. Thank you.	Ufa... Estava precisando. Obrigado.
line:2d40c69a	Oooh, alrighty.	Oooh, tá bom.
line:99ff9e7f	Ooooh must be a big deal then.	Oooh, então você deve ser importante mesmo.
line:e8ad4791	Ooooh.	Ooooh.
line:64bfd62a	Oops, my bad.	Ops, foi mal.
line:0fa31c40	Our first meeting went great though!	Mas nosso primeiro encontro foi ótimo!
line:77cebc41	People tell me I've got a fat cock, is that true?	Dizem que meu pau é grosso. É verdade?
line:80de6c63	Perfectly clean again. Thank you for taking me in at this hour.	Perfeitamente limpo outra vez. Obrigado por me receber a esta hora.
line:f212528b	Phew! I had an accident that needs to be taken care of... discretely.	Ufa! Tive um acidente que precisa ser resolvido... discretamente.
line:b3c35166	Phew, I was worried I'd make another mess of things.	Ufa, estava com medo de fazer outra bagunça.
line:314c3d8a	physically or emotionally?	Fisicamente ou emocionalmente?
line:156e0b50	Picnic bathket-	Uma cefta de piquenique...
line:0d9de1a1	player hooked up with conrad	O jogador ficou com Conrad.
line:2cf1c95e	player hooked up with conrad	O jogador ficou com Conrad.
line:c2529648	player hooked up with conrad	O jogador ficou com Conrad.
line:f7fd34b2	player hooked up with conrad	O jogador ficou com Conrad.
line:66e08b22	player hooked up with ryan	O jogador ficou com Ryan.
line:78039fd1	player hooked up with ryan	O jogador ficou com Ryan.
line:96a0c0c7	player hooked up with ryan	O jogador ficou com Ryan.
line:9bade6d6	player hooked up with ryan	O jogador ficou com Ryan.
line:0ddcd600	Please scrub Igwix off my back would you?	Poderia esfregar minhas costas para tirar Igwix, por favor?
line:0632acbf	Plus they feel really nice.	Além de serem uma delícia.
line:c7b8ba3d	Possibly...?	Talvez...?
line:637629a8	Pretty sure I can digest anything.	Tenho quase certeza de que consigo digerir qualquer coisa.
line:65a41bc5	Pretty sure I'm all clean!	Acho que já estou bem limpinho!
line:3750bbf0	Pretty sure that was everything.	Acho que foi tudo.
line:960707b0	Primarily alchemy. Occasionally world history.	Principalmente alquimia. Ocasionalmente, história mundial.
line:1475f95c	Professor Igwyx- My colleague who self-immolated earlier.	O professor Igwyx, meu colega que se incendiou.
line:26e9d692	Professor, but yes. You have.	Professor universitário, mas sim. Você me ensinou.
line:af0c15fd	Professor- But, yes. I usually don't go to public washes.	Professor universitário. Mas sim. Não costumo frequentar banhos públicos.
line:962abe27	Project Scale mary	Project Scale mary
line:e5d47feb	prole- <i><size=70%>wuh?	Prole... <i><size=70%>Quê?
line:c7b73162	Psst..!	Psst...!
line:9addfb4a	Ready!	Pronto!
line:875b5372	Really damn good!	Bom pra caralho!
line:9e9f3e75	Really damn good!	Bom pra caralho!
line:9364911d	Really looking forward to finding new people.	Estou com muita vontade de conhecer gente nova.
line:8b0b222c	Really sets the mood.	Dão um clima e tanto.
line:4010d36d	Really well honestly.	Foi muito bem, pra falar a verdade.
line:cfcb40c7	Really?	Mesmo?
line:0ec807a4	Really? Aw, That's really sweet.	Mesmo? Ah, que fofo.
line:630fed1b	Remove this barrier at once so I may enter.	Remova esta barreira imediatamente para que eu possa entrar.
line:65deb150	Right after this wash!	Logo depois deste banho!
line:0caa6657	Right, I'll get that for you ASAP.	Certo, já abro pra você.
line:1271b80c	Right.	Certo.
line:3ede5541	Right.	Certo.
line:6a2e4e0d	Right. I'll get to it.	Certo. Vou começar.
line:29daeb62	Right. Phoenix feather. Obviously.	Claro. Uma pena de fênix. Óbvio.
line:51d1b41e	Ryan is a sweetheart	O Ryan é um amor.
line:202fce0c	RYAN THE BONE!	RYAN, O OSSO!
line:93bd9a2b	Ryan!	Ryan!
line:9b7e09b8	Ryan!	Ryan!
line:b76f49cd	Ryan!	Ryan!
line:1fa0fbbe	Ryan! I met him.	Ryan! Conheci ele.
line:f0427bb9	Ryan! this is so sweet.	Ryan! Que gentileza.
line:92829935	Ryan's such a nice dragon.	O Ryan é um dragão tão gentil.
line:13ca0a74	Ryan, you're not supposed to eat the stems-	Ryan, não é pra comer os cabinhos...
line:7a01d265	Ryan: I guess it is pretty exciting	Ryan: É bem emocionante mesmo.
line:e1526934	Ryan: I like that a lot	Ryan: Gosto muito disso.
line:a430a2ff	Ryan: I think I am close too..	Ryan: Acho que também estou perto..
line:77626e43	Ryan: I would say it is going great	Ryan: Eu diria que está indo muito bem.
line:f5f5b815	Ryan: I've never done this outside before	Ryan: Nunca fiz isso ao ar livre.
line:6dd86b71	Ryan: This was nice	Ryan: Isso foi bom.
line:41b9659f	Ryan: Wow.. Your stature is really the only thing small about you.	Ryan: Nossa... A sua estatura é a única coisa pequena em você.
line:aad89688	Ryan: Yea definitely. Worried about me?	Ryan: Sim, muito. Está preocupado comigo?
line:ce6d6d7f	Ryan? you sure everything is okay...?	Ryan? Tem certeza de que está tudo bem...?
line:1d3b255b	Save your mood setting for tonight!	Guarda esse clima pra hoje à noite!
line:3ed6ab5d	Say do you remember the name of the college I work at?	Diga, lembra o nome da faculdade onde trabalho?
line:a05a7804	Say...	Diga...
line:82d7b5e4	Says who?	Quem disse?
line:6c193ba9	Scales different today? <size=70%><i>is that a thing...? </i><size=100%>You look good today.	Escamas hoje? <size=70%><i>Isso existe...? </i><size=100%>Você tá bonito hoje.
line:426f40ff	See you again soon, yeah?	A gente se vê logo, tá?
line:3112d78d	See you soon.	Até logo.
line:8072b186	See you tonight.	Até hoje à noite.
line:0d3b23da	Sheesh.	Nossa.
line:48435b12	Shh! I'm not from around here...	Shh! Não sou daqui...
line:0f86dbf6	So am I!	Eu também!
line:3063100e	So am I.	Eu também.
line:a241eec6	So far so good though, yeah?	Até agora tá indo bem, né?
line:813c6dd4	So is this like... our first date?	Então isso é tipo... nosso primeiro encontro?
line:9b10d450	So this Conrad guy, seems like you like him?	Então, esse Conrad... Parece que você gosta dele?
line:0c5dcd3c	So uh, gate?	Então, é... O portão?
line:84d8a935	So uh, mind opening the gate?	Então, pode abrir o portão?
line:7da41ecd	So uhh, let me know if you need me to move.	Então, me avisa se precisar que eu me mexa.
line:3a469ae4	So yeah, I had a mishap..	Então, tive um probleminha..
line:a6d6bf76	So you and Ryan huh?	Então você e o Ryan, hein?
line:31fa3bdf	So you came in just to...	Então você veio só pra...
line:5f64c352	So you're a certified dragon washer huh?	Então você tem certificado pra dar banho em dragões, né?
line:c9e7bb1e	So you're a certified dragon washer huh?	Então você tem certificado pra dar banho em dragões, né?
line:aedb6a51	So, coming in for a wash?	Então, veio tomar banho?
line:1c856f1c	So, how was your date?	Então, como foi seu encontro?
line:3cda84e6	So, tell me more about conrad!	Então, me conta mais do Conrad!
line:c10d9415	So, thanks on his behalf for caring.	Então, em nome dele, obrigado por se importar.
line:e6aa9d20	So, with... relationships.	Então, sobre... relacionamentos.
line:a99c5c88	So. How about a date?	Então. Que tal um encontro?
line:c2f44537	So. My girlfriend was home before me. she's a work-from-home dragon.	Bom. Minha namorada já estava em casa. Ela trabalha de casa.
line:d9652dff	So. Our date tonight...	Então. Nosso encontro de hoje à noite...
line:b983f922	So. Tonight.	Então. Hoje à noite.
line:28c51dbf	So... A date. I think I'd like to go on one soon!	Então... Um encontro. Acho que queria ter um logo!
line:7c56b2d8	So... I was thinking about my relationships.	Então... Estava pensando nos meus relacionamentos.
line:5a5e7f21	So<size=90%>o<size=80%>o<size=70%>o<size=60%>o... <size=100%>I 'aint dirty. But I am <i>~dirty~</i> y'know?	Entã<size=90%>ã<size=80%>ã<size=70%>ã<size=60%>ão... <size=100%>Não tô sujo. Mas a minha mente tá <i>~suja~</i>, sacou?
line:8a35fb7b	So<size=90%>o<size=80%>o<size=70%>o<size=60%>o... <size=100%>Was wonderin'	Entã<size=90%>ã<size=80%>ã<size=70%>ã<size=60%>ão... <size=100%>Tava pensando...
line:5230bdfd	Soap, then rinse!	Primeiro ensaboar, depois enxaguar!
line:c374e532	Somehow that feels more honest than anything anyone else says.	De alguma forma, isso parece mais honesto do que tudo que os outros dizem.
line:2898f680	Something happened last night	Aconteceu uma coisa ontem à noite.
line:4dac3d2b	Something went wrong with flags!	Algo deu errado com as variáveis da história!
line:61c7f2d6	Something went wrong with flags!	Algo deu errado com as variáveis da história!
line:6d5ba814	Something went wrong with flags!	Algo deu errado com as variáveis da história!
line:8f64adc0	Something went wrong with flags!	Algo deu errado com as variáveis da história!
line:19cedc30	Sooo. You gonna jerk me off?	Entããão. Vai bater uma pra mim?
line:1646ece2	Sorry for coming in late. My sleeps borked.	Desculpa vir tarde. Meu sono tá todo zoado.
line:b2b32876	Sorry I'm bad at flirting. Could you get the gate?	Desculpa, sou ruim de cantada. Pode abrir o portão?
line:13ba93ef	sorry!	Desculpa!
line:e2f9c70c	Sorry, I meant to say I enjoy your wash.	Desculpe, quis dizer que gosto do seu estabelecimento.
line:78ca8d95	Sorry...	Desculpa...
line:4af15fc3	Sounds good to me!	Por mim, tudo bem!
line:8c6e66f3	Sounds good!	Combinado!
line:1ef36cb0	Sounds like a date then!	Então temos um encontro!
line:d71ba53e	Sounds like a date then!	Então temos um encontro!
line:5fc277a9	Sounds like a date then! Seafood then we play it by ear.	Então temos um encontro! Frutos do mar e depois a gente improvisa.
line:0e643191	Sounds like a date then, I'm excited.	Então temos um encontro. Estou animado.
line:c4642c9c	Sounds like a date then. I'm excited.	Então temos um encontro. Estou animado.
line:ffc401d1	Sounds like a plan.	Combinado.
line:c4dd137b	Sounds like it was good then.	Então parece que foi bom.
line:7b6c47bd	Sounds like it.	Parece que sim.
line:5c51654f	Sounds nice.	Parece bom.
line:3a23b81f	Sounds really cool.	Parece muito legal.
line:1dbf50b3	Sure	Claro.
line:c14ceb34	Sure is!	É, sim!
line:de7cd73a	Sure it is. Thanks to Conrad for having me get it.	Claro que não. Agradeça ao Conrad por me fazer comprar.
line:05c673e7	Sure!	Claro!
line:52542beb	Sure!	Claro!
line:67f14802	Sure!	Claro!
line:a2dc4ac0	Sure! I'll go get the gate.	Claro! Vou abrir o portão.
line:dbb68858	Sure! I'll go get the gate.	Claro! Vou abrir o portão.
line:601e1b38	Sure! I'm excited to tell you about Conrad.	Claro! Estou animado pra te contar sobre o Conrad.
line:7b5c9d8c	Sure, but he needed someone who cared in that moment.	Claro, mas naquele momento ele precisava de alguém que se importasse.
line:709a9a57	Sure.	Claro.
line:4af4703c	Tasted real good though!	Mas estava muito gostoso!
line:048fe71b	TELL ME ABOUT YOU AND CONRAD!	ME CONTA SOBRE VOCÊ E O CONRAD!
line:2b84f2eb	Test line 1	Fala de teste 1
line:7a22b4d3	Test line 10	Fala de teste 10
line:ec12b3a4	Test line 11	Fala de teste 11
line:4f87d73a	Test line 12	Fala de teste 12
line:d9b7d04d	Test line 13	Fala de teste 13
line:63e6d9d4	Test line 14	Fala de teste 14
line:f5d6dea3	Test line 15	Fala de teste 15
line:64cb6133	Test line 16	Fala de teste 16
line:f2fb6644	Test line 17	Fala de teste 17
line:1772a124	Test line 18	Fala de teste 18
line:88119675	Test line 2	Fala de teste 2
line:1e219102	Test line 3	Fala de teste 3
line:a470989b	Test line 4	Fala de teste 4
line:32409fec	Test line 5	Fala de teste 5
line:a35d207c	Test line 6	Fala de teste 6
line:356d270b	Test line 7	Fala de teste 7
line:5643ba3d	Test line 8	Fala de teste 8
line:c073bd4a	Test line 9	Fala de teste 9
line:394db643	Thank the stars you're open.	Graças às estrelas, está aberto.
line:f1946aab	Thank you for cleaning me!!	Obrigado por me limpar!!
line:75b5b084	Thank you for getting me and Ryan in contact.	Obrigado por colocar eu e o Ryan em contato.
line:189d999e	Thank you for listening.	Obrigado por ouvir.
line:3398aea2	Thank you for that.	Obrigado por isso.
line:875f0961	Thank you for the clean!	Obrigado por me limpar!
line:acb8a5aa	Thank you for the quick clean!	Obrigado pelo banho rápido!
line:8512365e	Thank you!	Muito obrigado!
line:bbca8a46	Thank you!	Muito obrigado!
line:e449156d	Thank you!	Agradeço!
line:bb4e1dc1	Thank you, Ryan. I'm happy I got to meet you too	Obrigado, Ryan. Também fico feliz por ter te conhecido.
line:3b568c14	Thank you.	Agradeço.
line:6b245989	Thank you.	Obrigado.
line:836d1b13	Thank you.	Agradeço.
line:d60f2dc0	Thank you.	Agradeço.
line:035a0830	Thank you. I'd really appreciate it	Obrigado. Eu ia gostar muito.
line:f3e7a8fe	Thank you. Look good feel good!	Obrigado. Ficar bonito faz a gente se sentir bem!
line:d2d97c90	Thank you. You make this a whole lot easier to go through.	Obrigado. Você torna tudo isso muito mais fácil de enfrentar.
line:3027bcf7	Thanks for asking. It's enjoyable to be asked personal questions.	Obrigado por perguntar. É bom receber perguntas pessoais.
line:aaf3066d	Thanks for cleaning me!	Obrigado por me dar banho!
line:8150e2a2	Thanks for helping me out.	Obrigado por me ajudar.
line:a2217280	Thanks for helping me out.	Obrigado por me ajudar.
line:7db0baf0	Thanks for introducing me to him.	Obrigado por me apresentar a ele.
line:c6cee89f	Thanks for letting me in so late.	Obrigado por me deixar entrar tão tarde.
line:079b3782	Thanks for sharing food with me, You're a great friend.	Obrigado por dividir a comida comigo. Você é um grande amigo.
line:85f901b0	Thanks for sharing food with me...	Obrigado por dividir a comida comigo...
line:a39fd5a9	Thanks for that. Felt pretty damn good.	Valeu por isso. Foi bom pra caralho.
line:505e150f	Thanks for the clean.	Obrigado pela limpeza.
line:a40e531c	Thanks for the food! I'll go get the gate.	Obrigado pela comida! Vou abrir o portão.
line:f1692a96	Thanks for the suggestion!	Obrigado pela sugestão!
line:81ebbec0	Thanks for the wash so late in the night.	Obrigado pelo banho a esta hora da noite.
line:a9df4c5e	Thanks I'll be waiting!	Obrigado, vou esperar!
line:f73a3fc7	Thanks mate, see you tomorrow then.	Valeu, amigo. Até amanhã.
line:30f1f583	Thanks!	Obrigado!
line:3484ab9d	Thanks!	Valeu!
line:44701902	Thanks!	Obrigado!
line:4d868f2f	Thanks!	Valeu!
line:70190774	Thanks!	Obrigado!
line:8b8f57c4	Thanks!	Obrigado!
line:ab5b2574	Thanks!	Obrigado!
line:b588bf4c	Thanks!	Obrigado!
line:bc5d790a	Thanks!	Valeu!
line:c07a9171	Thanks!	Obrigado!
line:e7e57d9c	Thanks!	Obrigado!
line:fa293cde	Thanks! Whats with all the... Gloop?	Obrigado! O que é toda essa... meleca?
line:e1609903	Thanks, but I'll be better. I promise.	Obrigado, mas vou melhorar. Prometo.
line:02cbdc87	Thanks, I'm excited too.	Obrigado, também estou animado.
line:37c9d915	Thanks, You're pleasant too!	Obrigado, também gosto da sua companhia!
line:cb847372	Thanks, You're pleasant too!	Obrigado, também gosto da sua companhia!
line:188d4359	Thanks.	Valeu.
line:316bb26e	Thanks.	Obrigado.
line:34ec4db7	Thanks.	Valeu.
line:5183a6f2	Thanks.	Valeu.
line:c642cb17	Thanks.	Obrigado.
line:cf716777	Thanks.	Obrigado.
line:e00c6df5	Thanks.	Obrigado.
line:e521db76	Thanks.	Obrigado.
line:f62e1c4f	Thanks.	Obrigado.
line:fbba1293	Thanks.	Obrigado.
line:8bfa88d7	Thanks. I like being around you too.	Obrigado. Também gosto de ficar perto de você.
line:df0a8598	Thanks. I'm always happy to be here.	Obrigado. Sempre fico feliz de estar aqui.
line:084e3cbc	Thanks. See you soon.	Obrigado. Até logo.
line:71d57aeb	Thanks. That's kind of you to say.	Obrigado. É gentil da sua parte dizer isso.
line:a1f9de62	Thanks. That's kind of you to say.	Obrigado. É gentil da sua parte dizer isso.
line:9a9a6120	Thankth!	Obrigadu!
line:e721d512	That brings me to my next question...	O que me leva à próxima pergunta...
line:215a2d34	That felt <i>good</i>.	Isso foi <i>bom</i>.
line:89150715	That is rather kind of you to say.	É muita gentileza sua dizer isso.
line:a57409fb	That is the source of my worry...	É isso que me preocupa...
line:ad261b84	That just makes it harder!	Isso só torna mais difícil!
line:7111d265	That makes me feel a lot more sure of myself then.	Isso me dá muito mais confiança.
line:3fac5bff	That makes me feel good to hear.	É bom ouvir isso.
line:1c49f05b	That makes me happy to hear.	Fico feliz de ouvir isso.
line:a8b70da7	That must mean it is! I'm glad.	Isso deve querer dizer que não! Que bom.
line:5738ea38	That nice to hear... But, I mean being taken care of more... Primally?	É bom ouvir isso... Mas quero dizer de forma mais... instintiva?
line:8f598864	That one was almost too big-	Essa quase foi grande demais...
line:5960dcbb	That should be all though, could you go get the gate?	Bom, deve ser tudo. Pode abrir o portão?
line:116f0e16	That should be every spot.	Não deve ter ficado nenhuma mancha.
line:90444b09	That sounds like an over-reaction on her part.	Parece que ela exagerou na reação.
line:f07c9e39	That sounds like an over-reaction on her part.	Parece que ela exagerou na reação.
line:c78cf81f	That sounds lovely!	Parece maravilhoso!
line:eaa3c173	That they are...	De fato...
line:f4b9a455	That was much nicer than a hose.	Foi muito melhor do que um banho de mangueira.
line:78cef130	That was never a concern. I'm a rather risk averse dragon.	Isso nunca me preocupou. Sou um dragão bastante avesso a riscos.
line:22d271f4	That was really fun.	Isso foi muito divertido.
line:019b83df	That was wonderful! I feel so much better about dating.	Foi maravilhoso! Estou muito mais tranquilo sobre voltar a ter encontros.
line:d7bf167b	That was... Nicer than I expected.	Foi... melhor do que eu esperava.
line:577cec43	That's a mount, no?	É um daqueles aparelhos, não?
line:825536f5	That's a tricky question to answer.	É uma pergunta difícil de responder.
line:66fb84fe	That's all I want to ask.	Era só isso que eu queria perguntar.
line:ac1ed298	That's all you can ask for, right?	É tudo que dá pra pedir, né?
line:6605187b	That's an appeal to authority fallacy. But, yes. I'm correct.	Isso é uma falácia de apelo à autoridade. Mas sim, estou certo.
line:52f81dde	That's cute!	Que fofo!
line:45befc02	That's exciting!	Que legal!
line:13cd5511	That's fast... But I think so!	Foi rápido... Mas acho que sim!
line:4ff91cbd	That's fine!	Tudo bem!
line:163c524a	That's good to hear.	Que bom ouvir isso.
line:33e2bee6	That's good to hear.	Que bom ouvir isso.
line:30e461f2	That's good. You deserve a decent man.	Que bom. Você merece um homem decente.
line:aeae4744	That's good... Now what?	Que bom... E agora?
line:f3eeb627	That's great! whens your first date?	Que bom! Quando vai ser o primeiro encontro de vocês?
line:215f4eba	That's me.	Sou eu.
line:cf8c5f37	That's not a thing... But thank you!	Isso não existe... Mas obrigado!
line:3f29878b	That's rather nice of you to say.	É muita gentileza sua dizer isso.
line:d38c63ea	That's really cute.	Que fofo.
line:6474d7f7	That's really nice!	Que bom!
line:c5001a4c	That's the best way to eat'em!	É o melhor jeito de comer!
line:2a5cc3a5	That's very sweet.	Que gentil.
line:7052576b	That's what I like to hear.	É isso que gosto de ouvir.
line:2a154290	That's what I thought too.	Foi o que eu pensei também.
line:33d12f97	That's what I thought too.	Foi o que eu pensei também.
line:2b7bb6ce	That's what's terrifying.	É isso que me assusta.
line:36fb380f	That's wonderful, he's cute!	Que bom, ele é fofo!
line:266836f8	That's... the first time you've yipped for me.	Essa... é a primeira vez que você faz yip pra mim.
line:9b0b24ad	That.	Isso.
line:6ff80785	That... makes me feel a lot more sure of myself then.	Isso... me dá muito mais confiança.
line:cc6d631b	That... makes me feel a lot more sure of myself then.	Isso... me dá muito mais confiança.
line:ecf6206f	Thats awesome. I'm glad you two are working out.	Que ótimo. Fico feliz que vocês estejam dando certo.
line:0f8bb606	Thats good to hear.	Que bom ouvir isso.
line:f5324d68	Thats really good to hear.	Fico muito feliz em ouvir isso.
line:063dcd4b	The ability to open up to someone, even occasionally...	Poder se abrir com alguém, mesmo de vez em quando...
line:8919009a	The ambiance is nice.	O clima é agradável.
line:08c850bf	The apothecary will tarnish my name for months.	O boticário vai manchar meu nome por meses.
line:01b4161e	The breakup I went through earlier was rough.	O término que passei foi difícil.
line:c932c99d	The breakup I went through earlier was rough.	O término que passei foi difícil.
line:dd06ed39	The Burnswick Community College of Thaumaturgy, of course!	A Faculdade Comunitária de Taumaturgia de Burnswick, é claro!
line:515099ec	The button on the wall, I mean.	O botão na parede, quero dizer.
line:7fe73572	The clean was fine.	O banho foi bom.
line:e8a38ed0	The college cannot find out about this okay?	A faculdade não pode saber disso, entendido?
line:1a169dbc	The lights in the area are great too.	As luzes da região também são ótimas.
line:610dd8cb	The markers were fun.	A gente se divertiu com as canetinhas.
line:4b36ea4e	The most prestigious college hosting prestigious professors like me:	A mais prestigiada faculdade, com professores prestigiosos como eu:
line:ec00a1fe	The mount? I... suppose!	O aparelho? Eu... acho que sim!
line:94e04dcf	The mount? Sure!	O aparelho? Claro!
line:d8273d7f	The night 'aint gonna start itself!	A noite não vai começar sozinha!
line:1f2907ed	The rain has been unrelenting today!	A chuva não deu trégua hoje!
line:1804bf0a	The rain is nice.	A chuva é boa.
line:7e9a1f83	The stem is just extra food.	O cabinho é só mais comida.
line:c88244b5	The vibe at night is fuckin' great.	O clima à noite é bom pra caralho.
line:d8a2002e	Then I better let you out!	Então é melhor te deixar sair!
line:d7b3cd09	Then- Have a productive day.	Então, tenha um dia produtivo.
line:448afe95	There was a fault in his method.	Houve uma falha em seu método.
line:48d4a45a	There's this one red dragon, Conrad. He's... Hot headed, but cute.	Tem um dragão vermelho, o Conrad. Ele é... esquentado, mas fofo.
line:f4af8b88	Theres this club downtown. 'Wings'. It's an old favorite of mine.	Tem um clube no centro, o Wings. É um dos meus favoritos faz tempo.
line:972f132f	These washes really make things easier.	Esses banhos tornam tudo mais fácil.
line:352d1d6f	They cum	Eles gozam.
line:d78962e8	They cum	Eles gozam.
line:3200a588	They keep going	Eles continuam.
line:a31d1a18	They keep going	Eles continuam.
line:035e5be6	They seem cute!	Parece fofo!
line:454172b0	They took it too far.	Eles passaram dos limites.
line:d7b49fb8	They were! The stem is my favorite part though.	Estavam! Mas o cabinho é minha parte favorita.
line:d156a87f	Think that's every spot.	Acho que não ficou nenhuma mancha.
line:fa1a1e76	Think that's it.	Acho que é isso.
line:3112adad	This drake at the bar... I was stupid. Couldn't shut my mouth.	Um dragão no bar... Fui idiota. Não soube calar a boca.
line:bfd70320	This feels scandalous	Isso parece escandaloso.
line:cb437bd0	This is a common practice?	Isso é uma prática comum?
line:831cbfda	This is a job only you can do.	Só você pode fazer este trabalho.
line:4944dbda	This is delicious!	Está delicioso!
line:088893da	This is my first time with a Kobold.	É minha primeira vez com um kobold.
line:e218722c	This is my first time, actually!	Na verdade, é minha primeira vez!
line:9eb894ad	This is really nice..	Isso é muito bom..
line:c7e4e36f	This is the kind of shit I try to avoid!	É esse tipo de merda que eu tento evitar!
line:22929636	This place could use a makeover, I know would it could use!	Este lugar precisa de uma repaginada. Sei do que ele tá precisando!
line:b06e13bc	This soap isn't fitting for a professor don't you think?	Este sabão não é adequado para um professor, não acha?
line:97841169	This was a nice escape.	Aqui foi um bom refúgio.
line:5f02ceea	This was a wonderful escape...	Foi um refúgio maravilhoso...
line:d45f4788	This was nice...	Isso foi muito bom...
line:418498cf	Those grapes looked good.	Aquelas uvas pareciam boas.
line:e9d73205	Though every other wash I've been to at least has a mount	Mas todos os outros lugares onde fui tinham pelo menos um aparelho.
line:29e70457	Though I can't say I am not curious	Mas não posso dizer que não esteja curioso.
line:9c3e6004	Though you probably shouldn't eat them.	Mas é melhor você não comer.
line:f1ca33da	title: Alexander_Done	title: Alexander_Done
line:3ed2f649	title: Conrad_OutroDone	title: Conrad_OutroDone
line:74c28add	title: ConradBeatup_OutroDone	title: ConradBeatup_OutroDone
line:722243c8	title: RyanDate_OutroDone	title: RyanDate_OutroDone
line:b4eee981	title: RyanExploded_OutroDone	title: RyanExploded_OutroDone
line:6298f08b	Told me about the time he got beat up.	Me contou de quando apanhou.
line:ee954bd9	Told me to go to a wash, and was acting extremely offended.	Mandou eu ir tomar banho fora e ficou agindo como se eu tivesse ofendido ela profundamente.
line:c66e1278	Tonight- on campus. The library is the large blue spire building.	Hoje à noite, no campus. A biblioteca é o prédio com a grande torre pontuda azul.
line:434527c6	Truly terrible, no?	Terrível, não acha?
line:5a5d646c	Truly?	Mesmo?
line:e3aa4e29	Truth be told, I got dirty to come here.	Para ser sincero, eu me sujei para vir aqui.
line:0979dea3	Uh, I'm still really soapy!	É, ainda estou cheio de sabão!
line:05bbe58c	Uh-huh, I'll go get the gate	Uhum, vou abrir o portão.
line:7de638fb	Uh... Hello?	É... Olá?
line:7de9b3a4	Uh... uhm...	É... Hum...
line:159c5c1f	Uh... Yeah.	É... Sim.
line:2089db44	Uhhhm we're not exactly.	É... Não exatamente.
line:3ed62e6b	Uhm, no, I'll just be REALLY upset.	É, não. Eu só vou ficar MUITO chateado.
line:f0a579a5	Uhm...	É...
line:cc295885	uhm... <size=60%>no?	É... <size=60%>não?
line:29237bc3	Use the crowbar to open and place it in storage, would you?	Use o pé de cabra para abrir a caixa e guarde no depósito, pode ser?
line:1ec0dc6a	Use the sprayer on the wall to wash me off.	Use a ducha na parede pra me enxaguar.
line:a716d3b8	Uunf. T-that was... Rather undignified.	Uunf. I-isso foi... pouco digno.
line:a37177dd	V-very well. I'll try.	M-muito bem. Vou tentar.
line:209ddf97	Very cool	Muito legal.
line:2f10f572	Very well. Don't let me interrupt the wash then!	Muito bem. Então não vou mais atrapalhar o banho!
line:7678511c	Wah- huh- <size=80%>oah. <size=60%>we don't-	Quê... Hã... <size=80%>Ah. <size=60%>A gente não...
line:82e2c158	Wait a sec, I need to open the gate.	Espera um segundo, preciso abrir o portão.
line:9c7a2fb7	Wait a sec, I need to open the gate.	Espera um segundo, preciso abrir o portão.
line:8ab5686b	Was great! Ryan is a sweetheart.	Foi ótimo! O Ryan é um amor.
line:d8c9f912	Was just doing my job!	Só estava fazendo meu trabalho!
line:148a63c8	Was just trying to play along. Happy to see you!	Só estava entrando na brincadeira. Bom te ver!
line:56261ccb	Was still good though! I like how it feels sliding down.	Mas ainda foi bom! Gosto da sensação quando desce.
line:4d002f47	Was... <i>Really</i> upset I was muddy.	Ficou... <i>muito</i> brava porque eu estava enlameado.
line:014b5da5	Watch where those paws are going would you?	Cuidado com onde essas patas estão indo, tá?
line:3028feb5	We also had sex after our date.	Também transamos depois do encontro.
line:d132db41	We can just lay here...	Podemos só ficar deitados aqui...
line:4da8b942	We can make an opening.	A gente dá um jeito de te encaixar.
line:8c563ab8	We can make an opening.	A gente dá um jeito de te encaixar.
line:33a79dbe	We do! Are you... from the college...?	Atende! O senhor é... da faculdade...?
line:b83ec453	We got your request for the mount!	Recebemos seu pedido do aparelho!
line:8b7b8d6b	We went out to eat. Had some good conversation.	Saímos pra comer e conversamos bastante.
line:74706bb3	We will need to clean the floors...	Vamos precisar limpar o chão...
line:df8fb8c9	We'll be going out to this seafood place-	Vamos num restaurante de frutos do mar...
line:110a2ced	Welcome back!	Bem-vindo de volta!
line:b042f12a	Welcome back!	Bem-vindo de volta!
line:c46f5033	Well great, I appreciate your discretion, I'll be headed off to the apothecary.	Ótimo, agradeço a discrição. Vou ao boticário agora.
line:08f40e32	Well I had a good time, see you later then!	Bom, foi muito bom. Até mais!
line:c1e8b05d	Well I had a good time, see you later then!	Bom, foi muito bom. Até mais!
line:fcff7b00	Well, go to the window and speak with your customer.	Bom, vá até a janela e fale com seu cliente.
line:fc1e497a	Well, good luck getting your hands around all of me.	Bom, boa sorte tentando dar a volta com as mãos.
line:60f14972	Well, I do enjoy the color. But I believe that is unrelated to my hue.	Bom, gosto da cor. Mas acredito que não tenha relação com a minha.
line:c9f270de	Well, I'm a dragon- but... You know what I mean.	Bom, sou um dragão, mas... Você entendeu.
line:f7f87f6c	Well, That's why I'm here!	Bom, é por isso que estou aqui!
line:629d89d1	Well, yes. I mean more... Primally?	Bem, sim. Quero dizer de forma mais... instintiva?
line:8aa0fc1a	Well, you are one hell of a catch.	Bom, qualquer um teria sorte de ficar com você.
line:5d34e715	Well, you better get one then!	Então é melhor arrumar um!
line:f16e75f3	Well...	Bom...
line:a71a8385	Went to the bar... Things got spicy. You can imagine what happened next... <size=70%>Hah...	Fomos pro bar... O clima esquentou. Você imagina o que aconteceu depois... <size=70%>Ha...
line:2e0ec324	Wha..?	Quê...?
line:29ec93b2	Whaaat. Nothing wrong with it! figured you'd like to know.	O quêêê? Não tem nada de errado! Achei que você ia querer saber.
line:18e5a573	Whaaat? It's good to make sure you're warmed up!	O quêêê? É bom garantir o aquecimento!
line:bd66082e	What about a movie?	Que tal um filme?
line:ee3c126b	What about your private washers?	E os seus lavadores particulares?
line:871137eb	What about?	Sobre o quê?
line:bb3b6c71	What brings you in so late?	O que te traz tão tarde?
line:2dd518f0	What do you mean?	Como assim?
line:2fae1274	What do you mean?	Como assim?
line:3c2c53dc	What do you mean?	Como assim?
line:838cdf1b	What do you think of me?	O que acha de mim?
line:c2bdc402	What does the number 7 taste like?	Que gosto tem o número 7?
line:56fc085a	What happened!?	O que aconteceu?!
line:0bc56d4d	what happened?	O que aconteceu?
line:8c3b76ea	What is it?	Qual?
line:44b711a0	What is..	O que é...
line:53301d3b	What kind of egg was that?	Era ovo de quê?
line:073701b7	What kind of movie are you thinking?	Que filme você tem em mente?
line:03cf1c9a	What kind of question?	Que tipo de pergunta?
line:003700c7	What kinds of classes do you teach?	Que matérias o senhor ensina?
line:e2406cc4	What now?	E agora?
line:0c583118	What was in those opened crates?	O que tinha naquelas caixas abertas?
line:5a195ff2	What!? that's terrible! You don't even have a mount...?	Quê?! Que absurdo! Você nem tem um aparelho...?
line:8ebd442e	What's got you looking so happy?	Por que está tão feliz?
line:fc7aaaa0	What's teaching like?	Como é dar aulas?
line:f99840cd	What's that?	O que é isso?
line:1a0b719d	What's up?	O que foi?
line:29359884	What's up?	O que foi?
line:8d5c7802	What's up?	O que foi?
line:712f9d7c	what?	O quê?
line:766c2abd	What? All the best places do it!	Quê? Todos os melhores lugares fazem isso!
line:159a1d54	What? I'm a professor! Can't you tell from my crest?	O quê? Sou professor! Não percebe pelo meu brasão?
line:9aa86a9b	What? There is no harm caused by a genuine compliment!	O quê? Não há mal nenhum em um elogio sincero!
line:b2fe309b	Whats got you in a good mood?	Por que esse bom humor?
line:93a145d4	Whats up, big guy?	O que foi, grandão?
line:4efe8211	Whats up?	O que foi?
line:866cd495	Whats up?	O que foi?
line:bfc04b3a	Whats up?	O que foi?
line:e01885c3	Whats up?	O que foi?
line:f7d786b6	Whats with all the... Gloop?	O que é toda essa... meleca?
line:c4c81aa9	Whats your favorite part about him?	Do que você mais gosta nele?
line:ff6ef027	When do you actually end the relationship?	Em que momento você decide terminar?
line:2ffe284b	When I met him at first I was falling back on my old script.	Quando conheci ele, tava voltando aos meus velhos hábitos.
line:eb019075	When you're done go ahead and hit the button.	Quando terminar, pode apertar o botão.
line:5d4e9392	Where did he go...?	Aonde ele foi...?
line:7af04961	Where would you like to go?	Aonde você quer ir?
line:7e9389a7	Which college?	Que faculdade?
line:2d315c6c	Who knew a dragon could get so dirty, huh?	Quem diria que um dragão podia ficar tão sujo, hein?
line:a97338b0	Who knew places such as this existed so readily available to the public!	Quem diria que lugares assim estavam tão acessíveis ao público!
line:8b7915f4	Who's that?	Quem?
line:ebd63f8c	Who's there?	Quem está aí?
line:eea7573f	Whoa! Cold!	Nossa! Que frio!
line:1acbd02a	Whoops	Ops.
line:5a6c0d31	Whoops	Ops.
line:afc6c00a	Whoops	Ops.
line:c30013ff	Whoops	Ops.
line:9df56a3a	why are you here so late?	Por que veio tão tarde?
line:bb8583c1	With Ryan, I'm pretty sure we're gonna go on a date tonight.	Eu e o Ryan, acho que vamos sair juntos hoje à noite.
line:c236bdf9	Woah. Uhm.	Nossa. É...
line:390f05be	Woah... What is that in your mouth?	Nossa... O que tem na sua boca?
line:4b93b009	Woah... You want me to use that? Even with the food? Alright!	Nossa... Quer que eu use aquilo? Mesmo com a comida aqui? Tá bom!
line:4cacfab8	Wonderful to hear you're seeing someone!	Que bom saber que está saindo com alguém!
line:f6fdf321	Wonderful to hear you're seeing someone!	Que bom saber que está saindo com alguém!
line:7e2421b6	Wonderful to hear.	Que bom ouvir isso.
line:36d49875	Wonderful!	Maravilha!
line:6046bedf	Wonderful!	Maravilha!
line:ab423ac7	Wonderful!	Maravilha!
line:5a9abbd4	Wonderful. Have a <i>productive</i> day.	Maravilha. Tenha um dia <i>produtivo</i>.
line:ec771552	Woops.	Ops.
line:51bcff68	Would that interest you?	Você gostaria?
line:8c8591ec	Would you care to join me at the college library this evening...?	Gostaria de me acompanhar à biblioteca da faculdade hoje à noite...?
line:985436e6	Wouldn't that be degrading?	Isso não seria humilhante?
line:1e027369	Wow thanks, that feels good.	Nossa, obrigado, que gostoso.
line:737184f5	Wow!	Uau!
line:ead1bf44	Wow, it's an experience seeing you eat like that.	Nossa, é uma experiência ver você comer desse jeito.
line:5da1e074	Y'know?	Sabe?
line:79352475	Ya.	Sim.
line:f6c14e05	Ya.	Sim.
line:b6add8e0	Yea! I do!	É! Tô mesmo!
line:b44edd29	Yeaaah I'm not sticking with that one.	Ééé, não vou continuar usando esse apelido.
line:7a471225	Yeaaah.	Ééé.
line:5483c5fd	Yeah	É.
line:3a5d5ca4	Yeah he seems like he'd push some buttons.	É, ele parece saber como provocar.
line:63024a1f	Yeah he's improved a lot.	É, ele melhorou bastante.
line:5847a779	Yeah I have.	Sim, já falei.
line:f3b5952a	Yeah I'm happy too.	É, também estou feliz.
line:fb47f998	Yeah it go BRRT haha.	é, ele faz BRRT, haha.
line:eef9b2bb	Yeah It's fine. Sorry.	Tá, sim. Desculpa.
line:fbc80e96	Yeah let me get that for you.	Claro, já abro pra você.
line:f212b2de	Yeah so I'm all muddy and stuff, love romping around in the public park.	É, estou cheio de lama e tudo. Adoro correr pelo parque público.
line:108de471	Yeah that sounds pretty good.	É, parece bem legal.
line:fdd800c2	Yeah! clean as always.	Sim! Limpo como sempre.
line:dee4a32d	Yeah! Conrad, he's adorable. Though he'd hate I said that.	Sim! O Conrad, ele é adorável. Mas ia odiar me ouvir dizer isso.
line:ab1bc039	Yeah! I feel clean.	Sim! Me sinto limpo.
line:6733a3df	Yeah! I'm going on a date with him soon.	Sim! Vou sair com ele em breve.
line:66727cce	Yeah! It has food that should be good for both of us.	Sim! Tem comida que deve ser boa pra nós dois.
line:b482634c	Yeah! its useful.	É! É útil.
line:da9cfdcf	Yeah! Just went on a date with Conrad.	Sim! Acabei de ter um encontro com o Conrad.
line:3f153aaf	Yeah! Just went on a date with Ryan.	Sim! Acabei de ter um encontro com o Ryan.
line:77ca2316	Yeah! Thanks for the food. I'll go get the gate.	Sim! Obrigado pela comida. Vou abrir o portão.
line:c87d632b	Yeah! That would be amazing.	Sim! Seria incrível.
line:71c0ee9a	Yeah, ever since the breakup I've been looking for something new.	É, desde o término eu venho procurando algo novo.
line:bee397db	Yeah, he's so kind to me.	É, ele é muito bom comigo.
line:4815ddba	Yeah, I've got one.	Tenho, sim.
line:24efaa49	Yeah, me too. He's real nice.	É, eu também. Ele é muito legal.
line:6fa847ba	Yeah, nah. Mate you gotta get in on this. I'll pay good!	Ah, não, cara. Você tem que entrar nessa. Eu pago bem!
line:266f699d	Yeah, taste good!	É, fica gostoso!
line:67cc394b	Yeah, that was scary at first.	É, no começo deu medo.
line:a9980f5e	Yeah, this has been super nice.	É, isso foi muito gostoso.
line:54c44240	Yeah, you're right.	É, você tem razão.
line:bb1827c7	Yeah- Though only if you want!	É... Mas só se você quiser!
line:7311dc01	Yeah.	Sim.
line:95e2f7cc	Yeah.	Sim.
line:9fd5b834	Yeah. <size=90%>Oh- <size=80%>you know. I'm like... <size=70%>Haha. Yeah. Mhm!	É. <size=90%>Ah... <size=80%>Sabe. Eu fico... <size=70%>Haha. Sim. Uhum!
line:a28a70c6	Yeah. At least I got to meet you because of it.	É. Pelo menos pude te conhecer por causa disso.
line:e5937e30	Yeah. I like fish!	Sim. Gosto de peixe!
line:0372e0d1	Yeah. It wasn't too expensive.	É. Não foi muito caro.
line:6804839d	Yeah. It's hard to unwind groups after something like that.	É. É difícil desembaraçar os grupos de amigos depois de uma coisa dessas.
line:6e0e4e11	Yeah. You two will be cute.	É. Vocês vão ficar fofos juntos.
line:616121a9	Yeah...	É...
line:f244d080	Yeah... He's really great.	É... Ele é incrível mesmo.
line:5bab2df8	Yeah... I've never gone on a date with a kobold before.	É... Nunca tive um encontro com um kobold antes.
line:8eeb7e28	Yeah... It really isn't.	É... Não é mesmo.
line:039a0c83	Yeah?	Sim?
line:2fb3fe55	Yeah?	Sim?
line:92bd78f3	Yeah?	Sim?
line:3690a3eb	Yeah? I don't even see a mount.	É? Não tô vendo nem um aparelho.
line:ea2adb20	Yeah? tell me about it!	É? Me conta!
line:78eccd9b	Yellow lime.	Limão-taiti amarelo.
line:5fd7bc69	Yep!	Tenho!
line:b6c878fa	Yep!	Sim!
line:fcff76d4	Yep! I'll get the gate.	Sim! Vou abrir o portão.
line:3cdcbd4a	Yes	Sim.
line:991dc643	Yes	Sim.
line:e535cacb	Yes	Sim.
line:fb4265f7	Yes	Sim.
line:4ab6c5a9	yes	Sim
line:db98be35	Yes right this way.	Sim, por aqui.
line:52010e35	YES!	SIM!
line:c4310942	Yes!	Sim!
line:d5f94e23	Yes!	Sim!
line:5592e639	Yes, welcome to Drag'N Wash!	Sim, bem-vindo ao Drag'N Wash!
line:f676b9a8	Yes, welcome to Drag'n wash!	Sim, bem-vindo ao Drag'N Wash!
line:a610ce0b	YES.	SIM.
line:85fd5266	Yes.	Sim.
line:152cb8ad	Yes. I'm in need of a clean. The situation is rather dire!	Sim. Preciso de uma limpeza. A situação é bastante grave!
line:c4595dd5	Yes. It's invigorating to be so candid.	Sim. É revigorante ser tão sincero.
line:d7e50f2d	Yes..	Sim..
line:5811655d	Yes... But I believe we need to clean the floors.	Sim... Mas acho que precisamos limpar o chão.
line:9444cdba	Yip	Yip.
line:14d2c62f	Yip!	Yip!
line:296ff3f4	Yip!	Yip!
line:3d516ddb	Yip!	Yip!
line:3e870ad0	Yip!	Yip!
line:5544e245	Yip!	Yip!
line:5efde4e2	Yip!	Yip!
line:c3e1f198	Yip!	Yip!
line:e662501c	Yip!	Yip!
line:5e181cf4	Yip! <size=70%>(Gate)	Yip! <size=70%>(Portão)
line:b12a3f31	Yip! <size=70%>(idk)	Yip! <size=70%>(Sei lá)
line:a8ee5236	Yip! <size=70%>(It's because the dormant part of your draconic mind is remembering the deep set language bridge between your kind and mine. Which carries the deep meaning and intention of kobold 'Yips' within it. This sudden understanding of yours is simply from our connection growing over time and activating that part of your mind.)	Yip! <size=70%>(É porque uma parte adormecida da sua mente dracônica está se lembrando da antiga ligação linguística entre a sua espécie e a minha, que carrega o significado profundo e a intenção dos "yips" dos kobolds. Essa compreensão repentina só acontece porque nosso vínculo cresceu com o tempo e ativou essa parte da sua mente.)
line:5935a413	Yip! <size=70%>(Yes)	Yip! <size=70%>(Sim)
line:f1c14f75	Yip-Man - The Final Yip	Yip Man: O Último Yip.
line:4b9046ec	Yip-Man movies are real corny...	Os filmes do Yip Man são bem cafonas...
line:3d6b2203	You again?	Você de novo?
line:81416c72	You already are, whats up?	Você já está fazendo. O que foi?
line:6fbc3c1b	You also do <i>special endings</i> here, yeah?	Vocês também fazem <i>final feliz</i> aqui, né?
line:e553c773	You also introduced me to Conrad.	E você também me apresentou ao Conrad.
line:feb8727e	You always make me feel welcomed.	Você sempre me faz sentir bem-vindo.
line:563d71ba	You are too!	Você também!
line:4efafbb0	You are very skilled with your hands	Você tem muita habilidade com as mãos.
line:0dd63830	You brought food in?	Você trouxe comida?
line:38043f6c	You can act however you like around me.	Comigo, pode agir como quiser.
line:3fbd01fb	You can come in whenever!	Pode vir quando quiser!
line:0eb37f1a	You can stay here if you want.	Pode ficar aqui se quiser.
line:ecc04e16	You decide!	Você escolhe!
line:19698f13	You didn't even open the watermelon.	Você nem abriu a melancia.
line:7e8c1ae2	You do know how to use your hands pretty well.	Você sabe muito bem usar as mãos.
line:7023b6b4	You don't deserve that.	Você não merece isso.
line:c0cc0f2d	You got a medkit?	Tem um kit de primeiros socorros?
line:c2b3c28a	you know about getting back into the dating scene...	sabe, sobre voltar a sair com as pessoas...
line:512df07c	You know what that means.	Você sabe o que isso significa.
line:e613cbe3	You know what that means...	Sabe o que isso significa...
line:73e4789c	You know... This environment is rather pleasant. Very... proletarian.	Sabe... Este ambiente é bem agradável. Muito... proletário.
line:404b17ef	You look good this clean!	Você fica bonito assim limpinho!
line:780c151c	You needn't worry. The washer's union is... More powerful than I.	Não precisa se preocupar. O sindicato dos lavadores é... mais poderoso do que eu.
line:3fab049a	You probably shouldn't.	É melhor não.
line:0bc044da	You ready for this?	Tá pronto pra isso?
line:f0a0565a	You ready to go back in to the club?	Tá pronto pra voltar pro clube?
line:c0e34d36	You really ate that entire thing... Woah.	Você comeu isso inteiro mesmo... Nossa.
line:82cf49aa	You seemed to enjoy yourself.	Parece que você gostou.
line:ba66095e	You set a good example.	O senhor dá um bom exemplo.
line:6c2a1901	You should be all clean!	Você deve estar bem limpinho!
line:36779352	You should be.	Tem que estar mesmo.
line:86154a64	You should feel it and check for me	Pega nele e confere pra mim.
line:20503ab0	You sure? It's not like... fun stuff.	Tem certeza? Não é um assunto... divertido.
line:0a0d6bc0	You too! I'll go get the gate.	Eu também! Vou abrir o portão.
line:e3106999	You too. Thanks for the wash.	Eu também. Obrigado pelo banho.
line:fc97aa74	You too. Thanks for the wash.	Eu também. Obrigado pelo banho.
line:5e4d645c	You two are really cute together...	Vocês ficam muito fofos juntos...
line:b76a2a43	You were really going at it.	Você estava com tudo.
line:83aa1a23	You work at a college?	O senhor trabalha numa faculdade?
line:85fa0d03	You'd need a dragon stomach first!	Primeiro precisaria de um estômago de dragão!
line:ebd2af6b	You'll have to give me all the Ryan details soon.	Logo vai ter que me contar todos os detalhes do Ryan.
line:6c71dd83	You'll have to tell me all about it.	Vai ter que me contar tudo.
line:91ab30f5	You'll have to tell me how you two work out!	Vai ter que me contar como vai entre vocês!
line:ffeff59b	You'll have to tell me more inside.	Vai ter que me contar mais lá dentro.
line:5eb243c2	You'll like it.	Você vai gostar.
line:6acf7c77	You'll need to let them in afterwards of course.	Depois você vai precisar deixá-lo entrar, é claro.
line:6b63d2d8	You'll take care of everything?	Você vai cuidar de tudo?
line:f2527ed7	You're <i>spotless.	Você está <i>impecável.
line:23ae97e6	You're a big deal	Você é que é importante.
line:323e546b	You're a good friend too, I'll go get the gate.	Você também é um bom amigo. Vou abrir o portão.
line:44e97be7	You're always welcome here, Ryan.	Você sempre é bem-vindo aqui, Ryan.
line:09e5bf43	You're cute by the way.	Aliás, você é uma gracinha.
line:277d8257	You're fine. Thank you.	Não se preocupe. Obrigado.
line:8c269acb	You're going to love it.	Você vai adorar.
line:173782fa	You're good at it.	E faz muito bem.
line:1dca8fa0	You're just a very comfortable person to be around.	É que me sinto muito à vontade perto de você.
line:42124159	You're just a very comfortable person to be around.	É que me sinto muito à vontade perto de você.
line:d3b6d22a	You're kind. It's more than I deserve.	Você é gentil. Mais do que eu mereço.
line:ca72bf2d	You're okay. You're clearly going through a lot.	Tudo bem. Dá pra ver que você está passando por muita coisa.
line:68887509	You're one of my favorite clients!	Você é um dos meus clientes favoritos!
line:c4cc497f	You're pretty hot.	Você é bem gostoso.
line:b6603dc7	You're right. I shouldn't pry.	Tem razão. Não devia me intrometer.
line:31ab814e	You're right... Theres no way you could.	Você tem razão... Não tem como você saber.
line:470cd652	You're the first person I've met who's only expectation is for me to be...	Você é a primeira pessoa que conheço cuja única expectativa é que eu seja...
line:f718a7eb	You're the professor here. Must be correct.	O professor aqui é o senhor. Deve estar certo.
line:15f55959	You're very sweet.	Você é um amor.
line:bc6cc4d2	You're very sweet.	Você é um amor.
line:6289a322	You're very welcome.	Imagina, foi um prazer.
line:39ddd682	You're...	Você é...
line:6e94f373	You're... cool.	Você é... legal.
line:61c96494	You're... Not that dirty.	O senhor... nem está tão sujo.
line:8bab3246	You're... very forward.	Você é... bem direto.
line:3bbab759	You've gotta keep me updated on you and Ryan, yeah?	Tem que me manter por dentro do que rolar entre você e o Ryan, tá?
line:a5a8a9d5	Your crest is cool. What is it?	Seu brasão é legal. O que é?
line:3890b91c	Your date with Ryan.	Seu encontro com o Ryan.
line:82109412	Your secret's safe with me.	Seu segredo está seguro comigo.
line:ed8e7994	Yours doesn't. It's nice.	O seu não. É agradável.
line:016a65e8	Yuh, that's me.	É, sou eu.
line:38eb6d26	Yup!	Sim!
line:7ac62718	Yup. I like it.	Sim. Eu gosto.
