# line ID	exact English source	translation (English A-Z then ID)
line:39fd52f1	'Ey big dog.	Hey, koca köpek.
line:918d7820	'Ey big kobold.	Hey, koca kobold.
line:155c00eb	'think', 'On the way here'? Then you weren't covered in ink before...	«Sanırım», «buraya gelirken» mi? Yani öncesinde mürekkebe bulanmış değildiniz...
line:15bcd86c	'Yes way', There is nothing I am more certain of.	Var artık. Daha emin olduğum hiçbir şey yok.
line:4d49ae72	'Yes way', There is nothing I am more certain of.	Var artık. Daha emin olduğum hiçbir şey yok.
line:25f35611	---	---
line:4b9b3a43	---	---
line:97ab84a8	---	---
line:db5b3129	---	---
line:e2f28daa	---	---
line:3d2df033	..	...
line:8c0e2d04	..	...
line:b36eb839	..	...
line:03d2f0bb	...	...
line:045f5836	...	...
line:1113335e	...	...
line:227eda5e	...	...
line:30a74521	...	...
line:4810891f	...	...
line:4da86a7a	...	...
line:610824ef	...	...
line:6757e4a0	...	...
line:695ef750	...	...
line:7426a997	...	...
line:759a495e	...	...
line:7e189c92	...	...
line:812700a5	...	...
line:848f5cd8	...	...
line:85f39b27	...	...
line:9504ba33	...	...
line:a6531779	...	...
line:b59e9091	...	...
line:b7f0551c	...	...
line:c272e55f	...	...
line:cdb8d8db	...	...
line:cfe4b91d	...	...
line:d6483230	...	...
line:d90d368f	...	...
line:d9516fdd	...	...
line:dd197e7c	...	...
line:decf872a	...	...
line:e9d40a5c	...	...
line:20f87f8d	... A class which I'm teaching rather soon.	... Üstelik birazdan dersim var.
line:4815d919	... Being a bit of a jerk honestly.	... Açıkçası biraz pislik yapıyordum.
line:11bfce3b	... I thought we were good friends, we have sex all the time!	... İyi arkadaş olduğumuzu sanıyordum. Sürekli seks yapıyoruz!
line:1bebf328	... Thank you..	... Sağ ol...
line:a8eb78ed	... you're done? I'm still dirty..	... Bitti mi? Hâlâ kirliyim...
line:ef611d11	... you're done? I'm still soapy..	... Bitti mi? Hâlâ sabunluyum...
line:496134bc	...!	...!
line:7cc45755	...!	...!
line:6585925d	...<i><size=70%>I have one on him at least.	...<i><size=70%>En azından ben ondan hoşlanıyorum.
line:e2ea4ead	...A wash for our date tonight.	... Bu geceki randevumuz için.
line:048d7f84	...About what I said earlier.	... Az önce söylediğim şey var ya.
line:55d1f6ef	...and nice.	... İyi birisin de.
line:79a1a205	...But not in like a bad weird way.	... Ama kötü, tuhaf bir şekilde değil.
line:3592632e	...It's intimidating knowing how much they look up to me.	... Bana ne kadar hayranlıkla baktıklarını bilmek ürkütücü.
line:7e08544c	...It's odd being able to speak so freely with someone.	... Biriyle böyle rahat konuşabilmek tuhaf.
line:f0cb8389	...No	... Hayır.
line:92601622	...Okay, come in	... Tamam, içeri gel.
line:e381559c	...Thank you for this.	... Bunun için teşekkür ederim.
line:b7b5f7fb	...Thanks.	... Sağ ol.
line:dbab7a39	<b><i><size=130%>Did you suggest Ryan to Conrad?	<b><i><size=130%>Conrad'a Ryan'ı önerdin mi?
line:36ff6bd9	<gradient="gold"><b> I know a dragon, Ryan. I could get you two in contact? </b></gradient><size=70%>(Unlocks Conrad/Ryan hookup OR Ryan romance)	<gradient="gold"><b> Ryan diye bir ejderha tanıyorum. Sizi tanıştırabilirim? </b></gradient><size=70%>(Conrad/Ryan eşleşmesini VEYA Ryan aşk yolunu açar)
line:7e9d40e6	<gradient="gold"><b> I wouldn't mind hanging out... </b></gradient><size=70%> (Unlocks Conrad romance)	<gradient="gold"><b> Ben seninle takılmak isterim... </b></gradient><size=70%> (Conrad aşk yolunu açar)
line:a0e49f02	<gradient="gold"><b> I wouldn't mind! </b></gradient><size=70%> (Will lead to Alexander romance!)	<gradient="gold"><b> İsterim! </b></gradient><size=70%> (Alexander aşk yolunu açar!)
line:0371fb9c	<gradient="gold"><b> I'm going to be busy tonight. Sorry. </b></gradient><size=70%> (Will lead to no romance!)	<gradient="gold"><b> Bu gece meşgul olacağım. Üzgünüm. </b></gradient><size=70%> (Aşk ilişkisi olmadan devam eder!)
line:f5a81524	<gradient="gold"><b>I don't have anyone off the top of my head.</b></gradient><size=70%> (Locks in Conrad romance!)	<gradient="gold"><b>Şu an aklıma kimse gelmiyor.</b></gradient><size=70%> (Conrad aşk yolunu kesinleştirir!)
line:bedc761d	<gradient="gold"><b>I know this one red dragon. I think you'd like him! </b></gradient><size=70%> (Hooks up Ryan with Conrad!)	<gradient="gold"><b>Kızıl bir ejderha tanıyorum. Bence ondan hoşlanırsın! </b></gradient><size=70%> (Ryan ile Conrad'ı eşleştirir!)
line:e104b8e4	<gradient="gold"><b>Oh. Uhm. <size=70%> I wouldn't mind... If I was that someone. </b></gradient><size=70%> (Locks in Ryan romance!)	<gradient="gold"><b>Aa. Şey. <size=70%> O kişi ben olsam... hoşuma giderdi. </b></gradient><size=70%> (Ryan aşk yolunu kesinleştirir!)
line:36073321	<gradient="yellow - orange"><size=140%>HEY! </gradient><size=100%>This is the cleaning place, ya?	<gradient="yellow - orange"><size=140%>HEY! </gradient><size=100%>Yıkama yeri burası, değil mi?
line:c777ce0c	<i> that feels nice...</i>	<i> Bu iyi hissettiriyor...</i>
line:e56dd423	<i><size=70%>uh oh.. and the books	<i><size=70%>Eyvah... Kitapları da.
line:d67b1098	<i>I like spraying you with water.	<i>Sana su püskürtmeyi seviyorum.
line:ad5d633a	<i>Oh...	<i>Aa...
line:22b5941e	<i>Oh.</i> I don't think I'm ready for that just yet.	<i>Aa.</i> Henüz buna hazır olduğumu sanmıyorum.
line:cacbff51	<i>Ooooh. </i>The mount? Hell yeah, man.	<i>Ooo. </i>Sehpa mı? Siktir, evet, dostum.
line:04b7ce44	<i>This</i> isn't your fault, Conrad.	<i>Bu</i> senin suçun değil, Conrad.
line:72b244b7	<size=100%> That felt damn good!	<size=100%> Acayip iyi geldi!
line:78cc49e8	<size=100%>I mean- Cool.	<size=100%>Yani... Güzel.
line:e48243c0	<size=140%> FUCK YEAH!	<size=140%> SİKTİR, EVET!
line:f474ffa9	<size=140%>HEY, <size=100%>lookin' for a wash.	<size=140%>HEY, <size=100%>yıkanmaya geldim.
line:9d458e88	<size=160%>HELL YEAH!	<size=160%>SİKTİR, EVET!
line:f5462edf	<size=60%> that's hot.	<size=60%>Çok seksi.
line:7c745c31	<size=70%> A big dragon giving me control. Woah.	<size=70%>Koca bir ejderha kontrolü bana veriyor. Vay.
line:53d71f27	<size=70%> And for me.	<size=70%> Benim için de.
line:4fe271cc	<size=70%> woah.	<size=70%>Vay.
line:e53b1bd3	<size=70%><i> holy shit, I just bagged a date with a dragon.	<size=70%><i>Vay anasını, bir ejderhayla randevu kaptım.
line:c4384e8e	<size=70%><i>but it was nice... Thank you.	<size=70%><i>Ama güzeldi... Teşekkür ederim.
line:ec0e5330	<size=70%><i>feel free to continue-</i>	<size=70%><i>Devam edebilirsiniz...</i>
line:e77c1f79	<size=70%><i>oah-</i> no that's really cool actually.	<size=70%><i>Aa...</i> Hayır, aslında çok güzel.
line:a618f9c2	<size=70%><i>Woah...	<size=70%><i>Vay...
line:ad460e4b	<size=70%><i>Yeah?	<size=70%><i>Öyle mi?
line:c25d1c85	<size=70%>They're still on my payroll.	<size=70%>Maaşlarını hâlâ ödüyorum.
line:22deeef6	==	==
line:67fa34ad	==	==
line:a8e2f13e	==	==
line:ce938344	==	==
line:e41244bf	==	==
line:497d3f67	A few days ago...	Birkaç gün önce...
line:c570a462	A rather good excuse to see my favorite kobold.	En sevdiğim koboldu görmek için güzel bir bahane.
line:5d2d16e0	A really good friend?	Çok iyi bir arkadaşım olarak görmem tuhaf mı?
line:df4d3810	About earlier.	Az önceki konu...
line:1a5e1ba4	Act what way?	Nasıl davranmak?
line:cc532c02	After his spontaneous conflagration, I made sure to give him privacy.	Kendiliğinden alev aldıktan sonra onu mahremiyetiyle baş başa bıraktım.
line:a983ffa3	Again...?	Yine mi...?
line:8e34b87d	Agreed, though I'd still like to be let in as soon as convenient.	Katılıyorum. Yine de müsait olur olmaz içeri girmek isterim.
line:934a1d5a	Ah yeah, that's the stuff.. keep at it.	Ah evet, tam da böyle... Devam et.
line:e216aee0	Ah, good.	Güzel.
line:9b26ac5f	Ah, I see the button there, gotcha!	Aa, şuradaki düğmeyi gördüm. Anladım!
line:7f3fe9f9	Ah, sorry, I'm passionate about such things.	Ah, kusura bakmayın. Bu konulara çok meraklıyım.
line:bf2a8309	Ah, the grime did sting a little, thank you.	Ah, kir biraz yakıyordu. Teşekkür ederim.
line:ebdb9888	Ah, yeah, those types are pretty cute.	Ah, evet. Öyle tipler çok tatlıdır.
line:b920f205	Ah. Do not worry.	Ah. Endişelenmeyin.
line:a98d068c	Ah. Okay nevermind I'm not sorry then.	Aa. Tamam, o zaman özrümü geri alıyorum.
line:6de2c490	Ah...	Aa...
line:4d6b365e	Ahh, all cleaned and with a lighter load.	Ahh, hem temizlendim hem yüküm hafifledi.
line:20f96302	Alexander!	Alexander!
line:f167e3d7	Alexander!	Alexander!
line:fe3996b8	Alexander!	Alexander!
line:af7db134	Alexander...?	Alexander...?
line:eb7cf9e5	All clean...	Tertemiz...
line:f57fc630	All done!	Bitti!
line:0b734d82	All self respecting washers know how to please a dragon.	Kendine saygısı olan her yıkayıcı, bir ejderhayı nasıl memnun edeceğini bilir.
line:599ffb25	Already got seats at that bar I mentioned earlier.	Bahsettiğim barda yer ayırttım bile.
line:642ddea3	Alright alright... Then I think I'd like to use it?	Peki, peki... O zaman sanırım kullanmak isterim?
line:c7b3a185	Alright! I'll go get the gate.	Tamam! Gidip kapıyı açayım.
line:7279121a	Alright! I'll go get you the gate.	Tamam! Gidip size kapıyı açayım.
line:4fc4259c	Alright! I'm ready to go.	Tamam! Gitmeye hazırım.
line:a722d0fa	Alright, go get the gate and I'll head out to the spot!	Tamam, gidip kapıyı aç, ben de oraya geçeyim!
line:d04df8f8	Alright, I'll cya!	Tamam, görüşürüz!
line:4766af08	Alrighty! That should be it.	Tamamdır! Bitmiş olmalı.
line:797ca540	Alrighty. All clean.	Tamamdır. Tertemiz.
line:c4cb161a	Although grapes have always hit a specific craving.	Ama üzüm, canımın çektiği belli bir şeyi hep karşılar.
line:dc237557	Although, the portions might be a bit... dragon sized.	Gerçi porsiyonlar biraz... ejderha boy olabilir.
line:655b8c01	Always happy to have you, Conrad.	Seni ağırlamak her zaman güzel, Conrad.
line:afedd1f5	An anomaly.	Bir istisnasınız.
line:0de4fe62	And I'm glad you have a medkit... You're very prepared.	İlk yardım çantan olmasına da sevindim... Çok hazırlıklısın.
line:0699aef9	And I'm really happy for you and Conrad.	Seninle Conrad için de gerçekten mutluyum.
line:a3a26459	And not just physically.	Üstelik yalnızca boyumdan dolayı değil.
line:507bd2b9	And that's why I'm here! Going to be heading out after this wash to go see him.	Burada olmamın sebebi bu! Yıkanınca onu görmeye gideceğim.
line:33440e8c	And why you are perfect for this job!	Bu iş için biçilmiş kaftan olmanızın sebebi de bu!
line:cacb93ce	And you've tried everything.	Her şeyi de denediysen...
line:8cae6240	Another dragon? Usually I don't really get along...	Başka bir ejderha mı? Genelde pek iyi anlaşamam...
line:5a7e4fd4	Any chance you can clean me up again?	Beni tekrar temizleme şansın var mı?
line:92d2a30a	Anything. I'm just curious.	Herhangi bir şey. Sadece merak ettim.
line:52695aa2	Anything?	Her şeyi mi?
line:8ead9ee9	Anytime, Ryan.	Ne zaman istersen, Ryan.
line:6d77feef	Anyway glad you're not finished, lets keep at it!	Neyse, bitirmemiş olmana sevindim. Devam edelim!
line:bdb4f59c	Anyway, time to get writing!	Neyse, yazmaya başlama zamanı!
line:75dd56ae	Anyways,	Neyse,
line:8980260e	Anyways-	Neyse...
line:a8e6291c	Anyways- Let me out.	Neyse... Çıkar beni.
line:493a82ef	Anyways. Could you go get the gate?	Neyse. Gidip kapıyı açar mısın?
line:926f5f41	Anyways. Gonna use this thing now!	Neyse. Şimdi şunu kullanacağım!
line:ad8ab02e	Anyways...	Neyse...
line:e767dc51	Anywho, I'll get out of your scales now.	Neyse, sizi daha fazla meşgul etmeyeyim.
line:e81426c1	Anywho, I'm in need of a clean.	Neyse, temizlenmem gerekiyor.
line:23e7d518	Approach the dragon entrance, and I will let you in.	Ejderha girişine gelin, sizi içeri alırım.
line:72a9b5bb	Are you happy?	Mutlu musunuz?
line:be0118cc	Are you okay?	İyi misin?
line:de735c65	Are you open right now?	Şu anda açık mısınız?
line:9369755d	Are you sure it will fit?	Sığacağından emin misin?
line:c35b717a	Are you sure...? In front of the food?	Emin misin...? Yemeğin önünde?
line:cb06d2bf	As am I.	Ben de.
line:9a48b21c	As in you're unique.	Yani eşsizsiniz.
line:1c021ee0	At getting hand jobs.	Bana elle otuz bir çekilmesi konusunda.
line:e861b464	At least that's what I've heard anyway.	En azından ben öyle duydum.
line:2f54ceec	At least you can still use your hands. Heh.	En azından ellerini kullanabilirsin. Heh.
line:cb04e062	At least you can still use your hands. Heh.	En azından ellerini kullanabilirsin. Heh.
line:97792929	Aw, I'll go get you the gate.	Ah, gidip sana kapıyı açayım.
line:c6895517	Aw, Ryan.	Ah, Ryan.
line:db997182	Aw, thank you Alexander.	Ah, teşekkür ederim, Alexander.
line:7157db26	Aw, thanks Alexander.	Ah, teşekkür ederim, Alexander.
line:011f1458	Aw, thanks.	Ah, sağ ol.
line:aea0be6b	Aw, thanks.	Ah, sağ ol.
line:c00d76cd	Aw, thanks. I only look so good 'cause of your washes!	Ah, sağ ol. Sen yıkadığın için bu kadar iyi görünüyorum!
line:453ff9be	Aw- Ryan...	Ah, Ryan...
line:5340a315	Aw... Thanks!	Ah... Teşekkürler!
line:c6202cf2	Aw... Thanks.	Ah... Sağ ol.
line:cb1d1197	Aw... Thanks. Is it weird I consider you...	Ah... Sağ ol. Seni...
line:2bfa396c	Aw... That's really sweet	Ah... Çok tatlı.
line:22053f7f	Awesome!	Harika!
line:6fdb2c3d	Awesome!	Harika!
line:70306ba1	Awesome!	Harika!
line:6126a614	Awesome! Come on in..	Harika! İçeri gel...
line:e85007ac	Awesome! See you later then!	Harika! O zaman sonra görüşürüz!
line:4c7f15d6	Awesome, I'll go get the gate.	Harika, gidip kapıyı açayım.
line:9d126e4e	Awesome, I'm glad.	Harika, sevindim.
line:b60cc4a5	Awesome.	Harika.
line:59fb47b0	Awww. You don't need to be coverd in ink to say hi!	Ahh. Selam vermek için mürekkebe bulanmanıza gerek yok!
line:8e20e028	Be yourself!	Kendin ol!
line:cd18f73f	Been looking forward to this.	Bunu dört gözle bekliyordum.
line:8f1fccf9	Being muddy is really fun up until it starts drying.	Çamura bulanmak çok eğlenceli, tabii kurumaya başlayana kadar.
line:40783547	Berries.	Orman meyveleri.
line:59d4be6a	Berries.	Orman meyveleri.
line:61e781c1	Berries.	Orman meyveleri.
line:18ae08ef	Bet you had fun.	Kesin iyi eğlenmişsinizdir.
line:982fd3c7	big C...?	Büyük C mi...?
line:4b3f7c6a	Biology...? <size=70%> <i>I think?	Biyoloji...? <size=70%> <i>Sanırım?
line:9be63f47	Bleh. Thank you for grabbing that.	Peh. Şunu aldığın için sağ ol.
line:66957ed2	Blue...?	Mavi...?
line:a77c3afd	Both.	İkisi de.
line:78975048	Brrr! Cold water!	Brrr! Su soğuk!
line:8487a2c4	Burnswick Community College of Thaumaturgy	Burnswick Halk Mucizebilim Yüksekokulu
line:f75126de	But honestly you've helped me a lot.	Ama gerçekten bana çok yardım ettin.
line:cab69268	But I already know I'm liking this a lot.	Ama şimdiden çok hoşuma gittiğini biliyorum.
line:d9534386	But I know the type... They tend to be big softies on the inside.	Ama bu tipleri bilirim... Genelde içleri pamuk gibidir.
line:f73ddfbc	But I think its time to get cleaned up.	Ama artık temizlenme vakti geldi sanırım.
line:088ea4a7	But I'm hot shit, so I'll be fine.	Ama ben taş gibiyim, sorun olmaz.
line:c8f8bc22	But I'm only your washer?	Ama ben sadece sizi yıkıyorum?
line:dda0419b	But I'm sure I'd enjoy it with you!	Ama seninle keyif alacağıma eminim!
line:aa74448a	But not in this sized package, right??	Ama bu kadar küçük bir bedende değil, değil mi??
line:7d9ffc48	But nothing beats a large gulp!	Ama kocaman bir lokmayı bir kerede yutmanın yerini hiçbir şey tutmaz!
line:d1ec7684	But that is why I am here!	Ama zaten bu yüzden buradayım!
line:b0d9d1e5	But you're the teacher dragon.	Ama öğretmen ejderha sizsiniz.
line:2d7e1ab6	But, at least I got to meet you!	Ama en azından seninle tanıştım!
line:b7f46902	But, I think you've taught me something.	Ama sanırım bana bir şey öğrettiniz.
line:b1040415	By the stars! No no. You're excellent.	Yıldızlar aşkına! Hayır, hayır. Muhteşemsiniz.
line:3a88a2dd	By the way would you be mad if your partner made a mess at home?	Bu arada, sevgilin evi kirletse kızar mıydın?
line:4199070f	Came in for another wash.	Yine yıkanmaya geldim.
line:105cd3e2	Can I ask you a question?	Sana bir soru sorabilir miyim?
line:535ee717	Can you repeat that?	Tekrar eder misiniz?
line:835e0c27	Can't sthpeak well.	İyi konufhamıyorum.
line:afa450c0	Come back whenever, Ryan.	İstediğin zaman gel, Ryan.
line:0cedfc3d	Conrad can go as long as he needs	Conrad gerektiği kadar devam edebilir.
line:5462913f	conrad hooked up with ryan	Conrad, Ryan ile eşleşti.
line:61cd33c5	conrad hooked up with ryan	Conrad, Ryan ile eşleşti.
line:6a7610f3	conrad hooked up with ryan	Conrad, Ryan ile eşleşti.
line:bac1ce29	conrad hooked up with ryan	Conrad, Ryan ile eşleşti.
line:61c9b7ac	Conrad needs a cleaning, got a slot for 'im?	Conrad'ın temizlenmesi lazım. Ona yer var mı?
line:405b7ef1	Conrad needs a wash!	Conrad'ın yıkanması lazım!
line:803c8f0c	Conrad was talking about you during our date.	Randevumuzda Conrad senden bahsetti.
line:f1787092	Conrad!	Conrad!
line:fd6c6213	Conrad!	Conrad!
line:484cd04d	Conrad...?	Conrad mı...?
line:5b0360ad	Conrad: Actually.. I mean..	Conrad: Aslında... Yani...
line:3ce891ff	Conrad: Conrad just enjoys himself	Conrad: Conrad sadece keyfine bakar.
line:fbe86c06	Conrad: Damn right!	Conrad: Aynen öyle be!
line:5660dc8b	Conrad: Don't worry about it!	Conrad: Hiç takma!
line:c050dbfc	Conrad: I do it all the time	Conrad: Ben hep yaparım.
line:cd3367da	Conrad: I want this to go well	Conrad: Bunun iyi gitmesini istiyorum.
line:194c1381	Conrad: I'm ready to blow	Conrad: Boşalmaya hazırım.
line:ce4d0fef	Conrad: Yea	Conrad: Evet.
line:42c70daa	Conrad: You feel good	Conrad: Seni hissetmek güzel.
line:3bc52918	Conrad: You having a good time?	Conrad: İyi vakit geçiriyor musun?
line:be0e51af	Cool.	Havalı.
line:88c36bc7	Could do that, then get a hotel room... Hmm.	Önce oraya gider, sonra otelde bir oda tutarız... Hım.
line:b99e1503	Could you ask <i>me</i> a question?	<i>Bana</i> bir soru sorabilir misiniz?
line:12bf5baf	Could you get the gate...?	Kapıyı açabilir misiniz...?
line:3a6afae1	Could you go get the gate?	Gidip kapıyı açar mısın?
line:9f49d9d4	Could you wash it away?	Sabunu akıtır mısın?
line:7661a0e9	D'aw... thanks.	Ah... Sağ ol.
line:59bc5840	Damn right I do!	Tabii ki iyi görünüyorum!
line:64889395	Damn right!	Aynen öyle be!
line:95aa0bf4	Damn right!	Aynen öyle be!
line:db592d76	Damn right!	Aynen öyle be!
line:0fcf9908	Damn right.	Aynen öyle.
line:b964c99b	Damn shame then. Better change that.	Yazık olmuş. Bunu değiştirsen iyi olur.
line:c6955ecc	Damn, you know how to use your hands.	Vay be, ellerini kullanmayı biliyorsun.
line:eaf45022	Damn, you know how to use your hands.	Vay be, ellerini kullanmayı biliyorsun.
line:684fb29a	Damn... Always feels good.	Vay be... Her zaman iyi geliyor.
line:7023cc94	DATE NIGHT!	RANDEVU GECESİ!
line:c71df70b	Date night!	Randevu gecesi!
line:b57cc8ad	Depends	Duruma bağlı.
line:07bd7f57	Did you do your uh...	Bugün şeyini...
line:4f38655d	Do I look like I'm okay?	İyi gibi mi görünüyorum?
line:8147156a	Do it!	Yap!
line:9ab6ddfb	Do you also do "special endings" here?	Burada «mutlu son» da var mı?
line:4c90479c	Do you ask because I'm lavender?	Lavanta rengi olduğum için mi soruyorsunuz?
line:3020c97c	Do you believe I am attractive?	Beni çekici buluyor musunuz?
line:c5e71850	Do you even need a wash?	Yıkanmaya ihtiyacın var mı ki?
line:1810e75f	Do you have any advice?	Bir tavsiyen var mı?
line:6be807b5	Do you have any plans with ryan?	Ryan'la bir planınız var mı?
line:a0cf6cae	Do you know any cool places, people, I could hang around?	Takılabileceğim güzel yerler biliyor musun? Ya da birlikte takılabileceğim birilerini tanıyor musun?
line:412ba249	Do you know any good bars?	Güzel barlar biliyor musun?
line:28ec716a	Do you know anyone I could talk to? Y'know... about relationship stuffs?	Konuşabileceğim birini tanıyor musun? Yani... ilişki meseleleri için?
line:21c0526b	Do you like being big?	İri olmayı seviyor musunuz?
line:daa040eb	Do you like purple?	Moru sever misiniz?
line:ef052302	Do you like purple?	Moru sever misiniz?
line:d5ed3582	Do you make big dragons, <size=60%>like me, <size=100%>cum here?	Burada <size=60%>benim gibi <size=100%>koca ejderhaları boşaltıyor musun?
line:ec64a696	Do you mind double checking if I'm clean?	Temiz olup olmadığımı tekrar kontrol eder misin?
line:647187f1	Do you want to say what happened...?	Ne olduğunu anlatmak ister misin...?
line:807df02d	Do you want to use it?	Kullanmak ister misiniz?
line:5c42b85a	Doesn't mean I need to yell at you.	Bu, sana bağırmamı gerektirmiyor.
line:eefa8ae2	Don't be sorry! Get a mount!	Üzülme! Bir sehpa al!
line:dd0f7b1d	Don't worry, dragons are made to eat anything.	Merak etme, ejderhalar her şeyi yiyebilecek şekilde yaratılmıştır.
line:b90b01a9	Don't worry, he's real nice.	Merak etme, gerçekten çok iyidir.
line:7de2a81c	Don't worry. I will.	Merak etme. Anlatacağım.
line:c29d4071	Don't... make it sound like that.	Öyle... söyleme.
line:31bdd33c	Dont talk with your mouth full	Ağzın doluyken konuşma.
line:8ee41fdc	Dragon history is complex. Ornamental crest <size=85%> are often <size=70%> worn by dragons to <size=55%>signify what family they belong to! <size=40%> It's an interesting mark of their culutral <size=35%> and familial heritage. I've often wondered if I should continue to wear mine. <size=20%> But culutural and familiar ties are considered important within the lore of dragons! so I must adhere to such things. <size=10%> Water. Earth. Fire. Air. Long ago, the four nations lived together in harmony. Then everything changed when the Fire Nation attacked.	Ejderha tarihi karmaşıktır. Süs armaları <size=85%> ejderhalar tarafından <size=70%> sık sık takılır ve <size=55%>hangi aileye ait olduklarını gösterir! <size=40%> Kültürel <size=35%> ve ailevi miraslarının ilginç bir işaretidir. Kendi armamı takmaya devam edip etmemem gerektiğini sık sık düşünürüm. <size=20%> Ama ejderha geleneğinde kültür ve aile bağları önemlidir! Bu yüzden bunlara uymalıyım. <size=10%> Su. Toprak. Ateş. Hava. Çok eskiden dört ulus uyum içinde yaşardı. Sonra Ateş Ulusu saldırınca her şey değişti.
line:0a0e6773	Dragon stomachs are a bit more... robust than yours.	Ejderhaların midesi seninkinden biraz daha... sağlamdır.
line:7e352505	Dragons of the galaxy 2	Galaksinin Ejderhaları 2
line:c2c659d1	Eep!	İip!
line:0bd1699e	Ehh..	Şey...
line:43dd32f5	Er... That's not-	Şey... O değil...
line:93b60dce	Even so. Not this time	Öyle olsa da bu sefer değil.
line:573d9362	Even though you were just doing your job... I think it helped him a lot.	Sen sadece işini yapıyor olsan da... Bence ona çok iyi geldi.
line:a2ba222e	Evening. This establishment takes walk ins, correct?	İyi akşamlar. Randevusuz müşteri kabul ediyorsunuz, değil mi?
line:f98c3b6c	Every ending here is special!	Burada her son mutludur!
line:bfeaec15	Every self respecting wizard has a phoenix feather handy.	Kendine saygısı olan her büyücünün elinin altında bir anka tüyü bulunur.
line:57df700d	Everyone's gaze carries an immense weight.	Herkesin bakışında büyük bir ağırlık var.
line:9ad8d2dd	Excellent!	Mükemmel!
line:0c997163	Excellent.	Harika.
line:1976bc60	Excellent. Then make sure to go greet your customer at the window.	Harika. O hâlde pencereye gidip müşterini karşılamayı unutma.
line:7bbe7ee3	Expectations are laaaame.	Beklentiler çok sıkıcııı.
line:f99eb2ff	Ey! The mount! Fuck yeah.	Hey! Sehpa! Siktir, evet.
line:d376acb9	Ey, so. Was thinkin'	Hey, şey. Düşünüyordum da...
line:85ec0862	Ey, sorry for coming in late.	Hey, geç geldiğim için kusura bakma.
line:12e8ae42	Ey, Use your hands on my cock- it feels good!	Hey, sikimde ellerini kullan... Çok iyi geliyor!
line:271a3846	Fair enough. I'll be waiting!	Peki. Bekliyorum!
line:4789095b	Fair enough. You two do seem cute together.	Olur. Birlikte tatlı görünüyorsunuz.
line:f5b37855	Felt good sliding down though!	Ama aşağı kayması iyi hissettirdi!
line:274367d7	Figured I'd bring in something nice after all you've done.	Benim için yaptıklarından sonra sana güzel bir şey getireyim dedim.
line:aae8afca	Fine with me!	Benim için uygun!
line:e98616be	For you!	Senin için!
line:62a82aba	Found this one gryphon. About my size...	Bir grifonla tanıştım. Aşağı yukarı benim boyumda...
line:807fdc76	From what I've heard he sounds like he's improved a lot recently, yeah?	Duyduğum kadarıyla son zamanlarda çok gelişmiş, değil mi?
line:803bf378	Fuck man, I'm so pumped.	Siktir, çok heyecanlıyım.
line:f2418086	Fuck no! Shit's embarrassing.	Siktir, hayır! Çok utanç verici.
line:a7ca3ca8	Fuck something and then get a handjob hopefully.	Bir şeyi sikmek, sonra da mümkünse elinle beni boşaltman için geldim.
line:203bce10	Fuuuck. You really know how to work a dragon!	Siktiiiir. Bir ejderhayı nasıl memnun edeceğini gerçekten biliyorsun!
line:f7f9b0db	G'day mate!	Selam, dostum!
line:664c994e	Gave me time to think.	Düşünecek zaman verdin.
line:1d9b3531	Get a handjob and fuck this mount.	Bana elle otuz bir çektirmek ve şu sehpayı sikmek için.
line:48afdce4	Give it to me!	Bana ver!
line:9df043ad	Give me a bit	Bana biraz zaman ver.
line:e5c7f64a	Glad I'm here to remind you then.	O zaman iyi ki hatırlatmaya gelmişim.
line:354170aa	Go for it!	Bırakın gelsin!
line:2d0b6b06	Goin' downtown tonight. Needed to be spotless. Say...	Bu gece merkeze gidiyorum. Tertemiz olmam lazımdı. Şey...
line:dcb506d2	Good as!	Harika!
line:bcbc6373	Good evening!	İyi akşamlar!
line:607a5c47	Good, I can't be having the Burnswick Community College of Thaumaturgy know that their best professor Alexander has caused another incident.	Güzel. Burnswick Halk Mucizebilim Yüksekokulu, en iyi profesörleri Alexander'ın bir olaya daha sebep olduğunu öğrenmemeli.
line:12b72085	Good, you better. If I come back and there isn't one...	Güzel, iyi edersin. Bir daha geldiğimde hâlâ yoksa...
line:2c851dad	Good.	İyi.
line:2712436c	Good. 'Aight, let me out.	Güzel. Hadi, çıkar beni.
line:bab51ada	Good... That'd be correct.	İyi... Doğru kelime bu.
line:44f2b8cf	Goodbye!	Hoşça kalın!
line:a8e6ac2a	Goodness, thanks to you I have a chance at redeeming this situation.	Aman, sayenizde durumu düzeltme şansım var.
line:745c3c12	Gosh!	Vay canına!
line:6b5c6564	Gotta <i>practice</i> for Ryan if you catch what I mean.	Ryan için <i>alıştırma</i> yapmam lazım, ne demek istediğimi anladıysan.
line:e3cef2bc	Gotta make sure you're spotless!	Tertemiz olduğundan emin olmalıyım!
line:b01b2159	Great, so uh,	Harika, şey...
line:43c94954	Grouse as! Excited to see you work!	Süper! Seni iş başında görmek için sabırsızlanıyorum!
line:9de16ee9	Ha!	Hah!
line:88d7e1e2	Haah. This is the best fuckin' wash.	Haah. En iyi yıkama yeri burası be.
line:cc6e7856	Hah! There's the mount!	Hah! İşte sehpa!
line:90dd6d9d	Hah, eager as always.	Hah, her zamanki gibi heveslisiniz.
line:9542e7a6	Hah, good. Let's break this thing in!	Hah, güzel. Açılışını yapalım!
line:fe21109b	Hah, he seems like the wild type.	Hah, vahşi bir tipe benziyor.
line:e8bc1d95	Hah, I imagine it would be.	Hah, öyle olacağını tahmin ederdim.
line:acbf628d	Hah, it is a motivator.	Hah, iyi bir teşvik tabii.
line:65b23418	Hah, okay. I'm game.	Hah, tamam. Varım.
line:058d9d5c	Hah, yeah. Conrad is definitely experienced...	Hah, evet. Conrad kesinlikle deneyimli...
line:8b878971	Hah, yeah. He sounds fun.	Hah, evet. Eğlenceli biri gibi.
line:e3ed51d9	Hah. Conrad, you look good too.	Hah. Sen de iyi görünüyorsun, Conrad.
line:f8b2e23b	Hah. Fine.	Hah. Tamam.
line:ea23c5f9	Hah. If only there was a kobold that could clean me.	Hah. Keşke beni temizleyebilecek bir kobold olsa.
line:c9bb2a93	Hah. Yeah. <size=70%><i>It's cool that you learn to jerk off dragons in cleaning school...	Hah. Evet. <size=70%><i>Yıkama okulunda ejderhalara elle otuz bir çekmeyi öğretmeleri güzelmiş...
line:50a559bb	Hah... <size=70%> yeah.	Hah... <size=70%>Evet.
line:4d4d9986	Hah... Gonna jerk me off now? That's fine.	Hah... Şimdi bana otuz bir mi çekeceksin? Olur.
line:4e920759	Hah... Yeah I'm excited.	Hah... Evet, heyecanlıyım.
line:b36365ce	Hah... Yeah...	Hah... Evet...
line:b8724c64	Hah... you do like that noise.	Hah... O sesi gerçekten seviyorsun.
line:c8cde395	Haha, 'Yip' indeed.	Haha, tam da dediğiniz gibi: «yip».
line:680991cf	Haha, yes. Happy to see you.	Haha, evet. Sizi görmek güzel.
line:4c27b031	Haha, you certainly are!	Haha, gerçekten de öylesin!
line:c3a2e14e	Haha, you certainly are!	Haha, gerçekten de öylesin!
line:9ec40945	Haha. 'Yip' to you too.	Haha. Sana da «yip».
line:5e91e0a7	Haha... Yeah. I'm not really used to complimenting.	Haha... Evet. İltifat etmeye pek alışık değilim.
line:44689f21	Happy to be back.	Yeniden burada olmak güzel.
line:2672f65d	Happy to be here.	Burada olmak güzel.
line:192fcb8e	Happy to get it off.	Yıkanıp gitmesine sevindim.
line:3517b28e	Have a productive day.	İyi çalışmalar.
line:7c1adc57	He called me, we met up. He's really damn nice.	Beni aradı, buluştuk. Gerçekten çok iyi biri.
line:e71f9a0b	HE DIED!?	ÖLDÜ MÜ!?
line:ed6c9afb	He hadn't been... Well, cared about in a long time from what I could gather.	Anlayabildiğim kadarıyla uzun zamandır... kimse ona ilgi göstermemiş.
line:de25de6e	He just... Knew what to say to snap me out of all that.	Beni o hâlden çıkarmak için... tam ne söylemesi gerektiğini biliyordu.
line:a035a3fd	He prefers 'vertically challenged'... But yes.	«Dikey açıdan dezavantajlı» demeyi tercih ediyor... Ama evet.
line:04b29e42	He really is.	Gerçekten öyle.
line:c7e1b369	He really is.	Gerçekten öyle.
line:c64bd5ce	He said I was chill, we planned a date...	Rahat biri olduğumu söyledi, bir randevu planladık...
line:e8a91447	He's a lot. But, I like it.	Biraz zor biri. Ama hoşuma gidiyor.
line:a7181b1a	He's a red dragon. I think you two would like eachother!	Kızıl bir ejderha. Bence birbirinizden hoşlanırsınız!
line:8245fe2b	He's already back to work. Thanks for helping with all that.	İşe döndü bile. O meseledeki yardımınız için teşekkür ederim.
line:aaea8391	He's been way nicer recently.	Son zamanlarda çok daha iyi biri oldu.
line:7363c004	He's great.	O harika biri.
line:c13d4e24	He's hot.	Çok seksi.
line:675d7e37	He's like. SUPER hung.	Şeyi var ya... DEV gibi.
line:7deb9fff	He's like... a big softy surrounded by sharp pointy bits.	Sanki... sivri uçlarla çevrili kocaman bir yumuşak kalp.
line:800c553d	He's my dream dragon.	Hayalimdeki ejderha.
line:4b3c70d9	He's snappy, but tender too!	Ters biri ama şefkatli de!
line:31281c6d	He's this REALLY cute red drake who goes to the wash!	Buraya yıkanmaya gelen, ÇOK tatlı bir kızıl ejderha!
line:4c11c83e	He's tiny, I like being eye level with him.	Minicik. Onunla göz hizasında olmayı seviyorum.
line:b9ce2f3c	He's... Considerate. Real understanding too.	O... Düşünceli. Gerçekten anlayışlı da.
line:8e9e0f98	Heard about you and the big blue guy. Ryan was it?	Seninle o koca mavi oğlanı duydum. Ryan mıydı?
line:ca4a9672	Heeeey Ryan.	Heeey, Ryan.
line:24ce37ec	Heeeey.	Heeey.
line:bb70c1ed	Heh. Yeah.	Heh. Evet.
line:3fa80829	Heh. Yeah. I like you too.	Heh. Evet. Ben de senden hoşlanıyorum.
line:20393ff6	Heh. Yeah. That's me.	Heh. Evet, benim.
line:ac769d93	heh.. yea.. sorry..	Heh... Evet... Kusura bakma...
line:5246ceea	Heh... alright.	Heh... Tamam.
line:75fef5cb	Heh... Damn right.	Heh... Aynen öyle.
line:5f0edcb2	Heh... Handsy today, huh?	Heh... Bugün ellerin pek yerinde durmuyor, ha?
line:2f55b3aa	Hehe	Hehe.
line:7e991330	Hehe yeah.	Hehe, evet.
line:3223473f	Hehe, I'm excited to get into the dating scene again.	Hehe, yeniden birileriyle çıkmaya başlamak için heyecanlıyım.
line:4a137220	Hehe, thanks. It has stuff that should be good for both of us.	Hehe, sağ ol. İkimize de uygun şeyler var.
line:1a3e2a73	Hell yea	Siktir, evet.
line:93f67490	Hell yeah	Siktir, evet.
line:389e4033	Hell yeah I did!	Hem de nasıl!
line:17dbb9b7	Hell yeah.	Siktir, evet.
line:4b7b33d9	Hello!	Merhaba!
line:c3d3da41	Hello!	Merhaba!
line:4183ca7e	Hello, <i>'Drag'n wash franchise 223'...</i> Have you figured out how to interact yet?	Merhaba, <i>«Drag'n'wash 223 numaralı bayisi»...</i> Nasıl etkileşime gireceğini öğrendin mi?
line:a99c515c	Hello, <i>'Drag'n wash franchise 223'...</i> Have you spoken to your first customer yet?	Merhaba, <i>«Drag'n'wash 223 numaralı bayisi»...</i> İlk müşterinle konuştun mu?
line:b7cce838	Hello.	Merhaba.
line:a8779ebf	Hello?	Kimse var mı?
line:dd4b34ae	Hello?	Kimse var mı?
line:1954aab7	Help the developers out please..	Lütfen geliştiricilere haber verin...
line:db9c3a5c	Help the developers out please..	Lütfen geliştiricilere haber verin...
line:f7f7f5a1	Help the developers out please..	Lütfen geliştiricilere haber verin...
line:fc461784	Help the developers out please..	Lütfen geliştiricilere haber verin...
line:ee3398a6	Hey big guy.	Hey, koca oğlan.
line:0090c7b0	Hey Conrad!	Hey, Conrad!
line:3d0a5aeb	Hey Conrad!	Hey, Conrad!
line:a2b4acea	Hey conrad!	Merhaba, Conrad!
line:975a629f	Hey Conrad.	Hey, Conrad.
line:21235886	Hey could you come up front where I can see you?	Hey, seni görebileyim diye önüme gelir misin?
line:533532c4	Hey fine by me!	Hey, bana uyar!
line:1538bc7e	Hey good lookin'	Hey, yakışıklı.
line:0121c874	Hey hey. Glad you're open.	Hey, hey. İyi ki açıksın.
line:71b651dd	Hey I have something to say!	Hey, bir şey söyleyeceğim!
line:0d4e0ecf	Hey kobold!	Hey, kobold!
line:af3f02c9	Hey Ryan, what do you have there?	Hey, Ryan, orada ne var?
line:6374414d	Hey thanks for being here for me...	Hey, yanımda olduğun için sağ ol...
line:bf5ff483	Hey there, happy to be back.	Merhaba, tekrar burada olmak güzel.
line:c38b7fa6	Hey there, Ryan!	Hey, Ryan!
line:2d5fc8a2	Hey there- Maybe you can get 'hands on' later?	Hey... Belki «elini işe» daha sonra atarsın?
line:1b6c7f75	Hey there.	Merhaba.
line:5dacf226	Hey there.	Merhaba.
line:82698bd1	Hey there.	Merhaba.
line:ab3a5d9c	Hey there.	Selam.
line:3d2bc74e	Hey uh, do you think Ryan and I will <i>actually</i> work out?	Hey, şey... Sence Ryan'la ben <i>gerçekten</i> yürütebilir miyiz?
line:04501155	Hey uh, I just need a cleaning.	Hey, şey... Sadece temizlenmem gerekiyor.
line:2a29842a	Hey uh... Not now.	Hey, şey... Şimdi değil.
line:8caa3196	Hey uhm, thanks once again.	Hey, şey... Tekrar sağ ol.
line:5c7a9105	Hey!	Hey!
line:eed2cc64	Hey!	Hey!
line:2f3f5508	Hey! He's just... 'vertically challenged'.	Hey! O sadece... «dikey açıdan dezavantajlı».
line:55bb78d1	Hey! I'm here for a wash.	Merhaba! Yıkanmaya geldim.
line:33480903	Hey, Alexander!	Merhaba, Alexander!
line:21fcef4f	Hey, Alexander.	Merhaba, Alexander.
line:14598ca6	Hey, big guy!	Hey, koca oğlan!
line:e7353d24	Hey, I've got a question for you.	Hey, sana bir sorum var.
line:674877e5	Hey, nothin' wrong with asking!	Hey, sormakta bir sorun yok!
line:d2589856	Hey, welcome back!	Merhaba, tekrar hoş geldiniz!
line:0d3e4054	Hey.	Hey.
line:aa0dda7b	Hey.	Hey.
line:7f2e2736	Hey... little guy!	Hey... ufaklık!
line:933efa6d	Hi again!	Yine merhaba!
line:873a2b9a	Hi again..	Yine merhaba...
line:83ac5b68	Hi Conrad.	Merhaba, Conrad.
line:050efd1a	Hi, Ryan!	Merhaba, Ryan!
line:06ed6aea	Hiiiii! Hiii!	Merhabaaa! Merhaba!
line:5a632b75	His physical form is currently reconstituting in the staff lounge.	Bedeni şu anda öğretmenler odasında yeniden oluşuyor.
line:6bd91ca7	Hm, I think I'll pass on the mount.	Hım, sanırım çiftleşme sehpasını pas geçeceğim.
line:370d719b	Hm?	Hım?
line:3c3ddd0c	Hm?	Hım?
line:44658d73	Hmm...	Hım...
line:bf059ff3	Hmm...	Hım...
line:730b1ca4	Hmm?	Hım?
line:fc571337	Hmmm, maybe something else?	Hım, başka bir şey olsa?
line:19207e44	Hold on a little longer for me?	Benim için biraz daha dayanır mısınız?
line:f2ae89c4	Honestly, I'm surprised how nice this is.	Açıkçası bu kadar hoş olmasına şaşırdım.
line:a2ff0176	Hope it went well.	Umarım iyi geçmiştir.
line:b17360a0	Hope that's alright?	Umarım sakıncası yoktur?
line:ae08853f	Hope you're doing alright!	Umarım iyisinizdir!
line:e1fa2461	Hopefully! I'll go get the gate.	Umarım! Gidip kapıyı açayım.
line:99931b37	Hopefully.	Umarım.
line:d9c91bca	How about you though? have you been seeing anyone?	Peki ya sen? Görüştüğün biri var mı?
line:4ec92454	How about you? Anyone exciting?	Peki ya sen? İlginç biri var mı?
line:86bde306	How are you with seafood?	Deniz ürünleriyle aran nasıl?
line:7fb611c9	How come you brought this all in?	Bunları neden getirdin?
line:af0d0972	How come you're covered in ink?	Neden her yeriniz mürekkep?
line:e385b7f3	How did it go?	Nasıl geçti?
line:c0161bbc	How did it taste?	Tadı nasıldı?
line:262b262e	how do I get in?	İçeri nasıl gireceğim?
line:676b0638	how do I get in?	İçeri nasıl gireceğim?
line:8308bb09	How do I look?	Nasıl görünüyorum?
line:4f172746	How do you even digest that?	Bunu nasıl sindiriyorsun ki?
line:28d390ac	How so?	Ne açıdan?
line:4ef9fe65	How so?	Ne açıdan?
line:ea66b5af	How so?	Ne açıdan?
line:4b29790b	How was the sex.	Seks nasıldı?
line:7736270c	How was your date with Conrad?	Conrad'la randevun nasıl geçti?
line:18d418ab	However, it's ornamental! My family crest. You see...	Ama aslında bir süs! Aile armam. Bakın...
line:1f250062	However, My <i>image</i> is far more permanent than Igwyx's fleeting physical forms.	Ancak <i>imajım</i>, Igwyx'in gelip geçici bedenlerinden çok daha kalıcı.
line:ae34381b	However, that respect comes with an expectation to act as I look. It's incredibly stressful.	Ama o saygı, görünüşüme uygun davranmam beklentisini getiriyor. İnanılmaz bir baskı.
line:d2baf9e2	However...	Ancak...
line:fb8401c3	Huff...	Uff...
line:b54ee04d	huff... Thank you for that.	Uff... Bunun için teşekkür ederim.
line:16420ca7	Huff... Thanks for that.	Uff... Bunun için sağ ol.
line:45507089	Huff... That was nice... Made a bit of a mess though.	Uff... Güzeldi... Ama biraz etrafı kirlettim.
line:ae83cfb6	huh...?	Ha...?
line:0c78b56b	Huh?	Ha?
line:e96114a2	Huh? ofcourse not!	Ha? Tabii ki değildi!
line:836c079c	I <i>think </i> I must've spilled an inkwell <i>on the way here</i>. Rather clumsy of me!	<i>Sanırım </i> <i>buraya gelirken</i> bir mürekkep hokkası devirdim. Ne büyük sakarlık!
line:d37175c7	I act tough but am a small dragon...	Sert davranıyorum ama küçük bir ejderhayım...
line:b4e27683	I agree	Katılıyorum.
line:68ebf07b	I allowed him, as my stature provides ample height.	İzin verdim, çünkü cüssem ona yeterli yüksekliği sağlıyor.
line:a051821a	I already feel a lot better.	Şimdiden çok daha iyiyim.
line:49bfbfbe	I already have spot at the club reserved.	Kulüpte yerimizi ayırttım bile.
line:14ff4edd	I always do~	Ben hep öyleyim~
line:b05c6259	I always look forward to seeing you. I'll go get the gate.	Seni her zaman görmek isterim. Gidip kapıyı açayım.
line:52bf5ede	I am THE kobold. Yip!	O kobold BENİM. Yip!
line:141c006f	I am too.	Ben de öyleyim.
line:363f6f6a	I am too.	Ben de öyleyim.
line:405b9622	I am too.	Ben de öyleyim.
line:d4c5faea	I am too.	Ben de öyleyim.
line:556897bf	I am! Even better now that you're here.	İyiyim! Siz gelince daha da iyi oldum.
line:e499b2cc	I am.	Mutluyum.
line:5ec8bb55	I believe that's in part because of you.	Sanırım bunda sizin de payınız var.
line:9883786d	I booked the night.	Gece için ayırttım.
line:eae85bf9	I broke up with my partner...	Sevgilimden ayrıldım...
line:ffcfee20	I brought watermelon, bread, grapes, and some other stuff.	Karpuz, ekmek, üzüm ve birkaç şey daha getirdim.
line:e8aa18f4	I can digest pretty much anything.	Neredeyse her şeyi sindirebilirim.
line:7f543c2a	I can let loose whenever you are ready	Sen hazır olduğunda kendimi bırakabilirim.
line:c83a6a0d	I can't believe Igwix would make a mistake like this!	Igwix'in böyle bir hata yapmasına inanamıyorum!
line:e051a79e	I consider you a good friend too	Ben de seni iyi bir arkadaşım olarak görüyorum.
line:f382336f	I could get us the <i>nicest</i> spots for their show.	Gösteri için bize <i>en güzel</i> yerleri ayarlayabilirim.
line:2602b8c6	I could use a wash.	Bir yıkansam iyi olur.
line:c66153d3	I couldn't help but notice the... device over there.	Şuradaki... aleti fark etmeden edemedim.
line:b71f0756	I decided to try baking.	Fırında bir şeyler pişirmeyi denemeye karar verdim.
line:e62b989c	I decided to try baking.	Fırında bir şeyler pişirmeyi denemeye karar verdim.
line:efea7148	I decided to try baking.	Fırında bir şeyler pişirmeyi denemeye karar verdim.
line:98f800d3	I didn't know anyone could like me that much so easily.	Birinin beni bu kadar kolay bu kadar çok sevebileceğini bilmiyordum.
line:4116f001	I didn't know what the button did.	Düğmenin ne yaptığını bilmiyordum.
line:7a5c7f54	I didn't mean to fluster you!	Seni utandırmak istememiştim!
line:55542a9b	I do enjoy the color. Though I believe its unrelated to my own hue.	Rengi seviyorum, fakat bunun kendi rengimle ilgili olduğunu sanmıyorum.
line:f9c800f2	I do!	Buluyorum!
line:ad9c1ada	I do. But, what happened?	Var. Ama ne oldu?
line:a45ccf3a	I don't believe I can hold back any longer	Daha fazla dayanabileceğimi sanmıyorum.
line:8c6e1cd3	I don't get it! Why do I have to act this way?	Anlamıyorum! Neden böyle davranmak zorundayım?
line:cc4e48a3	I don't know where they went but I feel dirty again.	Nereye gittiğini bilmiyorum ama yine kirli hissediyorum.
line:71127249	I don't mean to be rude, but I must decline	Kaba olmak istemem ama reddetmeliyim.
line:f5696cc4	I don't need to tell you.	Sana söylemek zorunda değilim.
line:878fc94c	I don't understand..	Anlamıyorum...
line:4f3d31f8	I don't want your pitty!	Acımanı istemiyorum!
line:8fc36ab7	I enjoy being a part of so many individuals lives in a positive way.	Bu kadar çok kişinin hayatına olumlu katkıda bulunmayı seviyorum.
line:14653182	I enjoy parts of it. The respect is pleasant...	Bazı yanlarını seviyorum. Saygı görmek hoş...
line:bd4bb1b9	I enjoy that I do not fear failure around you.	Sizin yanınızda başarısızlıktan korkmamayı seviyorum.
line:c108ed4f	I enjoy when you tell me what to do with a pat of your hand.	Elinizle hafifçe dokunup ne yapmam gerektiğini söylemeniz hoşuma gidiyor.
line:6db406b4	I enjoyed this quite a lot.	Bundan çok keyif aldım.
line:e838533b	I feel as I could say anything to you.	Size her şeyi söyleyebilirmişim gibi hissediyorum.
line:9b9567ec	I feel much better.	Çok daha iyi hissediyorum.
line:ed6be68f	I feel spotless as always.	Her zamanki gibi tertemiz hissediyorum.
line:938be2fb	I forget the ignorance of a layman. I apologize.	Bu işlerden anlamayanların bilgisizliğini unutuyorum. Özür dilerim.
line:63837f22	I forgot to bite into it so... Nothing?	Isırmayı unuttum, yani... Tadı yoktu?
line:fe3484ea	I get how you'd feel that way after a breakup, yeah.	Ayrılıktan sonra neden böyle hissettiğini anlıyorum, evet.
line:adf1550f	I give my other bipedal friends rides all the time.	Diğer iki ayaklı arkadaşlarımı hep gezdiririm.
line:9a68366f	I got a mount.	Bir çiftleşme sehpası aldım.
line:78a54cae	I got back home a bit dirty. And she yelled at me.	Eve biraz kirli döndüm. O da bana bağırdı.
line:22a9094a	I guess so!	Sanırım öyle!
line:28d6c0aa	I hate that I'm always getting into situations like this.	Sürekli böyle durumlara düşmekten nefret ediyorum.
line:366a7f73	I have a question.	Bir sorum var.
line:82b63c18	I have something to say!	Söyleyecek bir şeyim var!
line:fd68807c	I have to say, you did as good a job as private washers.	Söylemeliyim ki özel yıkayıcılar kadar iyi iş çıkardınız.
line:761f413a	I heard a loud bang	Büyük bir patlama duydum.
line:9d7cc63c	I heard a loud bang, I don't think Igwix made it.	Büyük bir patlama duydum. Sanırım Igwix kurtulamadı.
line:7ede5030	I heard there was kobolds down here that could wash me up?	Aşağıda beni yıkayabilecek koboldlar olduğunu duydum?
line:efb2d4af	I heard there were kobolds down here that could wash me up?	Buralarda beni yıkayabilecek koboldlar olduğunu duydum?
line:2f9b499a	I honestly don't know how you are doing that.	Bunu nasıl yaptığını gerçekten bilmiyorum.
line:6f5dbc90	I hope he's okay too.	Ben de iyi olmasını umuyorum.
line:cd0197ed	I hope I can learn from that.	Umarım senden bir şeyler öğrenebilirim.
line:cf50dbcc	I hope it all works out.	Umarım her şey yolunda gider.
line:b2dfad3e	I hope so.	Umarım.
line:0477b0d7	I hope so. I really want a fresh start with someone.	Umarım. Biriyle yeni bir başlangıç yapmayı gerçekten istiyorum.
line:7429dab7	I hope that you'll help me prove them wrong!	umarım yanıldığını göstermeme yardım edersin!
line:be5feb3e	I hope things get better.	Umarım her şey düzelir.
line:114ac9a0	I hope you're right.	Umarım haklısındır.
line:06744c7e	I just don't like that she takes it out on me.	Sadece acısını benden çıkarmasını sevmiyorum.
line:1fb02179	I just don't like that she takes it out on me.	Sadece acısını benden çıkarmasını sevmiyorum.
line:c8a1e7d0	I Just need a quick wash... Maybe the mount would be nice too.	Hızlıca yıkanmam lazım... Belki sehpa da iyi olur.
line:95ff1bed	I just wish for you to ask me a question. Any question.	Sadece bana bir soru sormanızı istiyorum. Herhangi bir soru.
line:f716a163	I knew you were too busy, so I figured I'd bring the date to you!	Çok meşgul olduğunu biliyordum, ben de randevuyu sana getireyim dedim!
line:2461773d	I knew you'd have my back	Arkamda duracağını biliyordum.
line:6a671440	I know a decent equine-kin place by the pier.	İskelenin yanında at halkına ait güzel bir restoran biliyorum.
line:50102b85	I know he can be a bit hot headed and forget to thank folks.	Biraz çabuk parlayıp insanlara teşekkür etmeyi unutabildiğini biliyorum.
line:83c55e2e	I know things can be tough.	Bazen zor olabildiğini biliyorum.
line:2ffb026d	I know you need to close down shop. I'll make sure you get the address and we can meet up there, yeah?	Dükkânı kapatman gerektiğini biliyorum. Adresi sana veririm, orada buluşuruz, olur mu?
line:ded99a0c	I know, I'll reserve your spot!	Biliyorum, sana yer ayıracağım!
line:59e503b2	I know. But the ability to open up to someone, even occasionally-	Biliyorum. Ama birine açılabilmek, ara sıra bile olsa...
line:d30ffec9	I know. I know I shouldn't be dumping this on you.	Biliyorum. Bunları sana yüklememem gerektiğini biliyorum.
line:875048ca	I know. I know.	Biliyorum. Biliyorum.
line:7b59e4d6	I like how sure of yourself you are. Even if it just has to do with washing.	Kendinizden bu kadar emin olmanızı seviyorum. Yalnızca yıkamayla ilgili olsa bile.
line:46061aae	I like it! I think you'd enjoy it too.	Ben seviyorum! Bence sen de seversin.
line:f4ad8ea6	I like taking care of you.	Ben de size bakmayı seviyorum.
line:8ffedb47	I like the mount you chose. Mind grabbing it?	Seçtiğin sehpayı sevdim. Getirir misin?
line:5c86951f	I like you a lot.	Senden çok hoşlanıyorum.
line:a91980fc	I like you for who you are.	Sizi olduğunuz kişi için seviyorum.
line:bdca3e1b	I like... him.	Ben... onu seviyorum.
line:2b65bf83	I love bubbles, they tickle!	Köpükleri seviyorum, gıdıklıyorlar!
line:f8a4f404	I mean it. Really.	Ciddiyim. Gerçekten.
line:ae719afc	I need to be better. I <i>want </i>to be better.	Daha iyi biri olmalıyım. Daha iyi biri olmak <i>istiyorum.</i>
line:a0373456	I need to be spotless. Seems that's what you're for. <size=70%> Ha.	Pırıl pırıl olmam lazım. Sen de bunun için buradasın herhâlde. <size=70%> Hah.
line:3da2dd1d	I never expected myself to confide such embarrassing things in someone.	Bu kadar utanç verici şeyleri birine anlatacağım hiç aklıma gelmezdi.
line:0c986dec	I never expected you to be the type to be so messy!	Sizin bu kadar sakar biri olacağınızı düşünmezdim!
line:95db900b	I never miss a spot.	Hiçbir yeri atlamam.
line:d620d41a	I never thought someone like him would be my type...	Onun gibi birinin benim tipim olacağını hiç düşünmezdim...
line:67592de1	I probably need to head out though.	Ama artık gitmem gerek.
line:e41c6dc5	I really do hope it all works out!	Gerçekten her şeyin yolunda gitmesini umuyorum!
line:a722aada	I really think it was this time...	Bu sefer gerçekten benim suçumdu sanırım...
line:e80e5edd	I see what you're doing, thank you.	Ne yaptığınızı anlıyorum. Teşekkür ederim.
line:cc6ec337	I see..	Anlıyorum...
line:d57520b1	I seem to have gotten myself covered in ink!	Görünüşe göre kendimi mürekkebe bulamışım!
line:3b161cf3	I still need more!	Hâlâ daha fazlasına ihtiyacım var!
line:47dc71f3	I suppose I understand disliking the mess it may cause.	Yarattığı pislikten hoşlanmamanızı anlayabiliyorum.
line:234ccfda	I suppose it depends on the circumstances.	Sanırım koşullara bağlı.
line:910706c0	I think a movie could be fun!	Bir film eğlenceli olabilir!
line:99bbb171	I think he was in a bad environment. He's doing better now.	Sanırım kötü bir ortamdaydı. Şimdi daha iyi.
line:9247b7a0	I think he'd like the new you!	Bence yeni hâlini sever!
line:f4982dcd	I think he's got a crush on me.	Sanırım benden hoşlanıyor.
line:fc6fdd10	I think I can still feel some explosion grime on me...	Sanırım üstümde hâlâ patlamadan kalan biraz kir var...
line:4efc873f	I think I like being taken care of?	Sanırım bana bakılmasını seviyorum?
line:f5d36d9a	I think I might be close..	Sanırım yaklaştım...
line:52fc4e08	I think I'd like that!	Sanırım hoşuma gider!
line:5c78099a	I think I'd like to meet him!	Onunla tanışmak isterim!
line:14e0edf6	I think I'd like to try!	Denemek isterim!
line:164df75a	I think I'd like to use it?	Sanırım kullanmak isterim?
line:4f6168aa	I think I'd like to use it?	Sanırım kullanmak isterim?
line:ab314624	I think I'd like to?	Sanırım isterim?
line:170c6aa3	I think I'd like you to be that someone aswell.	Ben de o kişinin sen olmanı isterim.
line:8f46bb17	I think I've got it!	Sanırım öğrendim!
line:a5e128e0	I think she's upset about something else...	Sanırım başka bir şeye kızgın...
line:bc2545e7	I think she's upset about something else...	Sanırım başka bir şeye kızgın...
line:335c5156	I think so!	Bence öyle!
line:3292625e	I think that would make a decent place! They put on good shows every night.	Orası iyi olabilir! Her gece güzel gösteriler yapıyorlar.
line:eaafe671	I think you got every spot!	Sanırım her yeri temizledin!
line:1760e5d5	I think you got every spot.	Sanırım her yeri temizledin.
line:341175f7	I think you got every spot.	Sanırım her yeri temizledin.
line:770e7473	I think you got every spot.	Sanırım her yeri temizledin.
line:f4a8f7fc	I think you helped him a lot more than you realize.	Bence ona fark ettiğinden çok daha fazla yardım ettin.
line:f28fd15d	I think you missed a few spots still...	Sanırım hâlâ birkaç yeri atladın...
line:77509e74	I think you're cool too. Self improvement is hard.	Bence sen de iyisin. İnsanın kendini geliştirmesi zor.
line:763c6a82	I think you're good looking.	Bence iyi görünüyorsunuz.
line:69e7dbb3	I think you're pretty cool, Conrad.	Bence gayet havalısın, Conrad.
line:9c393f61	I think you're special too.	Bence sen de özelsin.
line:7d5ae3b4	I usually make do with a hose down at home...	Ben genelde evde hortumla idare ederim...
line:c4fc9b28	I wanna talk face to face!	Yüz yüze konuşmak istiyorum!
line:548dc375	I want to be more open. It feels good.	Daha açık olmak istiyorum. İyi hissettiriyor.
line:e02f464d	I was helping the alchemist reach a high shelf	Simyacının yüksek bir rafa ulaşmasına yardım ediyordum.
line:fa97376e	I was helping the alchemist reach a high shelf	Simyacının yüksek bir rafa ulaşmasına yardım ediyordum.
line:bb015b1b	I was romping around the forest	Ormanda koşturuyordum.
line:78e2cb13	I was thinking about what you said,	Söylediğin şeyi düşünüyordum,
line:b8282714	I was thinking.	Düşünüyordum da.
line:ca616238	I was thinking. We could go out some time next week?	Düşündüm de... Gelecek hafta bir gün dışarı çıkabiliriz?
line:a13d76ec	I was thinking...	Düşünüyordum da...
line:c1a4edf0	I wasn't making her happy either.	O da benimle mutlu değildi.
line:a4214fe6	I went out of my way for a discrete washing, I was sure I wasn't followed.	Gizlice yıkanabilmek için onca zahmete girdim. Takip edilmediğimden emindim.
line:db5cd152	I went out with some friends.	Arkadaşlarla dışarı çıktım.
line:b6b9dc33	I will pay double. Triple- This is a job only you can do!	İki katını öderim. Üç katını... Bu işi yalnızca siz yapabilirsiniz!
line:0c31345e	I will, thanks.	Gelirim, sağ ol.
line:fa41daf4	I will. I just need a quick wash, and wouldn't mind using the mount today.	Anlatırım. Sadece hızlıca yıkanmam lazım. Bugün sehpayı da kullanmak isterim.
line:399457b7	I wish it was easy as it is in movies.	Keşke filmlerdeki kadar kolay olsa.
line:2185f08c	I won't.	Anlatmam.
line:45950848	I would like that!	Çok hoşuma gider!
line:099ec7fd	I would love to.	Çok isterim.
line:e6006cd6	I wouldn't mind!	Ben isterim!
line:81905be1	I'd like to go out to eat.	Dışarıda yemek yemek isterim.
line:75b152eb	I'd love to talk more, truly, but class is soon.	Sohbeti sürdürmeyi gerçekten isterdim ama ders başlamak üzere.
line:2fe8a558	I'd love to!	Çok isterim!
line:87ba56cc	I'll be back again, yeah?	Yine gelirim, olur mu?
line:ca035ef2	I'll be back again. It's nice having you as a friend.	Yine geleceğim. Sizin gibi bir arkadaşım olması güzel.
line:0fcd9c26	I'll be back soon, yeah? Thanks for the wash.	Yakında yine gelirim, olur mu? Yıkama için teşekkür ederim.
line:d9f422eb	I'll be waiting at the bar for you tonight!	Bu gece barda seni bekleyeceğim!
line:69dff2ec	I'll be waiting for the gate!	Kapıyı bekliyorum!
line:ae4d09f6	I'll be waiting for the gate!	Kapıyı bekliyorum!
line:ab616aac	I'll definitely keep this place in mind.	Burayı kesinlikle aklımda tutacağım.
line:b122441b	I'll get one ordered I promise!	Bir tane sipariş edeceğim, söz!
line:1642b6f1	I'll get out of your scales now. Thank you for the wash.	Şimdi sizi işinizle baş başa bırakayım. Yıkama için teşekkür ederim.
line:707d2693	I'll get out of your scales...	Seni meşgul etmeyeyim...
line:ca480eed	I'll get you two in contact then.	O zaman sizi tanıştırayım.
line:59416000	I'll go get the gate for ya'	Gidip sana kapıyı açayım.
line:6aa7ad03	I'll go get the gate for ya'	Gidip sana kapıyı açayım.
line:2a6d7e7d	I'll go get the gate for you.	Gidip sana kapıyı açayım.
line:8107858d	I'll go get the gate for you.	Gidip size kapıyı açayım.
line:d1755010	I'll go get the gate for you.	Gidip sana kapıyı açayım.
line:4d692a01	I'll go get the gate.	Gidip kapıyı açayım.
line:a75bb519	I'll go get the gate.	Gidip kapıyı açayım.
line:8689a124	I'll happily get that for you.	Memnuniyetle getiririm.
line:48e99d7b	I'll have to close up shop first-	Önce dükkânı kapatmam lazım...
line:f2b894e2	I'll have to reserve your spot while you close up.	Sen kapatırken yerini ayırtmam lazım.
line:6c5e2459	I'll keep that in mind. I'm used to things being transactional.	Bunu aklımda tutacağım. Her şeyin bir alışveriş olmasına alışmışım.
line:956a0f47	I'll make sure to ask him next time I see him.	Bir dahaki görüşümde mutlaka sorarım.
line:e64d21e4	I'll make sure to come back.	Mutlaka tekrar geleceğim.
line:7c9fe106	I'll make sure to get out of your scales.	Seni daha fazla oyalamayayım.
line:87006442	I'll make sure to tell others about this place	Burayı başkalarına da anlatacağım.
line:1db78e06	I'll make sure to tell you how it goes, yeah?	Nasıl gittiğini mutlaka anlatırım, tamam mı?
line:49b6a167	I'll make sure you're <i>spotless.	Seni <i>tertemiz yapacağım.
line:96981b61	I'll manage.	Bir şekilde atlatırım.
line:9aa97614	I'll need this to be swift, students won't teach themselves.	Çabuk olması gerekiyor. Öğrenciler kendi kendilerine ders anlatamaz.
line:9ef857c8	I'll need to resurrect Igwix, oh how embarrassing!	Igwix'i diriltmem gerekecek. Ne utanç verici!
line:90a9a98e	I'll see you next time I come in, yeah?	Bir dahaki gelişimde görüşürüz, olur mu?
line:d0f6a49a	I'll see you next time I come in, yeah?	Bir dahaki gelişimde görüşürüz, olur mu?
line:160bf40f	I'll start prepping for it.	Hazırlıklara başlayacağım.
line:8af64cb8	I'll take care of this, don't you worry.	Ben hallederim, sen merak etme.
line:e20c6391	I'll tell you in a bit. Could you just get the gate for now?	Birazdan anlatırım. Şimdilik kapıyı açar mısın?
line:04c62f9b	I'm <i>spotless</i>.	<i>Tertemizim</i>.
line:629f8cff	I'm a bit of a big deal around there.	Orada biraz tanınırım.
line:d9272031	I'm a dragon.	Ben ejderhayım.
line:675e7284	I'm a rule breaker!	Ben kuralları çiğnerim!
line:afcd5586	I'm a... kobold.	Ben... koboldum.
line:5d41b5d6	I'm all dirty still!	Hâlâ her yerim kirli!
line:2f6eb3c3	I'm all soapy still!	Hâlâ her yerim sabunlu!
line:18707b19	I'm always happy to give you a wash!	Seni yıkamak beni her zaman mutlu eder!
line:3b01eb3b	I'm always happy to give you a wash!	Seni yıkamak beni her zaman mutlu eder!
line:d82b1a7d	I'm always happy to help. <i><size=70%> especially a big dragon.	Yardım etmekten her zaman mutluluk duyarım. <i><size=70%>Hele koca bir ejderhaya.
line:46c6a3ed	I'm always happy to see you Ryan.	Seni görmek her zaman güzel, Ryan.
line:75206eee	I'm always happy to see you Ryan.	Seni görmek her zaman güzel, Ryan.
line:fa6e232e	I'm always happy to see you. I'll go get the gate for you.	Sizi görmekten her zaman mutluyum. Size kapıyı açayım.
line:07e5fc05	I'm amazed!	Çok etkilendim!
line:4586d55d	I'm an asshole. I know I am.	Ben götün tekiyim. Biliyorum.
line:a6d46685	I'm certain he also finds you pleasant!	Onun da sizi hoş bulduğuna eminim!
line:ef399e26	I'm doing good!	İyiyim!
line:a6c1f2f4	I'm excited for you!	Senin adına heyecanlandım!
line:94fbdbf0	I'm excited for you. I'll get the gate!	Senin adına heyecanlıyım. Kapıyı açayım!
line:f83e4966	I'm excited to hear about it!	Dinlemek için sabırsızlanıyorum!
line:bd55b8f4	I'm excited to see them washing down the drain though.	Ama giderden akıp gittiklerini görmek için de sabırsızlanıyorum.
line:24832f01	I'm excited.	Heyecanlıyım.
line:69f406a6	I'm excited.	Heyecanlıyım.
line:a00f681d	I'm excited.	Heyecanlıyım.
line:a0479425	I'm excited.	Heyecanlıyım.
line:b5d7d26f	I'm excited.	Heyecanlıyım.
line:d66b9155	I'm excited.	Heyecanlıyım.
line:4e1b1d0a	I'm glad you derive enjoyment from this as well.	Sizin de bundan keyif almanıza sevindim.
line:5db47405	I'm glad you enjoy him. I'm certain he finds you pleasant.	Onunla mutlu olmanıza sevindim. Eminim o da sizi hoş buluyordur.
line:c56ee060	I'm glad you enjoy my crest.	Armamı beğenmenize sevindim.
line:f44a1493	I'm glad you trust me.	Bana güvenmenize sevindim.
line:3a2ed5ef	I'm glad you two are working out though.	Yine de aranızın iyi gitmesine sevindim.
line:c0972e81	I'm glad you two are working out.	Aranızın iyi gitmesine sevindim.
line:34ba77b1	I'm glad you were able to make the choice that was best for you.	Kendin için en iyi kararı verebildiğine sevindim.
line:d5a90e1c	I'm glad!	Sevindim!
line:286fec49	I'm glad.	Sevindim.
line:42f5fd9d	I'm glad.	Sevindim.
line:99b6dc81	I'm glad.	Sevindim.
line:570d4953	I'm happy for you!	Senin adına sevindim!
line:ac6d5bd3	I'm happy for you!	Senin adına sevindim!
line:ed5c40ca	I'm happy for you!	Senin adına sevindim!
line:79099951	I'm happy to be here too.	Ben de burada olmaktan mutluyum.
line:99fd9b51	I'm happy to give you a place you can relax.	Size rahatlayabileceğiniz bir yer sunabildiğime sevindim.
line:5d36d5c8	I'm happy to have met you.	Sizinle tanıştığıma memnunum.
line:ce21622a	I'm happy to hear that.	Bunu duyduğuma sevindim.
line:69963a6c	I'm happy you feel comfy here.	Burada rahat olmanıza sevindim.
line:38388248	I'm here for a wash.	Yıkanmaya geldim.
line:a6974256	I'm here if you need someone to talk to.	Konuşacak birine ihtiyacın olursa buradayım.
line:6690512d	I'm impressed.	Etkilendim.
line:2e424b13	I'm in need of another wash.	Yeniden yıkanmam gerekiyor.
line:ef91a572	I'm Jealous!	Kıskandım!
line:a79b8639	I'm just happy I don't feel judged here.	Burada yargılanmadığımı hissetmek bile beni mutlu ediyor.
line:8076eb95	I'm just here for a wash though.	Ama sadece yıkanmaya geldim.
line:c2caa0b7	I'm just here to bring you food!	Sadece sana yemek getirmeye geldim!
line:ec6c7823	I'm just... Happy.	Sadece... mutluyum.
line:ed4b0d48	I'm kind of excited.	Biraz heyecanlıyım.
line:266c652e	I'm looking forward to seeing you again	Seni yeniden görmeyi iple çekiyorum.
line:e91e2041	I'm not <i>that</i> little-	<i>O kadar</i> da ufak değilim...
line:cf05a364	I'm not certain why I suddenly understand your 'Yips'	Neden birden «yip»lerinizi anlamaya başladığımı bilmiyorum.
line:dcc4774b	I'm not too sure. It was on sale at WingCo.	Pek emin değilim. WingCo'da indirimdeydi.
line:5b31909a	I'm only doing what I think is right.	Sadece doğru olduğuna inandığım şeyi yapıyorum.
line:7fe349d7	I'm profoundly embarrassed by this whole ordeal.	Bu yaşananlardan ötürü son derece mahcubum.
line:cfaffc52	I'm pumped.	İçim içime sığmıyor.
line:c0a140f8	I'm really fond of letting folks ride on my back.	İnsanları sırtımda taşımayı çok severim.
line:1a5e6184	I'm really looking forward to this.	Gerçekten sabırsızlanıyorum.
line:8b43a434	I'm really sorry you got hurt. Who did this?	Yaralanmana gerçekten üzüldüm. Bunu kim yaptı?
line:69ffe957	I'm so excited about this date!	Bu randevu için çok heyecanlıyım!
line:e6290003	I'm so excited. I'll get you two in contact!	Çok heyecanlandım. Sizi tanıştırayım!
line:e8611ad0	I'm sorry for dumping that all on you earlier.	Az önce bütün dertlerimi sana döktüğüm için özür dilerim.
line:e613b1c3	I'm sorry I snapped at you earlier.	Az önce sana çıkıştığım için özür dilerim.
line:de208e68	I'm sorry you got hurt...	Yaralanmana üzüldüm...
line:4843bb47	I'm still very muddy, if you could soap me up that'd be great.	Hâlâ çok çamurluyum. Beni sabunlarsan harika olur.
line:51d4e418	I'm such an idiot.	Tam bir aptalım.
line:32114891	I'm sure nobody will know...	Kimsenin öğrenmeyeceğine eminim...
line:17a05c96	I'm sure we'll figure something out! just meet me at the pier!	Bir şeyler buluruz! İskelede buluşalım yeter!
line:8136ef1a	I'm surprised how nice it is.	Bu kadar güzel olmasına şaşırdım.
line:722c6ab2	I'm thinking a date soon.	Yakında bir randevu olur diye düşünüyorum.
line:3471e9b1	I'm trying my best.	Elimden geleni yapıyorum.
line:01492e5e	I'm trying not to be pushy.	Baskıcı olmamaya çalışıyorum.
line:4d6cd625	I'm trying to get away from the house for a bit.	Evden biraz uzaklaşmaya çalışıyorum.
line:c1ef777a	I'm unsure why speaking with you is so easy.	Sizinle konuşmanın neden bu kadar kolay olduğunu bilmiyorum.
line:822c0718	I'm very excited.	Çok heyecanlıyım.
line:ddab3d34	I'm very satisfied with these results..	Sonuçtan çok memnunum...
line:03eb977c	I'm well aware. A deep clean has a distinct feel!	Bunun farkındayım. Derinlemesine temizliğin hissi başkadır!
line:f9193c0d	I'm willing to do it. But I'd like something new.	Uğraşmaya hazırım. Ama yeni bir şey istiyorum.
line:63981253	I'm... Happy.	Ben... mutluyum.
line:f80bd44b	I'm... not certain I'd like to use this today.	Bugün bunu... kullanmak istediğimden emin değilim.
line:d422462e	I'm... not sure I can answer that for you.	Senin adına... cevap verebileceğimden emin değilim.
line:8f107933	I'm... Rather close now	Ben... Şimdi oldukça yakınım.
line:24c52c54	I'm... wondering...	Ben... merak ediyordum...
line:6bbd7f1d	I've always hated the rain.	Yağmurdan hep nefret etmişimdir.
line:b4353808	I've always loved giving my biped friends rides...	İki ayaklı arkadaşlarımı sırtımda gezdirmeyi hep sevmişimdir...
line:9541fceb	I've been considering asking you this for a while now.	Bir süredir size bunu sormayı düşünüyordum.
line:505154a4	I've been thinking...	Düşünüyordum da...
line:58b4f5fb	I've been told it's polite to talk to smaller folk face to face.	Benden küçük kişilerle yüz yüze konuşmanın nazikçe olduğunu söylediler.
line:2c560e29	I've been trying to get into the social sciences aswell.	Sosyal bilimlere de girmeye çalışıyorum.
line:b4a29141	I've got a guy who can drop a gift by tomorrow that would spruce things up.	Bir tanıdığım var, yarın burayı canlandıracak bir hediye bırakabilir.
line:212f0021	I've had a lot of free time lately.	Son zamanlarda çok boş vaktim oldu.
line:701b9feb	I've had a lot of free time lately.	Son zamanlarda çok boş vaktim oldu.
line:79da763f	I've had a lot of free time lately.	Son zamanlarda çok boş vaktim oldu.
line:3c4443fd	I've seen bigger	Daha büyüğünü gördüm.
line:d7a90078	I...	Ben...
line:393d0e05	I... hm.	Ben... Hım.
line:0da5609b	I... Know this is unprompted.	Bunu... durup dururken söylediğimin farkındayım.
line:5cfb94b9	If a relationship is <i>so</i> bumpy and you know its going to end.	Bir ilişki <i>bu kadar</i> sorunluysa ve biteceğini biliyorsan...
line:b2f52b23	If I could uhm...	Acaba, şey...
line:b4990e3d	If I'm honest. I've had a crush on you for a bit.	Açıkçası bir süredir senden hoşlanıyorum.
line:7c13c28e	If only.	Keşke.
line:a56c5621	If someone like Ryan is interested, you're doing great.	Ryan gibi biri seninle ilgileniyorsa harika gidiyorsun.
line:52f28749	If we're caught violating another policy my reputation would be in ruins!	Bir kuralı daha çiğnediğimiz ortaya çıkarsa itibarım yerle bir olur!
line:83f511d2	If ya' place the mount for me I'll have at it.	Sehpayı yerleştirirsen hemen girişirim.
line:7ead92b1	If you could come up front so I could talk.	Konuşabileyim diye önüme gelir misin?
line:e78656aa	If you could come up to where I can see you.	Seni görebileceğim bir yere gelir misin?
line:9a013329	If you wanna talk about it more, I've got a minute.	Biraz daha konuşmak istersen vaktim var.
line:3d014153	If you want to use it that's fine!	Kullanmak istiyorsanız sorun yok!
line:a9eb9a76	if you're seeing this please grab nael or submit a bug report	Bunu görüyorsan lütfen nael'a ulaş veya bir hata bildirimi gönder.
line:b9ab4eed	Im not complaining though.	Ama şikâyetçi değilim.
line:27340362	In a bad way?	Kötü anlamda mı?
line:2019bb85	In a good way?	İyi anlamda mı?
line:91d5fb72	Incredible!	İnanılmaz!
line:61c8781b	Indeed! You're the only kobold I wish to wash me now.	Kesinlikle! Artık beni yıkamasını istediğim tek kobold sizsiniz.
line:a5979ac9	Indeed, you must know of my crest! I teach alchemy.	Evet, armamı tanımış olmalısınız! Simya dersleri veriyorum.
line:dd9d30d2	Indeed. I'm glad you were able to help.	Kesinlikle. Yardım edebilmenize sevindim.
line:fd5ddfcb	Indeed. You're an excellent person to be around.	Kesinlikle. Sizinle vakit geçirmek çok güzel.
line:78c9b5cc	Is everything okay?	Her şey yolunda mı?
line:bea8f1f7	Is something on your mind?	Aklını kurcalayan bir şey mi var?
line:6b6dd8bc	Is that a good thing...?	Bu iyi bir şey mi...?
line:848727f2	Is that a threat...?	Bu bir tehdit mi...?
line:db302830	Is that why you came in the first time?	İlk gelişinin sebebi bu muydu?
line:00e41343	Is this good?	İyi mi böyle?
line:7982d3d8	Is this the right place?	Doğru yere mi geldim?
line:c48f59a9	Is this the right place?	Doğru yere mi geldim?
line:b05f6eea	Isn't that... Wood?	Onlar... odun değil mi?
line:bf137cb4	It arrived this morning, it should be near the gate.	Bu sabah geldi. Kapının yakınında olmalı.
line:5080b6dd	It depends! Dragon thing.	Duruma göre! Ejderha işi.
line:34cf0601	It did! Thanks for asking.	İyi geçti! Sorduğun için sağ ol.
line:900dca3c	It does wonders.	Harikalar yaratıyor.
line:cfd504c5	It does wonders.	Harikalar yaratıyor.
line:ac13bf68	It is indeed rather cool.	Gerçekten de öyle.
line:ea445b46	It is rather novel isn't it?	Epey yeni bir deneyim, değil mi?
line:56d34a41	It is? Good to know...	Öyle mi? Bunu bilmek iyi oldu...
line:b058318f	It means you're doing a good job in kobold.	Kobold dilinde iyi iş çıkardığın anlamına geliyor.
line:13c906c7	It really has been. You're wonderful.	Gerçekten öyleydi. Harikasın.
line:b032bfb1	It turns out baking is messy!	Meğer insanın üstü başı bayağı kirleniyormuş!
line:da4f12a1	It turns out baking is messy!	Meğer insanın üstü başı bayağı kirleniyormuş!
line:e106207b	It turns out baking is messy!	Meğer insanın üstü başı bayağı kirleniyormuş!
line:e0c8c57b	It was good. We had sex.	İyiydi. Seks yaptık.
line:681117ec	It was great. Conrad is wild. Good wild.	Harikaydı. Conrad çılgın biri. İyi anlamda çılgın.
line:28eee9f5	It went great!	Harika geçti!
line:92bfe06c	It went great!	Harika geçti!
line:a5d2b991	It went well.	İyi geçti.
line:1ab5969b	It would be a... date. As most would say.	Bir... randevu olurdu. Çoğu kişinin dediği gibi.
line:8440a3f4	It's a regrettable state I find myself in...	Kendimi pek iç açıcı olmayan bir hâlde buldum...
line:1706e86d	It's also new to me...	Benim için de yeni...
line:c1b8e62b	It's always good when a kobold knows what they like.	Bir koboldun neyi sevdiğini bilmesi her zaman güzeldir.
line:deffce5c	It's crazy how much your neck can handle.	Boynunun bu kadarını alabilmesi inanılmaz.
line:2e182063	It's difficult to find folks that are outside of my current bubble.	Kendi çevremin dışından birilerini bulmak zor.
line:48cfc92b	It's endearing!	Çok sevimli!
line:5b6f00bd	It's fine.	Sorun yok.
line:13dc0f15	It's fine. I close in about an hour.	Sorun değil. Yaklaşık bir saate kapatıyorum.
line:23ac92c8	It's freeing. I'll be back, yeah?	Özgürleştirici. Yine gelirim, olur mu?
line:de9fdb93	It's hard to hold back..	Dayanmak zor...
line:9ebea3d0	It's hard to not be nervous after everything...	Bütün yaşananlardan sonra gerilmemek zor...
line:ec8243d8	It's interesting; you bipeds tend to savor your meals.	İlginç; siz iki ayaklılar yemeklerinizi ağır ağır tadarsınız.
line:d50cb509	It's just that something happened to Conrad, I hope he's okay.	Sadece Conrad'ın başına bir şey geldi. Umarım iyidir.
line:bee6c7dd	It's just that...	Sadece...
line:3b76093c	It's made for eating things whole.	Her şeyi bütün yutmak için var.
line:19f36dc0	It's my dream.	Benim hayalim.
line:18db795f	It's never easy to end things.	Bir ilişkiyi bitirmek hiç kolay değil.
line:049fb01f	It's nice to have friends to rely on.	Güvenebileceğin arkadaşlarının olması güzel.
line:ed69e3a1	It's nice to relinquish control, even for a moment.	Kontrolü bırakmak hoş. Bir anlığına bile olsa.
line:e9d34ea0	It's no biggie. It sounds like everyone is fine.	Önemli değil. Herkes iyi gibi görünüyor.
line:7e511da7	It's okay!	Sorun değil!
line:b14d8520	It's okay, you sound like you need it.	Sorun değil, konuşmaya ihtiyacın var gibi.
line:50b95260	It's okay. I needed to. She wasn't making me happy.	Sorun değil. Ayrılmam gerekiyordu. Onunla mutlu değildim.
line:47455767	It's okay. I'll figure something out.	Sorun değil. Bir yolunu bulurum.
line:9287c933	It's starting to feel like it's <i>my</i> fault.	Suç <i>bendeymiş</i> gibi gelmeye başladı.
line:7ab244af	It's the best way to enjoy food.	Yemeğin tadını çıkarmanın en güzel yolu.
line:0b7589ff	It's the mount you asked for.	İstediğin sehpa geldi.
line:a5780e74	It's wonderful to be back!	Tekrar burada olmak harika!
line:649e8eb3	Its a nice get away from everything out there.	Dışarıdaki her şeyden biraz uzaklaşmak iyi geliyor.
line:d0361dd9	Its like an equine fusion thing...	At mutfağıyla başka mutfakları birleştiren bir yer...
line:df86a610	Jokes aside, your wash is definitely the best.	Şaka bir yana, senin yıkaman kesinlikle en iyisi.
line:7fe40d2b	Just a rough day. Hoping this helps!	Zor bir gün geçirdim. Umarım iyi gelir!
line:ce77a00e	Just did!	Az önce konuştum!
line:7c93c604	Just doing my job!	Sadece işimi yapıyorum!
line:fa0a9fbb	Just having fun.	Sadece eğleniyordum.
line:9e9425cd	Just possibly...	Yalnızca ihtimal olarak...
line:1d73a343	Just some drake at the bar. Was stupid... Couldn't shut my mouth.	Bardaki bir ejderha işte. Aptallık ettim... Çenemi kapatamadım.
line:ecb9a15d	Just touch me with your hand and I'll try to help.	Elinle dokunman yeter, yardımcı olmaya çalışırım.
line:14209365	Just uhm... Don't tell anyone I'm saying all this.	Sadece, şey... Bunları söylediğimi kimseye anlatma.
line:3bac1dad	Just... open the gate.	Sadece... kapıyı aç.
line:4f826403	Keep going a little longer please	Lütfen biraz daha devam et.
line:087039ba	Keep going.	Devam et.
line:d8f92323	Kinda! I've been getting out more.	Sayılır! Daha çok dışarı çıkıyorum.
line:b965b4dd	Knock that off, we're not done yet. Right?	Şunu yapmayı bırak, daha bitirmedik. Değil mi?
line:d9d276bb	Kobolds always seem enamored by me eating.	Koboldlar yemek yememi izlerken hep büyüleniyor gibi.
line:0274cacd	Kobolds are very flexible. It will fit.	Koboldlar çok esnektir. Sığar.
line:20cb68b9	lemme in?	İçeri alır mıfın?
line:41d5085a	Let go whenever you are ready.	Hazır olduğunuzda bırakın.
line:29a77d09	Let me give it a try!	Bırak da deneyeyim!
line:265e14cb	Let me know when you're finished rinsing.	Durulama bitince haber verin.
line:0e1fd4b0	Let the <i>big C</i> out of this place!	<i>Büyük C</i>'yi buradan çıkar!
line:f7382398	Let's get going~!	Başlayalım~!
line:c50535b3	Let's have it!	Gelsin!
line:9accd60e	Lets wash it off for our date tonight then.	O zaman bu geceki randevumuz için yıkayalım.
line:7ce1b833	Like what?	Nasıl yani?
line:cb91e703	Like, I love those around me, but there's a lot of baggage there.	Etrafımdakileri seviyorum ama orada geçmişten gelen çok yük var.
line:aa1c54ab	Like, in general.	Genel olarak diyorum.
line:bbe51f87	Like, in general.	Genel olarak diyorum.
line:7b7b0a3f	Like, the future of my relationships.	Yani, ilişkilerimin geleceğini.
line:db79a905	Like... a lemon?	Yani... limon gibi mi?
line:ffd7dcc4	Like... An asshole? I know I'm miserable to be around.	Yani... götün teki gibi? Yanımda olmanın çekilmez olduğunu biliyorum.
line:a0a0a49c	Like... sexual stuff?	Yani... cinsel şeyler mi?
line:9becd177	Look at me! I'll be the laughing stock of my students.	Hâlime bakın! Öğrencilerimin alay konusu olacağım.
line:9711cf03	Lookin' for a hose down. Wouldn't mind using the mount aswell.	Bir güzel su tutulmasını istiyorum. Sehpayı da kullanmak fena olmaz.
line:abdb5822	Looking forward to seeing ya'	Seni görmeyi dört gözle bekliyorum.
line:5c335985	Looking forward to seeing you soon.	Sizi yakında görmeyi bekliyorum.
line:1d0abc80	Looking forward to the wash.	Yıkanmayı sabırsızlıkla bekliyorum.
line:646279a0	Looks like it.	Öyle görünüyor.
line:b6093881	Looks like ya' got a shipment, eh?	Görünüşe göre bir teslimat almışsın, ha?
line:f1fc3e3c	Luckily death via spontaneous combustion is a concept we have thoroughly curtailed in the modern world.	Neyse ki modern dünyada kendiliğinden yanarak ölme durumunu büyük ölçüde azalttık.
line:d2ba8ba9	Made a bit of a mess... Still worth it.	Biraz kirlettim... Ama değdi.
line:301e8665	Make haste! My reputation is on the line.	Çabuk olun! İtibarım tehlikede.
line:5072cc60	Make sure you're very clean. <size=70%><i>hehe.	Çok temiz olduğundan emin ol. <size=70%><i>Hehe.
line:da21cf49	Makes sense! Yeah tiny drakes are fun.	Mantıklı! Küçük ejderhalar eğlencelidir.
line:22b2643b	Makes sense.	Mantıklı.
line:e7f0e9ed	Makes sense.	Mantıklı.
line:89c9a73b	Many think it's part of my body.	Birçok kişi bedenimin bir parçası sanıyor.
line:d7bcbe29	Max says I'm a clumsy dragon,	Max sakar bir ejderha olduğumu söylüyor,
line:db986d0d	May you open the gate?	Kapıyı açabilir misiniz?
line:76a97730	Maybe later...?	Belki sonra...?
line:08a422ba	Maybe like...	Belki şöyle...
line:6f293b7a	Maybe someone new...	Belki yeni birini...
line:d2558a04	Maybe someone?	Belki de birini?
line:67a46ddc	Maybe we can hang out later?	Belki sonra birlikte takılırız?
line:5691478f	Maybe we could just... Walk?	Belki sadece... yürüyebiliriz?
line:7734bf93	Me too, thanks!	Ben de, sağ ol!
line:627a13e4	Me too.	Ben de.
line:d3c733f5	Me too.	Ben de.
line:ffa63d1b	Me too.	Ben de.
line:040ee2a7	me too.	Ben de.
line:d13cd125	Me.	Kendim olmamı.
line:14e7b293	Me?	Ben?
line:b9cb051a	Means I'm ready to go on a date with a certain kobold.	Belli bir koboldla randevuya çıkmaya hazırım demek.
line:e5da247d	Means you know how to get hands on!	Yani elini işe nasıl atacağını biliyorsun!
line:171707d2	Mhm!	Hı hı!
line:11306335	Mhm! Come back anytime.	Hı hı! İstediğin zaman gel.
line:69dd6a73	Mhm! he's trying to meet new people.	Hı hı! Yeni insanlarla tanışmaya çalışıyor.
line:da17b746	Mhm! I'm <i>the</i> kobold!	Hı hı! <i>O</i> kobold benim!
line:a0cb3f78	Mhm! that's him.	Hı hı! Ta kendisi.
line:164fdb01	Mhm, he's trying.	Hı hı, çabalıyor.
line:1a663dcf	Mhm, right this way.	Hı hı, bu taraftan.
line:3cd8a8bd	Mhm... Thank you.	Hı hı... Teşekkür ederim.
line:4546abce	Might seem kinda weird to ask now. Buuuut.	Şimdi sormak tuhaf gelebilir. Amaaa...
line:57d8b72a	Mind opening the gate to let me out?	Çıkmam için kapıyı açar mısın?
line:b2a507ab	Mind opening the gate to let me out?	Çıkmam için kapıyı açar mısın?
line:6d726280	Mind washing more?	Biraz daha yıkar mısın?
line:c8281b83	Mmm, I understand that to mean you'll get the gate?	Hım, bunu kapıyı açacağınız şeklinde anlıyorum?
line:dd0c77ae	Mmm, Yeah I know the type.	Hım, evet. Bu tipleri bilirim.
line:d8cafcc7	mmm..	Mmm...
line:729cea0c	Mmmhm, I always do my best.	Hı hı, hep elimden geleni yaparım.
line:f36b8b76	Mmmhm. I'll work on my sleep schedule...	Hıı hı. Uyku düzenimi düzeltmeye çalışacağım...
line:d38efb75	Mmmmhm, gotta prep for a date with him.	Hıı hı, onunla randevuma hazırlanmam lazım.
line:a78dd44b	mmph! (Yea!)	Mmf! (Evet!)
line:b132719c	Mmph- Hm?	Mmf... Hım?
line:16ee6b14	Money... mmm...	Para... Hım...
line:d8cc8048	Most people do!	Çoğu kişi sever!
line:3d723db0	Must mean you two are a good match.	Demek birbirinize uygunsunuz.
line:9ca994a5	My bad	Benim hatam.
line:aaecba3d	My bad	Benim hatam.
line:fedbf70c	My colleague, professor Igwyx, wished to use me as a platform.	Meslektaşım Profesör Igwyx, beni bir platform olarak kullanmak istedi.
line:08af3902	My date with Ryan was...	Ryan'la randevum...
line:116b5405	My date with Ryan was...	Ryan'la randevum...
line:e26c3b65	My first ever Yarn script in Unity!	Unity içindeki ilk Yarn senaryom!
line:f15b014f	My names Ryan. So...	Benim adım Ryan. Şey...
line:e4aced7b	My students could learn a thing or two from your work ethic!	Öğrencilerim sizin iş ahlakınızdan çok şey öğrenebilir!
line:dfe74420	My-	Aman...
line:9b915bf2	Nah.	Yok.
line:c3642dec	Nah.	Yok.
line:393c128a	Never cleaned a teacher dragon... woah.	Daha önce hiç öğretmen bir ejderha yıkamadım... Vay.
line:a99b03ed	Never tried it.	Hiç denemedim.
line:6df809e1	Nevermind. Could you get the gate?	Boş ver. Kapıyı açar mısın?
line:d3a50f3f	Next time I come in for a wash we'll go.	Bir dahaki yıkanmaya gelişimde gideriz.
line:ac5afd96	Next time I come in I'll have reservations!	Bir dahaki gelişimde rezervasyon yapmış olacağım!
line:8990fcc9	Nice! Whats with all the... Gloop?	Güzel! Bütün bu... yapış yapış şeyler de ne?
line:1d4b8528	Nice. Gotta open the gate though. Let Conrad in!	Güzel. Ama kapıyı açman lazım. Conrad'ı içeri al!
line:acab92d4	Nnf... I believe I needed that. Thank you.	Nnf... Sanırım buna ihtiyacım vardı. Teşekkür ederim.
line:8fe11008	Nnnf... That was way better than those berries.	Nnnf... O meyvelerden çok daha iyiydi.
line:b251704a	No	Hayır.
line:e05c2dca	No	Hayır.
line:dc86c2de	no	hayır
line:5794ea87	No amount of justification makes it feel good though.	Ama ne kadar haklı gerekçem olsa da iyi hissettirmiyor.
line:5a5ec440	No I actually just got it	Hayır, aslında yeni aldım.
line:cd5f07ca	No more excuses.	Artık bahane yok.
line:4b38230f	No need for thanks. I'll get the gate.	Teşekküre gerek yok. Kapıyı açayım.
line:11604fbd	No need to be nervous, Alexander!	Gerilmenize gerek yok, Alexander!
line:eefef647	No need to be.	Mahcup olmanıza gerek yok.
line:73ea230a	No no, you're a certified cleaner yeah?	Yok, yok. Sen belgeli bir yıkayıcısın, değil mi?
line:743c64e6	No not really.	Hayır, pek değil.
line:50feefe8	No problem!	Sorun değil!
line:1a9a36e1	No problem! Can't wait for you to meet Conrad.	Sorun değil! Conrad'la tanışmanı sabırsızlıkla bekliyorum.
line:0a9993d2	No problem, thanks!	Sorun değil, sağ ol!
line:10bdb3a4	No problem, thanks!	Sorun değil, sağ ol!
line:3a8f65fa	No problem.	Sorun değil.
line:ee3d0ee4	No problem. Let me get that gate for ya'!	Sorun değil. Kapıyı açayım!
line:eedccaec	No way.	Yok artık.
line:f0351f0c	No way.	Yok artık.
line:d726f776	No worries,	Sorun değil,
line:12b7a5b3	No! I mean, yes, but for the sake of my reputation could you please keep my incursion here to yourself.	Hayır! Yani, evet ama itibarımın iyiliği için buraya gelişimi aramızda tutabilir misiniz?
line:f7f963e3	No, I am.	Hayır, kirliyim.
line:54faa7c0	No, I don't think I do.	Yok, sanmıyorum.
line:38419d8b	No, it's not. No more excuses.	Hayır, sorun var. Artık bahane yok.
line:cd9b2a8f	No, thank you. I'm... Really excited.	Hayır, ben teşekkür ederim. Çok... heyecanlıyım.
line:1af1ad05	No, we don't offer things like that here.	Hayır, burada öyle hizmetler vermiyoruz.
line:cb7e94e5	no.	Hayır.
line:6128a09c	No. A lime that is yellow.	Hayır. Sarı renkte bir misket limonu.
line:de25dacd	No. I'm not. Do you have a medkit or not?	Hayır, değilim. İlk yardım çantan var mı, yok mu?
line:1cc64bcf	No.. No it's fine... thank you.	Hayır... Hayır, sorun değil... Sağ ol.
line:525f5744	Nope	Hayır.
line:fbd2c3e7	Nope.	Hayır.
line:5406ba8e	Normally I'd say yes to a mount. But, not right now.	Normalde sehpaya evet derdim. Ama şimdi değil.
line:ab92da6a	Not anymore at least!	En azından artık değil!
line:0cfcd179	Not for a date though.	Ama randevu için değil.
line:d1b90e2c	Not sure yet.	Henüz emin değilim.
line:e9643b5d	Not yet.	Henüz değil.
line:326cc84d	Not yet. a little longer.	Henüz değil. Biraz daha.
line:56a729f6	Nothing more attractive than a man who can improve!	Kendini geliştirebilen bir erkekten daha çekici bir şey yok!
line:b5dabf9f	Nothing more attractive than a man who can improve!	Kendini geliştirebilen bir erkekten daha çekici bir şey yok!
line:8a321997	Now I'm eyeballing the mount...	Şimdi gözümü şu sehpaya diktim...
line:5e0a6d7a	Now I'm out here, agh!	Şimdi de burada kaldım, ah!
line:564a9606	Now they'll never need to know!	Artık öğrenmelerine hiç gerek yok!
line:d66b7986	Now!	Şimdi!
line:63596bb3	Now, do you have a medkit or not?	Şimdi, ilk yardım çantan var mı, yok mu?
line:eefc4e9f	Now, lemme in! I want to try that thing out!	Şimdi beni içeri al! Şu şeyi denemek istiyorum!
line:0554966a	Now, more food?	Peki... Biraz daha yemek?
line:3fb3f8d4	Now, round two!	Şimdi ikinci tur!
line:12e6043e	Now... Food?	Peki... Yemek?
line:5f8b2de4	oah. <size=70%>okay.	Aa. <size=70%>Tamam.
line:13223129	Of course	Elbette.
line:283e56d8	Of course I am! I know I'm very...	Elbette! Çok şey olduğumu biliyorum...
line:5788e15c	Of course I do. I'm a <i>professional</i>.	Elbette biliyorum. Ben bir <i>profesyonelim</i>.
line:0b226939	Of course it is!	Tabii ki yok!
line:f21dd9d4	Of course it is!	Elbette uygun!
line:642255fc	Of course!	Elbette!
line:76f8c20c	Of course!	Elbette!
line:877aced7	Of course!	Elbette!
line:d2401e75	Of course!	Elbette!
line:f9eb2b4a	Of course! Right this way!	Elbette! Bu taraftan!
line:0d20d327	Of course! Thank you for the food.	Tabii! Yemekler için sağ ol.
line:4da976f5	Of course! You run a fine establishment.	Elbette! Çok iyi bir işletme yönetiyorsunuz.
line:b629bcf2	Of course! You're wonderful.	Elbette! Harikasınız.
line:b6c96475	Of course, you run a fine establishment.	Elbette, çok iyi bir işletme yönetiyorsunuz.
line:dd082478	Of course.	Elbette.
line:203cc3d2	Of course. One moment!	Tabii. Bir saniye!
line:fd145efe	Of course. Sorry you're going through all this.	Elbette. Bunları yaşadığına üzüldüm.
line:7305cdbc	Oh cool!	Aa, ne güzel!
line:eb6ae4c3	Oh cool!	Aa, ne güzel!
line:77c996e8	Oh damn! You really are adventurous!	Ah siktir! Gerçekten maceracıymışsın!
line:3fdb9d01	Oh fcuk something went wrong	Ah siktir, bir şeyler ters gitti.
line:9e403ecd	Oh fuck yeah.	Ah, siktir, evet.
line:13c39c50	Oh fudge, forget I said that!	Ah, kahretsin. Bunu söylediğimi unutun!
line:e722753e	Oh goodness no..	Ah, aman, hayır...
line:55e3dd36	Oh hi! um..	Aa, merhaba! Şey...
line:e8ee5747	Oh hi! um..	Aa, merhaba! Şey...
line:b90f527f	Oh huh, that's the tiny drake I saw coming in a bit back yeah?	Aa, bir süre önce gelirken gördüğüm o minik ejderha mı?
line:001ab950	Oh I heard good things about that.	Aa, onun hakkında iyi şeyler duydum.
line:0a4a28c0	Oh I see the button there, gotcha!	Aa, şurada düğmeyi gördüm. Anladım!
line:c6b0b1aa	Oh like, swallowing things whole?	Aa, her şeyi bütün yutmam mı?
line:10254d13	Oh my	Aman.
line:39f6c77d	Oh my bad	Aa, benim hatam.
line:79511a66	Oh my bad	Aa, benim hatam.
line:8cfbd75d	Oh my bad	Aa, benim hatam.
line:cb71b2a1	Oh my bad	Aa, benim hatam.
line:7d13eca0	Oh my- I didn't expect you to be so... hands on	Ah, aman... Bu kadar... dokunarak ilgileneceğinizi beklemiyordum.
line:c60c65e8	Oh my. I suppose I could use the mount!	Ah, aman. Sanırım sehpayı kullanabilirim!
line:433cb27e	Oh no! Do you want to talk about it?	Ah hayır! Konuşmak ister misin?
line:d908622a	Oh no, Conrad. are you okay?	Ah hayır, Conrad. İyi misin?
line:bf977a7e	Oh okay. I'll go grab it.	Aa, tamam. Gidip getireyim.
line:7428755b	Oh so it's new for both of us!	Aa, ikimiz için de yeni demek!
line:513bed5a	Oh so it's new to both of us!	Aa, demek ikimiz için de yeni bir şey!
line:4bad37a5	Oh that's good. I'm happy he's okay.	Aa, ne güzel. İyi olmasına sevindim.
line:7d791906	Oh this is better, but I still feel dirty.	Aa, daha iyi ama hâlâ kirli hissediyorum.
line:63926ecd	Oh we're done?	Aa, bitti mi?
line:546d1bf2	Oh wow, you're really covered in it!	Vay, gerçekten her yerinize bulaşmış!
line:b2d99a43	Oh wow..	Ah, vay...
line:e8052272	Oh yeah I liked the first one.	Aa evet, ilkini sevmiştim.
line:a4a26529	Oh yeah, there's this nice place downtown called wings.	Aa evet, merkezde Wings diye güzel bir yer var.
line:d4d3ecd5	Oh yeah.	Aa evet.
line:059142a3	Oh Yeah?	Aa, öyle mi?
line:71053a53	Oh Yeah?	Aa, öyle mi?
line:1121309c	Oh yeah?	Öyle mi?
line:2b560f59	Oh yeah?	Öyle mi?
line:2d2820b0	Oh yeah?	Öyle mi?
line:6e82e54c	Oh yeah?	Öyle mi?
line:b9d8a22f	Oh yeah?	Öyle mi?
line:d8ce8566	Oh yeah?	Öyle mi?
line:f103a4a8	Oh yeah?	Öyle mi?
line:4f6344f1	Oh yeah? He sounds like a bit of a hothead.	Öyle mi? Biraz çabuk parlıyor gibi.
line:60cdf456	Oh yeah? The little red drake?	Aa, öyle mi? Küçük kızıl ejderha mı?
line:a9253dd8	Oh yeah? The sky blue drake I've seen around?	Aa, öyle mi? Buralarda gördüğüm gök mavisi ejderha mı?
line:762882b4	Oh yeeeaaah?	Aa, öyle miii?
line:5d737ca7	Oh yes	Aa evet.
line:1c90fb6d	Oh you. Gonna make me blush.	Ah sen... Beni utandıracaksın.
line:7e3e59aa	Oh!	Aa!
line:3605a48a	Oh! I think I've seen him. The tiny one, yeah?	Aa! Sanırım gördüm. Minik olan, değil mi?
line:3bc15278	Oh! No it wouldn't be. It's fun!	Aa! Hayır, olmaz. Eğlenceli!
line:c95a153d	Oh! nothing. I'll get the gate.	Aa! Bir şey yok. Kapıyı açayım.
line:b6fb6fce	Oh! Okay. I'll get the gate!	Aa! Tamam. Kapıyı açayım!
line:4d3233a1	Oh! That's cold!	Aa! Soğuk!
line:403f2ab7	Oh! Then I better let you in. I'll go get the gate.	Aa! O zaman sizi içeri alayım. Kapıyı açayım.
line:0f2dc134	Oh! Yeah that makes sense...	Aa! Evet, mantıklı...
line:1270a483	Oh, and I apologize for being absolutely filthy.	Bu arada, bu kadar kirli olduğum için özür dilerim.
line:7b5be1f8	Oh, and I've figured it where to go.	Aa, nereye gideceğimizi de buldum.
line:52fb116d	Oh, and seems I got some on my face. woops.	Aa, yüzüme de biraz bulaşmış. Hay aksi.
line:73a37947	Oh, awesome. I'm a big salmon guy.	Aa, harika. Ben somona bayılan bir adamım.
line:74c9c07b	Oh, like... working class?	Aa, yani... işçi sınıfı gibi mi?
line:e048566b	Oh, no.	Aa, hayır.
line:1a9e6537	Oh, no. Ryan is a sweetheart.	Aa, hayır. Ryan çok tatlıdır.
line:5f6a124a	Oh, okay. Thanks.	Aa, tamam. Sağ ol.
line:17716b05	Oh, right. Sorry.	Aa, doğru. Kusura bakma.
line:82ba64bf	Oh, sorry-	Aa, pardon...
line:956e5c91	Oh, sorry.	Aa, pardon.
line:54a8bb22	Oh, sure. Come on in.	Aa, tabii. İçeri gel.
line:270276eb	Oh, that's my favorite part!	Aa, en sevdiğim kısmı o!
line:1ff9a04c	Oh, the crest around my head?	Aa, başımı çevreleyen arma mı?
line:ffed6d04	Oh, wonderful. Seem's we're similar.	Aa, harika. Benziyoruz demek.
line:30e6b801	Oh, yeah!	Aa, evet!
line:bedeee82	Oh- Eager!	Aa... Çok heveslisin!
line:38b3c8c1	Oh- I mean. I'll go open the gate!	Aa... Yani, gidip kapıyı açayım!
line:714c180e	Oh- I'm glad!	Aa... Sevindim!
line:ccf87ea9	Oh- I'm not too interested in using that right now.	Aa... Şu anda onu kullanmaya pek hevesli değilim.
line:963981e4	Oh- I'm sorry for making a mess...	Aa... Ortalığı kirlettiğim için özür dilerim...
line:8e407c6e	Oh- Not just the wash.	Aa... Yalnızca yıkama için değil.
line:ad31ec4c	Oh- Not just the wash.	Aa... Yalnızca yıkama için değil.
line:6866c2c9	Oh- Right now? 'aight I'm down.	Aa... Şimdi mi? Tamam, varım.
line:9a6dca4b	Oh- Ya. On it.	Aa... Evet. Hemen.
line:3b6d644d	Oh.	Aa.
line:4399096b	Oh.	Aa.
line:8441bf7b	Oh.	Aa.
line:87233429	Oh.	Aa.
line:e90fee8e	Oh.	Aa.
line:ebd9b4d3	Oh.	Aa.
line:8a79f72c	Oh. And one other thing.	Aa. Bir şey daha var.
line:e8289be5	Oh. good.	Aa, güzel.
line:5442e228	Oh. Okay I'll go get the gate.	Aa, tamam. Gidip kapıyı açayım.
line:0da15c85	Oh. Okay.	Aa, tamam.
line:73f7f13d	OH. RIGHT.	AA. DOĞRU.
line:c35890c8	Oh. That's... Wonderful!	Aa. Bu... Harika!
line:0ce8d5aa	Oh. Then yeah, we're open.	Aa. O zaman evet, açığız.
line:52ed140c	Oh. Uhm. <size=70%>Good.	Aa. Şey. <size=70%>İyiydi.
line:780d0993	Oh. yeah. Sorry.	Aa, evet. Kusura bakmayın.
line:7f5113d5	OH. You're not used to eating them whole.	AA. Sen onları bütün yemeye alışık değilsin.
line:45bc649d	Oh...	Aa...
line:0a093816	Oh... hah. I like that.	Aa... Hah. Hoşuma gitti.
line:f885f11d	Oh... I suppose this is alright~	Ah... Sanırım benim için sorun yok~
line:7cd85c8e	Oh... I'm so sorry.	Ah... Çok üzüldüm.
line:8cc1aa72	Oh... yeah we don't have one.	Aa... Evet, bizde yok.
line:f16d7940	Oh... Yeah, tinier dragons tend to... Compensate.	Aa... Evet, küçük ejderhalar genelde... başka yerden telafi eder.
line:1d491283	Oh?	Aa?
line:21c46e75	Oh?	Aa?
line:fd8d786a	Oh?	Aa?
line:0ce8d3c2	ohmygod I thought the egg was decorative.	Aman tanrım, yumurtayı süs sanmıştım.
line:d9b26374	Ok I can do that	Tamam, bunu yapabilirim.
line:1777121d	Ok I got this..	Tamam, dayanabilirim...
line:f3af3ce8	Ok just tell me if you get uncomfortable or anything.	Tamam, rahatsız olursan ya da başka bir şey olursa söyle.
line:6c3a98cc	Ok lets wash it off for our date tonight then.	Tamam, o zaman bu geceki randevumuz için yıkayalım.
line:7a54a1e1	Okay	Tamam.
line:f64a5b30	Okay	Tamam.
line:249500dc	Okay!	Tamam!
line:a327b5f9	Okay!	Tamam!
line:ccaabca3	Okay!	Tamam!
line:82d0ea81	Okay! I'll be back later then.	Tamam! O zaman sonra yine gelirim.
line:3deb5f55	Okay! I'll go get the gate for you.	Tamam! Gidip sana kapıyı açayım.
line:9c3d6cb7	Okay! I'll see you soon.	Tamam! Yakında görüşürüz.
line:72e0348e	Okay, bye!	Tamam, hoşça kal!
line:255362b9	Okay, Conrad.	Tamam, Conrad.
line:0d16ab28	Okay, I'll be waiting. Thanks.	Tamam, bekliyorum. Sağ ol.
line:155d1c64	Okay, I'll open the gate!	Tamam, kapıyı açayım!
line:886f5df2	Okay, I'll see you later!	Tamam, sonra görüşürüz!
line:585d6a08	Okay, thank you.	Tamam, sağ ol.
line:c298bc55	Okay, thank you.	Tamam, sağ ol.
line:6acf71a3	Okay, thanks.	Tamam, sağ ol.
line:8ed5a204	Okay- okay. I'll go get the gate.	Tamam, tamam. Gidip kapıyı açayım.
line:10b9a653	Okay- Thanks.	Tamam... Teşekkürler.
line:00a81c16	Okay. I hope you're doing alright though.	Tamam. Yine de umarım iyisindir.
line:118a51bb	Okay. I should probably get out of your scales.	Tamam. Seni daha fazla meşgul etmeyeyim.
line:a62e8112	Okay. I'll open up shop. Give me a sec.	Tamam. Dükkânı açayım. Bir saniye verin.
line:9d434af5	Okay. I'll order a mount.	Tamam. Bir sehpa sipariş edeceğim.
line:2f3b06de	Okay. Then I think I'd like to try.	Tamam. O zaman denemek isterim.
line:54ad4706	Okay...	Tamam...
line:28311fbb	Omg you're hurt!	Aman tanrım, yaralanmışsın!
line:8b3abbf7	On it!	Hemen!
line:42e3eba2	Once I'm cleaned up I'm gonna head out and get our spot ready.	Temizlenince çıkıp yerimizi hazırlayacağım.
line:1d4b8a1c	One thing led to another...	Sonra bir şey diğerini getirdi...
line:c70bea2d	Only been cleaning for a few weeks now!	Daha birkaç haftadır bu işi yapıyorum!
line:5188bd4a	Only If that's alright-	Ancak sizin için uygunsa...
line:01505282	Only realized how much of a mess I made after Max yelled at me, haha.	Max bana bağırınca ne kadar ortalığı kirlettiğimi fark ettim, haha.
line:828eed25	Oof... Needed that. Thank you.	Uff... Buna ihtiyacım vardı. Sağ ol.
line:2d40c69a	Oooh, alrighty.	Ooo, tamamdır.
line:99ff9e7f	Ooooh must be a big deal then.	Ooo, bayağı önemli biri olmalısın.
line:e8ad4791	Ooooh.	Ooo.
line:64bfd62a	Oops, my bad.	Hay aksi, benim hatam.
line:0fa31c40	Our first meeting went great though!	Ama ilk buluşmamız harika geçti!
line:77cebc41	People tell me I've got a fat cock, is that true?	Sikimin kalın olduğunu söylüyorlar. Doğru mu?
line:80de6c63	Perfectly clean again. Thank you for taking me in at this hour.	Yine tertemiz oldum. Bu saatte kabul ettiğiniz için teşekkür ederim.
line:f212528b	Phew! I had an accident that needs to be taken care of... discretely.	Oh! Bir kaza geçirdim, bunun... gizlice halledilmesi gerekiyor.
line:b3c35166	Phew, I was worried I'd make another mess of things.	Oh, yine ortalığı kirleteceğim diye korkmuştum.
line:314c3d8a	physically or emotionally?	Bedenen mi, ruhen mi?
line:156e0b50	Picnic bathket-	Piknik fhepeti...
line:0d9de1a1	player hooked up with conrad	Oyuncu, Conrad ile eşleşti.
line:2cf1c95e	player hooked up with conrad	Oyuncu, Conrad ile eşleşti.
line:c2529648	player hooked up with conrad	Oyuncu, Conrad ile eşleşti.
line:f7fd34b2	player hooked up with conrad	Oyuncu, Conrad ile eşleşti.
line:66e08b22	player hooked up with ryan	Oyuncu, Ryan ile eşleşti.
line:78039fd1	player hooked up with ryan	Oyuncu, Ryan ile eşleşti.
line:96a0c0c7	player hooked up with ryan	Oyuncu, Ryan ile eşleşti.
line:9bade6d6	player hooked up with ryan	Oyuncu, Ryan ile eşleşti.
line:0ddcd600	Please scrub Igwix off my back would you?	Lütfen Igwix'i sırtımdan ovalayıp çıkarır mısınız?
line:0632acbf	Plus they feel really nice.	Üstelik çok da iyi geliyor.
line:c7b8ba3d	Possibly...?	Belki...?
line:637629a8	Pretty sure I can digest anything.	Her şeyi sindirebildiğimden oldukça eminim.
line:65a41bc5	Pretty sure I'm all clean!	Bence artık tertemizim!
line:3750bbf0	Pretty sure that was everything.	Sanırım hepsi bu kadardı.
line:960707b0	Primarily alchemy. Occasionally world history.	Ağırlıklı olarak simya. Bazen dünya tarihi.
line:1475f95c	Professor Igwyx- My colleague who self-immolated earlier.	Profesör Igwyx... Daha önce alev alan meslektaşım.
line:26e9d692	Professor, but yes. You have.	Profesör. Ama evet, öğrettiniz.
line:af0c15fd	Professor- But, yes. I usually don't go to public washes.	Profesör... Ama evet. Genelde halka açık yıkama yerlerine gitmem.
line:962abe27	Project Scale mary	Project Scale mary
line:e5d47feb	prole- <i><size=70%>wuh?	Prole... <i><size=70%>ne?
line:c7b73162	Psst..!	Pişt...!
line:9addfb4a	Ready!	Hazırım!
line:875b5372	Really damn good!	Acayip iyiydi!
line:9e9f3e75	Really damn good!	Acayip iyiydi!
line:9364911d	Really looking forward to finding new people.	Yeni insanlarla tanışmayı iple çekiyorum.
line:8b0b222c	Really sets the mood.	Gerçekten havaya sokuyor.
line:4010d36d	Really well honestly.	Açıkçası çok iyi.
line:cfcb40c7	Really?	Gerçekten mi?
line:0ec807a4	Really? Aw, That's really sweet.	Gerçekten mi? Ah, çok tatlısın.
line:630fed1b	Remove this barrier at once so I may enter.	İçeri girebilmem için bu engeli derhâl kaldırın.
line:65deb150	Right after this wash!	Yıkanır yıkanmaz!
line:0caa6657	Right, I'll get that for you ASAP.	Tamam, hemen açıyorum.
line:1271b80c	Right.	Doğru.
line:3ede5541	Right.	Doğru.
line:6a2e4e0d	Right. I'll get to it.	Doğru. İşe koyulayım.
line:29daeb62	Right. Phoenix feather. Obviously.	Doğru. Anka tüyü. Tabii ya.
line:51d1b41e	Ryan is a sweetheart	Ryan çok tatlı biri.
line:202fce0c	RYAN THE BONE!	RYAN, KEMİK!
line:93bd9a2b	Ryan!	Ryan!
line:9b7e09b8	Ryan!	Ryan!
line:b76f49cd	Ryan!	Ryan!
line:1fa0fbbe	Ryan! I met him.	Ryan! Onunla tanıştım.
line:f0427bb9	Ryan! this is so sweet.	Ryan! Ne kadar düşüncelisin.
line:92829935	Ryan's such a nice dragon.	Ryan çok iyi bir ejderha.
line:13ca0a74	Ryan, you're not supposed to eat the stems-	Ryan, sapları yenmez...
line:7a01d265	Ryan: I guess it is pretty exciting	Ryan: Sanırım oldukça heyecan verici.
line:e1526934	Ryan: I like that a lot	Ryan: Bu çok hoşuma gidiyor.
line:a430a2ff	Ryan: I think I am close too..	Ryan: Sanırım ben de yakınım...
line:77626e43	Ryan: I would say it is going great	Ryan: Bence harika gidiyor.
line:f5f5b815	Ryan: I've never done this outside before	Ryan: Bunu daha önce hiç dışarıda yapmadım.
line:6dd86b71	Ryan: This was nice	Ryan: Bu güzeldi.
line:41b9659f	Ryan: Wow.. Your stature is really the only thing small about you.	Ryan: Vay... Sende küçük olan tek şey gerçekten de boyunmuş.
line:aad89688	Ryan: Yea definitely. Worried about me?	Ryan: Evet, kesinlikle. Benim için mi endişelendin?
line:ce6d6d7f	Ryan? you sure everything is okay...?	Ryan? Her şeyin yolunda olduğundan emin misin...?
line:1d3b255b	Save your mood setting for tonight!	Havaya sokmayı bu geceye sakla!
line:3ed6ab5d	Say do you remember the name of the college I work at?	Söylesenize, çalıştığım yüksekokulun adını hatırlıyor musunuz?
line:a05a7804	Say...	Şey...
line:82d7b5e4	Says who?	Kim demiş?
line:6c193ba9	Scales different today? <size=70%><i>is that a thing...? </i><size=100%>You look good today.	Pullarını farklı mı yaptın? <size=70%><i>Öyle bir şey var mı ki...?</i><size=100%>Bugün iyi görünüyorsun.
line:426f40ff	See you again soon, yeah?	Yakında yine görüşürüz, değil mi?
line:3112d78d	See you soon.	Yakında görüşürüz.
line:8072b186	See you tonight.	Bu gece görüşürüz.
line:0d3b23da	Sheesh.	Vay be.
line:48435b12	Shh! I'm not from around here...	Şş! Buralı değilim...
line:0f86dbf6	So am I!	Ben de!
line:3063100e	So am I.	Ben de.
line:a241eec6	So far so good though, yeah?	Şimdiye kadar iyi gidiyor, değil mi?
line:813c6dd4	So is this like... our first date?	Yani bu... ilk randevumuz mu?
line:9b10d450	So this Conrad guy, seems like you like him?	Demek şu Conrad... Ondan hoşlanıyorsun gibi?
line:0c5dcd3c	So uh, gate?	Şey, kapı?
line:84d8a935	So uh, mind opening the gate?	Şey, kapıyı açar mısın?
line:7da41ecd	So uhh, let me know if you need me to move.	Şey, hareket etmem gerekirse söyle.
line:3a469ae4	So yeah, I had a mishap..	Şey, küçük bir aksilik yaşadım...
line:a6d6bf76	So you and Ryan huh?	Demek sen ve Ryan, ha?
line:31fa3bdf	So you came in just to...	Yani buraya sırf...
line:5f64c352	So you're a certified dragon washer huh?	Demek belgeli bir ejderha yıkayıcısısın, ha?
line:c9e7bb1e	So you're a certified dragon washer huh?	Demek belgeli bir ejderha yıkayıcısısın, ha?
line:aedb6a51	So, coming in for a wash?	Yani, yıkanmaya mı geldin?
line:1c856f1c	So, how was your date?	Peki, randevunuz nasıl geçti?
line:3cda84e6	So, tell me more about conrad!	Peki, Conrad'ı biraz daha anlat!
line:c10d9415	So, thanks on his behalf for caring.	O yüzden onu önemsediğin için onun adına teşekkür ederim.
line:e6aa9d20	So, with... relationships.	Şey, ilişkiler konusunda...
line:a99c5c88	So. How about a date?	Peki. Bir randevuya ne dersin?
line:c2f44537	So. My girlfriend was home before me. she's a work-from-home dragon.	Şöyle. Kız arkadaşım benden önce evdeydi. Evden çalışan bir ejderha.
line:d9652dff	So. Our date tonight...	Peki. Bu geceki randevumuz...
line:b983f922	So. Tonight.	Peki. Bu gece.
line:28c51dbf	So... A date. I think I'd like to go on one soon!	Yani... Bir randevu. Yakında çıkmak isterim!
line:7c56b2d8	So... I was thinking about my relationships.	Şey... İlişkilerimi düşünüyordum.
line:5a5e7f21	So<size=90%>o<size=80%>o<size=70%>o<size=60%>o... <size=100%>I 'aint dirty. But I am <i>~dirty~</i> y'know?	Şimdi<size=90%>i<size=80%>i<size=70%>i<size=60%>i... <size=100%>Üstüm kirli değil. Ama aklım <i>~kirli~</i>, anladın mı?
line:8a35fb7b	So<size=90%>o<size=80%>o<size=70%>o<size=60%>o... <size=100%>Was wonderin'	Şimdi<size=90%>i<size=80%>i<size=70%>i<size=60%>i... <size=100%>Merak ettim de...
line:5230bdfd	Soap, then rinse!	Önce sabun, sonra durulama!
line:c374e532	Somehow that feels more honest than anything anyone else says.	Nedense bu, başkalarının söylediği her şeyden daha dürüst geliyor.
line:2898f680	Something happened last night	Dün gece bir şey oldu.
line:4dac3d2b	Something went wrong with flags!	Hikâye işaretlerinde bir hata oluştu!
line:61c7f2d6	Something went wrong with flags!	Hikâye işaretlerinde bir hata oluştu!
line:6d5ba814	Something went wrong with flags!	Hikâye işaretlerinde bir hata oluştu!
line:8f64adc0	Something went wrong with flags!	Hikâye işaretlerinde bir hata oluştu!
line:19cedc30	Sooo. You gonna jerk me off?	Şimdiii. Bana elinle otuz bir çekecek misin?
line:1646ece2	Sorry for coming in late. My sleeps borked.	Geç geldiğim için kusura bakma. Uyku düzenim bozuldu.
line:b2b32876	Sorry I'm bad at flirting. Could you get the gate?	Kusura bakma, flört etmeyi beceremiyorum. Kapıyı açar mısın?
line:13ba93ef	sorry!	Üzgünüz!
line:e2f9c70c	Sorry, I meant to say I enjoy your wash.	Kusura bakmayın, hizmetinizden hoşlandığımı söylemek istedim.
line:78ca8d95	Sorry...	Üzgünüm...
line:4af15fc3	Sounds good to me!	Bana uyar!
line:8c6e66f3	Sounds good!	Kulağa iyi geliyor!
line:1ef36cb0	Sounds like a date then!	O zaman randevumuz belli!
line:d71ba53e	Sounds like a date then!	O zaman randevumuz belli!
line:5fc277a9	Sounds like a date then! Seafood then we play it by ear.	O zaman anlaştık! Deniz ürünleri yer, sonra doğaçlama takılırız.
line:0e643191	Sounds like a date then, I'm excited.	O zaman randevumuz belli. Heyecanlıyım.
line:c4642c9c	Sounds like a date then. I'm excited.	O zaman randevumuz belli. Çok heyecanlıyım.
line:ffc401d1	Sounds like a plan.	Anlaştık o zaman.
line:c4dd137b	Sounds like it was good then.	Demek güzeldi.
line:7b6c47bd	Sounds like it.	Öyle görünüyor.
line:5c51654f	Sounds nice.	Kulağa hoş geliyor.
line:3a23b81f	Sounds really cool.	Kulağa çok hoş geliyor.
line:1dbf50b3	Sure	Tabii.
line:c14ceb34	Sure is!	Kesinlikle!
line:de7cd73a	Sure it is. Thanks to Conrad for having me get it.	Evet, öyle. Bunu almamı sağladığı için Conrad'a teşekkür etmeli.
line:05c673e7	Sure!	Tabii!
line:52542beb	Sure!	Tabii!
line:67f14802	Sure!	Tabii!
line:a2dc4ac0	Sure! I'll go get the gate.	Tabii! Gidip kapıyı açayım.
line:dbb68858	Sure! I'll go get the gate.	Tabii! Gidip kapıyı açayım.
line:601e1b38	Sure! I'm excited to tell you about Conrad.	Tabii! Sana Conrad'ı anlatmak için sabırsızlanıyorum.
line:7b5c9d8c	Sure, but he needed someone who cared in that moment.	Elbette ama o anda onu önemseyen birine ihtiyacı vardı.
line:709a9a57	Sure.	Tabii.
line:4af4703c	Tasted real good though!	Ama tadı çok güzeldi!
line:048fe71b	TELL ME ABOUT YOU AND CONRAD!	BANA SENİ VE CONRAD'I ANLAT!
line:2b84f2eb	Test line 1	Test repliği 1
line:7a22b4d3	Test line 10	Test repliği 10
line:ec12b3a4	Test line 11	Test repliği 11
line:4f87d73a	Test line 12	Test repliği 12
line:d9b7d04d	Test line 13	Test repliği 13
line:63e6d9d4	Test line 14	Test repliği 14
line:f5d6dea3	Test line 15	Test repliği 15
line:64cb6133	Test line 16	Test repliği 16
line:f2fb6644	Test line 17	Test repliği 17
line:1772a124	Test line 18	Test repliği 18
line:88119675	Test line 2	Test repliği 2
line:1e219102	Test line 3	Test repliği 3
line:a470989b	Test line 4	Test repliği 4
line:32409fec	Test line 5	Test repliği 5
line:a35d207c	Test line 6	Test repliği 6
line:356d270b	Test line 7	Test repliği 7
line:5643ba3d	Test line 8	Test repliği 8
line:c073bd4a	Test line 9	Test repliği 9
line:394db643	Thank the stars you're open.	İyi ki açıksınız.
line:f1946aab	Thank you for cleaning me!!	Beni temizlediğin için sağ ol!!
line:75b5b084	Thank you for getting me and Ryan in contact.	Beni Ryan'la tanıştırdığın için sağ ol.
line:189d999e	Thank you for listening.	Dinlediğin için sağ ol.
line:3398aea2	Thank you for that.	Bunun için teşekkür ederim.
line:875f0961	Thank you for the clean!	Temizlediğiniz için teşekkür ederim!
line:acb8a5aa	Thank you for the quick clean!	Hızlıca temizlediğin için sağ ol!
line:8512365e	Thank you!	Teşekkürler!
line:bbca8a46	Thank you!	Teşekkürler!
line:e449156d	Thank you!	Teşekkür ederim!
line:bb4e1dc1	Thank you, Ryan. I'm happy I got to meet you too	Sağ ol, Ryan. Ben de seninle tanıştığıma sevindim.
line:3b568c14	Thank you.	Teşekkür ederim.
line:6b245989	Thank you.	Teşekkürler.
line:836d1b13	Thank you.	Teşekkür ederim.
line:d60f2dc0	Thank you.	Teşekkür ederim.
line:035a0830	Thank you. I'd really appreciate it	Sağ ol. Çok makbule geçer.
line:f3e7a8fe	Thank you. Look good feel good!	Sağ ol. İyi görün, iyi hisset!
line:d2d97c90	Thank you. You make this a whole lot easier to go through.	Sağ ol. Bütün bunları atlatmamı çok kolaylaştırıyorsun.
line:3027bcf7	Thanks for asking. It's enjoyable to be asked personal questions.	Sorduğunuz için teşekkür ederim. Kişisel sorular sorulması hoş.
line:aaf3066d	Thanks for cleaning me!	Beni temizlediğin için sağ ol!
line:8150e2a2	Thanks for helping me out.	Bana yardım ettiğin için sağ ol.
line:a2217280	Thanks for helping me out.	Bana yardım ettiğin için sağ ol.
line:7db0baf0	Thanks for introducing me to him.	Beni onunla tanıştırdığın için sağ ol.
line:c6cee89f	Thanks for letting me in so late.	Bu kadar geç içeri aldığın için sağ ol.
line:079b3782	Thanks for sharing food with me, You're a great friend.	Benimle yemek yediğin için sağ ol. Çok iyi bir arkadaşsın.
line:85f901b0	Thanks for sharing food with me...	Benimle yemek yediğin için sağ ol...
line:a39fd5a9	Thanks for that. Felt pretty damn good.	Sağ ol. Çok iyi geldi.
line:505e150f	Thanks for the clean.	Temizlediğiniz için teşekkür ederim.
line:a40e531c	Thanks for the food! I'll go get the gate.	Yemekler için sağ ol! Gidip kapıyı açayım.
line:f1692a96	Thanks for the suggestion!	Önerin için sağ ol!
line:81ebbec0	Thanks for the wash so late in the night.	Gecenin bu saatinde yıkadığın için sağ ol.
line:a9df4c5e	Thanks I'll be waiting!	Sağ ol, bekliyorum!
line:f73a3fc7	Thanks mate, see you tomorrow then.	Sağ ol, dostum. Yarın görüşürüz.
line:30f1f583	Thanks!	Sağ ol!
line:3484ab9d	Thanks!	Sağ ol!
line:44701902	Thanks!	Sağ olun!
line:4d868f2f	Thanks!	Sağ ol!
line:70190774	Thanks!	Sağ ol!
line:8b8f57c4	Thanks!	Sağ ol!
line:ab5b2574	Thanks!	Sağ ol!
line:b588bf4c	Thanks!	Teşekkürler!
line:bc5d790a	Thanks!	Sağ ol!
line:c07a9171	Thanks!	Sağ ol!
line:e7e57d9c	Thanks!	Sağ olun!
line:fa293cde	Thanks! Whats with all the... Gloop?	Sağ ol! Bütün bu... yapış yapış şeyler de ne?
line:e1609903	Thanks, but I'll be better. I promise.	Sağ ol ama daha iyi olacağım. Söz.
line:02cbdc87	Thanks, I'm excited too.	Sağ ol, ben de heyecanlıyım.
line:37c9d915	Thanks, You're pleasant too!	Teşekkürler, siz de hoşsunuz!
line:cb847372	Thanks, You're pleasant too!	Teşekkürler, siz de hoşsunuz!
line:188d4359	Thanks.	Sağ ol.
line:316bb26e	Thanks.	Sağ olun.
line:34ec4db7	Thanks.	Sağ ol.
line:5183a6f2	Thanks.	Sağ ol.
line:c642cb17	Thanks.	Sağ ol.
line:cf716777	Thanks.	Teşekkürler.
line:e00c6df5	Thanks.	Sağ olun.
line:e521db76	Thanks.	Teşekkürler.
line:f62e1c4f	Thanks.	Teşekkürler.
line:fbba1293	Thanks.	Teşekkürler.
line:8bfa88d7	Thanks. I like being around you too.	Sağ ol. Ben de senin yanında olmayı seviyorum.
line:df0a8598	Thanks. I'm always happy to be here.	Sağ ol. Burada olmak her zaman güzel.
line:084e3cbc	Thanks. See you soon.	Sağ ol. Yakında görüşürüz.
line:71d57aeb	Thanks. That's kind of you to say.	Teşekkürler. Bunu söylemeniz çok nazikçe.
line:a1f9de62	Thanks. That's kind of you to say.	Teşekkürler. Bunu söylemeniz çok nazikçe.
line:9a9a6120	Thankth!	Fağ ol!
line:e721d512	That brings me to my next question...	Bu da beni sonraki soruma getiriyor...
line:215a2d34	That felt <i>good</i>.	Çok <i>iyiydi</i>.
line:89150715	That is rather kind of you to say.	Bunu söylemeniz çok nazikçe.
line:a57409fb	That is the source of my worry...	Kaygımın sebebi bu...
line:ad261b84	That just makes it harder!	Böyle daha da zor oluyor!
line:7111d265	That makes me feel a lot more sure of myself then.	Bu, kendime çok daha fazla güvenmemi sağladı.
line:3fac5bff	That makes me feel good to hear.	Bunu duymak iyi geldi.
line:1c49f05b	That makes me happy to hear.	Bunu duymak beni mutlu etti.
line:a8b70da7	That must mean it is! I'm glad.	Demek ki sakıncası yok! Sevindim.
line:5738ea38	That nice to hear... But, I mean being taken care of more... Primally?	Bunu duymak güzel... Ama daha... içgüdüsel anlamda bakılmaktan söz ediyorum?
line:8f598864	That one was almost too big-	Bu neredeyse fazla büyük gelecekti...
line:5960dcbb	That should be all though, could you go get the gate?	Ama bu kadar olmalı. Gidip kapıyı açar mısın?
line:116f0e16	That should be every spot.	Sanırım artık her yerim temiz.
line:90444b09	That sounds like an over-reaction on her part.	Bence biraz aşırı tepki vermiş.
line:f07c9e39	That sounds like an over-reaction on her part.	Bence biraz aşırı tepki vermiş.
line:c78cf81f	That sounds lovely!	Kulağa harika geliyor!
line:eaa3c173	That they are...	Öyleler...
line:f4b9a455	That was much nicer than a hose.	Hortumdan çok daha güzeldi.
line:78cef130	That was never a concern. I'm a rather risk averse dragon.	Bu konuda hiç kaygım olmadı. Ben riskten epey kaçınan bir ejderhayım.
line:22d271f4	That was really fun.	Çok eğlenceliydi.
line:019b83df	That was wonderful! I feel so much better about dating.	Harikaydı! Artık birileriyle çıkmak konusunda çok daha iyi hissediyorum.
line:d7bf167b	That was... Nicer than I expected.	Bu... Beklediğimden daha hoştu.
line:577cec43	That's a mount, no?	O bir çiftleşme sehpası, değil mi?
line:825536f5	That's a tricky question to answer.	Cevaplaması zor bir soru.
line:66fb84fe	That's all I want to ask.	Soracaklarım bu kadar.
line:ac1ed298	That's all you can ask for, right?	İnsandan bekleyebileceğin de bu, değil mi?
line:6605187b	That's an appeal to authority fallacy. But, yes. I'm correct.	Bu, otoriteye başvurma safsatasıdır. Ama evet, haklıyım.
line:52f81dde	That's cute!	Çok tatlı!
line:45befc02	That's exciting!	Çok heyecan verici!
line:13cd5511	That's fast... But I think so!	Çok hızlı oldu... Ama sanırım olur!
line:4ff91cbd	That's fine!	Sorun değil!
line:163c524a	That's good to hear.	Bunu duymak güzel.
line:33e2bee6	That's good to hear.	Bunu duymak güzel.
line:30e461f2	That's good. You deserve a decent man.	Güzel. İyi bir erkeği hak ediyorsunuz.
line:aeae4744	That's good... Now what?	Güzel... Şimdi ne olacak?
line:f3eeb627	That's great! whens your first date?	Harika! İlk randevunuz ne zaman?
line:215f4eba	That's me.	Benim.
line:cf8c5f37	That's not a thing... But thank you!	Öyle bir şey yok... Ama sağ ol!
line:3f29878b	That's rather nice of you to say.	Bunu söylemeniz çok nazikçe.
line:d38c63ea	That's really cute.	Çok tatlıymış.
line:6474d7f7	That's really nice!	Çok güzel!
line:c5001a4c	That's the best way to eat'em!	En güzel böyle yenir!
line:2a5cc3a5	That's very sweet.	Çok tatlısınız.
line:7052576b	That's what I like to hear.	İşte bunu duymak güzel.
line:2a154290	That's what I thought too.	Ben de öyle düşünmüştüm.
line:33d12f97	That's what I thought too.	Ben de öyle düşünmüştüm.
line:2b7bb6ce	That's what's terrifying.	Korkutucu olan da bu.
line:36fb380f	That's wonderful, he's cute!	Ne güzel, çok tatlı!
line:266836f8	That's... the first time you've yipped for me.	Bu... bana ilk kez yip deyişin.
line:9b0b24ad	That.	O.
line:6ff80785	That... makes me feel a lot more sure of myself then.	Bu... Kendime çok daha fazla güvenmemi sağladı.
line:cc6d631b	That... makes me feel a lot more sure of myself then.	Bu... Kendime çok daha fazla güvenmemi sağladı.
line:ecf6206f	Thats awesome. I'm glad you two are working out.	Harika. Aranızın iyi gitmesine sevindim.
line:0f8bb606	Thats good to hear.	Bunu duymak güzel.
line:f5324d68	Thats really good to hear.	Bunu duymak gerçekten güzel.
line:063dcd4b	The ability to open up to someone, even occasionally...	Birine açılabilmek, ara sıra bile olsa...
line:8919009a	The ambiance is nice.	Ortamı güzel.
line:08c850bf	The apothecary will tarnish my name for months.	Eczacı aylarca adımı lekeleyecek.
line:01b4161e	The breakup I went through earlier was rough.	Önceki ayrılık sürecim zordu.
line:c932c99d	The breakup I went through earlier was rough.	Önceki ayrılık sürecim zordu.
line:dd06ed39	The Burnswick Community College of Thaumaturgy, of course!	Elbette Burnswick Halk Mucizebilim Yüksekokulu!
line:515099ec	The button on the wall, I mean.	Duvardaki düğmeyi kastediyorum.
line:7fe73572	The clean was fine.	Yıkama fena değildi.
line:e8a38ed0	The college cannot find out about this okay?	Yüksekokul bunu öğrenmemeli, tamam mı?
line:1a169dbc	The lights in the area are great too.	Oranın ışıkları da harika.
line:610dd8cb	The markers were fun.	Keçeli kalemlerle oynamak eğlenceliydi.
line:4b36ea4e	The most prestigious college hosting prestigious professors like me:	Benim gibi saygın profesörlere ev sahipliği yapan, en saygın yüksekokul:
line:ec00a1fe	The mount? I... suppose!	Sehpa mı? Ben... olur sanırım!
line:94e04dcf	The mount? Sure!	Sehpa mı? Tabii!
line:d8273d7f	The night 'aint gonna start itself!	Gece kendi kendine başlamaz!
line:1f2907ed	The rain has been unrelenting today!	Bugün yağmur hiç dinmedi!
line:1804bf0a	The rain is nice.	Yağmur güzel.
line:7e9a1f83	The stem is just extra food.	Saplar da fazladan yemek işte.
line:c88244b5	The vibe at night is fuckin' great.	Gece atmosferi acayip güzel.
line:d8a2002e	Then I better let you out!	O zaman seni çıkarsam iyi olur!
line:d7b3cd09	Then- Have a productive day.	Öyleyse... İyi çalışmalar.
line:448afe95	There was a fault in his method.	Yönteminde bir hata vardı.
line:48d4a45a	There's this one red dragon, Conrad. He's... Hot headed, but cute.	Conrad diye kızıl bir ejderha var. Biraz... çabuk parlıyor ama tatlı.
line:f4af8b88	Theres this club downtown. 'Wings'. It's an old favorite of mine.	Merkezde Wings diye bir kulüp var. Eskiden beri severim.
line:972f132f	These washes really make things easier.	Burada yıkanmak her şeyi kolaylaştırıyor.
line:352d1d6f	They cum	Boşalırlar.
line:d78962e8	They cum	Boşalırlar.
line:3200a588	They keep going	Devam ederler.
line:a31d1a18	They keep going	Devam ederler.
line:035e5be6	They seem cute!	Tatlı görünüyor!
line:454172b0	They took it too far.	Çok ileri gittiler.
line:d7b49fb8	They were! The stem is my favorite part though.	Güzellerdi! Ama en sevdiğim kısmı sapları.
line:d156a87f	Think that's every spot.	Sanırım her yeri yıkadım.
line:fa1a1e76	Think that's it.	Sanırım bu kadar.
line:3112adad	This drake at the bar... I was stupid. Couldn't shut my mouth.	Bardaki o ejderha... Aptallık ettim. Çenemi kapatamadım.
line:bfd70320	This feels scandalous	Skandal gibi hissettiriyor.
line:cb437bd0	This is a common practice?	Bu yaygın bir uygulama mı?
line:831cbfda	This is a job only you can do.	Bu işi yalnızca siz yapabilirsiniz.
line:4944dbda	This is delicious!	Çok lezzetli!
line:088893da	This is my first time with a Kobold.	Bir koboldla ilk seferim.
line:e218722c	This is my first time, actually!	Aslında bu benim ilk seferim!
line:9eb894ad	This is really nice..	Bu çok güzel...
line:c7e4e36f	This is the kind of shit I try to avoid!	Ben zaten bu tür boktan şeylerden kaçınmaya çalışıyorum!
line:22929636	This place could use a makeover, I know would it could use!	Buranın biraz yenilenmesi lazım. Neye ihtiyacı olduğunu biliyorum!
line:b06e13bc	This soap isn't fitting for a professor don't you think?	Bu sabun bir profesöre uygun değil, sizce de öyle değil mi?
line:97841169	This was a nice escape.	Burası güzel bir kaçıştı.
line:5f02ceea	This was a wonderful escape...	Burası harika bir kaçış oldu...
line:d45f4788	This was nice...	Bu güzeldi...
line:418498cf	Those grapes looked good.	O üzümler güzel görünüyordu.
line:e9d73205	Though every other wash I've been to at least has a mount	Ama gittiğim diğer yıkama yerlerinin hepsinde en azından bir sehpa vardı.
line:29e70457	Though I can't say I am not curious	Yine de merak etmediğimi söyleyemem.
line:9c3e6004	Though you probably shouldn't eat them.	Ama sen yemesen iyi olur.
line:f1ca33da	title: Alexander_Done	title: Alexander_Done
line:3ed2f649	title: Conrad_OutroDone	title: Conrad_OutroDone
line:74c28add	title: ConradBeatup_OutroDone	title: ConradBeatup_OutroDone
line:722243c8	title: RyanDate_OutroDone	title: RyanDate_OutroDone
line:b4eee981	title: RyanExploded_OutroDone	title: RyanExploded_OutroDone
line:6298f08b	Told me about the time he got beat up.	Dayak yediği zamanı anlattı.
line:ee954bd9	Told me to go to a wash, and was acting extremely offended.	Bir yıkama yerine gitmemi söyledi. Sanki ona büyük bir hakaret etmişim gibiydi.
line:c66e1278	Tonight- on campus. The library is the large blue spire building.	Bu gece kampüste. Kütüphane, büyük mavi sivri kulesi olan bina.
line:434527c6	Truly terrible, no?	Gerçekten korkunç, değil mi?
line:5a5d646c	Truly?	Gerçekten mi?
line:e3aa4e29	Truth be told, I got dirty to come here.	Doğrusunu söylemek gerekirse buraya gelmek için kirlendim.
line:0979dea3	Uh, I'm still really soapy!	Şey, hâlâ çok sabunluyum!
line:05bbe58c	Uh-huh, I'll go get the gate	Hı hı, gidip kapıyı açayım.
line:7de638fb	Uh... Hello?	Şey... Merhaba?
line:7de9b3a4	Uh... uhm...	Şey... Eee...
line:159c5c1f	Uh... Yeah.	Şey... Evet.
line:2089db44	Uhhhm we're not exactly.	Şey, aslında tam olarak açık değiliz.
line:3ed62e6b	Uhm, no, I'll just be REALLY upset.	Şey, hayır. Sadece ÇOK bozulurum.
line:f0a579a5	Uhm...	Şey...
line:cc295885	uhm... <size=60%>no?	Şey... <size=60%>Yok?
line:29237bc3	Use the crowbar to open and place it in storage, would you?	Levyeyle kasayı açıp sehpaya depoda yer bulur musun?
line:1ec0dc6a	Use the sprayer on the wall to wash me off.	Beni durulamak için duvardaki püskürtücüyü kullan.
line:a716d3b8	Uunf. T-that was... Rather undignified.	Uunf. B-bu... pek ağırbaşlı değildi.
line:a37177dd	V-very well. I'll try.	P-pekâlâ. Deneyeceğim.
line:209ddf97	Very cool	Çok havalı.
line:2f10f572	Very well. Don't let me interrupt the wash then!	Pekâlâ. O zaman yıkamanızı bölmeyeyim!
line:7678511c	Wah- huh- <size=80%>oah. <size=60%>we don't-	Ne... Ha... <size=80%>Aa. <size=60%>Biz öyle...
line:82e2c158	Wait a sec, I need to open the gate.	Bir saniye, kapıyı açmam gerekiyor.
line:9c7a2fb7	Wait a sec, I need to open the gate.	Bir saniye, kapıyı açmam gerekiyor.
line:8ab5686b	Was great! Ryan is a sweetheart.	Harikaydı! Ryan çok tatlı biri.
line:d8c9f912	Was just doing my job!	Sadece işimi yapıyordum!
line:148a63c8	Was just trying to play along. Happy to see you!	Sadece şakana karşılık vereyim dedim. Seni görmek güzel!
line:56261ccb	Was still good though! I like how it feels sliding down.	Yine de güzeldi! Aşağı kayışını hissetmek hoşuma gidiyor.
line:4d002f47	Was... <i>Really</i> upset I was muddy.	Çamurlu olmama... <i>çok</i> kızmıştı.
line:014b5da5	Watch where those paws are going would you?	O pençelerin nereye gittiğine dikkat eder misin?
line:3028feb5	We also had sex after our date.	Randevudan sonra seks de yaptık.
line:d132db41	We can just lay here...	Burada uzanabiliriz...
line:4da8b942	We can make an opening.	Sana yer açabiliriz.
line:8c563ab8	We can make an opening.	Sana yer açabiliriz.
line:33a79dbe	We do! Are you... from the college...?	Evet! Siz... yüksekokuldan mısınız...?
line:b83ec453	We got your request for the mount!	Sehpa talebini aldık!
line:8b7b8d6b	We went out to eat. Had some good conversation.	Yemeğe çıktık. Güzelce sohbet ettik.
line:74706bb3	We will need to clean the floors...	Yerleri temizlememiz gerekecek...
line:df8fb8c9	We'll be going out to this seafood place-	Bir deniz ürünleri restoranına gideceğiz...
line:110a2ced	Welcome back!	Tekrar hoş geldin!
line:b042f12a	Welcome back!	Tekrar hoş geldin!
line:c46f5033	Well great, I appreciate your discretion, I'll be headed off to the apothecary.	Pek güzel. Sır tutmanızı takdir ediyorum. Ben eczacıya gideyim.
line:08f40e32	Well I had a good time, see you later then!	Çok iyi vakit geçirdim. Sonra görüşürüz!
line:c1e8b05d	Well I had a good time, see you later then!	Çok iyi vakit geçirdim. Sonra görüşürüz!
line:fcff7b00	Well, go to the window and speak with your customer.	Pencereye gidip müşterinle konuş.
line:fc1e497a	Well, good luck getting your hands around all of me.	Bakalım hepsini ellerinle kavrayabilecek misin. Bol şans.
line:60f14972	Well, I do enjoy the color. But I believe that is unrelated to my hue.	Rengi seviyorum. Ama bunun kendi rengimle ilgili olduğunu sanmıyorum.
line:c9f270de	Well, I'm a dragon- but... You know what I mean.	Yani, ejderhayım... Ama ne demek istediğimi anladın.
line:f7f87f6c	Well, That's why I'm here!	İşte bu yüzden buradayım!
line:629d89d1	Well, yes. I mean more... Primally?	Elbette, ama daha... içgüdüsel bir anlamda diyorum?
line:8aa0fc1a	Well, you are one hell of a catch.	Eh, senin gibisini bulan yaşadı.
line:5d34e715	Well, you better get one then!	O zaman bir tane alsan iyi olur!
line:f16e75f3	Well...	Şey...
line:a71a8385	Went to the bar... Things got spicy. You can imagine what happened next... <size=70%>Hah...	Bara gittik... Ortam ısındı. Sonrasını tahmin edebilirsin... <size=70%>Hah...
line:2e0ec324	Wha..?	Ne...?
line:29ec93b2	Whaaat. Nothing wrong with it! figured you'd like to know.	Neee? Yanlış bir şey yok! Bilmek istersin diye düşündüm.
line:18e5a573	Whaaat? It's good to make sure you're warmed up!	Neee? Isınmış olduğundan emin olmak iyidir!
line:bd66082e	What about a movie?	Bir filme ne dersin?
line:ee3c126b	What about your private washers?	Peki özel yıkayıcılarınız ne olacak?
line:871137eb	What about?	Ne hakkında?
line:bb3b6c71	What brings you in so late?	Seni bu kadar geç buraya getiren ne?
line:2dd518f0	What do you mean?	Ne demek istiyorsun?
line:2fae1274	What do you mean?	Ne demek istiyorsunuz?
line:3c2c53dc	What do you mean?	Ne demek istiyorsun?
line:838cdf1b	What do you think of me?	Benim hakkımda ne düşünüyorsunuz?
line:c2bdc402	What does the number 7 taste like?	7 sayısının tadı nasıldır?
line:56fc085a	What happened!?	Ne oldu!?
line:0bc56d4d	what happened?	Ne oldu?
line:8c3b76ea	What is it?	Nedir?
line:44b711a0	What is..	Bu ne...?
line:53301d3b	What kind of egg was that?	O ne yumurtasıydı?
line:073701b7	What kind of movie are you thinking?	Ne tür bir film düşünüyorsun?
line:03cf1c9a	What kind of question?	Ne tür bir soru?
line:003700c7	What kinds of classes do you teach?	Ne tür dersler veriyorsunuz?
line:e2406cc4	What now?	Şimdi ne olacak?
line:0c583118	What was in those opened crates?	Şu açılmış kasalarda ne vardı?
line:5a195ff2	What!? that's terrible! You don't even have a mount...?	Ne!? Berbatmış! Çiftleşme sehpan bile yok mu...?
line:8ebd442e	What's got you looking so happy?	Seni bu kadar mutlu eden ne?
line:fc7aaaa0	What's teaching like?	Öğretmenlik nasıl bir şey?
line:f99840cd	What's that?	O ne?
line:1a0b719d	What's up?	Ne var?
line:29359884	What's up?	Ne var?
line:8d5c7802	What's up?	Ne var?
line:712f9d7c	what?	Ne?
line:766c2abd	What? All the best places do it!	Ne? En iyi yerlerin hepsi yapıyor!
line:159a1d54	What? I'm a professor! Can't you tell from my crest?	Ne? Ben profesörüm! Armamdan anlamıyor musunuz?
line:9aa86a9b	What? There is no harm caused by a genuine compliment!	Ne? İçten bir iltifatın kime zararı olabilir!
line:b2fe309b	Whats got you in a good mood?	Seni bu kadar keyiflendiren ne?
line:93a145d4	Whats up, big guy?	Ne var, koca oğlan?
line:4efe8211	Whats up?	Ne oldu?
line:866cd495	Whats up?	Ne oldu?
line:bfc04b3a	Whats up?	Ne oldu?
line:e01885c3	Whats up?	Ne oldu?
line:f7d786b6	Whats with all the... Gloop?	Bütün bu... yapış yapış şeyler de ne?
line:c4c81aa9	Whats your favorite part about him?	En çok neyini seviyorsun?
line:ff6ef027	When do you actually end the relationship?	O ilişkiyi tam olarak ne zaman bitirirsin?
line:2ffe284b	When I met him at first I was falling back on my old script.	İlk tanıştığımızda eski davranışlarıma dönüyordum.
line:eb019075	When you're done go ahead and hit the button.	İşin bitince düğmeye bas.
line:5d4e9392	Where did he go...?	Nereye gitti...?
line:7af04961	Where would you like to go?	Nereye gitmek istersin?
line:7e9389a7	Which college?	Hangi yüksekokul?
line:2d315c6c	Who knew a dragon could get so dirty, huh?	Bir ejderhanın bu kadar kirlenebileceğini kim bilirdi, ha?
line:a97338b0	Who knew places such as this existed so readily available to the public!	Böyle yerlerin halka bu kadar kolay ulaşılabilir olduğunu kim tahmin ederdi!
line:8b7915f4	Who's that?	Kim o?
line:ebd63f8c	Who's there?	Kim var orada?
line:eea7573f	Whoa! Cold!	Vay! Soğuk!
line:1acbd02a	Whoops	Hay aksi.
line:5a6c0d31	Whoops	Hay aksi.
line:afc6c00a	Whoops	Hay aksi.
line:c30013ff	Whoops	Hay aksi.
line:9df56a3a	why are you here so late?	Neden bu kadar geç geldiniz?
line:bb8583c1	With Ryan, I'm pretty sure we're gonna go on a date tonight.	Ryan'la... Sanırım bu gece bir randevuya çıkacağız.
line:c236bdf9	Woah. Uhm.	Vay. Şey.
line:390f05be	Woah... What is that in your mouth?	Vay... Ağzındaki de ne?
line:4b93b009	Woah... You want me to use that? Even with the food? Alright!	Vay... Onu kullanmamı mı istiyorsun? Yemek varken bile mi? Tamam!
line:4cacfab8	Wonderful to hear you're seeing someone!	Biriyle görüştüğünüzü duymak harika!
line:f6fdf321	Wonderful to hear you're seeing someone!	Biriyle görüştüğünüzü duymak harika!
line:7e2421b6	Wonderful to hear.	Bunu duymak harika.
line:36d49875	Wonderful!	Harika!
line:6046bedf	Wonderful!	Harika!
line:ab423ac7	Wonderful!	Harika!
line:5a9abbd4	Wonderful. Have a <i>productive</i> day.	Harika. <i>Verimli</i> bir gün dilerim.
line:ec771552	Woops.	Hay aksi.
line:51bcff68	Would that interest you?	İlgini çeker mi?
line:8c8591ec	Would you care to join me at the college library this evening...?	Bu akşam yüksekokulun kütüphanesinde bana eşlik etmek ister misiniz...?
line:985436e6	Wouldn't that be degrading?	Bu aşağılayıcı olmaz mı?
line:1e027369	Wow thanks, that feels good.	Vay, sağ ol. İyi geliyor.
line:737184f5	Wow!	Vay be!
line:ead1bf44	Wow, it's an experience seeing you eat like that.	Vay, seni böyle yemek yerken izlemek başlı başına bir deneyim.
line:5da1e074	Y'know?	Anlıyor musun?
line:79352475	Ya.	Evet.
line:f6c14e05	Ya.	Evet.
line:b6add8e0	Yea! I do!	Evet! Öyleyim!
line:b44edd29	Yeaaah I'm not sticking with that one.	Eveeet, bu lakabı bir daha kullanmayacağım.
line:7a471225	Yeaaah.	Eveeet.
line:5483c5fd	Yeah	Evet.
line:3a5d5ca4	Yeah he seems like he'd push some buttons.	Evet, insanı nasıl heyecanlandıracağını biliyor gibi.
line:63024a1f	Yeah he's improved a lot.	Evet, çok gelişti.
line:5847a779	Yeah I have.	Evet, konuştum.
line:f3b5952a	Yeah I'm happy too.	Evet, ben de mutluyum.
line:fb47f998	Yeah it go BRRT haha.	Evet, BRRT diye ses çıkarıyor, haha.
line:eef9b2bb	Yeah It's fine. Sorry.	Evet, sorun yok. Kusura bakma.
line:fbc80e96	Yeah let me get that for you.	Evet, açayım.
line:f212b2de	Yeah so I'm all muddy and stuff, love romping around in the public park.	Evet, çamura falan bulandım. Halka açık parkta koşturmayı seviyorum.
line:108de471	Yeah that sounds pretty good.	Evet, kulağa gayet hoş geliyor.
line:fdd800c2	Yeah! clean as always.	Evet! Her zamanki gibi temizim.
line:dee4a32d	Yeah! Conrad, he's adorable. Though he'd hate I said that.	Evet! Conrad. Çok sevimli. Ama bunu söylediğimi duysa hoşlanmaz.
line:ab1bc039	Yeah! I feel clean.	Evet! Kendimi temiz hissediyorum.
line:6733a3df	Yeah! I'm going on a date with him soon.	Evet! Yakında onunla randevuya çıkacağım.
line:66727cce	Yeah! It has food that should be good for both of us.	Evet! İkimize de uygun şeyler var.
line:b482634c	Yeah! its useful.	Evet! İşe yarıyor.
line:da9cfdcf	Yeah! Just went on a date with Conrad.	Evet! Az önce Conrad'la randevuya çıktım.
line:3f153aaf	Yeah! Just went on a date with Ryan.	Evet! Az önce Ryan'la randevuya çıktım.
line:77ca2316	Yeah! Thanks for the food. I'll go get the gate.	Evet! Yemekler için sağ ol. Gidip kapıyı açayım.
line:c87d632b	Yeah! That would be amazing.	Evet! Harika olurdu.
line:71c0ee9a	Yeah, ever since the breakup I've been looking for something new.	Evet, ayrıldığımdan beri yeni bir şey arıyorum.
line:bee397db	Yeah, he's so kind to me.	Evet, bana çok iyi davranıyor.
line:4815ddba	Yeah, I've got one.	Evet, var.
line:24efaa49	Yeah, me too. He's real nice.	Evet, ben de. O gerçekten iyi biri.
line:6fa847ba	Yeah, nah. Mate you gotta get in on this. I'll pay good!	Yok artık. Dostum, senin de bu işe girmen lazım. İyi para veririm!
line:266f699d	Yeah, taste good!	Evet, tadı güzel!
line:67cc394b	Yeah, that was scary at first.	Evet, başta korkutucuydu.
line:a9980f5e	Yeah, this has been super nice.	Evet, çok güzeldi.
line:54c44240	Yeah, you're right.	Evet, haklısın.
line:bb1827c7	Yeah- Though only if you want!	Evet... Ama yalnızca sen istersen!
line:7311dc01	Yeah.	Evet.
line:95e2f7cc	Yeah.	Evet.
line:9fd5b834	Yeah. <size=90%>Oh- <size=80%>you know. I'm like... <size=70%>Haha. Yeah. Mhm!	Evet. <size=90%>Aa... <size=80%>Bilirsin. Ben şey... <size=70%>Haha. Evet. Hı hı!
line:a28a70c6	Yeah. At least I got to meet you because of it.	Evet. En azından bu sayede seninle tanıştım.
line:e5937e30	Yeah. I like fish!	İyi. Balık severim!
line:0372e0d1	Yeah. It wasn't too expensive.	Evet. Çok pahalı da değildi.
line:6804839d	Yeah. It's hard to unwind groups after something like that.	Evet. Böyle bir şeyden sonra arkadaş çevrelerini ayırmak zor.
line:6e0e4e11	Yeah. You two will be cute.	Evet. Çok tatlı bir çift olursunuz.
line:616121a9	Yeah...	Evet...
line:f244d080	Yeah... He's really great.	Evet... Gerçekten harika.
line:5bab2df8	Yeah... I've never gone on a date with a kobold before.	Evet... Daha önce bir koboldla çıkmadım.
line:8eeb7e28	Yeah... It really isn't.	Evet... Gerçekten değil.
line:039a0c83	Yeah?	Evet?
line:2fb3fe55	Yeah?	Evet?
line:92bd78f3	Yeah?	Evet?
line:3690a3eb	Yeah? I don't even see a mount.	Evet. Bir sehpa bile göremiyorum.
line:ea2adb20	Yeah? tell me about it!	Öyle mi? Anlat!
line:78eccd9b	Yellow lime.	Sarı misket limonu.
line:5fd7bc69	Yep!	Aynen!
line:b6c878fa	Yep!	Aynen!
line:fcff76d4	Yep! I'll get the gate.	Aynen! Kapıyı açayım.
line:3cdcbd4a	Yes	Evet.
line:991dc643	Yes	Evet.
line:e535cacb	Yes	Evet.
line:fb4265f7	Yes	Evet.
line:4ab6c5a9	yes	evet
line:db98be35	Yes right this way.	Evet, bu taraftan.
line:52010e35	YES!	EVET!
line:c4310942	Yes!	Evet!
line:d5f94e23	Yes!	Evet!
line:5592e639	Yes, welcome to Drag'N Wash!	Evet, Drag'N Wash'a hoş geldin!
line:f676b9a8	Yes, welcome to Drag'n wash!	Evet, Drag'N Wash'a hoş geldin!
line:a610ce0b	YES.	EVET.
line:85fd5266	Yes.	Olur.
line:152cb8ad	Yes. I'm in need of a clean. The situation is rather dire!	Evet. Temizlenmem gerekiyor. Durum oldukça vahim!
line:c4595dd5	Yes. It's invigorating to be so candid.	Evet. Bu kadar açık olmak insana canlılık veriyor.
line:d7e50f2d	Yes..	Evet...
line:5811655d	Yes... But I believe we need to clean the floors.	Evet... Ama sanırım yerleri temizlememiz gerekiyor.
line:9444cdba	Yip	Yip.
line:14d2c62f	Yip!	Yip!
line:296ff3f4	Yip!	Yip!
line:3d516ddb	Yip!	Yip!
line:3e870ad0	Yip!	Yip!
line:5544e245	Yip!	Yip!
line:5efde4e2	Yip!	Yip!
line:c3e1f198	Yip!	Yip!
line:e662501c	Yip!	Yip!
line:5e181cf4	Yip! <size=70%>(Gate)	Yip! <size=70%>(Kapı)
line:b12a3f31	Yip! <size=70%>(idk)	Yip! <size=70%>(Bilmiyorum)
line:a8ee5236	Yip! <size=70%>(It's because the dormant part of your draconic mind is remembering the deep set language bridge between your kind and mine. Which carries the deep meaning and intention of kobold 'Yips' within it. This sudden understanding of yours is simply from our connection growing over time and activating that part of your mind.)	Yip! <size=70%>(Çünkü ejderha zihninizin uykudaki kısmı, türünüzle benim türüm arasındaki köklü dil bağını hatırlıyor. Bu bağ, kobold «yip»lerinin derin anlamını ve niyetini taşıyor. Bu ani anlayışınız, aramızdaki bağın zamanla güçlenip zihninizin o bölümünü etkinleştirmesinden kaynaklanıyor.)
line:5935a413	Yip! <size=70%>(Yes)	Yip! <size=70%>(Evet)
line:f1c14f75	Yip-Man - The Final Yip	Yip-Man - Son Yip
line:4b9046ec	Yip-Man movies are real corny...	Yip-Man filmleri bayağı klişe...
line:3d6b2203	You again?	Yine sen mi?
line:81416c72	You already are, whats up?	Zaten soruyorsun. Ne oldu?
line:6fbc3c1b	You also do <i>special endings</i> here, yeah?	Burada <i>mutlu son</i> da var, değil mi?
line:e553c773	You also introduced me to Conrad.	Beni Conrad'la da tanıştırdın.
line:feb8727e	You always make me feel welcomed.	Bana hep burada istenen biri olduğumu hissettiriyorsun.
line:563d71ba	You are too!	Sen de!
line:4efafbb0	You are very skilled with your hands	Elleriniz çok becerikli.
line:0dd63830	You brought food in?	Yemek mi getirdin?
line:38043f6c	You can act however you like around me.	Yanımda istediğiniz gibi davranabilirsiniz.
line:3fbd01fb	You can come in whenever!	İstediğin zaman gelebilirsin!
line:0eb37f1a	You can stay here if you want.	İstersen burada kalabilirsin.
line:ecc04e16	You decide!	Sen karar ver!
line:19698f13	You didn't even open the watermelon.	Karpuzu kesmedin bile.
line:7e8c1ae2	You do know how to use your hands pretty well.	Ellerini kullanmayı gayet iyi biliyorsun.
line:7023b6b4	You don't deserve that.	Böyle davranılmayı hak etmiyorsun.
line:c0cc0f2d	You got a medkit?	İlk yardım çantan var mı?
line:c2b3c28a	you know about getting back into the dating scene...	hani yeniden birileriyle çıkmaya başlamak...
line:512df07c	You know what that means.	Bunun ne anlama geldiğini biliyorsun.
line:e613cbe3	You know what that means...	Bunun ne anlama geldiğini biliyorsun...
line:73e4789c	You know... This environment is rather pleasant. Very... proletarian.	Biliyor musunuz... Buranın ortamı epey hoş. Çok... proleter.
line:404b17ef	You look good this clean!	Böyle temizken iyi görünüyorsun!
line:780c151c	You needn't worry. The washer's union is... More powerful than I.	Endişelenmeyin. Yıkayıcılar sendikası... Benden daha güçlü.
line:3fab049a	You probably shouldn't.	Denemesen iyi olur.
line:0bc044da	You ready for this?	Buna hazır mısın?
line:f0a0565a	You ready to go back in to the club?	Kulübe dönmeye hazır mısın?
line:c0e34d36	You really ate that entire thing... Woah.	Gerçekten hepsini yedin... Vay.
line:82cf49aa	You seemed to enjoy yourself.	Keyfin yerinde gibiydi.
line:ba66095e	You set a good example.	İyi bir örnek oluyorsunuz.
line:6c2a1901	You should be all clean!	Artık tertemiz olmalısın!
line:36779352	You should be.	Öyle olmalısın.
line:86154a64	You should feel it and check for me	Dokunup benim için kontrol etmelisin.
line:20503ab0	You sure? It's not like... fun stuff.	Emin misin? Pek... eğlenceli bir konu değil.
line:0a0d6bc0	You too! I'll go get the gate.	Ben de! Gidip kapıyı açayım.
line:e3106999	You too. Thanks for the wash.	Ben de seni görünce seviniyorum. Yıkama için sağ ol.
line:fc97aa74	You too. Thanks for the wash.	Ben de seni görünce seviniyorum. Yıkama için sağ ol.
line:5e4d645c	You two are really cute together...	Birlikte çok tatlısınız...
line:b76a2a43	You were really going at it.	Gerçekten kendini kaptırmıştın.
line:83aa1a23	You work at a college?	Bir yüksekokulda mı çalışıyorsunuz?
line:85fa0d03	You'd need a dragon stomach first!	Önce bir ejderha midesine ihtiyacın var!
line:ebd2af6b	You'll have to give me all the Ryan details soon.	Yakında bütün Ryan ayrıntılarını anlatmalısın.
line:6c71dd83	You'll have to tell me all about it.	Bana hepsini anlatmalısın.
line:91ab30f5	You'll have to tell me how you two work out!	İkinizin arasında nasıl gittiğini anlatmalısın!
line:ffeff59b	You'll have to tell me more inside.	İçeride daha fazlasını anlatmalısın.
line:5eb243c2	You'll like it.	Hoşuna gider.
line:6acf7c77	You'll need to let them in afterwards of course.	Sonra da elbette onu içeri alman gerekiyor.
line:6b63d2d8	You'll take care of everything?	Her şeyle siz mi ilgileneceksiniz?
line:f2527ed7	You're <i>spotless.	<i>Tertemizsin.
line:23ae97e6	You're a big deal	Sen önemli birisin.
line:323e546b	You're a good friend too, I'll go get the gate.	Sen de iyi bir arkadaşsın. Gidip kapıyı açayım.
line:44e97be7	You're always welcome here, Ryan.	Burada her zaman yerin var, Ryan.
line:09e5bf43	You're cute by the way.	Bu arada çok tatlısın.
line:277d8257	You're fine. Thank you.	Bir şey yapmadın. Sağ ol.
line:8c269acb	You're going to love it.	Bayılacaksın.
line:173782fa	You're good at it.	İyi yapıyorsunuz.
line:1dca8fa0	You're just a very comfortable person to be around.	Sadece senin yanında insan kendini çok rahat hissediyor.
line:42124159	You're just a very comfortable person to be around.	Sadece senin yanında insan kendini çok rahat hissediyor.
line:d3b6d22a	You're kind. It's more than I deserve.	Çok iyisin. Hak ettiğimden daha iyi.
line:ca72bf2d	You're okay. You're clearly going through a lot.	Sorun değil. Belli ki çok şey yaşıyorsun.
line:68887509	You're one of my favorite clients!	En sevdiğim müşterilerimden birisin!
line:c4cc497f	You're pretty hot.	Çok seksisin.
line:b6603dc7	You're right. I shouldn't pry.	Haklısın. Burnumu sokmamalıyım.
line:31ab814e	You're right... Theres no way you could.	Haklısın... Bunu bilmenin bir yolu yok.
line:470cd652	You're the first person I've met who's only expectation is for me to be...	Benden yalnızca tek bir şey bekleyen, tanıdığım ilk kişisiniz...
line:f718a7eb	You're the professor here. Must be correct.	Profesör olan sizsiniz. Haklısınızdır.
line:15f55959	You're very sweet.	Çok tatlısın.
line:bc6cc4d2	You're very sweet.	Çok naziksiniz.
line:6289a322	You're very welcome.	Ne demek.
line:39ddd682	You're...	Siz...
line:6e94f373	You're... cool.	Sen... iyisin.
line:61c96494	You're... Not that dirty.	O kadar da... kirli değilsiniz.
line:8bab3246	You're... very forward.	Çok... açık sözlüsün.
line:3bbab759	You've gotta keep me updated on you and Ryan, yeah?	Ryan'la aranızda neler oluyor, haber vermeyi unutma, tamam mı?
line:a5a8a9d5	Your crest is cool. What is it?	Armanız çok hoş. Nedir o?
line:3890b91c	Your date with Ryan.	Ryan'la randevun.
line:82109412	Your secret's safe with me.	Sırrın bende güvende.
line:ed8e7994	Yours doesn't. It's nice.	Sizinkinde yok. Bu hoş.
line:016a65e8	Yuh, that's me.	Evet, benim.
line:38eb6d26	Yup!	Aynen!
line:7ac62718	Yup. I like it.	Aynen. Hoşuma gidiyor.
